cap,strip,policy,uuid,step,metered_before,n_evicted,tokens_freed,metered_after,over_budget_after
2000,on,P2_LARGEST,0e54e7bf-4e3e-4800-b4ea-04f12fc15440,205,6580,0,0,6580,0
2000,on,P2_LARGEST,0e54e7bf-4e3e-4800-b4ea-04f12fc15440,344,7970,0,0,7970,0
2000,on,P2_LARGEST,0e54e7bf-4e3e-4800-b4ea-04f12fc15440,446,9181,0,0,9181,0
2000,on,P2_LARGEST,0e54e7bf-4e3e-4800-b4ea-04f12fc15440,974,9879,0,0,9879,0
2000,on,P2_LARGEST,0e54e7bf-4e3e-4800-b4ea-04f12fc15440,1544,10756,0,0,10756,0
2000,on,P2_LARGEST,0e54e7bf-4e3e-4800-b4ea-04f12fc15440,1779,11098,0,0,11098,0
2000,on,P2_LARGEST,0e54e7bf-4e3e-4800-b4ea-04f12fc15440,2054,12190,0,0,12190,0
2000,on,P2_LARGEST,0e54e7bf-4e3e-4800-b4ea-04f12fc15440,2136,12562,0,0,12562,0
2000,on,P2_LARGEST,0e54e7bf-4e3e-4800-b4ea-04f12fc15440,2249,12998,0,0,12998,0
2000,on,P2_LARGEST,0e54e7bf-4e3e-4800-b4ea-04f12fc15440,2318,13139,0,0,13139,0
2000,on,P2_LARGEST,0e54e7bf-4e3e-4800-b4ea-04f12fc15440,2742,14718,0,0,14718,0
2000,on,P2_LARGEST,0e54e7bf-4e3e-4800-b4ea-04f12fc15440,2843,14933,0,0,14933,0
2000,on,P2_LARGEST,0e54e7bf-4e3e-4800-b4ea-04f12fc15440,2960,15596,0,0,15596,0
2000,on,P2_LARGEST,0e54e7bf-4e3e-4800-b4ea-04f12fc15440,3116,18429,0,0,18429,0
2000,on,P2_LARGEST,0e54e7bf-4e3e-4800-b4ea-04f12fc15440,3326,18727,0,0,18727,0
2000,on,P2_LARGEST,0e54e7bf-4e3e-4800-b4ea-04f12fc15440,4107,19764,0,0,19764,0
2000,on,P2_LARGEST,0e54e7bf-4e3e-4800-b4ea-04f12fc15440,4320,20448,0,0,20448,0
2000,on,P2_LARGEST,0e54e7bf-4e3e-4800-b4ea-04f12fc15440,4533,23971,0,0,23971,0
2000,on,P2_LARGEST,0e54e7bf-4e3e-4800-b4ea-04f12fc15440,7687,24690,1,2350,22340,0
2000,on,P2_LARGEST,22984eb4-1779-45ac-a179-4ab1aa246bb8,15,6841,0,0,6841,0
2000,on,P2_LARGEST,22984eb4-1779-45ac-a179-4ab1aa246bb8,20,8093,0,0,8093,0
2000,on,P2_LARGEST,22984eb4-1779-45ac-a179-4ab1aa246bb8,28,8463,0,0,8463,0
2000,on,P2_LARGEST,22984eb4-1779-45ac-a179-4ab1aa246bb8,35,9574,0,0,9574,0
2000,on,P2_LARGEST,22984eb4-1779-45ac-a179-4ab1aa246bb8,49,15363,0,0,15363,0
2000,on,P2_LARGEST,22984eb4-1779-45ac-a179-4ab1aa246bb8,54,15716,0,0,15716,0
2000,on,P2_LARGEST,22984eb4-1779-45ac-a179-4ab1aa246bb8,59,16205,0,0,16205,0
2000,on,P2_LARGEST,22984eb4-1779-45ac-a179-4ab1aa246bb8,64,16328,0,0,16328,0
2000,on,P2_LARGEST,22984eb4-1779-45ac-a179-4ab1aa246bb8,69,18192,0,0,18192,0
2000,on,P2_LARGEST,22984eb4-1779-45ac-a179-4ab1aa246bb8,74,18693,0,0,18693,0
2000,on,P2_LARGEST,22984eb4-1779-45ac-a179-4ab1aa246bb8,79,19250,0,0,19250,0
2000,on,P2_LARGEST,22984eb4-1779-45ac-a179-4ab1aa246bb8,87,19562,0,0,19562,0
2000,on,P2_LARGEST,22984eb4-1779-45ac-a179-4ab1aa246bb8,92,20590,0,0,20590,0
2000,on,P2_LARGEST,22984eb4-1779-45ac-a179-4ab1aa246bb8,105,25041,0,0,25041,0
2000,on,P2_LARGEST,22984eb4-1779-45ac-a179-4ab1aa246bb8,111,25767,0,0,25767,0
2000,on,P2_LARGEST,22984eb4-1779-45ac-a179-4ab1aa246bb8,116,27535,0,0,27535,0
2000,on,P2_LARGEST,22984eb4-1779-45ac-a179-4ab1aa246bb8,121,28514,0,0,28514,0
2000,on,P2_LARGEST,22984eb4-1779-45ac-a179-4ab1aa246bb8,126,28942,1,1850,27092,0
2000,on,P2_LARGEST,40c4a9b8-b103-42da-b576-0ffe6c051c4e,388,10435,0,0,10435,0
2000,on,P2_LARGEST,40c4a9b8-b103-42da-b576-0ffe6c051c4e,484,10712,0,0,10712,0
2000,on,P2_LARGEST,40c4a9b8-b103-42da-b576-0ffe6c051c4e,658,10826,0,0,10826,0
2000,on,P2_LARGEST,40c4a9b8-b103-42da-b576-0ffe6c051c4e,981,11507,0,0,11507,0
2000,on,P2_LARGEST,40c4a9b8-b103-42da-b576-0ffe6c051c4e,1451,13086,0,0,13086,0
2000,on,P2_LARGEST,40c4a9b8-b103-42da-b576-0ffe6c051c4e,2218,13203,0,0,13203,0
2000,on,P2_LARGEST,40c4a9b8-b103-42da-b576-0ffe6c051c4e,2946,14026,0,0,14026,0
2000,on,P2_LARGEST,40c4a9b8-b103-42da-b576-0ffe6c051c4e,3620,14835,0,0,14835,0
2000,on,P2_LARGEST,40c4a9b8-b103-42da-b576-0ffe6c051c4e,3705,15593,0,0,15593,0
2000,on,P2_LARGEST,40c4a9b8-b103-42da-b576-0ffe6c051c4e,3808,15990,0,0,15990,0
2000,on,P2_LARGEST,40c4a9b8-b103-42da-b576-0ffe6c051c4e,4565,16437,0,0,16437,0
2000,on,P2_LARGEST,40c4a9b8-b103-42da-b576-0ffe6c051c4e,5293,17551,0,0,17551,0
2000,on,P2_LARGEST,40c4a9b8-b103-42da-b576-0ffe6c051c4e,6005,18692,0,0,18692,0
2000,on,P2_LARGEST,40c4a9b8-b103-42da-b576-0ffe6c051c4e,6699,19582,0,0,19582,0
2000,on,P2_LARGEST,40c4a9b8-b103-42da-b576-0ffe6c051c4e,6836,20358,0,0,20358,0
2000,on,P2_LARGEST,40c4a9b8-b103-42da-b576-0ffe6c051c4e,7527,20642,0,0,20642,0
2000,on,P2_LARGEST,40c4a9b8-b103-42da-b576-0ffe6c051c4e,7810,22960,0,0,22960,0
2000,on,P2_LARGEST,40c4a9b8-b103-42da-b576-0ffe6c051c4e,8163,23129,0,0,23129,0
2000,on,P2_LARGEST,40c4a9b8-b103-42da-b576-0ffe6c051c4e,8428,23645,0,0,23645,0
2000,on,P2_LARGEST,40c4a9b8-b103-42da-b576-0ffe6c051c4e,8805,23803,0,0,23803,0
2000,on,P2_LARGEST,40c4a9b8-b103-42da-b576-0ffe6c051c4e,10807,25430,2,2749,22681,0
2000,on,P2_LARGEST,40c4a9b8-b103-42da-b576-0ffe6c051c4e,15687,24308,0,0,24308,0
2000,on,P2_LARGEST,40c4a9b8-b103-42da-b576-0ffe6c051c4e,22276,25488,2,2515,22973,0
2000,on,P2_LARGEST,40c4a9b8-b103-42da-b576-0ffe6c051c4e,22291,22974,0,0,22974,0
2000,on,P2_LARGEST,40c4a9b8-b103-42da-b576-0ffe6c051c4e,22639,24483,0,0,24483,0
2000,on,P2_LARGEST,40c4a9b8-b103-42da-b576-0ffe6c051c4e,30438,26670,4,3820,22850,0
2000,on,P2_LARGEST,40c4a9b8-b103-42da-b576-0ffe6c051c4e,30728,25017,1,1781,23236,0
2000,on,P2_LARGEST,40c4a9b8-b103-42da-b576-0ffe6c051c4e,30964,23575,0,0,23575,0
2000,on,P2_LARGEST,40c4a9b8-b103-42da-b576-0ffe6c051c4e,31390,23943,0,0,23943,0
2000,on,P2_LARGEST,40c4a9b8-b103-42da-b576-0ffe6c051c4e,32015,24716,1,1982,22734,0
2000,on,P2_LARGEST,40c4a9b8-b103-42da-b576-0ffe6c051c4e,32397,23198,0,0,23198,0
2000,on,P2_LARGEST,40c4a9b8-b103-42da-b576-0ffe6c051c4e,32728,23654,0,0,23654,0
2000,on,P2_LARGEST,40c4a9b8-b103-42da-b576-0ffe6c051c4e,35501,24079,0,0,24079,0
2000,on,P2_LARGEST,40c4a9b8-b103-42da-b576-0ffe6c051c4e,35967,25044,3,2186,22858,0
2000,on,P2_LARGEST,40c4a9b8-b103-42da-b576-0ffe6c051c4e,36199,23268,0,0,23268,0
2000,on,P2_LARGEST,40c4a9b8-b103-42da-b576-0ffe6c051c4e,36407,23643,0,0,23643,0
2000,on,P2_LARGEST,40c4a9b8-b103-42da-b576-0ffe6c051c4e,37758,24233,0,0,24233,0
2000,on,P2_LARGEST,40c4a9b8-b103-42da-b576-0ffe6c051c4e,38778,25656,3,2110,23546,0
2000,on,P2_LARGEST,40c4a9b8-b103-42da-b576-0ffe6c051c4e,39601,26159,3,2583,23576,0
2000,on,P2_LARGEST,40c4a9b8-b103-42da-b576-0ffe6c051c4e,39685,24598,1,1504,23094,0
2000,on,P2_LARGEST,40c4a9b8-b103-42da-b576-0ffe6c051c4e,39747,23179,0,0,23179,0
2000,on,P2_LARGEST,40c4a9b8-b103-42da-b576-0ffe6c051c4e,39916,23259,0,0,23259,0
2000,on,P2_LARGEST,40c4a9b8-b103-42da-b576-0ffe6c051c4e,40037,23430,0,0,23430,0
2000,on,P2_LARGEST,40c4a9b8-b103-42da-b576-0ffe6c051c4e,40180,23539,0,0,23539,0
2000,on,P2_LARGEST,40c4a9b8-b103-42da-b576-0ffe6c051c4e,40302,23807,0,0,23807,0
2000,on,P2_LARGEST,40c4a9b8-b103-42da-b576-0ffe6c051c4e,41016,24514,0,0,24514,0
2000,on,P2_LARGEST,40c4a9b8-b103-42da-b576-0ffe6c051c4e,41874,25377,3,2206,23171,0
2000,on,P2_LARGEST,40c4a9b8-b103-42da-b576-0ffe6c051c4e,42610,24112,0,0,24112,0
2000,on,P2_LARGEST,40c4a9b8-b103-42da-b576-0ffe6c051c4e,42737,25303,3,2104,23199,0
2000,on,P2_LARGEST,40c4a9b8-b103-42da-b576-0ffe6c051c4e,42859,23304,0,0,23304,0
2000,on,P2_LARGEST,40c4a9b8-b103-42da-b576-0ffe6c051c4e,42979,23733,0,0,23733,0
2000,on,P2_LARGEST,40c4a9b8-b103-42da-b576-0ffe6c051c4e,43103,23841,0,0,23841,0
2000,on,P2_LARGEST,40c4a9b8-b103-42da-b576-0ffe6c051c4e,43235,24282,0,0,24282,0
2000,on,P2_LARGEST,40c4a9b8-b103-42da-b576-0ffe6c051c4e,43490,24375,0,0,24375,0
2000,on,P2_LARGEST,40c4a9b8-b103-42da-b576-0ffe6c051c4e,43571,24769,2,1235,23534,0
2000,on,P2_LARGEST,40c4a9b8-b103-42da-b576-0ffe6c051c4e,43714,23580,0,0,23580,0
2000,on,P2_LARGEST,40c4a9b8-b103-42da-b576-0ffe6c051c4e,43857,23777,0,0,23777,0
2000,on,P2_LARGEST,40c4a9b8-b103-42da-b576-0ffe6c051c4e,44001,23911,0,0,23911,0
2000,on,P2_LARGEST,40c4a9b8-b103-42da-b576-0ffe6c051c4e,44218,24028,0,0,24028,0
2000,on,P2_LARGEST,40c4a9b8-b103-42da-b576-0ffe6c051c4e,44440,24152,0,0,24152,0
2000,on,P2_LARGEST,40c4a9b8-b103-42da-b576-0ffe6c051c4e,44684,24300,0,0,24300,0
2000,on,P2_LARGEST,40c4a9b8-b103-42da-b576-0ffe6c051c4e,44808,24516,0,0,24516,0
2000,on,P2_LARGEST,40c4a9b8-b103-42da-b576-0ffe6c051c4e,44973,26054,7,2495,23559,0
2000,on,P2_LARGEST,40c4a9b8-b103-42da-b576-0ffe6c051c4e,45138,25527,3,2075,23452,0
2000,on,P2_LARGEST,40c4a9b8-b103-42da-b576-0ffe6c051c4e,45463,23693,0,0,23693,0
2000,on,P2_LARGEST,40c4a9b8-b103-42da-b576-0ffe6c051c4e,45795,23811,0,0,23811,0
2000,on,P2_LARGEST,40c4a9b8-b103-42da-b576-0ffe6c051c4e,46671,24060,0,0,24060,0
2000,on,P2_LARGEST,40c4a9b8-b103-42da-b576-0ffe6c051c4e,46935,24256,0,0,24256,0
2000,on,P2_LARGEST,40c4a9b8-b103-42da-b576-0ffe6c051c4e,47266,24453,0,0,24453,0
2000,on,P2_LARGEST,40c4a9b8-b103-42da-b576-0ffe6c051c4e,47740,24644,1,1807,22837,0
2000,on,P2_LARGEST,40c4a9b8-b103-42da-b576-0ffe6c051c4e,48163,23037,0,0,23037,0
2000,on,P2_LARGEST,40c4a9b8-b103-42da-b576-0ffe6c051c4e,48653,23172,0,0,23172,0
2000,on,P2_LARGEST,40c4a9b8-b103-42da-b576-0ffe6c051c4e,48907,23303,0,0,23303,0
2000,on,P2_LARGEST,40c4a9b8-b103-42da-b576-0ffe6c051c4e,49133,23489,0,0,23489,0
2000,on,P2_LARGEST,40c4a9b8-b103-42da-b576-0ffe6c051c4e,49292,23644,0,0,23644,0
2000,on,P2_LARGEST,40c4a9b8-b103-42da-b576-0ffe6c051c4e,49373,23814,0,0,23814,0
2000,on,P2_LARGEST,40c4a9b8-b103-42da-b576-0ffe6c051c4e,49447,23874,0,0,23874,0
2000,on,P2_LARGEST,40c4a9b8-b103-42da-b576-0ffe6c051c4e,49630,23916,0,0,23916,0
2000,on,P2_LARGEST,40c4a9b8-b103-42da-b576-0ffe6c051c4e,50604,24082,0,0,24082,0
2000,on,P2_LARGEST,40c4a9b8-b103-42da-b576-0ffe6c051c4e,51131,25194,6,1705,23489,0
2000,on,P2_LARGEST,40c4a9b8-b103-42da-b576-0ffe6c051c4e,51243,23960,0,0,23960,0
2000,on,P2_LARGEST,40c4a9b8-b103-42da-b576-0ffe6c051c4e,51374,24131,0,0,24131,0
2000,on,P2_LARGEST,40c4a9b8-b103-42da-b576-0ffe6c051c4e,52161,24713,3,1385,23328,0
2000,on,P2_LARGEST,40c4a9b8-b103-42da-b576-0ffe6c051c4e,52298,23772,0,0,23772,0
2000,on,P2_LARGEST,40c4a9b8-b103-42da-b576-0ffe6c051c4e,52521,23922,0,0,23922,0
2000,on,P2_LARGEST,40c4a9b8-b103-42da-b576-0ffe6c051c4e,52602,24210,0,0,24210,0
2000,on,P2_LARGEST,40c4a9b8-b103-42da-b576-0ffe6c051c4e,53131,24316,0,0,24316,0
2000,on,P2_LARGEST,40c4a9b8-b103-42da-b576-0ffe6c051c4e,53438,25040,6,1579,23461,0
2000,on,P2_LARGEST,40c4a9b8-b103-42da-b576-0ffe6c051c4e,53519,23597,0,0,23597,0
2000,on,P2_LARGEST,40c4a9b8-b103-42da-b576-0ffe6c051c4e,54283,23791,0,0,23791,0
2000,on,P2_LARGEST,40c4a9b8-b103-42da-b576-0ffe6c051c4e,55099,28010,23,4473,23537,0
2000,on,P2_LARGEST,40c4a9b8-b103-42da-b576-0ffe6c051c4e,56113,24216,0,0,24216,0
2000,on,P2_LARGEST,40c4a9b8-b103-42da-b576-0ffe6c051c4e,56503,25088,1,2332,22756,0
2000,on,P2_LARGEST,40c4a9b8-b103-42da-b576-0ffe6c051c4e,57715,23824,0,0,23824,0
2000,on,P2_LARGEST,40c4a9b8-b103-42da-b576-0ffe6c051c4e,58156,24619,1,1290,23329,0
2000,on,P2_LARGEST,40c4a9b8-b103-42da-b576-0ffe6c051c4e,58985,23903,0,0,23903,0
2000,on,P2_LARGEST,40c4a9b8-b103-42da-b576-0ffe6c051c4e,59527,24618,2,1547,23071,0
2000,on,P2_LARGEST,40c4a9b8-b103-42da-b576-0ffe6c051c4e,60344,23821,0,0,23821,0
2000,on,P2_LARGEST,40c4a9b8-b103-42da-b576-0ffe6c051c4e,60820,24394,0,0,24394,0
2000,on,P2_LARGEST,40c4a9b8-b103-42da-b576-0ffe6c051c4e,61452,25010,3,1791,23219,0
2000,on,P2_LARGEST,40c4a9b8-b103-42da-b576-0ffe6c051c4e,63563,26598,8,3137,23461,0
2000,on,P2_LARGEST,40c4a9b8-b103-42da-b576-0ffe6c051c4e,63712,25313,1,2408,22905,0
2000,on,P2_LARGEST,40c4a9b8-b103-42da-b576-0ffe6c051c4e,63952,23407,0,0,23407,0
2000,on,P2_LARGEST,40c4a9b8-b103-42da-b576-0ffe6c051c4e,66282,23748,0,0,23748,0
2000,on,P2_LARGEST,40c4a9b8-b103-42da-b576-0ffe6c051c4e,68040,26185,4,2836,23349,0
2000,on,P2_LARGEST,40c4a9b8-b103-42da-b576-0ffe6c051c4e,69069,25655,1,2248,23407,0
2000,on,P2_LARGEST,40c4a9b8-b103-42da-b576-0ffe6c051c4e,69223,24431,0,0,24431,0
2000,on,P2_LARGEST,40c4a9b8-b103-42da-b576-0ffe6c051c4e,69907,24513,0,0,24513,0
2000,on,P2_LARGEST,40c4a9b8-b103-42da-b576-0ffe6c051c4e,70535,28025,8,4466,23559,0
2000,on,P2_LARGEST,40c4a9b8-b103-42da-b576-0ffe6c051c4e,72582,24119,0,0,24119,0
2000,on,P2_LARGEST,40c4a9b8-b103-42da-b576-0ffe6c051c4e,72857,25936,1,2512,23424,0
2000,on,P2_LARGEST,40c4a9b8-b103-42da-b576-0ffe6c051c4e,72988,23567,0,0,23567,0
2000,on,P2_LARGEST,40c4a9b8-b103-42da-b576-0ffe6c051c4e,73078,23642,0,0,23642,0
2000,on,P2_LARGEST,40c4a9b8-b103-42da-b576-0ffe6c051c4e,73209,23709,0,0,23709,0
2000,on,P2_LARGEST,40c4a9b8-b103-42da-b576-0ffe6c051c4e,73280,23835,0,0,23835,0
2000,on,P2_LARGEST,40c4a9b8-b103-42da-b576-0ffe6c051c4e,73398,24123,0,0,24123,0
2000,on,P2_LARGEST,40c4a9b8-b103-42da-b576-0ffe6c051c4e,73515,24272,0,0,24272,0
2000,on,P2_LARGEST,40c4a9b8-b103-42da-b576-0ffe6c051c4e,73877,24363,0,0,24363,0
2000,on,P2_LARGEST,40c4a9b8-b103-42da-b576-0ffe6c051c4e,74793,24593,1,1537,23056,0
2000,on,P2_LARGEST,40c4a9b8-b103-42da-b576-0ffe6c051c4e,75224,23931,0,0,23931,0
2000,on,P2_LARGEST,40c4a9b8-b103-42da-b576-0ffe6c051c4e,75588,24151,0,0,24151,0
2000,on,P2_LARGEST,40c4a9b8-b103-42da-b576-0ffe6c051c4e,76141,24303,0,0,24303,0
2000,on,P2_LARGEST,40c4a9b8-b103-42da-b576-0ffe6c051c4e,76803,24904,3,1348,23556,0
2000,on,P2_LARGEST,40c4a9b8-b103-42da-b576-0ffe6c051c4e,77224,26933,22,3416,23517,0
2000,on,P2_LARGEST,40c4a9b8-b103-42da-b576-0ffe6c051c4e,80304,24527,0,0,24527,0
2000,on,P2_LARGEST,40c4a9b8-b103-42da-b576-0ffe6c051c4e,85044,25947,1,2685,23262,0
2000,on,P2_LARGEST,40c4a9b8-b103-42da-b576-0ffe6c051c4e,87870,29591,44,6038,23553,0
2000,on,P2_LARGEST,40c4a9b8-b103-42da-b576-0ffe6c051c4e,89575,25808,1,2660,23148,0
2000,on,P2_LARGEST,40c4a9b8-b103-42da-b576-0ffe6c051c4e,91088,25078,1,2556,22522,0
2000,on,P2_LARGEST,40c4a9b8-b103-42da-b576-0ffe6c051c4e,92813,24389,0,0,24389,0
2000,on,P2_LARGEST,40c4a9b8-b103-42da-b576-0ffe6c051c4e,93547,26747,2,3868,22879,0
2000,on,P2_LARGEST,40c4a9b8-b103-42da-b576-0ffe6c051c4e,96066,27041,3,4261,22780,0
2000,on,P2_LARGEST,40c4a9b8-b103-42da-b576-0ffe6c051c4e,98555,23675,0,0,23675,0
2000,on,P2_LARGEST,40c4a9b8-b103-42da-b576-0ffe6c051c4e,100819,25799,1,2225,23574,0
2000,on,P2_LARGEST,40c4a9b8-b103-42da-b576-0ffe6c051c4e,103955,29948,19,6399,23549,0
2000,on,P2_LARGEST,40c4a9b8-b103-42da-b576-0ffe6c051c4e,105200,25059,1,2503,22556,0
2000,on,P2_LARGEST,40c4a9b8-b103-42da-b576-0ffe6c051c4e,107804,23162,0,0,23162,0
2000,on,P2_LARGEST,40c4a9b8-b103-42da-b576-0ffe6c051c4e,109836,27182,2,3878,23304,0
2000,on,P2_LARGEST,40c4a9b8-b103-42da-b576-0ffe6c051c4e,111857,25623,1,2427,23196,0
2000,on,P2_LARGEST,40c4a9b8-b103-42da-b576-0ffe6c051c4e,111972,25815,2,3586,22229,0
2000,on,P2_LARGEST,40c4a9b8-b103-42da-b576-0ffe6c051c4e,112100,22396,0,0,22396,0
2000,on,P2_LARGEST,40c4a9b8-b103-42da-b576-0ffe6c051c4e,112194,22714,0,0,22714,0
2000,on,P2_LARGEST,40c4a9b8-b103-42da-b576-0ffe6c051c4e,112303,22867,0,0,22867,0
2000,on,P2_LARGEST,40c4a9b8-b103-42da-b576-0ffe6c051c4e,112432,24888,1,2118,22770,0
2000,on,P2_LARGEST,40c4a9b8-b103-42da-b576-0ffe6c051c4e,112532,23171,0,0,23171,0
2000,on,P2_LARGEST,40c4a9b8-b103-42da-b576-0ffe6c051c4e,112664,24012,0,0,24012,0
2000,on,P2_LARGEST,40c4a9b8-b103-42da-b576-0ffe6c051c4e,112763,25305,1,1924,23381,0
2000,on,P2_LARGEST,40c4a9b8-b103-42da-b576-0ffe6c051c4e,112904,24497,0,0,24497,0
2000,on,P2_LARGEST,40c4a9b8-b103-42da-b576-0ffe6c051c4e,113382,25178,2,2352,22826,0
2000,on,P2_LARGEST,40c4a9b8-b103-42da-b576-0ffe6c051c4e,113539,25064,2,1612,23452,0
2000,on,P2_LARGEST,40c4a9b8-b103-42da-b576-0ffe6c051c4e,113921,24161,0,0,24161,0
2000,on,P2_LARGEST,40c4a9b8-b103-42da-b576-0ffe6c051c4e,114076,24234,0,0,24234,0
2000,on,P2_LARGEST,40c4a9b8-b103-42da-b576-0ffe6c051c4e,114200,24327,0,0,24327,0
2000,on,P2_LARGEST,40c4a9b8-b103-42da-b576-0ffe6c051c4e,114419,24398,0,0,24398,0
2000,on,P2_LARGEST,40c4a9b8-b103-42da-b576-0ffe6c051c4e,114648,24486,0,0,24486,0
2000,on,P2_LARGEST,40c4a9b8-b103-42da-b576-0ffe6c051c4e,114794,24570,0,0,24570,0
2000,on,P2_LARGEST,40c4a9b8-b103-42da-b576-0ffe6c051c4e,114932,24661,1,1919,22742,0
2000,on,P2_LARGEST,40c4a9b8-b103-42da-b576-0ffe6c051c4e,115061,22832,0,0,22832,0
2000,on,P2_LARGEST,40c4a9b8-b103-42da-b576-0ffe6c051c4e,115194,22918,0,0,22918,0
2000,on,P2_LARGEST,40c4a9b8-b103-42da-b576-0ffe6c051c4e,115459,22989,0,0,22989,0
2000,on,P2_LARGEST,40c4a9b8-b103-42da-b576-0ffe6c051c4e,115603,23079,0,0,23079,0
2000,on,P2_LARGEST,40c4a9b8-b103-42da-b576-0ffe6c051c4e,115963,23175,0,0,23175,0
2000,on,P2_LARGEST,40c4a9b8-b103-42da-b576-0ffe6c051c4e,116117,23260,0,0,23260,0
2000,on,P2_LARGEST,40c4a9b8-b103-42da-b576-0ffe6c051c4e,116660,23359,0,0,23359,0
2000,on,P2_LARGEST,40c4a9b8-b103-42da-b576-0ffe6c051c4e,116994,23863,0,0,23863,0
2000,on,P2_LARGEST,40c4a9b8-b103-42da-b576-0ffe6c051c4e,117796,24684,3,1565,23119,0
2000,on,P2_LARGEST,40c4a9b8-b103-42da-b576-0ffe6c051c4e,117910,24071,0,0,24071,0
2000,on,P2_LARGEST,40c4a9b8-b103-42da-b576-0ffe6c051c4e,118536,24193,0,0,24193,0
2000,on,P2_LARGEST,40c4a9b8-b103-42da-b576-0ffe6c051c4e,118630,24951,3,1760,23191,0
2000,on,P2_LARGEST,40c4a9b8-b103-42da-b576-0ffe6c051c4e,119126,23261,0,0,23261,0
2000,on,P2_LARGEST,40c4a9b8-b103-42da-b576-0ffe6c051c4e,119400,24500,0,0,24500,0
2000,on,P2_LARGEST,40c4a9b8-b103-42da-b576-0ffe6c051c4e,119562,25309,4,1806,23503,0
2000,on,P2_LARGEST,40c4a9b8-b103-42da-b576-0ffe6c051c4e,119684,25722,6,2358,23364,0
2000,on,P2_LARGEST,40c4a9b8-b103-42da-b576-0ffe6c051c4e,120267,23700,0,0,23700,0
2000,on,P2_LARGEST,40c4a9b8-b103-42da-b576-0ffe6c051c4e,120687,23961,0,0,23961,0
2000,on,P2_LARGEST,4b4ea9a9-beb3-4a24-841b-5948b63b92ff,622,7217,0,0,7217,0
2000,on,P2_LARGEST,4b4ea9a9-beb3-4a24-841b-5948b63b92ff,697,7661,0,0,7661,0
2000,on,P2_LARGEST,4b4ea9a9-beb3-4a24-841b-5948b63b92ff,1432,9330,0,0,9330,0
2000,on,P2_LARGEST,4b4ea9a9-beb3-4a24-841b-5948b63b92ff,1878,10075,0,0,10075,0
2000,on,P2_LARGEST,4b4ea9a9-beb3-4a24-841b-5948b63b92ff,2465,12341,0,0,12341,0
2000,on,P2_LARGEST,4b4ea9a9-beb3-4a24-841b-5948b63b92ff,3115,14066,0,0,14066,0
2000,on,P2_LARGEST,4b4ea9a9-beb3-4a24-841b-5948b63b92ff,3325,15555,0,0,15555,0
2000,on,P2_LARGEST,4b4ea9a9-beb3-4a24-841b-5948b63b92ff,3579,15813,0,0,15813,0
2000,on,P2_LARGEST,4b4ea9a9-beb3-4a24-841b-5948b63b92ff,3779,17029,0,0,17029,0
2000,on,P2_LARGEST,4b4ea9a9-beb3-4a24-841b-5948b63b92ff,4325,18870,0,0,18870,0
2000,on,P2_LARGEST,4b4ea9a9-beb3-4a24-841b-5948b63b92ff,4757,22162,0,0,22162,0
2000,on,P2_LARGEST,4b4ea9a9-beb3-4a24-841b-5948b63b92ff,5148,22721,0,0,22721,0
2000,on,P2_LARGEST,4b4ea9a9-beb3-4a24-841b-5948b63b92ff,5411,22987,0,0,22987,0
2000,on,P2_LARGEST,4b4ea9a9-beb3-4a24-841b-5948b63b92ff,5715,23260,0,0,23260,0
2000,on,P2_LARGEST,4b4ea9a9-beb3-4a24-841b-5948b63b92ff,5960,24312,0,0,24312,0
2000,on,P2_LARGEST,4b4ea9a9-beb3-4a24-841b-5948b63b92ff,6331,24951,1,1873,23078,0
2000,on,P2_LARGEST,4b4ea9a9-beb3-4a24-841b-5948b63b92ff,7148,24040,0,0,24040,0
2000,on,P2_LARGEST,4b4ea9a9-beb3-4a24-841b-5948b63b92ff,7615,26074,2,3528,22546,0
2000,on,P2_LARGEST,4b4ea9a9-beb3-4a24-841b-5948b63b92ff,8217,23339,0,0,23339,0
2000,on,P2_LARGEST,4b4ea9a9-beb3-4a24-841b-5948b63b92ff,8586,23759,0,0,23759,0
2000,on,P2_LARGEST,4b4ea9a9-beb3-4a24-841b-5948b63b92ff,8675,23974,0,0,23974,0
2000,on,P2_LARGEST,4b4ea9a9-beb3-4a24-841b-5948b63b92ff,8752,24544,0,0,24544,0
2000,on,P2_LARGEST,4b4ea9a9-beb3-4a24-841b-5948b63b92ff,8914,26131,2,3127,23004,0
2000,on,P2_LARGEST,4b4ea9a9-beb3-4a24-841b-5948b63b92ff,9049,25216,2,2629,22587,0
2000,on,P2_LARGEST,4b4ea9a9-beb3-4a24-841b-5948b63b92ff,9950,22898,0,0,22898,0
2000,on,P2_LARGEST,4b4ea9a9-beb3-4a24-841b-5948b63b92ff,10101,23033,0,0,23033,0
2000,on,P2_LARGEST,4b4ea9a9-beb3-4a24-841b-5948b63b92ff,10379,23411,0,0,23411,0
2000,on,P2_LARGEST,4b4ea9a9-beb3-4a24-841b-5948b63b92ff,10763,25190,2,2272,22918,0
2000,on,P2_LARGEST,4b4ea9a9-beb3-4a24-841b-5948b63b92ff,11096,22983,0,0,22983,0
2000,on,P2_LARGEST,4b4ea9a9-beb3-4a24-841b-5948b63b92ff,11375,23154,0,0,23154,0
2000,on,P2_LARGEST,4b4ea9a9-beb3-4a24-841b-5948b63b92ff,11709,23486,0,0,23486,0
2000,on,P2_LARGEST,4b4ea9a9-beb3-4a24-841b-5948b63b92ff,11955,23806,0,0,23806,0
2000,on,P2_LARGEST,4b4ea9a9-beb3-4a24-841b-5948b63b92ff,12102,24215,0,0,24215,0
2000,on,P2_LARGEST,4b4ea9a9-beb3-4a24-841b-5948b63b92ff,12521,24320,0,0,24320,0
2000,on,P2_LARGEST,4b4ea9a9-beb3-4a24-841b-5948b63b92ff,12811,24510,0,0,24510,0
2000,on,P2_LARGEST,4b4ea9a9-beb3-4a24-841b-5948b63b92ff,13388,26434,3,3395,23039,0
2000,on,P2_LARGEST,4b4ea9a9-beb3-4a24-841b-5948b63b92ff,13942,24529,0,0,24529,0
2000,on,P2_LARGEST,4b4ea9a9-beb3-4a24-841b-5948b63b92ff,14193,24698,1,1275,23423,0
2000,on,P2_LARGEST,4b4ea9a9-beb3-4a24-841b-5948b63b92ff,14740,23838,0,0,23838,0
2000,on,P2_LARGEST,4b4ea9a9-beb3-4a24-841b-5948b63b92ff,16007,24487,0,0,24487,0
2000,on,P2_LARGEST,4b4ea9a9-beb3-4a24-841b-5948b63b92ff,16509,25009,2,1945,23064,0
2000,on,P2_LARGEST,4b4ea9a9-beb3-4a24-841b-5948b63b92ff,17064,23857,0,0,23857,0
2000,on,P2_LARGEST,4b4ea9a9-beb3-4a24-841b-5948b63b92ff,17286,25809,4,2351,23458,0
2000,on,P2_LARGEST,4b4ea9a9-beb3-4a24-841b-5948b63b92ff,17995,24437,0,0,24437,0
2000,on,P2_LARGEST,4b4ea9a9-beb3-4a24-841b-5948b63b92ff,18221,24894,1,1351,23543,0
2000,on,P2_LARGEST,4b4ea9a9-beb3-4a24-841b-5948b63b92ff,18335,23839,0,0,23839,0
2000,on,P2_LARGEST,4b4ea9a9-beb3-4a24-841b-5948b63b92ff,18569,23958,0,0,23958,0
2000,on,P2_LARGEST,4b4ea9a9-beb3-4a24-841b-5948b63b92ff,18755,24407,0,0,24407,0
2000,on,P2_LARGEST,4b4ea9a9-beb3-4a24-841b-5948b63b92ff,19577,24550,0,0,24550,0
2000,on,P2_LARGEST,4b4ea9a9-beb3-4a24-841b-5948b63b92ff,20278,25293,3,1881,23412,0
2000,on,P2_LARGEST,4b4ea9a9-beb3-4a24-841b-5948b63b92ff,20628,25802,6,2423,23379,0
2000,on,P2_LARGEST,4b4ea9a9-beb3-4a24-841b-5948b63b92ff,20767,23686,0,0,23686,0
2000,on,P2_LARGEST,4b4ea9a9-beb3-4a24-841b-5948b63b92ff,20915,23999,0,0,23999,0
2000,on,P2_LARGEST,4b4ea9a9-beb3-4a24-841b-5948b63b92ff,21214,25386,2,1949,23437,0
2000,on,P2_LARGEST,4b4ea9a9-beb3-4a24-841b-5948b63b92ff,21417,23604,0,0,23604,0
2000,on,P2_LARGEST,4b4ea9a9-beb3-4a24-841b-5948b63b92ff,21743,23991,0,0,23991,0
2000,on,P2_LARGEST,4b4ea9a9-beb3-4a24-841b-5948b63b92ff,22850,24328,0,0,24328,0
2000,on,P2_LARGEST,4b4ea9a9-beb3-4a24-841b-5948b63b92ff,23912,24424,0,0,24424,0
2000,on,P2_LARGEST,4b4ea9a9-beb3-4a24-841b-5948b63b92ff,24076,24629,1,1273,23356,0
2000,on,P2_LARGEST,4b4ea9a9-beb3-4a24-841b-5948b63b92ff,24402,23580,0,0,23580,0
2000,on,P2_LARGEST,4b4ea9a9-beb3-4a24-841b-5948b63b92ff,25419,23989,0,0,23989,0
2000,on,P2_LARGEST,4b4ea9a9-beb3-4a24-841b-5948b63b92ff,26855,25963,8,2659,23304,0
2000,on,P2_LARGEST,4b4ea9a9-beb3-4a24-841b-5948b63b92ff,27859,23958,0,0,23958,0
2000,on,P2_LARGEST,4b4ea9a9-beb3-4a24-841b-5948b63b92ff,28344,24178,0,0,24178,0
2000,on,P2_LARGEST,4b4ea9a9-beb3-4a24-841b-5948b63b92ff,28713,24542,0,0,24542,0
2000,on,P2_LARGEST,4b4ea9a9-beb3-4a24-841b-5948b63b92ff,28935,24709,1,1219,23490,0
2000,on,P2_LARGEST,4b4ea9a9-beb3-4a24-841b-5948b63b92ff,30249,23966,0,0,23966,0
2000,on,P2_LARGEST,4b4ea9a9-beb3-4a24-841b-5948b63b92ff,31459,25004,4,1474,23530,0
2000,on,P2_LARGEST,4b4ea9a9-beb3-4a24-841b-5948b63b92ff,31748,24343,0,0,24343,0
2000,on,P2_LARGEST,4b4ea9a9-beb3-4a24-841b-5948b63b92ff,32782,24926,3,1544,23382,0
2000,on,P2_LARGEST,4b4ea9a9-beb3-4a24-841b-5948b63b92ff,33603,23968,0,0,23968,0
2000,on,P2_LARGEST,4b4ea9a9-beb3-4a24-841b-5948b63b92ff,34909,26413,8,2880,23533,0
2000,on,P2_LARGEST,4b4ea9a9-beb3-4a24-841b-5948b63b92ff,36122,24242,0,0,24242,0
2000,on,P2_LARGEST,4b4ea9a9-beb3-4a24-841b-5948b63b92ff,36538,25461,3,2144,23317,0
2000,on,P2_LARGEST,4b4ea9a9-beb3-4a24-841b-5948b63b92ff,36797,23841,0,0,23841,0
2000,on,P2_LARGEST,4b4ea9a9-beb3-4a24-841b-5948b63b92ff,37111,24215,0,0,24215,0
2000,on,P2_LARGEST,4b4ea9a9-beb3-4a24-841b-5948b63b92ff,37303,24506,0,0,24506,0
2000,on,P2_LARGEST,4b4ea9a9-beb3-4a24-841b-5948b63b92ff,38847,25993,6,2594,23399,0
2000,on,P2_LARGEST,4b4ea9a9-beb3-4a24-841b-5948b63b92ff,39652,26147,6,2573,23574,0
2000,on,P2_LARGEST,4b4ea9a9-beb3-4a24-841b-5948b63b92ff,40218,24374,0,0,24374,0
2000,on,P2_LARGEST,4b4ea9a9-beb3-4a24-841b-5948b63b92ff,41477,25594,2,2205,23389,0
2000,on,P2_LARGEST,4b4ea9a9-beb3-4a24-841b-5948b63b92ff,41789,23909,0,0,23909,0
2000,on,P2_LARGEST,4b4ea9a9-beb3-4a24-841b-5948b63b92ff,42125,24115,0,0,24115,0
2000,on,P2_LARGEST,4b4ea9a9-beb3-4a24-841b-5948b63b92ff,42327,26396,8,2987,23409,0
2000,on,P2_LARGEST,4b4ea9a9-beb3-4a24-841b-5948b63b92ff,43203,24231,0,0,24231,0
2000,on,P2_LARGEST,4b4ea9a9-beb3-4a24-841b-5948b63b92ff,43486,24762,1,1574,23188,0
2000,on,P2_LARGEST,4b4ea9a9-beb3-4a24-841b-5948b63b92ff,43803,24923,3,1540,23383,0
2000,on,P2_LARGEST,4b4ea9a9-beb3-4a24-841b-5948b63b92ff,44366,23814,0,0,23814,0
2000,on,P2_LARGEST,4b4ea9a9-beb3-4a24-841b-5948b63b92ff,47815,25925,4,2351,23574,0
2000,on,P2_LARGEST,4b4ea9a9-beb3-4a24-841b-5948b63b92ff,47952,24728,1,1252,23476,0
2000,on,P2_LARGEST,4b4ea9a9-beb3-4a24-841b-5948b63b92ff,50497,25223,5,1822,23401,0
2000,on,P2_LARGEST,4b4ea9a9-beb3-4a24-841b-5948b63b92ff,50958,25754,3,2233,23521,0
2000,on,P2_LARGEST,4b4ea9a9-beb3-4a24-841b-5948b63b92ff,51078,23694,0,0,23694,0
2000,on,P2_LARGEST,4b4ea9a9-beb3-4a24-841b-5948b63b92ff,51952,24800,1,1368,23432,0
2000,on,P2_LARGEST,4b4ea9a9-beb3-4a24-841b-5948b63b92ff,52141,23590,0,0,23590,0
2000,on,P2_LARGEST,4b4ea9a9-beb3-4a24-841b-5948b63b92ff,52410,23847,0,0,23847,0
2000,on,P2_LARGEST,4b4ea9a9-beb3-4a24-841b-5948b63b92ff,53117,25761,7,2372,23389,0
2000,on,P2_LARGEST,4b4ea9a9-beb3-4a24-841b-5948b63b92ff,53409,23924,0,0,23924,0
2000,on,P2_LARGEST,4b4ea9a9-beb3-4a24-841b-5948b63b92ff,54181,24228,0,0,24228,0
2000,on,P2_LARGEST,4b4ea9a9-beb3-4a24-841b-5948b63b92ff,54470,24742,1,1669,23073,0
2000,on,P2_LARGEST,4b4ea9a9-beb3-4a24-841b-5948b63b92ff,54753,23217,0,0,23217,0
2000,on,P2_LARGEST,4b4ea9a9-beb3-4a24-841b-5948b63b92ff,55192,23335,0,0,23335,0
2000,on,P2_LARGEST,4b4ea9a9-beb3-4a24-841b-5948b63b92ff,55502,23433,0,0,23433,0
2000,on,P2_LARGEST,4b4ea9a9-beb3-4a24-841b-5948b63b92ff,55760,23535,0,0,23535,0
2000,on,P2_LARGEST,4b4ea9a9-beb3-4a24-841b-5948b63b92ff,55959,23627,0,0,23627,0
2000,on,P2_LARGEST,4b4ea9a9-beb3-4a24-841b-5948b63b92ff,56346,24115,0,0,24115,0
2000,on,P2_LARGEST,4b4ea9a9-beb3-4a24-841b-5948b63b92ff,56802,25320,9,1786,23534,0
2000,on,P2_LARGEST,4b4ea9a9-beb3-4a24-841b-5948b63b92ff,57989,25887,8,2423,23464,0
2000,on,P2_LARGEST,4b4ea9a9-beb3-4a24-841b-5948b63b92ff,58624,24376,0,0,24376,0
2000,on,P2_LARGEST,4b4ea9a9-beb3-4a24-841b-5948b63b92ff,58937,24619,2,1845,22774,0
2000,on,P2_LARGEST,4b4ea9a9-beb3-4a24-841b-5948b63b92ff,59688,23149,0,0,23149,0
2000,on,P2_LARGEST,4b4ea9a9-beb3-4a24-841b-5948b63b92ff,60532,23927,0,0,23927,0
2000,on,P2_LARGEST,4b4ea9a9-beb3-4a24-841b-5948b63b92ff,60660,24001,0,0,24001,0
2000,on,P2_LARGEST,4b4ea9a9-beb3-4a24-841b-5948b63b92ff,60870,24248,0,0,24248,0
2000,on,P2_LARGEST,4b4ea9a9-beb3-4a24-841b-5948b63b92ff,61101,24373,0,0,24373,0
2000,on,P2_LARGEST,4b4ea9a9-beb3-4a24-841b-5948b63b92ff,61173,24666,2,1194,23472,0
2000,on,P2_LARGEST,4b4ea9a9-beb3-4a24-841b-5948b63b92ff,61306,24765,6,1313,23452,0
2000,on,P2_LARGEST,4b4ea9a9-beb3-4a24-841b-5948b63b92ff,61561,24995,4,1549,23446,0
2000,on,P2_LARGEST,4b4ea9a9-beb3-4a24-841b-5948b63b92ff,61825,24371,0,0,24371,0
2000,on,P2_LARGEST,4b4ea9a9-beb3-4a24-841b-5948b63b92ff,62427,24737,1,1405,23332,0
2000,on,P2_LARGEST,4b4ea9a9-beb3-4a24-841b-5948b63b92ff,63976,24582,2,1035,23547,0
2000,on,P2_LARGEST,4b4ea9a9-beb3-4a24-841b-5948b63b92ff,64668,25711,7,2157,23554,0
2000,on,P2_LARGEST,4b4ea9a9-beb3-4a24-841b-5948b63b92ff,65063,23882,0,0,23882,0
2000,on,P2_LARGEST,4b4ea9a9-beb3-4a24-841b-5948b63b92ff,65265,24128,0,0,24128,0
2000,on,P2_LARGEST,4b4ea9a9-beb3-4a24-841b-5948b63b92ff,65524,24219,0,0,24219,0
2000,on,P2_LARGEST,4b4ea9a9-beb3-4a24-841b-5948b63b92ff,67486,25211,3,1854,23357,0
2000,on,P2_LARGEST,4b4ea9a9-beb3-4a24-841b-5948b63b92ff,68959,24060,0,0,24060,0
2000,on,P2_LARGEST,4b4ea9a9-beb3-4a24-841b-5948b63b92ff,71743,25434,5,2002,23432,0
2000,on,P2_LARGEST,4f208ec8-efa4-40e6-910c-53385978ad3a,388,9745,0,0,9745,0
2000,on,P2_LARGEST,4f208ec8-efa4-40e6-910c-53385978ad3a,482,10372,0,0,10372,0
2000,on,P2_LARGEST,4f208ec8-efa4-40e6-910c-53385978ad3a,588,12412,0,0,12412,0
2000,on,P2_LARGEST,4f208ec8-efa4-40e6-910c-53385978ad3a,697,15385,0,0,15385,0
2000,on,P2_LARGEST,4f208ec8-efa4-40e6-910c-53385978ad3a,3941,16977,0,0,16977,0
2000,on,P2_LARGEST,4f208ec8-efa4-40e6-910c-53385978ad3a,4438,20346,0,0,20346,0
2000,on,P2_LARGEST,4f208ec8-efa4-40e6-910c-53385978ad3a,4853,20885,0,0,20885,0
2000,on,P2_LARGEST,4f208ec8-efa4-40e6-910c-53385978ad3a,6356,21893,0,0,21893,0
2000,on,P2_LARGEST,4f208ec8-efa4-40e6-910c-53385978ad3a,6805,22920,0,0,22920,0
2000,on,P2_LARGEST,4f208ec8-efa4-40e6-910c-53385978ad3a,9716,23699,0,0,23699,0
2000,on,P2_LARGEST,4f208ec8-efa4-40e6-910c-53385978ad3a,13842,28868,3,6031,22837,0
2000,on,P2_LARGEST,4f208ec8-efa4-40e6-910c-53385978ad3a,16767,25760,1,2463,23297,0
2000,on,P2_LARGEST,4f208ec8-efa4-40e6-910c-53385978ad3a,16901,27838,2,4444,23394,0
2000,on,P2_LARGEST,4f208ec8-efa4-40e6-910c-53385978ad3a,17056,23509,0,0,23509,0
2000,on,P2_LARGEST,4f208ec8-efa4-40e6-910c-53385978ad3a,17118,23723,0,0,23723,0
2000,on,P2_LARGEST,4f208ec8-efa4-40e6-910c-53385978ad3a,17195,23790,0,0,23790,0
2000,on,P2_LARGEST,4f208ec8-efa4-40e6-910c-53385978ad3a,18322,23936,0,0,23936,0
2000,on,P2_LARGEST,4f208ec8-efa4-40e6-910c-53385978ad3a,18480,24155,0,0,24155,0
2000,on,P2_LARGEST,4f208ec8-efa4-40e6-910c-53385978ad3a,18701,24302,0,0,24302,0
2000,on,P2_LARGEST,4f208ec8-efa4-40e6-910c-53385978ad3a,18771,24534,0,0,24534,0
2000,on,P2_LARGEST,4f208ec8-efa4-40e6-910c-53385978ad3a,19467,25316,1,2277,23039,0
2000,on,P2_LARGEST,4f208ec8-efa4-40e6-910c-53385978ad3a,19742,23557,0,0,23557,0
2000,on,P2_LARGEST,4f208ec8-efa4-40e6-910c-53385978ad3a,19837,23973,0,0,23973,0
2000,on,P2_LARGEST,4f208ec8-efa4-40e6-910c-53385978ad3a,20584,24080,0,0,24080,0
2000,on,P2_LARGEST,4f208ec8-efa4-40e6-910c-53385978ad3a,21081,24342,0,0,24342,0
2000,on,P2_LARGEST,4f208ec8-efa4-40e6-910c-53385978ad3a,21647,24549,0,0,24549,0
2000,on,P2_LARGEST,4f208ec8-efa4-40e6-910c-53385978ad3a,23087,24730,1,2199,22531,0
2000,on,P2_LARGEST,4f208ec8-efa4-40e6-910c-53385978ad3a,23337,25649,3,2854,22795,0
2000,on,P2_LARGEST,4f208ec8-efa4-40e6-910c-53385978ad3a,23476,23221,0,0,23221,0
2000,on,P2_LARGEST,4f208ec8-efa4-40e6-910c-53385978ad3a,23632,23353,0,0,23353,0
2000,on,P2_LARGEST,4f208ec8-efa4-40e6-910c-53385978ad3a,23899,23543,0,0,23543,0
2000,on,P2_LARGEST,4f208ec8-efa4-40e6-910c-53385978ad3a,24072,23852,0,0,23852,0
2000,on,P2_LARGEST,4f208ec8-efa4-40e6-910c-53385978ad3a,24212,24333,0,0,24333,0
2000,on,P2_LARGEST,4f208ec8-efa4-40e6-910c-53385978ad3a,25052,24699,1,2819,21880,0
2000,on,P2_LARGEST,4f208ec8-efa4-40e6-910c-53385978ad3a,25863,22222,0,0,22222,0
2000,on,P2_LARGEST,4f208ec8-efa4-40e6-910c-53385978ad3a,26386,23425,0,0,23425,0
2000,on,P2_LARGEST,4f208ec8-efa4-40e6-910c-53385978ad3a,26581,23677,0,0,23677,0
2000,on,P2_LARGEST,4f208ec8-efa4-40e6-910c-53385978ad3a,26920,27212,6,3871,23341,0
2000,on,P2_LARGEST,4f208ec8-efa4-40e6-910c-53385978ad3a,27445,23459,0,0,23459,0
2000,on,P2_LARGEST,4f208ec8-efa4-40e6-910c-53385978ad3a,27631,23821,0,0,23821,0
2000,on,P2_LARGEST,4f208ec8-efa4-40e6-910c-53385978ad3a,28689,24317,0,0,24317,0
2000,on,P2_LARGEST,4f208ec8-efa4-40e6-910c-53385978ad3a,29232,24718,1,3173,21545,0
2000,on,P2_LARGEST,4f208ec8-efa4-40e6-910c-53385978ad3a,29654,21932,0,0,21932,0
2000,on,P2_LARGEST,4f208ec8-efa4-40e6-910c-53385978ad3a,30178,23348,0,0,23348,0
2000,on,P2_LARGEST,4f208ec8-efa4-40e6-910c-53385978ad3a,30593,23710,0,0,23710,0
2000,on,P2_LARGEST,4f208ec8-efa4-40e6-910c-53385978ad3a,31481,24687,2,1563,23124,0
2000,on,P2_LARGEST,4f208ec8-efa4-40e6-910c-53385978ad3a,31575,26633,7,3350,23283,0
2000,on,P2_LARGEST,4f208ec8-efa4-40e6-910c-53385978ad3a,32282,24597,1,3276,21321,0
2000,on,P2_LARGEST,4f208ec8-efa4-40e6-910c-53385978ad3a,32972,21842,0,0,21842,0
2000,on,P2_LARGEST,4f208ec8-efa4-40e6-910c-53385978ad3a,33162,22122,0,0,22122,0
2000,on,P2_LARGEST,4f208ec8-efa4-40e6-910c-53385978ad3a,33604,22504,0,0,22504,0
2000,on,P2_LARGEST,4f208ec8-efa4-40e6-910c-53385978ad3a,35082,22873,0,0,22873,0
2000,on,P2_LARGEST,4f208ec8-efa4-40e6-910c-53385978ad3a,35835,28171,13,4741,23430,0
2000,on,P2_LARGEST,4f208ec8-efa4-40e6-910c-53385978ad3a,35963,23601,0,0,23601,0
2000,on,P2_LARGEST,4f208ec8-efa4-40e6-910c-53385978ad3a,36859,23787,0,0,23787,0
2000,on,P2_LARGEST,4f208ec8-efa4-40e6-910c-53385978ad3a,37516,24748,1,3209,21539,0
2000,on,P2_LARGEST,4f208ec8-efa4-40e6-910c-53385978ad3a,38934,22529,0,0,22529,0
2000,on,P2_LARGEST,4f208ec8-efa4-40e6-910c-53385978ad3a,39745,27363,5,3830,23533,0
2000,on,P2_LARGEST,4f208ec8-efa4-40e6-910c-53385978ad3a,41400,23929,0,0,23929,0
2000,on,P2_LARGEST,4f208ec8-efa4-40e6-910c-53385978ad3a,43773,24787,1,3330,21457,0
2000,on,P2_LARGEST,4f208ec8-efa4-40e6-910c-53385978ad3a,44240,25933,5,2558,23375,0
2000,on,P2_LARGEST,4f208ec8-efa4-40e6-910c-53385978ad3a,44819,23919,0,0,23919,0
2000,on,P2_LARGEST,4f208ec8-efa4-40e6-910c-53385978ad3a,46729,25076,1,3593,21483,0
2000,on,P2_LARGEST,4f208ec8-efa4-40e6-910c-53385978ad3a,47809,22024,0,0,22024,0
2000,on,P2_LARGEST,4f208ec8-efa4-40e6-910c-53385978ad3a,49698,26795,9,3350,23445,0
2000,on,P2_LARGEST,4f208ec8-efa4-40e6-910c-53385978ad3a,50416,28384,3,4809,23575,0
2000,on,P2_LARGEST,4f208ec8-efa4-40e6-910c-53385978ad3a,51721,24372,0,0,24372,0
2000,on,P2_LARGEST,4f208ec8-efa4-40e6-910c-53385978ad3a,52108,30906,15,7403,23503,0
2000,on,P2_LARGEST,4f208ec8-efa4-40e6-910c-53385978ad3a,52487,23860,0,0,23860,0
2000,on,P2_LARGEST,4f208ec8-efa4-40e6-910c-53385978ad3a,52746,25559,1,4195,21364,0
2000,on,P2_LARGEST,4f208ec8-efa4-40e6-910c-53385978ad3a,53621,22087,0,0,22087,0
2000,on,P2_LARGEST,4f208ec8-efa4-40e6-910c-53385978ad3a,56086,28507,8,5018,23489,0
2000,on,P2_LARGEST,4f208ec8-efa4-40e6-910c-53385978ad3a,59123,30116,5,6663,23453,0
2000,on,P2_LARGEST,4f208ec8-efa4-40e6-910c-53385978ad3a,59249,23580,0,0,23580,0
2000,on,P2_LARGEST,4f208ec8-efa4-40e6-910c-53385978ad3a,59390,28334,1,5167,23167,0
2000,on,P2_LARGEST,4f208ec8-efa4-40e6-910c-53385978ad3a,59782,23221,0,0,23221,0
2000,on,P2_LARGEST,4f208ec8-efa4-40e6-910c-53385978ad3a,61722,23760,0,0,23760,0
2000,on,P2_LARGEST,4f208ec8-efa4-40e6-910c-53385978ad3a,61881,24071,0,0,24071,0
2000,on,P2_LARGEST,4f208ec8-efa4-40e6-910c-53385978ad3a,62143,24362,0,0,24362,0
2000,on,P2_LARGEST,4f208ec8-efa4-40e6-910c-53385978ad3a,62385,24635,1,4255,20380,0
2000,on,P2_LARGEST,4f208ec8-efa4-40e6-910c-53385978ad3a,62673,20789,0,0,20789,0
2000,on,P2_LARGEST,4f208ec8-efa4-40e6-910c-53385978ad3a,62920,21098,0,0,21098,0
2000,on,P2_LARGEST,4f208ec8-efa4-40e6-910c-53385978ad3a,64683,21834,0,0,21834,0
2000,on,P2_LARGEST,4f208ec8-efa4-40e6-910c-53385978ad3a,66909,26315,6,2825,23490,0
2000,on,P2_LARGEST,4f208ec8-efa4-40e6-910c-53385978ad3a,67057,24321,0,0,24321,0
2000,on,P2_LARGEST,4f208ec8-efa4-40e6-910c-53385978ad3a,68487,24660,1,4273,20387,0
2000,on,P2_LARGEST,4f208ec8-efa4-40e6-910c-53385978ad3a,68879,21996,0,0,21996,0
2000,on,P2_LARGEST,4f208ec8-efa4-40e6-910c-53385978ad3a,71856,27582,14,4110,23472,0
2000,on,P2_LARGEST,4f208ec8-efa4-40e6-910c-53385978ad3a,72232,29358,6,5876,23482,0
2000,on,P2_LARGEST,4f208ec8-efa4-40e6-910c-53385978ad3a,75432,24601,1,4231,20370,0
2000,on,P2_LARGEST,4f208ec8-efa4-40e6-910c-53385978ad3a,77060,27405,17,3859,23546,0
2000,on,P2_LARGEST,4f208ec8-efa4-40e6-910c-53385978ad3a,79879,25022,2,2431,22591,0
2000,on,P2_LARGEST,4f208ec8-efa4-40e6-910c-53385978ad3a,80511,28594,2,5391,23203,0
2000,on,P2_LARGEST,4f208ec8-efa4-40e6-910c-53385978ad3a,80731,23632,0,0,23632,0
2000,on,P2_LARGEST,4f208ec8-efa4-40e6-910c-53385978ad3a,83092,24179,0,0,24179,0
2000,on,P2_LARGEST,4f208ec8-efa4-40e6-910c-53385978ad3a,83171,28767,2,5705,23062,0
2000,on,P2_LARGEST,4f208ec8-efa4-40e6-910c-53385978ad3a,84623,23097,0,0,23097,0
2000,on,P2_LARGEST,4f208ec8-efa4-40e6-910c-53385978ad3a,85622,24161,0,0,24161,0
2000,on,P2_LARGEST,4f208ec8-efa4-40e6-910c-53385978ad3a,85761,25157,1,3676,21481,0
2000,on,P2_LARGEST,4f208ec8-efa4-40e6-910c-53385978ad3a,86296,21861,0,0,21861,0
2000,on,P2_LARGEST,4f208ec8-efa4-40e6-910c-53385978ad3a,87225,23002,0,0,23002,0
2000,on,P2_LARGEST,4f208ec8-efa4-40e6-910c-53385978ad3a,90378,29192,11,5655,23537,0
2000,on,P2_LARGEST,4f208ec8-efa4-40e6-910c-53385978ad3a,92168,28499,2,5764,22735,0
2000,on,P2_LARGEST,4f208ec8-efa4-40e6-910c-53385978ad3a,92667,23800,0,0,23800,0
2000,on,P2_LARGEST,4f208ec8-efa4-40e6-910c-53385978ad3a,95062,24378,0,0,24378,0
2000,on,P2_LARGEST,4f208ec8-efa4-40e6-910c-53385978ad3a,95651,28379,2,5064,23315,0
2000,on,P2_LARGEST,4f208ec8-efa4-40e6-910c-53385978ad3a,95744,23950,0,0,23950,0
2000,on,P2_LARGEST,4f208ec8-efa4-40e6-910c-53385978ad3a,96038,24504,0,0,24504,0
2000,on,P2_LARGEST,4f208ec8-efa4-40e6-910c-53385978ad3a,97269,24780,1,3081,21699,0
2000,on,P2_LARGEST,4f208ec8-efa4-40e6-910c-53385978ad3a,97502,25323,4,2090,23233,0
2000,on,P2_LARGEST,4f208ec8-efa4-40e6-910c-53385978ad3a,97590,23493,0,0,23493,0
2000,on,P2_LARGEST,4f208ec8-efa4-40e6-910c-53385978ad3a,97903,23674,0,0,23674,0
2000,on,P2_LARGEST,4f208ec8-efa4-40e6-910c-53385978ad3a,98817,23947,0,0,23947,0
2000,on,P2_LARGEST,4f208ec8-efa4-40e6-910c-53385978ad3a,99493,24755,1,2966,21789,0
2000,on,P2_LARGEST,4f208ec8-efa4-40e6-910c-53385978ad3a,100047,22249,0,0,22249,0
2000,on,P2_LARGEST,4f208ec8-efa4-40e6-910c-53385978ad3a,101153,23184,0,0,23184,0
2000,on,P2_LARGEST,4f208ec8-efa4-40e6-910c-53385978ad3a,101441,26631,6,3090,23541,0
2000,on,P2_LARGEST,4f208ec8-efa4-40e6-910c-53385978ad3a,101954,23932,0,0,23932,0
2000,on,P2_LARGEST,4f208ec8-efa4-40e6-910c-53385978ad3a,102109,24554,0,0,24554,0
2000,on,P2_LARGEST,4f208ec8-efa4-40e6-910c-53385978ad3a,102625,24706,1,2695,22011,0
2000,on,P2_LARGEST,4f208ec8-efa4-40e6-910c-53385978ad3a,103447,23697,0,0,23697,0
2000,on,P2_LARGEST,4f208ec8-efa4-40e6-910c-53385978ad3a,103647,25151,4,1893,23258,0
2000,on,P2_LARGEST,4f208ec8-efa4-40e6-910c-53385978ad3a,104558,24293,0,0,24293,0
2000,on,P2_LARGEST,4f208ec8-efa4-40e6-910c-53385978ad3a,105376,25025,2,2042,22983,0
2000,on,P2_LARGEST,4f208ec8-efa4-40e6-910c-53385978ad3a,107724,27250,10,3700,23550,0
2000,on,P2_LARGEST,4f208ec8-efa4-40e6-910c-53385978ad3a,110663,27801,4,4315,23486,0
2000,on,P2_LARGEST,4f208ec8-efa4-40e6-910c-53385978ad3a,112298,28094,11,4590,23504,0
2000,on,P2_LARGEST,4f208ec8-efa4-40e6-910c-53385978ad3a,112640,29256,3,5929,23327,0
2000,on,P2_LARGEST,4f208ec8-efa4-40e6-910c-53385978ad3a,113724,24825,1,3239,21586,0
2000,on,P2_LARGEST,4f208ec8-efa4-40e6-910c-53385978ad3a,114210,25590,2,2266,23324,0
2000,on,P2_LARGEST,4f208ec8-efa4-40e6-910c-53385978ad3a,115509,24591,1,3408,21183,0
2000,on,P2_LARGEST,4f208ec8-efa4-40e6-910c-53385978ad3a,115905,21991,0,0,21991,0
2000,on,P2_LARGEST,4f208ec8-efa4-40e6-910c-53385978ad3a,118396,22487,0,0,22487,0
2000,on,P2_LARGEST,4f208ec8-efa4-40e6-910c-53385978ad3a,118637,25855,5,2526,23329,0
2000,on,P2_LARGEST,4f208ec8-efa4-40e6-910c-53385978ad3a,118845,23528,0,0,23528,0
2000,on,P2_LARGEST,4f208ec8-efa4-40e6-910c-53385978ad3a,119321,24236,0,0,24236,0
2000,on,P2_LARGEST,4f208ec8-efa4-40e6-910c-53385978ad3a,119995,24675,1,2244,22431,0
2000,on,P2_LARGEST,4f208ec8-efa4-40e6-910c-53385978ad3a,120195,22790,0,0,22790,0
2000,on,P2_LARGEST,4f208ec8-efa4-40e6-910c-53385978ad3a,121078,23860,0,0,23860,0
2000,on,P2_LARGEST,5539bf89-e59c-4e37-92c8-a3181269c8ad,166,9391,0,0,9391,0
2000,on,P2_LARGEST,5539bf89-e59c-4e37-92c8-a3181269c8ad,255,9469,0,0,9469,0
2000,on,P2_LARGEST,5539bf89-e59c-4e37-92c8-a3181269c8ad,414,11577,0,0,11577,0
2000,on,P2_LARGEST,5539bf89-e59c-4e37-92c8-a3181269c8ad,5349,14565,0,0,14565,0
2000,on,P2_LARGEST,5539bf89-e59c-4e37-92c8-a3181269c8ad,6104,16837,0,0,16837,0
2000,on,P2_LARGEST,5539bf89-e59c-4e37-92c8-a3181269c8ad,9175,18005,0,0,18005,0
2000,on,P2_LARGEST,5539bf89-e59c-4e37-92c8-a3181269c8ad,9319,18464,0,0,18464,0
2000,on,P2_LARGEST,7ce22256-b88c-4c36-afb2-3e4eb4dc067b,99,9609,0,0,9609,0
2000,on,P2_LARGEST,7ce22256-b88c-4c36-afb2-3e4eb4dc067b,262,12300,0,0,12300,0
2000,on,P2_LARGEST,7ce22256-b88c-4c36-afb2-3e4eb4dc067b,1103,14714,0,0,14714,0
2000,on,P2_LARGEST,7ce22256-b88c-4c36-afb2-3e4eb4dc067b,1235,15115,0,0,15115,0
2000,on,P2_LARGEST,7ce22256-b88c-4c36-afb2-3e4eb4dc067b,1535,15910,0,0,15910,0
2000,on,P2_LARGEST,7ce22256-b88c-4c36-afb2-3e4eb4dc067b,3086,16721,0,0,16721,0
2000,on,P2_LARGEST,7ce22256-b88c-4c36-afb2-3e4eb4dc067b,4381,18024,0,0,18024,0
2000,on,P2_LARGEST,7ce22256-b88c-4c36-afb2-3e4eb4dc067b,4819,19028,0,0,19028,0
2000,on,P2_LARGEST,7ce22256-b88c-4c36-afb2-3e4eb4dc067b,8222,21619,0,0,21619,0
2000,on,P2_LARGEST,7ce22256-b88c-4c36-afb2-3e4eb4dc067b,13487,22662,0,0,22662,0
2000,on,P2_LARGEST,7ce22256-b88c-4c36-afb2-3e4eb4dc067b,13698,27647,3,4813,22834,0
2000,on,P2_LARGEST,7ce22256-b88c-4c36-afb2-3e4eb4dc067b,14624,25807,1,2541,23266,0
2000,on,P2_LARGEST,7ce22256-b88c-4c36-afb2-3e4eb4dc067b,14889,23567,0,0,23567,0
2000,on,P2_LARGEST,7ce22256-b88c-4c36-afb2-3e4eb4dc067b,15087,23819,0,0,23819,0
2000,on,P2_LARGEST,7ce22256-b88c-4c36-afb2-3e4eb4dc067b,15233,23924,0,0,23924,0
2000,on,P2_LARGEST,7ce22256-b88c-4c36-afb2-3e4eb4dc067b,15324,24049,0,0,24049,0
2000,on,P2_LARGEST,7ce22256-b88c-4c36-afb2-3e4eb4dc067b,16196,26709,2,4326,22383,0
2000,on,P2_LARGEST,7ce22256-b88c-4c36-afb2-3e4eb4dc067b,18081,23030,0,0,23030,0
2000,on,P2_LARGEST,7ce22256-b88c-4c36-afb2-3e4eb4dc067b,18221,23373,0,0,23373,0
2000,on,P2_LARGEST,7ce22256-b88c-4c36-afb2-3e4eb4dc067b,19082,23523,0,0,23523,0
2000,on,P2_LARGEST,7ce22256-b88c-4c36-afb2-3e4eb4dc067b,19232,27338,3,4217,23121,0
2000,on,P2_LARGEST,7ce22256-b88c-4c36-afb2-3e4eb4dc067b,19309,23283,0,0,23283,0
2000,on,P2_LARGEST,7ce22256-b88c-4c36-afb2-3e4eb4dc067b,19727,23399,0,0,23399,0
2000,on,P2_LARGEST,7ce22256-b88c-4c36-afb2-3e4eb4dc067b,20105,23710,0,0,23710,0
2000,on,P2_LARGEST,7ce22256-b88c-4c36-afb2-3e4eb4dc067b,20426,24123,0,0,24123,0
2000,on,P2_LARGEST,7ce22256-b88c-4c36-afb2-3e4eb4dc067b,20543,24416,0,0,24416,0
2000,on,P2_LARGEST,7ce22256-b88c-4c36-afb2-3e4eb4dc067b,20977,24620,1,2942,21678,0
2000,on,P2_LARGEST,7ce22256-b88c-4c36-afb2-3e4eb4dc067b,22068,22353,0,0,22353,0
2000,on,P2_LARGEST,7ce22256-b88c-4c36-afb2-3e4eb4dc067b,23366,22870,0,0,22870,0
2000,on,P2_LARGEST,7ce22256-b88c-4c36-afb2-3e4eb4dc067b,25759,26131,4,2960,23171,0
2000,on,P2_LARGEST,7ce22256-b88c-4c36-afb2-3e4eb4dc067b,26079,23875,0,0,23875,0
2000,on,P2_LARGEST,7ce22256-b88c-4c36-afb2-3e4eb4dc067b,26919,24443,0,0,24443,0
2000,on,P2_LARGEST,7ce22256-b88c-4c36-afb2-3e4eb4dc067b,27175,24615,1,2611,22004,0
2000,on,P2_LARGEST,7ce22256-b88c-4c36-afb2-3e4eb4dc067b,27334,22243,0,0,22243,0
2000,on,P2_LARGEST,7ce22256-b88c-4c36-afb2-3e4eb4dc067b,27675,22453,0,0,22453,0
2000,on,P2_LARGEST,7ce22256-b88c-4c36-afb2-3e4eb4dc067b,27858,22624,0,0,22624,0
2000,on,P2_LARGEST,7ce22256-b88c-4c36-afb2-3e4eb4dc067b,28806,22786,0,0,22786,0
2000,on,P2_LARGEST,7ce22256-b88c-4c36-afb2-3e4eb4dc067b,29055,26982,7,3618,23364,0
2000,on,P2_LARGEST,7ce22256-b88c-4c36-afb2-3e4eb4dc067b,29215,23600,0,0,23600,0
2000,on,P2_LARGEST,7ce22256-b88c-4c36-afb2-3e4eb4dc067b,29378,23761,0,0,23761,0
2000,on,P2_LARGEST,7ce22256-b88c-4c36-afb2-3e4eb4dc067b,29491,23870,0,0,23870,0
2000,on,P2_LARGEST,7ce22256-b88c-4c36-afb2-3e4eb4dc067b,29673,23962,0,0,23962,0
2000,on,P2_LARGEST,7ce22256-b88c-4c36-afb2-3e4eb4dc067b,29912,24191,0,0,24191,0
2000,on,P2_LARGEST,7ce22256-b88c-4c36-afb2-3e4eb4dc067b,30347,24370,0,0,24370,0
2000,on,P2_LARGEST,7ce22256-b88c-4c36-afb2-3e4eb4dc067b,31891,24847,1,3272,21575,0
2000,on,P2_LARGEST,7ce22256-b88c-4c36-afb2-3e4eb4dc067b,32088,25111,3,1708,23403,0
2000,on,P2_LARGEST,7ce22256-b88c-4c36-afb2-3e4eb4dc067b,34420,23710,0,0,23710,0
2000,on,P2_LARGEST,7ce22256-b88c-4c36-afb2-3e4eb4dc067b,35353,24157,0,0,24157,0
2000,on,P2_LARGEST,7ce22256-b88c-4c36-afb2-3e4eb4dc067b,36870,24963,1,3285,21678,0
2000,on,P2_LARGEST,960c2dbf-428a-4ade-8f18-dfab33a44f7e,65,9957,0,0,9957,0
2000,on,P2_LARGEST,960c2dbf-428a-4ade-8f18-dfab33a44f7e,312,11004,0,0,11004,0
2000,on,P2_LARGEST,960c2dbf-428a-4ade-8f18-dfab33a44f7e,626,12639,0,0,12639,0
2000,on,P2_LARGEST,960c2dbf-428a-4ade-8f18-dfab33a44f7e,752,13454,0,0,13454,0
2000,on,P2_LARGEST,960c2dbf-428a-4ade-8f18-dfab33a44f7e,903,13715,0,0,13715,0
2000,on,P2_LARGEST,960c2dbf-428a-4ade-8f18-dfab33a44f7e,1166,13951,0,0,13951,0
2000,on,P2_LARGEST,960c2dbf-428a-4ade-8f18-dfab33a44f7e,3951,14352,0,0,14352,0
2000,on,P2_LARGEST,960c2dbf-428a-4ade-8f18-dfab33a44f7e,4033,16956,0,0,16956,0
2000,on,P2_LARGEST,960c2dbf-428a-4ade-8f18-dfab33a44f7e,4103,17105,0,0,17105,0
2000,on,P2_LARGEST,960c2dbf-428a-4ade-8f18-dfab33a44f7e,4803,17182,0,0,17182,0
2000,on,P2_LARGEST,9902f5e4-2bff-4798-9f30-16131308c3b2,85,10027,0,0,10027,0
2000,on,P2_LARGEST,9902f5e4-2bff-4798-9f30-16131308c3b2,558,10398,0,0,10398,0
2000,on,P2_LARGEST,9902f5e4-2bff-4798-9f30-16131308c3b2,6185,11803,0,0,11803,0
2000,on,P2_LARGEST,9902f5e4-2bff-4798-9f30-16131308c3b2,6297,14828,0,0,14828,0
2000,on,P2_LARGEST,9902f5e4-2bff-4798-9f30-16131308c3b2,6728,14914,0,0,14914,0
2000,on,P2_LARGEST,9902f5e4-2bff-4798-9f30-16131308c3b2,6830,15188,0,0,15188,0
2000,on,P2_LARGEST,9902f5e4-2bff-4798-9f30-16131308c3b2,7152,15334,0,0,15334,0
2000,on,P2_LARGEST,9902f5e4-2bff-4798-9f30-16131308c3b2,7470,15530,0,0,15530,0
2000,on,P2_LARGEST,9902f5e4-2bff-4798-9f30-16131308c3b2,7526,15821,0,0,15821,0
2000,on,P2_LARGEST,9902f5e4-2bff-4798-9f30-16131308c3b2,7590,15941,0,0,15941,0
2000,on,P2_LARGEST,9902f5e4-2bff-4798-9f30-16131308c3b2,7683,15986,0,0,15986,0
2000,on,P2_LARGEST,9902f5e4-2bff-4798-9f30-16131308c3b2,7933,16070,0,0,16070,0
2000,on,P2_LARGEST,9902f5e4-2bff-4798-9f30-16131308c3b2,8040,16117,0,0,16117,0
2000,on,P2_LARGEST,9902f5e4-2bff-4798-9f30-16131308c3b2,8916,16367,0,0,16367,0
2000,on,P2_LARGEST,9902f5e4-2bff-4798-9f30-16131308c3b2,8999,21358,0,0,21358,0
2000,on,P2_LARGEST,9902f5e4-2bff-4798-9f30-16131308c3b2,10042,22453,0,0,22453,0
2000,on,P2_LARGEST,9902f5e4-2bff-4798-9f30-16131308c3b2,10216,25364,1,2966,22398,0
2000,on,P2_LARGEST,9902f5e4-2bff-4798-9f30-16131308c3b2,11154,25873,2,4052,21821,0
2000,on,P2_LARGEST,9902f5e4-2bff-4798-9f30-16131308c3b2,11255,22740,0,0,22740,0
2000,on,P2_LARGEST,9902f5e4-2bff-4798-9f30-16131308c3b2,14424,23734,0,0,23734,0
2000,on,P2_LARGEST,9902f5e4-2bff-4798-9f30-16131308c3b2,15024,26581,2,4499,22082,0
2000,on,P2_LARGEST,9902f5e4-2bff-4798-9f30-16131308c3b2,16586,22669,0,0,22669,0
2000,on,P2_LARGEST,9902f5e4-2bff-4798-9f30-16131308c3b2,18353,26972,2,3440,23532,0
2000,on,P2_LARGEST,9902f5e4-2bff-4798-9f30-16131308c3b2,19628,27731,3,4647,23084,0
2000,on,P2_LARGEST,9902f5e4-2bff-4798-9f30-16131308c3b2,19786,24448,0,0,24448,0
2000,on,P2_LARGEST,9902f5e4-2bff-4798-9f30-16131308c3b2,20975,24660,1,3017,21643,0
2000,on,P2_LARGEST,9902f5e4-2bff-4798-9f30-16131308c3b2,23835,26135,3,3116,23019,0
2000,on,P2_LARGEST,9902f5e4-2bff-4798-9f30-16131308c3b2,25193,23286,0,0,23286,0
2000,on,P2_LARGEST,9902f5e4-2bff-4798-9f30-16131308c3b2,25959,25460,1,3100,22360,0
2000,on,P2_LARGEST,9902f5e4-2bff-4798-9f30-16131308c3b2,28053,23205,0,0,23205,0
2000,on,P2_LARGEST,9902f5e4-2bff-4798-9f30-16131308c3b2,33499,28136,5,5063,23073,0
2000,on,P2_LARGEST,9902f5e4-2bff-4798-9f30-16131308c3b2,33566,28723,2,6109,22614,0
2000,on,P2_LARGEST,9902f5e4-2bff-4798-9f30-16131308c3b2,35999,24651,1,2706,21945,0
2000,on,P2_LARGEST,9902f5e4-2bff-4798-9f30-16131308c3b2,36062,22254,0,0,22254,0
2000,on,P2_LARGEST,9902f5e4-2bff-4798-9f30-16131308c3b2,36233,27740,3,4296,23444,0
2000,on,P2_LARGEST,9902f5e4-2bff-4798-9f30-16131308c3b2,36329,23584,0,0,23584,0
2000,on,P2_LARGEST,9902f5e4-2bff-4798-9f30-16131308c3b2,36461,28110,2,5128,22982,0
2000,on,P2_LARGEST,9902f5e4-2bff-4798-9f30-16131308c3b2,37073,23335,0,0,23335,0
2000,on,P2_LARGEST,9902f5e4-2bff-4798-9f30-16131308c3b2,38229,24120,0,0,24120,0
2000,on,P2_LARGEST,9902f5e4-2bff-4798-9f30-16131308c3b2,38708,27732,2,4436,23296,0
2000,on,P2_LARGEST,9902f5e4-2bff-4798-9f30-16131308c3b2,40008,24280,0,0,24280,0
2000,on,P2_LARGEST,9902f5e4-2bff-4798-9f30-16131308c3b2,45167,28476,5,5311,23165,0
2000,on,P2_LARGEST,9902f5e4-2bff-4798-9f30-16131308c3b2,45594,29908,9,6505,23403,0
2000,on,P2_LARGEST,9902f5e4-2bff-4798-9f30-16131308c3b2,48773,24405,0,0,24405,0
2000,on,P2_LARGEST,9902f5e4-2bff-4798-9f30-16131308c3b2,49716,32278,7,9035,23243,0
2000,on,P2_LARGEST,9902f5e4-2bff-4798-9f30-16131308c3b2,49995,30297,5,7121,23176,0
2000,on,P2_LARGEST,9902f5e4-2bff-4798-9f30-16131308c3b2,50391,24291,0,0,24291,0
2000,on,P2_LARGEST,9902f5e4-2bff-4798-9f30-16131308c3b2,50734,27573,2,5237,22336,0
2000,on,P2_LARGEST,9902f5e4-2bff-4798-9f30-16131308c3b2,50988,23333,0,0,23333,0
2000,on,P2_LARGEST,9902f5e4-2bff-4798-9f30-16131308c3b2,51397,27783,4,4711,23072,0
2000,on,P2_LARGEST,9902f5e4-2bff-4798-9f30-16131308c3b2,52378,24563,0,0,24563,0
2000,on,P2_LARGEST,9902f5e4-2bff-4798-9f30-16131308c3b2,53830,29054,5,5590,23464,0
2000,on,P2_LARGEST,9902f5e4-2bff-4798-9f30-16131308c3b2,55211,24178,0,0,24178,0
2000,on,P2_LARGEST,9902f5e4-2bff-4798-9f30-16131308c3b2,55322,28184,4,4878,23306,0
2000,on,P2_LARGEST,9902f5e4-2bff-4798-9f30-16131308c3b2,57411,23796,0,0,23796,0
2000,on,P2_LARGEST,9902f5e4-2bff-4798-9f30-16131308c3b2,57579,26039,1,3673,22366,0
2000,on,P2_LARGEST,9902f5e4-2bff-4798-9f30-16131308c3b2,57841,27298,7,3793,23505,0
2000,on,P2_LARGEST,9902f5e4-2bff-4798-9f30-16131308c3b2,63423,24001,0,0,24001,0
2000,on,P2_LARGEST,9902f5e4-2bff-4798-9f30-16131308c3b2,63542,26639,1,3786,22853,0
2000,on,P2_LARGEST,9902f5e4-2bff-4798-9f30-16131308c3b2,64150,23452,0,0,23452,0
2000,on,P2_LARGEST,a2c2fa1b-5eeb-4a99-89a0-827401b2937f,274,10435,0,0,10435,0
2000,on,P2_LARGEST,a2c2fa1b-5eeb-4a99-89a0-827401b2937f,593,11234,0,0,11234,0
2000,on,P2_LARGEST,a2c2fa1b-5eeb-4a99-89a0-827401b2937f,880,11850,0,0,11850,0
2000,on,P2_LARGEST,a2c2fa1b-5eeb-4a99-89a0-827401b2937f,1218,12269,0,0,12269,0
2000,on,P2_LARGEST,a2c2fa1b-5eeb-4a99-89a0-827401b2937f,1418,12443,0,0,12443,0
2000,on,P2_LARGEST,a2c2fa1b-5eeb-4a99-89a0-827401b2937f,1614,13030,0,0,13030,0
2000,on,P2_LARGEST,a2c2fa1b-5eeb-4a99-89a0-827401b2937f,4720,15006,0,0,15006,0
2000,on,P2_LARGEST,a2c2fa1b-5eeb-4a99-89a0-827401b2937f,5320,15250,0,0,15250,0
2000,on,P2_LARGEST,a2c2fa1b-5eeb-4a99-89a0-827401b2937f,5536,15481,0,0,15481,0
2000,on,P2_LARGEST,a2c2fa1b-5eeb-4a99-89a0-827401b2937f,5845,17721,0,0,17721,0
2000,on,P2_LARGEST,a2c2fa1b-5eeb-4a99-89a0-827401b2937f,9094,19509,0,0,19509,0
2000,on,P2_LARGEST,a2c2fa1b-5eeb-4a99-89a0-827401b2937f,12739,23572,0,0,23572,0
2000,on,P2_LARGEST,a2c2fa1b-5eeb-4a99-89a0-827401b2937f,12983,24754,1,3336,21418,0
2000,on,P2_LARGEST,a2c2fa1b-5eeb-4a99-89a0-827401b2937f,16677,22080,0,0,22080,0
2000,on,P2_LARGEST,a2c2fa1b-5eeb-4a99-89a0-827401b2937f,17438,25004,1,1832,23172,0
2000,on,P2_LARGEST,a2c2fa1b-5eeb-4a99-89a0-827401b2937f,17628,24024,0,0,24024,0
2000,on,P2_LARGEST,a2c2fa1b-5eeb-4a99-89a0-827401b2937f,18625,25350,1,2238,23112,0
2000,on,P2_LARGEST,a2c2fa1b-5eeb-4a99-89a0-827401b2937f,18812,23330,0,0,23330,0
2000,on,P2_LARGEST,a2c2fa1b-5eeb-4a99-89a0-827401b2937f,19584,24375,0,0,24375,0
2000,on,P2_LARGEST,a2c2fa1b-5eeb-4a99-89a0-827401b2937f,19651,24960,1,1522,23438,0
2000,on,P2_LARGEST,a2c2fa1b-5eeb-4a99-89a0-827401b2937f,20167,23592,0,0,23592,0
2000,on,P2_LARGEST,a2c2fa1b-5eeb-4a99-89a0-827401b2937f,20438,24161,0,0,24161,0
2000,on,P2_LARGEST,a2c2fa1b-5eeb-4a99-89a0-827401b2937f,20892,27354,4,4468,22886,0
2000,on,P2_LARGEST,a2c2fa1b-5eeb-4a99-89a0-827401b2937f,21704,24350,0,0,24350,0
2000,on,P2_LARGEST,a2c2fa1b-5eeb-4a99-89a0-827401b2937f,21771,24996,1,2604,22392,0
2000,on,P2_LARGEST,a2c2fa1b-5eeb-4a99-89a0-827401b2937f,22474,22639,0,0,22639,0
2000,on,P2_LARGEST,a2c2fa1b-5eeb-4a99-89a0-827401b2937f,23051,22933,0,0,22933,0
2000,on,P2_LARGEST,a2c2fa1b-5eeb-4a99-89a0-827401b2937f,23112,23505,0,0,23505,0
2000,on,P2_LARGEST,a2c2fa1b-5eeb-4a99-89a0-827401b2937f,23468,23644,0,0,23644,0
2000,on,P2_LARGEST,a2c2fa1b-5eeb-4a99-89a0-827401b2937f,23615,23853,0,0,23853,0
2000,on,P2_LARGEST,a2c2fa1b-5eeb-4a99-89a0-827401b2937f,24378,24077,0,0,24077,0
2000,on,P2_LARGEST,a2c2fa1b-5eeb-4a99-89a0-827401b2937f,24601,24425,0,0,24425,0
2000,on,P2_LARGEST,a2c2fa1b-5eeb-4a99-89a0-827401b2937f,25430,24789,2,1494,23295,0
2000,on,P2_LARGEST,a2c2fa1b-5eeb-4a99-89a0-827401b2937f,26378,26089,5,2857,23232,0
2000,on,P2_LARGEST,a2c2fa1b-5eeb-4a99-89a0-827401b2937f,27072,24220,0,0,24220,0
2000,on,P2_LARGEST,a2c2fa1b-5eeb-4a99-89a0-827401b2937f,27851,24758,1,1672,23086,0
2000,on,P2_LARGEST,a2c2fa1b-5eeb-4a99-89a0-827401b2937f,28704,23849,0,0,23849,0
2000,on,P2_LARGEST,bbb2ec54-010d-4ca7-8b87-0807bc61f12e,344,11775,0,0,11775,0
2000,on,P2_LARGEST,bbb2ec54-010d-4ca7-8b87-0807bc61f12e,569,14062,0,0,14062,0
2000,on,P2_LARGEST,bbb2ec54-010d-4ca7-8b87-0807bc61f12e,902,15296,0,0,15296,0
2000,on,P2_LARGEST,bbb2ec54-010d-4ca7-8b87-0807bc61f12e,2465,15387,0,0,15387,0
2000,on,P2_LARGEST,bbb2ec54-010d-4ca7-8b87-0807bc61f12e,6512,15429,0,0,15429,0
2000,on,P2_LARGEST,bbb2ec54-010d-4ca7-8b87-0807bc61f12e,6571,19625,0,0,19625,0
2000,on,P2_LARGEST,bbb2ec54-010d-4ca7-8b87-0807bc61f12e,11147,19696,0,0,19696,0
2000,on,P2_LARGEST,bbb2ec54-010d-4ca7-8b87-0807bc61f12e,11209,24307,0,0,24307,0
2000,on,P2_LARGEST,bbb2ec54-010d-4ca7-8b87-0807bc61f12e,11446,24472,0,0,24472,0
2000,on,P2_LARGEST,bbb2ec54-010d-4ca7-8b87-0807bc61f12e,11510,24676,1,4555,20121,0
2000,on,P2_LARGEST,bbb2ec54-010d-4ca7-8b87-0807bc61f12e,11724,20260,0,0,20260,0
2000,on,P2_LARGEST,bbb2ec54-010d-4ca7-8b87-0807bc61f12e,11784,20480,0,0,20480,0
2000,on,P2_LARGEST,bbb2ec54-010d-4ca7-8b87-0807bc61f12e,11852,20647,0,0,20647,0
2000,on,P2_LARGEST,bbb2ec54-010d-4ca7-8b87-0807bc61f12e,11902,20704,0,0,20704,0
2000,on,P2_LARGEST,bbb2ec54-010d-4ca7-8b87-0807bc61f12e,12008,21007,0,0,21007,0
2000,on,P2_LARGEST,bbb2ec54-010d-4ca7-8b87-0807bc61f12e,12068,21123,0,0,21123,0
2000,on,P2_LARGEST,bbb2ec54-010d-4ca7-8b87-0807bc61f12e,15632,21193,0,0,21193,0
2000,on,P2_LARGEST,bbb2ec54-010d-4ca7-8b87-0807bc61f12e,15696,25943,1,4140,21803,0
2000,on,P2_LARGEST,bbb2ec54-010d-4ca7-8b87-0807bc61f12e,15789,21962,0,0,21962,0
2000,on,P2_LARGEST,bbb2ec54-010d-4ca7-8b87-0807bc61f12e,15969,22049,0,0,22049,0
2000,on,P2_LARGEST,bbb2ec54-010d-4ca7-8b87-0807bc61f12e,16446,23525,0,0,23525,0
2000,on,P2_LARGEST,bbb2ec54-010d-4ca7-8b87-0807bc61f12e,16550,23972,0,0,23972,0
2000,on,P2_LARGEST,c033051a-2b95-4253-91ab-8805c6853aab,272,9439,0,0,9439,0
2000,on,P2_LARGEST,c033051a-2b95-4253-91ab-8805c6853aab,685,10051,0,0,10051,0
2000,on,P2_LARGEST,c033051a-2b95-4253-91ab-8805c6853aab,1734,10860,0,0,10860,0
2000,on,P2_LARGEST,c033051a-2b95-4253-91ab-8805c6853aab,3895,11950,0,0,11950,0
2000,on,P2_LARGEST,c033051a-2b95-4253-91ab-8805c6853aab,5683,12562,0,0,12562,0
2000,on,P2_LARGEST,c033051a-2b95-4253-91ab-8805c6853aab,8482,12989,0,0,12989,0
2000,on,P2_LARGEST,c033051a-2b95-4253-91ab-8805c6853aab,9450,14389,0,0,14389,0
2000,on,P2_LARGEST,c033051a-2b95-4253-91ab-8805c6853aab,12811,15117,0,0,15117,0
2000,on,P2_LARGEST,c033051a-2b95-4253-91ab-8805c6853aab,12932,16971,0,0,16971,0
2000,on,P2_LARGEST,c033051a-2b95-4253-91ab-8805c6853aab,13143,17269,0,0,17269,0
2000,on,P2_LARGEST,c033051a-2b95-4253-91ab-8805c6853aab,13332,22261,0,0,22261,0
2000,on,P2_LARGEST,c033051a-2b95-4253-91ab-8805c6853aab,17377,24942,1,1424,23518,0
2000,on,P2_LARGEST,c9bd3a15-606e-4798-9a53-e669b62e5e7f,75,5975,0,0,5975,0
2000,on,P2_LARGEST,c9bd3a15-606e-4798-9a53-e669b62e5e7f,231,6550,0,0,6550,0
2000,on,P2_LARGEST,c9bd3a15-606e-4798-9a53-e669b62e5e7f,458,7207,0,0,7207,0
2000,on,P2_LARGEST,c9bd3a15-606e-4798-9a53-e669b62e5e7f,709,9256,0,0,9256,0
2000,on,P2_LARGEST,c9bd3a15-606e-4798-9a53-e669b62e5e7f,1643,10363,0,0,10363,0
2000,on,P2_LARGEST,c9bd3a15-606e-4798-9a53-e669b62e5e7f,1841,10577,0,0,10577,0
2000,on,P2_LARGEST,c9bd3a15-606e-4798-9a53-e669b62e5e7f,4756,10956,0,0,10956,0
2000,on,P2_LARGEST,c9bd3a15-606e-4798-9a53-e669b62e5e7f,7580,11118,0,0,11118,0
2000,on,P2_LARGEST,c9bd3a15-606e-4798-9a53-e669b62e5e7f,7730,14236,0,0,14236,0
2000,on,P2_LARGEST,c9bd3a15-606e-4798-9a53-e669b62e5e7f,7899,14344,0,0,14344,0
2000,on,P2_LARGEST,c9bd3a15-606e-4798-9a53-e669b62e5e7f,8131,14545,0,0,14545,0
2000,on,P2_LARGEST,c9bd3a15-606e-4798-9a53-e669b62e5e7f,13661,14713,0,0,14713,0
2000,on,P2_LARGEST,c9bd3a15-606e-4798-9a53-e669b62e5e7f,14341,20673,0,0,20673,0
2000,on,P2_LARGEST,c9bd3a15-606e-4798-9a53-e669b62e5e7f,14559,21032,0,0,21032,0
2000,on,P2_LARGEST,c9bd3a15-606e-4798-9a53-e669b62e5e7f,14798,21081,0,0,21081,0
2000,on,P2_LARGEST,c9bd3a15-606e-4798-9a53-e669b62e5e7f,14960,21504,0,0,21504,0
2000,on,P2_LARGEST,c9bd3a15-606e-4798-9a53-e669b62e5e7f,15154,21642,0,0,21642,0
2000,on,P2_LARGEST,c9bd3a15-606e-4798-9a53-e669b62e5e7f,15245,21870,0,0,21870,0
2000,on,P2_LARGEST,c9bd3a15-606e-4798-9a53-e669b62e5e7f,15350,21973,0,0,21973,0
2000,on,P2_LARGEST,c9bd3a15-606e-4798-9a53-e669b62e5e7f,15830,22215,0,0,22215,0
2000,on,P2_LARGEST,c9bd3a15-606e-4798-9a53-e669b62e5e7f,16907,22455,0,0,22455,0
2000,on,P2_LARGEST,c9bd3a15-606e-4798-9a53-e669b62e5e7f,17113,22815,0,0,22815,0
2000,on,P2_LARGEST,c9bd3a15-606e-4798-9a53-e669b62e5e7f,17186,23141,0,0,23141,0
2000,on,P2_LARGEST,c9bd3a15-606e-4798-9a53-e669b62e5e7f,17763,23222,0,0,23222,0
2000,on,P2_LARGEST,c9bd3a15-606e-4798-9a53-e669b62e5e7f,17926,23589,0,0,23589,0
2000,on,P2_LARGEST,c9bd3a15-606e-4798-9a53-e669b62e5e7f,17979,23849,0,0,23849,0
2000,on,P2_LARGEST,c9bd3a15-606e-4798-9a53-e669b62e5e7f,18971,23930,0,0,23930,0
2000,on,P2_LARGEST,d3abf75a-2c26-4a55-8794-f8370010d4b6,178,9983,0,0,9983,0
2000,on,P2_LARGEST,d3abf75a-2c26-4a55-8794-f8370010d4b6,1291,12157,0,0,12157,0
2000,on,P2_LARGEST,d3abf75a-2c26-4a55-8794-f8370010d4b6,1730,13614,0,0,13614,0
2000,on,P2_LARGEST,d3abf75a-2c26-4a55-8794-f8370010d4b6,3136,14019,0,0,14019,0
2000,on,P2_LARGEST,d3abf75a-2c26-4a55-8794-f8370010d4b6,5914,15152,0,0,15152,0
2000,on,P2_LARGEST,d3abf75a-2c26-4a55-8794-f8370010d4b6,6509,17921,0,0,17921,0
2000,on,P2_LARGEST,e2b21469-dfb9-471a-86e2-66b95f5ac7d3,197,9735,0,0,9735,0
2000,on,P2_LARGEST,e2b21469-dfb9-471a-86e2-66b95f5ac7d3,596,10306,0,0,10306,0
2000,on,P2_LARGEST,e2b21469-dfb9-471a-86e2-66b95f5ac7d3,709,10484,0,0,10484,0
2000,on,P2_LARGEST,e2b21469-dfb9-471a-86e2-66b95f5ac7d3,946,10692,0,0,10692,0
2000,on,P2_LARGEST,e2b21469-dfb9-471a-86e2-66b95f5ac7d3,1514,11553,0,0,11553,0
2000,on,P2_LARGEST,e2b21469-dfb9-471a-86e2-66b95f5ac7d3,1907,12066,0,0,12066,0
2000,on,P2_LARGEST,e2b21469-dfb9-471a-86e2-66b95f5ac7d3,1962,12495,0,0,12495,0
2000,on,P2_LARGEST,e2b21469-dfb9-471a-86e2-66b95f5ac7d3,5206,13034,0,0,13034,0
2000,on,P2_LARGEST,e2b21469-dfb9-471a-86e2-66b95f5ac7d3,5482,14840,0,0,14840,0
2000,on,P2_LARGEST,e2b21469-dfb9-471a-86e2-66b95f5ac7d3,5680,15625,0,0,15625,0
2000,on,P2_LARGEST,e2b21469-dfb9-471a-86e2-66b95f5ac7d3,5756,19121,0,0,19121,0
2000,on,P2_LARGEST,e2b21469-dfb9-471a-86e2-66b95f5ac7d3,5893,23250,0,0,23250,0
2000,on,P2_LARGEST,e2b21469-dfb9-471a-86e2-66b95f5ac7d3,8202,23932,0,0,23932,0
2000,on,P2_LARGEST,e2b21469-dfb9-471a-86e2-66b95f5ac7d3,9632,28009,3,5233,22776,0
2000,on,P2_LARGEST,e2b21469-dfb9-471a-86e2-66b95f5ac7d3,9729,25737,2,2890,22847,0
2000,on,P2_LARGEST,e2b21469-dfb9-471a-86e2-66b95f5ac7d3,9935,23174,0,0,23174,0
2000,on,P2_LARGEST,e2b21469-dfb9-471a-86e2-66b95f5ac7d3,10069,23854,0,0,23854,0
2000,on,P2_LARGEST,e2b21469-dfb9-471a-86e2-66b95f5ac7d3,10456,23954,0,0,23954,0
2000,on,P2_LARGEST,e2b21469-dfb9-471a-86e2-66b95f5ac7d3,10792,24369,0,0,24369,0
2000,on,P2_LARGEST,e2b21469-dfb9-471a-86e2-66b95f5ac7d3,11234,24972,1,2318,22654,0
2000,on,P2_LARGEST,e2b21469-dfb9-471a-86e2-66b95f5ac7d3,11387,22829,0,0,22829,0
2000,on,P2_LARGEST,e2b21469-dfb9-471a-86e2-66b95f5ac7d3,11624,22978,0,0,22978,0
2000,on,P2_LARGEST,e2b21469-dfb9-471a-86e2-66b95f5ac7d3,12046,23448,0,0,23448,0
2000,on,P2_LARGEST,e2b21469-dfb9-471a-86e2-66b95f5ac7d3,12246,24137,0,0,24137,0
2000,on,P2_LARGEST,e2b21469-dfb9-471a-86e2-66b95f5ac7d3,12388,24907,2,2378,22529,0
2000,on,P2_LARGEST,e2b21469-dfb9-471a-86e2-66b95f5ac7d3,13218,26443,4,2920,23523,0
2000,on,P2_LARGEST,e2b21469-dfb9-471a-86e2-66b95f5ac7d3,14159,25066,1,3152,21914,0
2000,on,P2_LARGEST,e2b21469-dfb9-471a-86e2-66b95f5ac7d3,14539,22413,0,0,22413,0
2000,on,P2_LARGEST,e2b21469-dfb9-471a-86e2-66b95f5ac7d3,14642,23411,0,0,23411,0
2000,on,P2_LARGEST,e2b21469-dfb9-471a-86e2-66b95f5ac7d3,16858,24101,0,0,24101,0
2000,on,P2_LARGEST,e2b21469-dfb9-471a-86e2-66b95f5ac7d3,21023,27447,7,4010,23437,0
2000,on,P2_LARGEST,e2b21469-dfb9-471a-86e2-66b95f5ac7d3,24661,26954,8,3436,23518,0
2000,on,P2_LARGEST,e2b21469-dfb9-471a-86e2-66b95f5ac7d3,25110,27933,2,6576,21357,0
2000,on,P2_LARGEST,e2b21469-dfb9-471a-86e2-66b95f5ac7d3,28370,22601,0,0,22601,0
2000,on,P2_LARGEST,e2b21469-dfb9-471a-86e2-66b95f5ac7d3,29250,28201,4,4911,23290,0
2000,on,P2_LARGEST,e2b21469-dfb9-471a-86e2-66b95f5ac7d3,30031,24613,1,2999,21614,0
2000,on,P2_LARGEST,e2b21469-dfb9-471a-86e2-66b95f5ac7d3,30352,22417,0,0,22417,0
2000,on,P2_LARGEST,e2b21469-dfb9-471a-86e2-66b95f5ac7d3,30993,22975,0,0,22975,0
2000,on,P2_LARGEST,e2b21469-dfb9-471a-86e2-66b95f5ac7d3,32013,23729,0,0,23729,0
2000,on,P2_LARGEST,e2b21469-dfb9-471a-86e2-66b95f5ac7d3,32473,27594,7,4244,23350,0
2000,on,P2_LARGEST,e2b21469-dfb9-471a-86e2-66b95f5ac7d3,32997,23963,0,0,23963,0
2000,on,P2_LARGEST,e2b21469-dfb9-471a-86e2-66b95f5ac7d3,33235,24106,0,0,24106,0
2000,on,P2_LARGEST,e2b21469-dfb9-471a-86e2-66b95f5ac7d3,36507,25192,1,3358,21834,0
2000,on,P2_LARGEST,e2b21469-dfb9-471a-86e2-66b95f5ac7d3,37378,28586,15,5055,23531,0
2000,on,P2_LARGEST,e2b21469-dfb9-471a-86e2-66b95f5ac7d3,39104,24261,0,0,24261,0
2000,on,P2_LARGEST,e2b21469-dfb9-471a-86e2-66b95f5ac7d3,42400,27087,1,4075,23012,0
2000,on,P2_LARGEST,e2b21469-dfb9-471a-86e2-66b95f5ac7d3,43703,27941,3,4560,23381,0
2000,on,P2_LARGEST,e2b21469-dfb9-471a-86e2-66b95f5ac7d3,44741,24703,1,4448,20255,0
2000,on,P2_LARGEST,e2b21469-dfb9-471a-86e2-66b95f5ac7d3,44948,21469,0,0,21469,0
2000,on,P2_LARGEST,e2b21469-dfb9-471a-86e2-66b95f5ac7d3,45263,21744,0,0,21744,0
2000,on,P2_LARGEST,e2b21469-dfb9-471a-86e2-66b95f5ac7d3,45427,22151,0,0,22151,0
2000,on,P2_LARGEST,e2b21469-dfb9-471a-86e2-66b95f5ac7d3,45845,27744,8,4305,23439,0
2000,on,P2_LARGEST,e2b21469-dfb9-471a-86e2-66b95f5ac7d3,46155,23920,0,0,23920,0
2000,on,P2_LARGEST,e2b21469-dfb9-471a-86e2-66b95f5ac7d3,46625,24172,0,0,24172,0
2000,on,P2_LARGEST,e2b21469-dfb9-471a-86e2-66b95f5ac7d3,47538,24835,1,5420,19415,0
2000,on,P2_LARGEST,e2b21469-dfb9-471a-86e2-66b95f5ac7d3,49873,20418,0,0,20418,0
2000,on,P2_LARGEST,e2b21469-dfb9-471a-86e2-66b95f5ac7d3,50466,26669,7,3309,23360,0
2000,on,P2_LARGEST,e2b21469-dfb9-471a-86e2-66b95f5ac7d3,50655,23857,0,0,23857,0
2000,on,P2_LARGEST,e2b21469-dfb9-471a-86e2-66b95f5ac7d3,50904,24874,1,4929,19945,0
2000,on,P2_LARGEST,e2b21469-dfb9-471a-86e2-66b95f5ac7d3,51489,20106,0,0,20106,0
2000,on,P2_LARGEST,e2b21469-dfb9-471a-86e2-66b95f5ac7d3,54490,20945,0,0,20945,0
2000,on,P2_LARGEST,e2b21469-dfb9-471a-86e2-66b95f5ac7d3,54933,28142,8,4625,23517,0
2000,on,P2_LARGEST,e2b21469-dfb9-471a-86e2-66b95f5ac7d3,57047,24525,0,0,24525,0
2000,on,P2_LARGEST,e2b21469-dfb9-471a-86e2-66b95f5ac7d3,57093,29741,5,6289,23452,0
2000,on,P2_LARGEST,e2b21469-dfb9-471a-86e2-66b95f5ac7d3,57167,25704,1,4971,20733,0
2000,on,P2_LARGEST,e2b21469-dfb9-471a-86e2-66b95f5ac7d3,57252,23065,0,0,23065,0
2000,on,P2_LARGEST,e2b21469-dfb9-471a-86e2-66b95f5ac7d3,57346,25495,2,3451,22044,0
2000,on,P2_LARGEST,e2b21469-dfb9-471a-86e2-66b95f5ac7d3,57448,28896,16,5342,23554,0
2000,on,P2_LARGEST,e2b21469-dfb9-471a-86e2-66b95f5ac7d3,61193,24196,0,0,24196,0
2000,on,P2_LARGEST,e2b21469-dfb9-471a-86e2-66b95f5ac7d3,61319,31480,5,8146,23334,0
2000,on,P2_LARGEST,e2b21469-dfb9-471a-86e2-66b95f5ac7d3,61617,23406,0,0,23406,0
2000,on,P2_LARGEST,e2b21469-dfb9-471a-86e2-66b95f5ac7d3,61879,23970,0,0,23970,0
2000,on,P2_LARGEST,e2b21469-dfb9-471a-86e2-66b95f5ac7d3,62303,24484,0,0,24484,0
2000,on,P2_LARGEST,e2b21469-dfb9-471a-86e2-66b95f5ac7d3,62798,24773,1,4906,19867,0
2000,on,P2_LARGEST,e2b21469-dfb9-471a-86e2-66b95f5ac7d3,62917,20269,0,0,20269,0
2000,on,P2_LARGEST,e2b21469-dfb9-471a-86e2-66b95f5ac7d3,70746,20424,0,0,20424,0
2000,on,P2_LARGEST,e2b21469-dfb9-471a-86e2-66b95f5ac7d3,75056,25665,3,2089,23576,0
2000,on,P2_LARGEST,e2b21469-dfb9-471a-86e2-66b95f5ac7d3,75159,29900,2,6632,23268,0
2000,on,P2_LARGEST,e2b21469-dfb9-471a-86e2-66b95f5ac7d3,78256,24259,0,0,24259,0
2000,on,P2_LARGEST,e2b21469-dfb9-471a-86e2-66b95f5ac7d3,80795,24666,1,4612,20054,0
2000,on,P2_LARGEST,e2b21469-dfb9-471a-86e2-66b95f5ac7d3,81177,25830,8,2316,23514,0
2000,on,P2_LARGEST,e2b21469-dfb9-471a-86e2-66b95f5ac7d3,81612,23778,0,0,23778,0
2000,on,P2_LARGEST,e2b21469-dfb9-471a-86e2-66b95f5ac7d3,81821,24007,0,0,24007,0
2000,on,P2_LARGEST,e2b21469-dfb9-471a-86e2-66b95f5ac7d3,82236,24257,0,0,24257,0
2000,on,P2_LARGEST,e2b21469-dfb9-471a-86e2-66b95f5ac7d3,82744,24499,0,0,24499,0
2000,on,P2_LARGEST,e2b21469-dfb9-471a-86e2-66b95f5ac7d3,82951,24705,1,4436,20269,0
2000,on,P2_LARGEST,e2b21469-dfb9-471a-86e2-66b95f5ac7d3,83085,20551,0,0,20551,0
2000,on,P2_LARGEST,e2b21469-dfb9-471a-86e2-66b95f5ac7d3,83349,20661,0,0,20661,0
2000,on,P2_LARGEST,e2b21469-dfb9-471a-86e2-66b95f5ac7d3,83658,20877,0,0,20877,0
2000,on,P2_LARGEST,e2b21469-dfb9-471a-86e2-66b95f5ac7d3,84037,21271,0,0,21271,0
2000,on,P2_LARGEST,e2b21469-dfb9-471a-86e2-66b95f5ac7d3,84522,25929,7,2452,23477,0
2000,on,P2_LARGEST,e2b21469-dfb9-471a-86e2-66b95f5ac7d3,84713,23715,0,0,23715,0
2000,on,P2_LARGEST,e2b21469-dfb9-471a-86e2-66b95f5ac7d3,84910,23828,0,0,23828,0
2000,on,P2_LARGEST,e2b21469-dfb9-471a-86e2-66b95f5ac7d3,85511,24778,1,3910,20868,0
2000,on,P2_LARGEST,e2b21469-dfb9-471a-86e2-66b95f5ac7d3,85657,21267,0,0,21267,0
2000,on,P2_LARGEST,e2b21469-dfb9-471a-86e2-66b95f5ac7d3,85706,21353,0,0,21353,0
2000,on,P2_LARGEST,e2b21469-dfb9-471a-86e2-66b95f5ac7d3,86404,21453,0,0,21453,0
2000,on,P2_LARGEST,e2b21469-dfb9-471a-86e2-66b95f5ac7d3,86867,21903,0,0,21903,0
2000,on,P2_LARGEST,e2b21469-dfb9-471a-86e2-66b95f5ac7d3,87936,22374,0,0,22374,0
2000,on,P2_LARGEST,e2b21469-dfb9-471a-86e2-66b95f5ac7d3,89645,23200,0,0,23200,0
2000,on,P2_LARGEST,e2b21469-dfb9-471a-86e2-66b95f5ac7d3,90011,28087,18,4543,23544,0
2000,on,P2_LARGEST,e2b21469-dfb9-471a-86e2-66b95f5ac7d3,93094,24487,0,0,24487,0
2000,on,P2_LARGEST,e2b21469-dfb9-471a-86e2-66b95f5ac7d3,93574,32715,62,9143,23572,0
2000,on,P2_LARGEST,e2b21469-dfb9-471a-86e2-66b95f5ac7d3,93691,24225,0,0,24225,0
2000,on,P2_LARGEST,e2b21469-dfb9-471a-86e2-66b95f5ac7d3,98775,25788,1,4603,21185,0
2000,on,P2_LARGEST,e2b21469-dfb9-471a-86e2-66b95f5ac7d3,98862,27680,3,4942,22738,0
2000,on,P2_LARGEST,e2b21469-dfb9-471a-86e2-66b95f5ac7d3,99046,23439,0,0,23439,0
2000,on,P2_LARGEST,e2b21469-dfb9-471a-86e2-66b95f5ac7d3,99215,23604,0,0,23604,0
2000,on,P2_LARGEST,e2b21469-dfb9-471a-86e2-66b95f5ac7d3,99416,23748,0,0,23748,0
2000,on,P2_LARGEST,e2b21469-dfb9-471a-86e2-66b95f5ac7d3,99566,24173,0,0,24173,0
2000,on,P2_LARGEST,e2b21469-dfb9-471a-86e2-66b95f5ac7d3,100825,24578,1,4031,20547,0
2000,on,P2_LARGEST,e2b21469-dfb9-471a-86e2-66b95f5ac7d3,101118,21419,0,0,21419,0
2000,on,P2_LARGEST,e2b21469-dfb9-471a-86e2-66b95f5ac7d3,101430,21800,0,0,21800,0
2000,on,P2_LARGEST,e2b21469-dfb9-471a-86e2-66b95f5ac7d3,101843,23590,0,0,23590,0
2000,on,P2_LARGEST,e2b21469-dfb9-471a-86e2-66b95f5ac7d3,101911,23996,0,0,23996,0
2000,on,P2_LARGEST,e2b21469-dfb9-471a-86e2-66b95f5ac7d3,102933,24519,0,0,24519,0
2000,on,P2_LARGEST,e2b21469-dfb9-471a-86e2-66b95f5ac7d3,103065,24656,1,2382,22274,0
2000,on,P2_LARGEST,e2b21469-dfb9-471a-86e2-66b95f5ac7d3,103202,22375,0,0,22375,0
2000,on,P2_LARGEST,e2b21469-dfb9-471a-86e2-66b95f5ac7d3,104408,22519,0,0,22519,0
2000,on,P2_LARGEST,e2b21469-dfb9-471a-86e2-66b95f5ac7d3,104578,23216,0,0,23216,0
2000,on,P2_LARGEST,e2b21469-dfb9-471a-86e2-66b95f5ac7d3,105511,26187,4,2947,23240,0
2000,on,P2_LARGEST,e2b21469-dfb9-471a-86e2-66b95f5ac7d3,105565,23456,0,0,23456,0
2000,on,P2_LARGEST,e2b21469-dfb9-471a-86e2-66b95f5ac7d3,107367,23554,0,0,23554,0
2000,on,P2_LARGEST,e2b21469-dfb9-471a-86e2-66b95f5ac7d3,107447,24593,1,2724,21869,0
2000,on,P2_LARGEST,e2b21469-dfb9-471a-86e2-66b95f5ac7d3,108562,22305,0,0,22305,0
2000,on,P2_LARGEST,e2b21469-dfb9-471a-86e2-66b95f5ac7d3,109421,26341,6,3044,23297,0
2000,on,P2_LARGEST,e2b21469-dfb9-471a-86e2-66b95f5ac7d3,109599,24031,0,0,24031,0
2000,on,P2_LARGEST,e2b21469-dfb9-471a-86e2-66b95f5ac7d3,109842,24214,0,0,24214,0
2000,on,P2_LARGEST,e2b21469-dfb9-471a-86e2-66b95f5ac7d3,110791,24312,0,0,24312,0
2000,on,P2_LARGEST,e2b21469-dfb9-471a-86e2-66b95f5ac7d3,110960,25076,1,3111,21965,0
2000,on,P2_LARGEST,e2b21469-dfb9-471a-86e2-66b95f5ac7d3,111164,22059,0,0,22059,0
2000,on,P2_LARGEST,e2b21469-dfb9-471a-86e2-66b95f5ac7d3,112323,22409,0,0,22409,0
2000,on,P2_LARGEST,e2b21469-dfb9-471a-86e2-66b95f5ac7d3,113665,22772,0,0,22772,0
2000,on,P2_LARGEST,e2b21469-dfb9-471a-86e2-66b95f5ac7d3,113973,26711,7,3313,23398,0
2000,on,P2_LARGEST,e2b21469-dfb9-471a-86e2-66b95f5ac7d3,114181,23733,0,0,23733,0
2000,on,P2_LARGEST,e2b21469-dfb9-471a-86e2-66b95f5ac7d3,114541,23988,0,0,23988,0
2000,on,P2_LARGEST,e2b21469-dfb9-471a-86e2-66b95f5ac7d3,117161,24733,1,3771,20962,0
2000,on,P2_LARGEST,e2b21469-dfb9-471a-86e2-66b95f5ac7d3,120403,25781,13,2309,23472,0
2000,on,P2_LARGEST,e2b21469-dfb9-471a-86e2-66b95f5ac7d3,120551,23687,0,0,23687,0
2000,on,P2_LARGEST,e2b21469-dfb9-471a-86e2-66b95f5ac7d3,121050,23851,0,0,23851,0
2000,on,P2_LARGEST,e2b21469-dfb9-471a-86e2-66b95f5ac7d3,122307,30242,16,6681,23561,0
2000,on,P2_LARGEST,e2b21469-dfb9-471a-86e2-66b95f5ac7d3,125537,25713,1,4896,20817,0
2000,on,P2_LARGEST,e2b21469-dfb9-471a-86e2-66b95f5ac7d3,128700,25841,2,2313,23528,0
2000,on,P2_LARGEST,e2b21469-dfb9-471a-86e2-66b95f5ac7d3,131747,24410,0,0,24410,0
2000,on,P2_LARGEST,e2b21469-dfb9-471a-86e2-66b95f5ac7d3,134931,31727,95,7524,24203,0
2000,on,P2_LARGEST,e2b21469-dfb9-471a-86e2-66b95f5ac7d3,138198,30396,2,7233,23163,0
2000,on,P2_LARGEST,e2b21469-dfb9-471a-86e2-66b95f5ac7d3,142241,29128,2,5870,23258,0
2000,on,P2_LARGEST,e2b21469-dfb9-471a-86e2-66b95f5ac7d3,142313,30281,6,6172,24109,0
2000,on,P2_LARGEST,e2b21469-dfb9-471a-86e2-66b95f5ac7d3,147908,26205,1,5734,20471,0
2000,on,P2_LARGEST,e2b21469-dfb9-471a-86e2-66b95f5ac7d3,155800,26586,2,3179,23407,0
2000,on,P2_LARGEST,e2b21469-dfb9-471a-86e2-66b95f5ac7d3,161700,23473,0,0,23473,0
2000,on,P2_LARGEST,e6911e39-bd06-4fb5-ae6c-7dcd463fb35a,285,9983,0,0,9983,0
2000,on,P2_LARGEST,e6911e39-bd06-4fb5-ae6c-7dcd463fb35a,323,11225,0,0,11225,0
2000,on,P2_LARGEST,e6911e39-bd06-4fb5-ae6c-7dcd463fb35a,638,12064,0,0,12064,0
2000,on,P2_LARGEST,e6911e39-bd06-4fb5-ae6c-7dcd463fb35a,908,12915,0,0,12915,0
2000,on,P2_LARGEST,e6911e39-bd06-4fb5-ae6c-7dcd463fb35a,1186,14325,0,0,14325,0
2000,on,P2_LARGEST,e6911e39-bd06-4fb5-ae6c-7dcd463fb35a,1402,14872,0,0,14872,0
2000,on,P2_LARGEST,e6911e39-bd06-4fb5-ae6c-7dcd463fb35a,1536,15220,0,0,15220,0
2000,on,P2_LARGEST,e6911e39-bd06-4fb5-ae6c-7dcd463fb35a,1690,15641,0,0,15641,0
2000,on,P2_LARGEST,e6911e39-bd06-4fb5-ae6c-7dcd463fb35a,1769,15824,0,0,15824,0
2000,on,P2_LARGEST,e6911e39-bd06-4fb5-ae6c-7dcd463fb35a,2574,16856,0,0,16856,0
2000,on,P2_LARGEST,e6911e39-bd06-4fb5-ae6c-7dcd463fb35a,2663,18545,0,0,18545,0
2000,on,P2_LARGEST,e6911e39-bd06-4fb5-ae6c-7dcd463fb35a,3135,18975,0,0,18975,0
2000,on,P2_LARGEST,e6911e39-bd06-4fb5-ae6c-7dcd463fb35a,3298,19379,0,0,19379,0
2000,on,P2_LARGEST,e6911e39-bd06-4fb5-ae6c-7dcd463fb35a,3398,19590,0,0,19590,0
2000,on,P2_LARGEST,e6911e39-bd06-4fb5-ae6c-7dcd463fb35a,3830,20444,0,0,20444,0
2000,on,P2_LARGEST,e6911e39-bd06-4fb5-ae6c-7dcd463fb35a,4036,20681,0,0,20681,0
2000,on,P2_LARGEST,e6911e39-bd06-4fb5-ae6c-7dcd463fb35a,4369,21224,0,0,21224,0
2000,on,P2_LARGEST,e6911e39-bd06-4fb5-ae6c-7dcd463fb35a,4846,21594,0,0,21594,0
2000,on,P2_LARGEST,e6911e39-bd06-4fb5-ae6c-7dcd463fb35a,5181,21952,0,0,21952,0
2000,on,P2_LARGEST,e6911e39-bd06-4fb5-ae6c-7dcd463fb35a,5328,22049,0,0,22049,0
2000,on,P2_LARGEST,e6911e39-bd06-4fb5-ae6c-7dcd463fb35a,5576,22189,0,0,22189,0
2000,on,P2_LARGEST,e6911e39-bd06-4fb5-ae6c-7dcd463fb35a,5738,22843,0,0,22843,0
2000,on,P2_LARGEST,e6911e39-bd06-4fb5-ae6c-7dcd463fb35a,5978,23616,0,0,23616,0
2000,on,P2_LARGEST,e6911e39-bd06-4fb5-ae6c-7dcd463fb35a,6175,24067,0,0,24067,0
2000,on,P2_LARGEST,e6911e39-bd06-4fb5-ae6c-7dcd463fb35a,6357,24494,0,0,24494,0
2000,on,P2_LARGEST,e6911e39-bd06-4fb5-ae6c-7dcd463fb35a,8187,24786,0,0,24786,0
2000,on,P2_LARGEST,e6911e39-bd06-4fb5-ae6c-7dcd463fb35a,8418,25228,0,0,25228,0
2000,on,P2_LARGEST,e6911e39-bd06-4fb5-ae6c-7dcd463fb35a,8712,25769,0,0,25769,0
2000,on,P2_LARGEST,e6911e39-bd06-4fb5-ae6c-7dcd463fb35a,9228,26264,0,0,26264,0
2000,on,P2_LARGEST,e6911e39-bd06-4fb5-ae6c-7dcd463fb35a,13940,26422,0,0,26422,0
2000,on,P2_LARGEST,e6911e39-bd06-4fb5-ae6c-7dcd463fb35a,14125,31365,0,0,31365,0
2000,on,P2_LARGEST,e6911e39-bd06-4fb5-ae6c-7dcd463fb35a,14955,31509,0,0,31509,0
2000,on,P2_LARGEST,fae09fbf-c8d7-4760-af42-e0b17638e151,132,9907,0,0,9907,0
2000,on,P2_LARGEST,fae09fbf-c8d7-4760-af42-e0b17638e151,240,10765,0,0,10765,0
2000,on,P2_LARGEST,fae09fbf-c8d7-4760-af42-e0b17638e151,427,11573,0,0,11573,0
2000,on,P2_LARGEST,fae09fbf-c8d7-4760-af42-e0b17638e151,627,12709,0,0,12709,0
2000,on,P2_LARGEST,fae09fbf-c8d7-4760-af42-e0b17638e151,710,13382,0,0,13382,0
2000,on,P2_LARGEST,fae09fbf-c8d7-4760-af42-e0b17638e151,1218,13500,0,0,13500,0
2000,on,P2_LARGEST,fae09fbf-c8d7-4760-af42-e0b17638e151,1282,13576,0,0,13576,0
2000,on,P2_LARGEST,fae09fbf-c8d7-4760-af42-e0b17638e151,2281,13659,0,0,13659,0
2000,on,P2_LARGEST,fae09fbf-c8d7-4760-af42-e0b17638e151,2654,14269,0,0,14269,0
2000,on,P2_LARGEST,fae09fbf-c8d7-4760-af42-e0b17638e151,3949,14891,0,0,14891,0
2000,on,P2_LARGEST,fae09fbf-c8d7-4760-af42-e0b17638e151,6070,15071,0,0,15071,0
2000,on,P2_LARGEST,fae09fbf-c8d7-4760-af42-e0b17638e151,6129,18574,0,0,18574,0
2000,on,P2_LARGEST,fae09fbf-c8d7-4760-af42-e0b17638e151,7427,19683,0,0,19683,0
2000,on,P2_LARGEST,fae09fbf-c8d7-4760-af42-e0b17638e151,8623,22785,0,0,22785,0
2000,on,P2_LARGEST,fae09fbf-c8d7-4760-af42-e0b17638e151,11382,22953,0,0,22953,0
2000,on,P2_LARGEST,fae09fbf-c8d7-4760-af42-e0b17638e151,11695,27543,3,5120,22423,0
2000,on,P2_LARGEST,fae09fbf-c8d7-4760-af42-e0b17638e151,11861,22572,0,0,22572,0
2000,on,P2_LARGEST,fae09fbf-c8d7-4760-af42-e0b17638e151,14512,26036,1,2727,23309,0
2000,on,P2_LARGEST,fae09fbf-c8d7-4760-af42-e0b17638e151,15771,28360,2,4960,23400,0
2000,on,P2_LARGEST,fae09fbf-c8d7-4760-af42-e0b17638e151,17439,26654,2,4034,22620,0
2000,on,P2_LARGEST,fae09fbf-c8d7-4760-af42-e0b17638e151,20265,22923,0,0,22923,0
2000,on,P2_LARGEST,fae09fbf-c8d7-4760-af42-e0b17638e151,20450,25908,2,3309,22599,0
2000,on,P2_LARGEST,fae09fbf-c8d7-4760-af42-e0b17638e151,21289,23508,0,0,23508,0
2000,on,P2_LARGEST,fae09fbf-c8d7-4760-af42-e0b17638e151,21961,26654,2,3239,23415,0
2000,on,P2_LARGEST,fae09fbf-c8d7-4760-af42-e0b17638e151,27664,23921,0,0,23921,0
2000,on,P2_LARGEST,fae09fbf-c8d7-4760-af42-e0b17638e151,33019,24319,0,0,24319,0
2000,on,P2_LARGEST,fae09fbf-c8d7-4760-af42-e0b17638e151,33366,32355,12,9064,23291,0
2000,on,P2_LARGEST,fae09fbf-c8d7-4760-af42-e0b17638e151,33448,23627,0,0,23627,0
2000,on,P2_LARGEST,fae09fbf-c8d7-4760-af42-e0b17638e151,33728,26283,1,5656,20627,0
2000,on,P2_LARGEST,fae09fbf-c8d7-4760-af42-e0b17638e151,34195,20942,0,0,20942,0
2000,on,P2_LARGEST,fae09fbf-c8d7-4760-af42-e0b17638e151,34535,21407,0,0,21407,0
2000,on,P2_LARGEST,fae09fbf-c8d7-4760-af42-e0b17638e151,34737,22002,0,0,22002,0
2000,on,P2_LARGEST,fae09fbf-c8d7-4760-af42-e0b17638e151,34879,22072,0,0,22072,0
2000,on,P2_LARGEST,fae09fbf-c8d7-4760-af42-e0b17638e151,35567,22175,0,0,22175,0
2000,on,P2_LARGEST,4bcc372d-1ca9-4b23-8f31-c9963b32b3c4,15,8169,0,0,8169,0
2000,on,P2_LARGEST,4bcc372d-1ca9-4b23-8f31-c9963b32b3c4,21,8301,0,0,8301,0
2000,on,P2_LARGEST,4bcc372d-1ca9-4b23-8f31-c9963b32b3c4,28,10854,0,0,10854,0
2000,on,P2_LARGEST,4bcc372d-1ca9-4b23-8f31-c9963b32b3c4,35,11797,0,0,11797,0
2000,on,P2_LARGEST,4bcc372d-1ca9-4b23-8f31-c9963b32b3c4,40,12374,0,0,12374,0
2000,on,P2_LARGEST,4bcc372d-1ca9-4b23-8f31-c9963b32b3c4,45,12628,0,0,12628,0
2000,on,P2_LARGEST,4bcc372d-1ca9-4b23-8f31-c9963b32b3c4,50,14610,0,0,14610,0
2000,on,P2_LARGEST,4bcc372d-1ca9-4b23-8f31-c9963b32b3c4,55,15257,0,0,15257,0
2000,on,P2_LARGEST,4bcc372d-1ca9-4b23-8f31-c9963b32b3c4,63,16806,0,0,16806,0
2000,on,P2_LARGEST,4bcc372d-1ca9-4b23-8f31-c9963b32b3c4,74,20359,0,0,20359,0
2000,on,P2_LARGEST,4bcc372d-1ca9-4b23-8f31-c9963b32b3c4,88,20774,0,0,20774,0
2000,on,P2_LARGEST,4bcc372d-1ca9-4b23-8f31-c9963b32b3c4,93,21338,0,0,21338,0
2000,on,P2_LARGEST,4bcc372d-1ca9-4b23-8f31-c9963b32b3c4,103,24411,0,0,24411,0
2000,on,P2_LARGEST,4bcc372d-1ca9-4b23-8f31-c9963b32b3c4,108,24705,1,2271,22434,0
2000,on,P2_LARGEST,4bcc372d-1ca9-4b23-8f31-c9963b32b3c4,113,23360,0,0,23360,0
2000,on,P2_LARGEST,4bcc372d-1ca9-4b23-8f31-c9963b32b3c4,118,24039,0,0,24039,0
2000,on,P2_LARGEST,4bcc372d-1ca9-4b23-8f31-c9963b32b3c4,129,28043,3,5907,22136,0
2000,on,P2_LARGEST,4bcc372d-1ca9-4b23-8f31-c9963b32b3c4,135,22473,0,0,22473,0
2000,on,P2_LARGEST,4bcc372d-1ca9-4b23-8f31-c9963b32b3c4,143,23757,0,0,23757,0
2000,on,P2_LARGEST,4bcc372d-1ca9-4b23-8f31-c9963b32b3c4,148,23943,0,0,23943,0
2000,on,P2_LARGEST,4bcc372d-1ca9-4b23-8f31-c9963b32b3c4,160,30547,8,7382,23165,0
2000,on,P2_LARGEST,4bcc372d-1ca9-4b23-8f31-c9963b32b3c4,168,24478,0,0,24478,0
2000,on,P2_LARGEST,4bcc372d-1ca9-4b23-8f31-c9963b32b3c4,179,29516,3,6287,23229,0
2000,on,P2_LARGEST,4bcc372d-1ca9-4b23-8f31-c9963b32b3c4,190,28250,2,4687,23563,0
2000,on,P2_LARGEST,4bcc372d-1ca9-4b23-8f31-c9963b32b3c4,195,24721,1,3968,20753,0
2000,on,P2_LARGEST,4bcc372d-1ca9-4b23-8f31-c9963b32b3c4,205,25016,2,1501,23515,0
2000,on,P2_LARGEST,4bcc372d-1ca9-4b23-8f31-c9963b32b3c4,210,24009,0,0,24009,0
2000,on,P2_LARGEST,4bcc372d-1ca9-4b23-8f31-c9963b32b3c4,221,30865,5,7737,23128,0
2000,on,P2_LARGEST,4bcc372d-1ca9-4b23-8f31-c9963b32b3c4,229,26103,1,3637,22466,0
2000,on,P2_LARGEST,4bcc372d-1ca9-4b23-8f31-c9963b32b3c4,234,24104,0,0,24104,0
2000,on,P2_LARGEST,4bcc372d-1ca9-4b23-8f31-c9963b32b3c4,244,28644,4,5373,23271,0
2000,on,P2_LARGEST,4bcc372d-1ca9-4b23-8f31-c9963b32b3c4,249,23578,0,0,23578,0
2000,on,P2_LARGEST,4bcc372d-1ca9-4b23-8f31-c9963b32b3c4,259,27887,2,4719,23168,0
2000,on,P2_LARGEST,4bcc372d-1ca9-4b23-8f31-c9963b32b3c4,270,29808,7,6237,23571,0
2000,on,P2_LARGEST,4bcc372d-1ca9-4b23-8f31-c9963b32b3c4,275,23727,0,0,23727,0
2000,on,P2_LARGEST,4bcc372d-1ca9-4b23-8f31-c9963b32b3c4,282,23878,0,0,23878,0
2000,on,P2_LARGEST,4bcc372d-1ca9-4b23-8f31-c9963b32b3c4,287,24091,0,0,24091,0
2000,on,P2_LARGEST,4bcc372d-1ca9-4b23-8f31-c9963b32b3c4,299,29835,3,6320,23515,0
2000,on,P2_LARGEST,4bcc372d-1ca9-4b23-8f31-c9963b32b3c4,307,24189,0,0,24189,0
2000,on,P2_LARGEST,4bcc372d-1ca9-4b23-8f31-c9963b32b3c4,317,30389,6,6875,23514,0
2000,on,P2_LARGEST,4bcc372d-1ca9-4b23-8f31-c9963b32b3c4,328,30202,4,6684,23518,0
2000,on,P2_LARGEST,4bcc372d-1ca9-4b23-8f31-c9963b32b3c4,335,24223,0,0,24223,0
2000,on,P2_LARGEST,4bcc372d-1ca9-4b23-8f31-c9963b32b3c4,345,30762,5,7386,23376,0
2000,on,P2_LARGEST,4bcc372d-1ca9-4b23-8f31-c9963b32b3c4,355,28066,1,5732,22334,0
2000,on,P2_LARGEST,4bcc372d-1ca9-4b23-8f31-c9963b32b3c4,363,22590,0,0,22590,0
2000,on,P2_LARGEST,4bcc372d-1ca9-4b23-8f31-c9963b32b3c4,373,26671,1,3784,22887,0
2000,on,P2_LARGEST,4bcc372d-1ca9-4b23-8f31-c9963b32b3c4,390,27547,2,4560,22987,0
2000,on,P2_LARGEST,4bcc372d-1ca9-4b23-8f31-c9963b32b3c4,403,30428,9,6995,23433,0
2000,on,P2_LARGEST,4bcc372d-1ca9-4b23-8f31-c9963b32b3c4,408,24909,1,4535,20374,0
2000,on,P2_LARGEST,4bcc372d-1ca9-4b23-8f31-c9963b32b3c4,420,25590,2,3398,22192,0
2000,on,P2_LARGEST,4bcc372d-1ca9-4b23-8f31-c9963b32b3c4,432,22731,0,0,22731,0
2000,on,P2_LARGEST,4bcc372d-1ca9-4b23-8f31-c9963b32b3c4,443,23137,0,0,23137,0
2000,on,P2_LARGEST,4bcc372d-1ca9-4b23-8f31-c9963b32b3c4,473,29268,2,6222,23046,0
2000,on,P2_LARGEST,4bcc372d-1ca9-4b23-8f31-c9963b32b3c4,481,24819,1,4535,20284,0
2000,on,P2_LARGEST,4bcc372d-1ca9-4b23-8f31-c9963b32b3c4,489,21452,0,0,21452,0
2000,on,P2_LARGEST,4bcc372d-1ca9-4b23-8f31-c9963b32b3c4,498,22349,0,0,22349,0
2000,on,P2_LARGEST,4bcc372d-1ca9-4b23-8f31-c9963b32b3c4,511,27492,6,3971,23521,0
2000,on,P2_LARGEST,4bcc372d-1ca9-4b23-8f31-c9963b32b3c4,521,29510,7,6010,23500,0
2000,on,P2_LARGEST,4bcc372d-1ca9-4b23-8f31-c9963b32b3c4,527,23783,0,0,23783,0
2000,on,P2_LARGEST,4bcc372d-1ca9-4b23-8f31-c9963b32b3c4,534,26748,1,4277,22471,0
2000,on,P2_LARGEST,4bcc372d-1ca9-4b23-8f31-c9963b32b3c4,547,28129,4,5091,23038,0
2000,on,P2_LARGEST,4bcc372d-1ca9-4b23-8f31-c9963b32b3c4,552,24406,0,0,24406,0
2000,on,P2_LARGEST,4bcc372d-1ca9-4b23-8f31-c9963b32b3c4,557,25028,1,4556,20472,0
2000,on,P2_LARGEST,4bcc372d-1ca9-4b23-8f31-c9963b32b3c4,570,27773,6,4303,23470,0
2000,on,P2_LARGEST,4bcc372d-1ca9-4b23-8f31-c9963b32b3c4,586,28924,2,9564,19360,0
2000,on,P2_LARGEST,4bcc372d-1ca9-4b23-8f31-c9963b32b3c4,602,24928,1,1710,23218,0
2000,on,P2_LARGEST,4bcc372d-1ca9-4b23-8f31-c9963b32b3c4,609,23843,0,0,23843,0
2000,on,P2_LARGEST,4bcc372d-1ca9-4b23-8f31-c9963b32b3c4,616,24310,0,0,24310,0
2000,on,P2_LARGEST,4bcc372d-1ca9-4b23-8f31-c9963b32b3c4,625,24677,1,1630,23047,0
2000,on,P2_LARGEST,4bcc372d-1ca9-4b23-8f31-c9963b32b3c4,639,29020,15,5624,23396,0
2000,on,P2_LARGEST,4bcc372d-1ca9-4b23-8f31-c9963b32b3c4,655,32824,4,9429,23395,0
2000,on,P2_LARGEST,4bcc372d-1ca9-4b23-8f31-c9963b32b3c4,662,23549,0,0,23549,0
2000,on,P2_LARGEST,4bcc372d-1ca9-4b23-8f31-c9963b32b3c4,676,28661,2,5346,23315,0
2000,on,P2_LARGEST,4bcc372d-1ca9-4b23-8f31-c9963b32b3c4,682,23927,0,0,23927,0
2000,on,P2_LARGEST,4bcc372d-1ca9-4b23-8f31-c9963b32b3c4,699,29374,4,6120,23254,0
2000,on,P2_LARGEST,4bcc372d-1ca9-4b23-8f31-c9963b32b3c4,709,26544,1,4703,21841,0
2000,on,P2_LARGEST,4bcc372d-1ca9-4b23-8f31-c9963b32b3c4,714,21986,0,0,21986,0
2000,on,P2_LARGEST,4bcc372d-1ca9-4b23-8f31-c9963b32b3c4,719,22094,0,0,22094,0
2000,on,P2_LARGEST,f90c794a-f384-4cac-b5d0-a9b9146f1d11,15,7591,0,0,7591,0
2000,on,P2_LARGEST,f90c794a-f384-4cac-b5d0-a9b9146f1d11,20,8800,0,0,8800,0
2000,on,P2_LARGEST,f90c794a-f384-4cac-b5d0-a9b9146f1d11,27,9124,0,0,9124,0
2000,on,P2_LARGEST,f90c794a-f384-4cac-b5d0-a9b9146f1d11,32,9508,0,0,9508,0
2000,on,P2_LARGEST,f90c794a-f384-4cac-b5d0-a9b9146f1d11,37,9854,0,0,9854,0
2000,on,P2_LARGEST,f90c794a-f384-4cac-b5d0-a9b9146f1d11,42,10400,0,0,10400,0
2000,on,P2_LARGEST,f90c794a-f384-4cac-b5d0-a9b9146f1d11,50,11237,0,0,11237,0
2000,on,P2_LARGEST,f90c794a-f384-4cac-b5d0-a9b9146f1d11,56,11342,0,0,11342,0
2000,on,P2_LARGEST,f90c794a-f384-4cac-b5d0-a9b9146f1d11,61,12513,0,0,12513,0
2000,on,P2_LARGEST,f90c794a-f384-4cac-b5d0-a9b9146f1d11,67,12637,0,0,12637,0
2000,on,P2_LARGEST,f90c794a-f384-4cac-b5d0-a9b9146f1d11,72,12932,0,0,12932,0
2000,on,P2_LARGEST,f90c794a-f384-4cac-b5d0-a9b9146f1d11,78,13050,0,0,13050,0
2000,on,P2_LARGEST,f90c794a-f384-4cac-b5d0-a9b9146f1d11,83,13129,0,0,13129,0
2000,on,P2_LARGEST,f90c794a-f384-4cac-b5d0-a9b9146f1d11,88,13208,0,0,13208,0
2000,on,P2_LARGEST,f90c794a-f384-4cac-b5d0-a9b9146f1d11,93,13459,0,0,13459,0
2000,on,P2_LARGEST,f90c794a-f384-4cac-b5d0-a9b9146f1d11,98,13644,0,0,13644,0
2000,on,P2_LARGEST,f90c794a-f384-4cac-b5d0-a9b9146f1d11,103,13720,0,0,13720,0
2000,on,P2_LARGEST,f90c794a-f384-4cac-b5d0-a9b9146f1d11,114,16219,0,0,16219,0
2000,on,P2_LARGEST,f90c794a-f384-4cac-b5d0-a9b9146f1d11,120,16483,0,0,16483,0
2000,on,P2_LARGEST,f90c794a-f384-4cac-b5d0-a9b9146f1d11,125,16650,0,0,16650,0
2000,on,P2_LARGEST,f90c794a-f384-4cac-b5d0-a9b9146f1d11,130,16784,0,0,16784,0
2000,on,P2_LARGEST,f90c794a-f384-4cac-b5d0-a9b9146f1d11,135,16906,0,0,16906,0
2000,on,P2_LARGEST,f90c794a-f384-4cac-b5d0-a9b9146f1d11,142,17105,0,0,17105,0
2000,on,P2_LARGEST,f90c794a-f384-4cac-b5d0-a9b9146f1d11,148,17209,0,0,17209,0
2000,on,P2_LARGEST,f90c794a-f384-4cac-b5d0-a9b9146f1d11,156,17947,0,0,17947,0
2000,on,P2_LARGEST,f90c794a-f384-4cac-b5d0-a9b9146f1d11,163,18082,0,0,18082,0
2000,on,P2_LARGEST,f90c794a-f384-4cac-b5d0-a9b9146f1d11,170,18454,0,0,18454,0
2000,on,P2_LARGEST,f90c794a-f384-4cac-b5d0-a9b9146f1d11,188,21674,0,0,21674,0
2000,on,P2_LARGEST,f90c794a-f384-4cac-b5d0-a9b9146f1d11,194,21903,0,0,21903,0
2000,on,P2_LARGEST,f90c794a-f384-4cac-b5d0-a9b9146f1d11,199,22028,0,0,22028,0
2000,on,P2_LARGEST,f90c794a-f384-4cac-b5d0-a9b9146f1d11,207,22272,0,0,22272,0
2000,on,P2_LARGEST,f90c794a-f384-4cac-b5d0-a9b9146f1d11,225,25408,1,2302,23106,0
2000,on,P2_LARGEST,f90c794a-f384-4cac-b5d0-a9b9146f1d11,232,23248,0,0,23248,0
2000,on,P2_LARGEST,f90c794a-f384-4cac-b5d0-a9b9146f1d11,237,23577,0,0,23577,0
2000,on,P2_LARGEST,f90c794a-f384-4cac-b5d0-a9b9146f1d11,245,24226,0,0,24226,0
2000,on,P2_LARGEST,f90c794a-f384-4cac-b5d0-a9b9146f1d11,258,28790,3,5365,23425,0
2000,on,P2_LARGEST,f90c794a-f384-4cac-b5d0-a9b9146f1d11,264,24804,1,2072,22732,0
2000,on,P2_LARGEST,f90c794a-f384-4cac-b5d0-a9b9146f1d11,276,27016,4,3494,23522,0
2000,on,P2_LARGEST,f90c794a-f384-4cac-b5d0-a9b9146f1d11,281,25311,2,1902,23409,0
2000,on,P2_LARGEST,f90c794a-f384-4cac-b5d0-a9b9146f1d11,292,28495,5,5317,23178,0
2000,on,P2_LARGEST,f90c794a-f384-4cac-b5d0-a9b9146f1d11,297,24729,1,2743,21986,0
2000,on,P2_LARGEST,f90c794a-f384-4cac-b5d0-a9b9146f1d11,307,25862,2,2999,22863,0
2000,on,P2_LARGEST,f90c794a-f384-4cac-b5d0-a9b9146f1d11,313,24003,0,0,24003,0
2000,on,P2_LARGEST,f90c794a-f384-4cac-b5d0-a9b9146f1d11,318,25491,1,3161,22330,0
2000,on,P2_LARGEST,f90c794a-f384-4cac-b5d0-a9b9146f1d11,329,27995,8,4526,23469,0
2000,on,P2_LARGEST,f90c794a-f384-4cac-b5d0-a9b9146f1d11,334,24670,1,3690,20980,0
2000,on,P2_LARGEST,f90c794a-f384-4cac-b5d0-a9b9146f1d11,344,25067,2,2329,22738,0
2000,on,P2_LARGEST,f90c794a-f384-4cac-b5d0-a9b9146f1d11,349,23830,0,0,23830,0
2000,on,P2_LARGEST,f90c794a-f384-4cac-b5d0-a9b9146f1d11,354,24038,0,0,24038,0
2000,on,P2_LARGEST,f90c794a-f384-4cac-b5d0-a9b9146f1d11,368,28949,2,5795,23154,0
2000,on,P2_LARGEST,f90c794a-f384-4cac-b5d0-a9b9146f1d11,376,23504,0,0,23504,0
2000,on,P2_LARGEST,f90c794a-f384-4cac-b5d0-a9b9146f1d11,383,24123,0,0,24123,0
2000,on,P2_LARGEST,f90c794a-f384-4cac-b5d0-a9b9146f1d11,390,25266,1,1787,23479,0
2000,on,P2_LARGEST,f90c794a-f384-4cac-b5d0-a9b9146f1d11,401,25872,5,2663,23209,0
2000,on,P2_LARGEST,f90c794a-f384-4cac-b5d0-a9b9146f1d11,406,23406,0,0,23406,0
2000,on,P2_LARGEST,f90c794a-f384-4cac-b5d0-a9b9146f1d11,411,24126,0,0,24126,0
2000,on,P2_LARGEST,f90c794a-f384-4cac-b5d0-a9b9146f1d11,416,24838,1,1694,23144,0
2000,on,P2_LARGEST,f90c794a-f384-4cac-b5d0-a9b9146f1d11,421,23810,0,0,23810,0
2000,on,P2_LARGEST,f90c794a-f384-4cac-b5d0-a9b9146f1d11,429,25052,3,1714,23338,0
2000,on,P2_LARGEST,f90c794a-f384-4cac-b5d0-a9b9146f1d11,442,27730,10,4468,23262,0
2000,on,P2_LARGEST,f90c794a-f384-4cac-b5d0-a9b9146f1d11,450,24985,1,2331,22654,0
2000,on,P2_LARGEST,f90c794a-f384-4cac-b5d0-a9b9146f1d11,455,23203,0,0,23203,0
2000,on,P2_LARGEST,f90c794a-f384-4cac-b5d0-a9b9146f1d11,460,23594,0,0,23594,0
2000,on,P2_LARGEST,f90c794a-f384-4cac-b5d0-a9b9146f1d11,465,23796,0,0,23796,0
2000,on,P2_LARGEST,f90c794a-f384-4cac-b5d0-a9b9146f1d11,470,23891,0,0,23891,0
2000,on,P2_LARGEST,f90c794a-f384-4cac-b5d0-a9b9146f1d11,475,24136,0,0,24136,0
2000,on,P2_LARGEST,f90c794a-f384-4cac-b5d0-a9b9146f1d11,480,24296,0,0,24296,0
2000,on,P2_LARGEST,f90c794a-f384-4cac-b5d0-a9b9146f1d11,494,27724,10,4151,23573,0
2000,on,P2_LARGEST,f90c794a-f384-4cac-b5d0-a9b9146f1d11,500,23828,0,0,23828,0
2000,on,P2_LARGEST,f90c794a-f384-4cac-b5d0-a9b9146f1d11,505,24017,0,0,24017,0
2000,on,P2_LARGEST,f90c794a-f384-4cac-b5d0-a9b9146f1d11,510,25271,1,3043,22228,0
2000,on,P2_LARGEST,f90c794a-f384-4cac-b5d0-a9b9146f1d11,521,27371,5,3932,23439,0
2000,on,P2_LARGEST,f90c794a-f384-4cac-b5d0-a9b9146f1d11,527,23580,0,0,23580,0
2000,on,P2_LARGEST,f90c794a-f384-4cac-b5d0-a9b9146f1d11,535,24294,0,0,24294,0
2000,on,P2_LARGEST,f90c794a-f384-4cac-b5d0-a9b9146f1d11,543,24558,0,0,24558,0
2000,on,P2_LARGEST,f90c794a-f384-4cac-b5d0-a9b9146f1d11,548,25181,1,2844,22337,0
2000,on,P2_LARGEST,f90c794a-f384-4cac-b5d0-a9b9146f1d11,553,22660,0,0,22660,0
2000,on,P2_LARGEST,f90c794a-f384-4cac-b5d0-a9b9146f1d11,560,23141,0,0,23141,0
2000,on,P2_LARGEST,f90c794a-f384-4cac-b5d0-a9b9146f1d11,567,23414,0,0,23414,0
2000,on,P2_LARGEST,f90c794a-f384-4cac-b5d0-a9b9146f1d11,578,26609,10,3190,23419,0
2000,on,P2_LARGEST,f90c794a-f384-4cac-b5d0-a9b9146f1d11,587,23769,0,0,23769,0
2000,on,P2_LARGEST,f90c794a-f384-4cac-b5d0-a9b9146f1d11,594,25361,1,2716,22645,0
2000,on,P2_LARGEST,f90c794a-f384-4cac-b5d0-a9b9146f1d11,601,22778,0,0,22778,0
2000,on,P2_LARGEST,f90c794a-f384-4cac-b5d0-a9b9146f1d11,606,22988,0,0,22988,0
2000,on,P2_LARGEST,f90c794a-f384-4cac-b5d0-a9b9146f1d11,611,23199,0,0,23199,0
2000,on,P2_LARGEST,f90c794a-f384-4cac-b5d0-a9b9146f1d11,618,24855,1,1471,23384,0
2000,on,P2_LARGEST,f90c794a-f384-4cac-b5d0-a9b9146f1d11,630,26509,8,3073,23436,0
2000,on,P2_LARGEST,f90c794a-f384-4cac-b5d0-a9b9146f1d11,635,23691,0,0,23691,0
2000,on,P2_LARGEST,f90c794a-f384-4cac-b5d0-a9b9146f1d11,640,23789,0,0,23789,0
2000,on,P2_LARGEST,f90c794a-f384-4cac-b5d0-a9b9146f1d11,645,23870,0,0,23870,0
2000,on,P2_LARGEST,f90c794a-f384-4cac-b5d0-a9b9146f1d11,653,24992,1,2531,22461,0
2000,on,P2_LARGEST,f90c794a-f384-4cac-b5d0-a9b9146f1d11,664,26318,11,2896,23422,0
2000,on,P2_LARGEST,f90c794a-f384-4cac-b5d0-a9b9146f1d11,670,23724,0,0,23724,0
2000,on,P2_LARGEST,f90c794a-f384-4cac-b5d0-a9b9146f1d11,675,23784,0,0,23784,0
2000,on,P2_LARGEST,f90c794a-f384-4cac-b5d0-a9b9146f1d11,680,24669,1,2947,21722,0
2000,on,P2_LARGEST,f90c794a-f384-4cac-b5d0-a9b9146f1d11,685,21770,0,0,21770,0
2000,on,P2_LARGEST,f90c794a-f384-4cac-b5d0-a9b9146f1d11,693,22279,0,0,22279,0
2000,on,P2_LARGEST,f90c794a-f384-4cac-b5d0-a9b9146f1d11,698,22644,0,0,22644,0
2000,on,P2_LARGEST,f90c794a-f384-4cac-b5d0-a9b9146f1d11,715,25477,4,2053,23424,0
2000,on,P2_LARGEST,f90c794a-f384-4cac-b5d0-a9b9146f1d11,720,24754,1,2659,22095,0
2000,on,P2_LARGEST,f90c794a-f384-4cac-b5d0-a9b9146f1d11,725,22144,0,0,22144,0
2000,on,P2_LARGEST,4ba0c0e7-bf7c-4744-94bd-add5b5a20878,15,7559,0,0,7559,0
2000,on,P2_LARGEST,4ba0c0e7-bf7c-4744-94bd-add5b5a20878,22,9241,0,0,9241,0
2000,on,P2_LARGEST,4ba0c0e7-bf7c-4744-94bd-add5b5a20878,27,9985,0,0,9985,0
2000,on,P2_LARGEST,4ba0c0e7-bf7c-4744-94bd-add5b5a20878,32,11355,0,0,11355,0
2000,on,P2_LARGEST,4ba0c0e7-bf7c-4744-94bd-add5b5a20878,37,11452,0,0,11452,0
2000,on,P2_LARGEST,4ba0c0e7-bf7c-4744-94bd-add5b5a20878,42,11707,0,0,11707,0
2000,on,P2_LARGEST,4ba0c0e7-bf7c-4744-94bd-add5b5a20878,47,11796,0,0,11796,0
2000,on,P2_LARGEST,4ba0c0e7-bf7c-4744-94bd-add5b5a20878,52,11923,0,0,11923,0
2000,on,P2_LARGEST,4ba0c0e7-bf7c-4744-94bd-add5b5a20878,59,12596,0,0,12596,0
2000,on,P2_LARGEST,4ba0c0e7-bf7c-4744-94bd-add5b5a20878,64,12736,0,0,12736,0
2000,on,P2_LARGEST,4ba0c0e7-bf7c-4744-94bd-add5b5a20878,69,12866,0,0,12866,0
2000,on,P2_LARGEST,4ba0c0e7-bf7c-4744-94bd-add5b5a20878,76,13044,0,0,13044,0
2000,on,P2_LARGEST,4ba0c0e7-bf7c-4744-94bd-add5b5a20878,81,13337,0,0,13337,0
2000,on,P2_LARGEST,4ba0c0e7-bf7c-4744-94bd-add5b5a20878,89,14215,0,0,14215,0
2000,on,P2_LARGEST,4ba0c0e7-bf7c-4744-94bd-add5b5a20878,94,14434,0,0,14434,0
2000,on,P2_LARGEST,4ba0c0e7-bf7c-4744-94bd-add5b5a20878,105,17951,0,0,17951,0
2000,on,P2_LARGEST,4ba0c0e7-bf7c-4744-94bd-add5b5a20878,111,18174,0,0,18174,0
2000,on,P2_LARGEST,4ba0c0e7-bf7c-4744-94bd-add5b5a20878,116,18309,0,0,18309,0
2000,on,P2_LARGEST,4ba0c0e7-bf7c-4744-94bd-add5b5a20878,121,18438,0,0,18438,0
2000,on,P2_LARGEST,4ba0c0e7-bf7c-4744-94bd-add5b5a20878,129,19141,0,0,19141,0
2000,on,P2_LARGEST,4ba0c0e7-bf7c-4744-94bd-add5b5a20878,136,20879,0,0,20879,0
2000,on,P2_LARGEST,4ba0c0e7-bf7c-4744-94bd-add5b5a20878,141,21026,0,0,21026,0
2000,on,P2_LARGEST,4ba0c0e7-bf7c-4744-94bd-add5b5a20878,146,21235,0,0,21235,0
2000,on,P2_LARGEST,4ba0c0e7-bf7c-4744-94bd-add5b5a20878,151,21874,0,0,21874,0
2000,on,P2_LARGEST,4ba0c0e7-bf7c-4744-94bd-add5b5a20878,162,25689,1,2244,23445,0
2000,on,P2_LARGEST,4ba0c0e7-bf7c-4744-94bd-add5b5a20878,168,23755,0,0,23755,0
2000,on,P2_LARGEST,4ba0c0e7-bf7c-4744-94bd-add5b5a20878,173,25030,1,2811,22219,0
2000,on,P2_LARGEST,4ba0c0e7-bf7c-4744-94bd-add5b5a20878,181,22976,0,0,22976,0
2000,on,P2_LARGEST,4ba0c0e7-bf7c-4744-94bd-add5b5a20878,186,23378,0,0,23378,0
2000,on,P2_LARGEST,4ba0c0e7-bf7c-4744-94bd-add5b5a20878,197,27762,4,4471,23291,0
2000,on,P2_LARGEST,7bae77bb-3c0e-4c05-96ba-4b1209d66c8b,39,7803,0,0,7803,0
2000,on,P2_LARGEST,7bae77bb-3c0e-4c05-96ba-4b1209d66c8b,48,9557,0,0,9557,0
2000,on,P2_LARGEST,7bae77bb-3c0e-4c05-96ba-4b1209d66c8b,53,10110,0,0,10110,0
2000,on,P2_LARGEST,7bae77bb-3c0e-4c05-96ba-4b1209d66c8b,58,10396,0,0,10396,0
2000,on,P2_LARGEST,7bae77bb-3c0e-4c05-96ba-4b1209d66c8b,63,10520,0,0,10520,0
2000,on,P2_LARGEST,7bae77bb-3c0e-4c05-96ba-4b1209d66c8b,68,10818,0,0,10818,0
2000,on,P2_LARGEST,7bae77bb-3c0e-4c05-96ba-4b1209d66c8b,73,11066,0,0,11066,0
2000,on,P2_LARGEST,7bae77bb-3c0e-4c05-96ba-4b1209d66c8b,78,11355,0,0,11355,0
2000,on,P2_LARGEST,7bae77bb-3c0e-4c05-96ba-4b1209d66c8b,83,11660,0,0,11660,0
2000,on,P2_LARGEST,7bae77bb-3c0e-4c05-96ba-4b1209d66c8b,88,12424,0,0,12424,0
2000,on,P2_LARGEST,7bae77bb-3c0e-4c05-96ba-4b1209d66c8b,93,13654,0,0,13654,0
2000,on,P2_LARGEST,7bae77bb-3c0e-4c05-96ba-4b1209d66c8b,98,14843,0,0,14843,0
2000,on,P2_LARGEST,7bae77bb-3c0e-4c05-96ba-4b1209d66c8b,103,15350,0,0,15350,0
2000,on,P2_LARGEST,7bae77bb-3c0e-4c05-96ba-4b1209d66c8b,114,19534,0,0,19534,0
2000,on,P2_LARGEST,7bae77bb-3c0e-4c05-96ba-4b1209d66c8b,120,19712,0,0,19712,0
2000,on,P2_LARGEST,7bae77bb-3c0e-4c05-96ba-4b1209d66c8b,125,20219,0,0,20219,0
2000,on,P2_LARGEST,7bae77bb-3c0e-4c05-96ba-4b1209d66c8b,130,20653,0,0,20653,0
2000,on,P2_LARGEST,7bae77bb-3c0e-4c05-96ba-4b1209d66c8b,138,21608,0,0,21608,0
2000,on,P2_LARGEST,7bae77bb-3c0e-4c05-96ba-4b1209d66c8b,160,26547,2,3752,22795,0
2000,on,P2_LARGEST,7bae77bb-3c0e-4c05-96ba-4b1209d66c8b,171,24070,0,0,24070,0
2000,on,P2_LARGEST,7bae77bb-3c0e-4c05-96ba-4b1209d66c8b,184,27253,2,4160,23093,0
2000,on,P2_LARGEST,7bae77bb-3c0e-4c05-96ba-4b1209d66c8b,196,24845,1,1715,23130,0
2000,on,P2_LARGEST,7bae77bb-3c0e-4c05-96ba-4b1209d66c8b,207,25613,2,2582,23031,0
2000,on,P2_LARGEST,7bae77bb-3c0e-4c05-96ba-4b1209d66c8b,214,23241,0,0,23241,0
2000,on,P2_LARGEST,7bae77bb-3c0e-4c05-96ba-4b1209d66c8b,219,23319,0,0,23319,0
2000,on,P2_LARGEST,7bae77bb-3c0e-4c05-96ba-4b1209d66c8b,229,23831,0,0,23831,0
2000,on,P2_LARGEST,7bae77bb-3c0e-4c05-96ba-4b1209d66c8b,234,25273,1,2362,22911,0
2000,on,P2_LARGEST,7bae77bb-3c0e-4c05-96ba-4b1209d66c8b,239,23160,0,0,23160,0
2000,on,P2_LARGEST,7bae77bb-3c0e-4c05-96ba-4b1209d66c8b,247,23760,0,0,23760,0
2000,on,P2_LARGEST,7bae77bb-3c0e-4c05-96ba-4b1209d66c8b,254,25058,2,2183,22875,0
2000,on,P2_LARGEST,7bae77bb-3c0e-4c05-96ba-4b1209d66c8b,259,23417,0,0,23417,0
2000,on,P2_LARGEST,9b46292f-5a33-48d5-bb3e-ebad55f2ac79,15,7557,0,0,7557,0
2000,on,P2_LARGEST,9b46292f-5a33-48d5-bb3e-ebad55f2ac79,22,7734,0,0,7734,0
2000,on,P2_LARGEST,9b46292f-5a33-48d5-bb3e-ebad55f2ac79,27,9660,0,0,9660,0
2000,on,P2_LARGEST,9b46292f-5a33-48d5-bb3e-ebad55f2ac79,32,10281,0,0,10281,0
2000,on,P2_LARGEST,9b46292f-5a33-48d5-bb3e-ebad55f2ac79,37,10983,0,0,10983,0
2000,on,P2_LARGEST,9b46292f-5a33-48d5-bb3e-ebad55f2ac79,44,11824,0,0,11824,0
2000,on,P2_LARGEST,9b46292f-5a33-48d5-bb3e-ebad55f2ac79,49,12543,0,0,12543,0
2000,on,P2_LARGEST,9b46292f-5a33-48d5-bb3e-ebad55f2ac79,62,16731,0,0,16731,0
2000,on,P2_LARGEST,9b46292f-5a33-48d5-bb3e-ebad55f2ac79,68,17061,0,0,17061,0
2000,on,P2_LARGEST,9b46292f-5a33-48d5-bb3e-ebad55f2ac79,73,17202,0,0,17202,0
2000,on,P2_LARGEST,9b46292f-5a33-48d5-bb3e-ebad55f2ac79,80,17550,0,0,17550,0
2000,on,P2_LARGEST,9b46292f-5a33-48d5-bb3e-ebad55f2ac79,89,18233,0,0,18233,0
2000,on,P2_LARGEST,9b46292f-5a33-48d5-bb3e-ebad55f2ac79,97,18994,0,0,18994,0
2000,on,P2_LARGEST,9b46292f-5a33-48d5-bb3e-ebad55f2ac79,107,21519,0,0,21519,0
2000,on,P2_LARGEST,9b46292f-5a33-48d5-bb3e-ebad55f2ac79,112,22065,0,0,22065,0
2000,on,P2_LARGEST,9b46292f-5a33-48d5-bb3e-ebad55f2ac79,117,24258,0,0,24258,0
2000,on,P2_LARGEST,9b46292f-5a33-48d5-bb3e-ebad55f2ac79,122,25018,1,2052,22966,0
2000,on,P2_LARGEST,9b46292f-5a33-48d5-bb3e-ebad55f2ac79,127,23419,0,0,23419,0
2000,on,P2_LARGEST,9b46292f-5a33-48d5-bb3e-ebad55f2ac79,140,27940,3,5360,22580,0
2000,on,P2_LARGEST,9b46292f-5a33-48d5-bb3e-ebad55f2ac79,154,26275,1,2718,23557,0
2000,on,P2_LARGEST,9b46292f-5a33-48d5-bb3e-ebad55f2ac79,165,29784,3,6966,22818,0
2000,on,P2_LARGEST,9b46292f-5a33-48d5-bb3e-ebad55f2ac79,171,23133,0,0,23133,0
2000,on,P2_LARGEST,9b46292f-5a33-48d5-bb3e-ebad55f2ac79,181,26757,3,3677,23080,0
2000,on,P2_LARGEST,9b46292f-5a33-48d5-bb3e-ebad55f2ac79,186,23742,0,0,23742,0
2000,on,P2_LARGEST,9b46292f-5a33-48d5-bb3e-ebad55f2ac79,191,24108,0,0,24108,0
2000,on,P2_LARGEST,9b46292f-5a33-48d5-bb3e-ebad55f2ac79,196,24423,0,0,24423,0
2000,on,P2_LARGEST,9b46292f-5a33-48d5-bb3e-ebad55f2ac79,207,27964,4,4742,23222,0
2000,on,P2_LARGEST,9b46292f-5a33-48d5-bb3e-ebad55f2ac79,213,24335,0,0,24335,0
2000,on,P2_LARGEST,9b46292f-5a33-48d5-bb3e-ebad55f2ac79,218,24917,1,2064,22853,0
2000,on,P2_LARGEST,9b46292f-5a33-48d5-bb3e-ebad55f2ac79,231,28410,8,4896,23514,0
2000,on,P2_LARGEST,9b46292f-5a33-48d5-bb3e-ebad55f2ac79,236,24508,0,0,24508,0
2000,on,P2_LARGEST,9b46292f-5a33-48d5-bb3e-ebad55f2ac79,241,25477,1,2449,23028,0
2000,on,P2_LARGEST,9b46292f-5a33-48d5-bb3e-ebad55f2ac79,249,23795,0,0,23795,0
2000,on,P2_LARGEST,9b46292f-5a33-48d5-bb3e-ebad55f2ac79,260,27289,4,3979,23310,0
2000,on,P2_LARGEST,9b46292f-5a33-48d5-bb3e-ebad55f2ac79,266,23944,0,0,23944,0
2000,on,P2_LARGEST,9b46292f-5a33-48d5-bb3e-ebad55f2ac79,271,25283,1,2567,22716,0
2000,on,P2_LARGEST,9b46292f-5a33-48d5-bb3e-ebad55f2ac79,282,29714,5,6449,23265,0
2000,on,P2_LARGEST,9b46292f-5a33-48d5-bb3e-ebad55f2ac79,288,23684,0,0,23684,0
2000,on,P2_LARGEST,9b46292f-5a33-48d5-bb3e-ebad55f2ac79,299,28041,3,4634,23407,0
2000,on,P2_LARGEST,9b46292f-5a33-48d5-bb3e-ebad55f2ac79,305,24258,0,0,24258,0
2000,on,P2_LARGEST,9b46292f-5a33-48d5-bb3e-ebad55f2ac79,310,25049,1,2468,22581,0
2000,on,P2_LARGEST,9b46292f-5a33-48d5-bb3e-ebad55f2ac79,318,24785,2,1442,23343,0
2000,on,P2_LARGEST,9b46292f-5a33-48d5-bb3e-ebad55f2ac79,329,27978,9,4717,23261,0
2000,on,P2_LARGEST,9b46292f-5a33-48d5-bb3e-ebad55f2ac79,334,23833,0,0,23833,0
2000,on,P2_LARGEST,9b46292f-5a33-48d5-bb3e-ebad55f2ac79,339,23926,0,0,23926,0
2000,on,P2_LARGEST,9b46292f-5a33-48d5-bb3e-ebad55f2ac79,344,24156,0,0,24156,0
2000,on,P2_LARGEST,9b46292f-5a33-48d5-bb3e-ebad55f2ac79,349,24944,1,2891,22053,0
2000,on,P2_LARGEST,9b46292f-5a33-48d5-bb3e-ebad55f2ac79,354,22275,0,0,22275,0
2000,on,P2_LARGEST,9b46292f-5a33-48d5-bb3e-ebad55f2ac79,359,23405,0,0,23405,0
2000,on,P2_LARGEST,9b46292f-5a33-48d5-bb3e-ebad55f2ac79,364,23602,0,0,23602,0
2000,on,P2_LARGEST,9b46292f-5a33-48d5-bb3e-ebad55f2ac79,369,23701,0,0,23701,0
2000,on,P2_LARGEST,9b46292f-5a33-48d5-bb3e-ebad55f2ac79,380,27489,5,3972,23517,0
2000,on,P2_LARGEST,9b46292f-5a33-48d5-bb3e-ebad55f2ac79,386,23724,0,0,23724,0
2000,on,P2_LARGEST,9b46292f-5a33-48d5-bb3e-ebad55f2ac79,391,23777,0,0,23777,0
2000,on,P2_LARGEST,9b46292f-5a33-48d5-bb3e-ebad55f2ac79,396,23819,0,0,23819,0
2000,on,P2_LARGEST,9b46292f-5a33-48d5-bb3e-ebad55f2ac79,401,23906,0,0,23906,0
2000,on,P2_LARGEST,9b46292f-5a33-48d5-bb3e-ebad55f2ac79,406,24148,0,0,24148,0
2000,on,P2_LARGEST,9b46292f-5a33-48d5-bb3e-ebad55f2ac79,411,24322,0,0,24322,0
2000,on,P2_LARGEST,9b46292f-5a33-48d5-bb3e-ebad55f2ac79,416,24399,0,0,24399,0
2000,on,P2_LARGEST,9b46292f-5a33-48d5-bb3e-ebad55f2ac79,421,25765,1,3078,22687,0
2000,on,P2_LARGEST,9b46292f-5a33-48d5-bb3e-ebad55f2ac79,432,26385,6,2967,23418,0
2000,on,P2_LARGEST,9b46292f-5a33-48d5-bb3e-ebad55f2ac79,441,24850,1,3166,21684,0
2000,on,P2_LARGEST,9b46292f-5a33-48d5-bb3e-ebad55f2ac79,454,25499,3,2015,23484,0
2000,on,P2_LARGEST,9b46292f-5a33-48d5-bb3e-ebad55f2ac79,459,24040,0,0,24040,0
2000,on,P2_LARGEST,9b46292f-5a33-48d5-bb3e-ebad55f2ac79,470,24966,1,2697,22269,0
2000,on,P2_LARGEST,9b46292f-5a33-48d5-bb3e-ebad55f2ac79,475,22662,0,0,22662,0
2000,on,P2_LARGEST,9b46292f-5a33-48d5-bb3e-ebad55f2ac79,485,24528,0,0,24528,0
2000,on,P2_LARGEST,9b46292f-5a33-48d5-bb3e-ebad55f2ac79,493,25348,4,1982,23366,0
2000,on,P2_LARGEST,9b46292f-5a33-48d5-bb3e-ebad55f2ac79,498,24308,0,0,24308,0
2000,on,P2_LARGEST,9b46292f-5a33-48d5-bb3e-ebad55f2ac79,511,27776,7,4233,23543,0
2000,on,P2_LARGEST,9b46292f-5a33-48d5-bb3e-ebad55f2ac79,519,23861,0,0,23861,0
2000,on,P2_LARGEST,9b46292f-5a33-48d5-bb3e-ebad55f2ac79,532,29115,10,5811,23304,0
2000,on,P2_LARGEST,9b46292f-5a33-48d5-bb3e-ebad55f2ac79,537,23856,0,0,23856,0
2000,on,P2_LARGEST,9b46292f-5a33-48d5-bb3e-ebad55f2ac79,550,29332,7,5992,23340,0
2000,on,P2_LARGEST,9b46292f-5a33-48d5-bb3e-ebad55f2ac79,556,25450,1,3070,22380,0
2000,on,P2_LARGEST,9b46292f-5a33-48d5-bb3e-ebad55f2ac79,562,22438,0,0,22438,0
2000,on,P2_LARGEST,9b46292f-5a33-48d5-bb3e-ebad55f2ac79,572,24668,1,1959,22709,0
2000,on,P2_LARGEST,9b46292f-5a33-48d5-bb3e-ebad55f2ac79,586,28749,8,5365,23384,0
2000,on,P2_LARGEST,9b46292f-5a33-48d5-bb3e-ebad55f2ac79,593,25317,1,3565,21752,0
2000,on,P2_LARGEST,9b46292f-5a33-48d5-bb3e-ebad55f2ac79,611,27037,2,3615,23422,0
2000,on,P2_LARGEST,9b46292f-5a33-48d5-bb3e-ebad55f2ac79,619,24473,0,0,24473,0
2000,on,P2_LARGEST,9b46292f-5a33-48d5-bb3e-ebad55f2ac79,624,24683,1,4153,20530,0
2000,on,P2_LARGEST,9b46292f-5a33-48d5-bb3e-ebad55f2ac79,629,21007,0,0,21007,0
2000,on,P2_LARGEST,9b46292f-5a33-48d5-bb3e-ebad55f2ac79,634,21612,0,0,21612,0
2000,on,P2_LARGEST,9b46292f-5a33-48d5-bb3e-ebad55f2ac79,647,27401,8,4007,23394,0
2000,on,P2_LARGEST,9b46292f-5a33-48d5-bb3e-ebad55f2ac79,653,24913,1,2991,21922,0
2000,on,P2_LARGEST,9b46292f-5a33-48d5-bb3e-ebad55f2ac79,658,22129,0,0,22129,0
2000,on,P2_LARGEST,9b46292f-5a33-48d5-bb3e-ebad55f2ac79,663,23479,0,0,23479,0
2000,on,P2_LARGEST,9b46292f-5a33-48d5-bb3e-ebad55f2ac79,674,27585,3,4507,23078,0
2000,on,P2_LARGEST,9b46292f-5a33-48d5-bb3e-ebad55f2ac79,711,26549,1,3123,23426,0
2000,on,P2_LARGEST,9b46292f-5a33-48d5-bb3e-ebad55f2ac79,721,27478,3,3926,23552,0
2000,on,P2_LARGEST,9b46292f-5a33-48d5-bb3e-ebad55f2ac79,727,23820,0,0,23820,0
2000,on,P2_LARGEST,9b46292f-5a33-48d5-bb3e-ebad55f2ac79,732,23906,0,0,23906,0
2000,on,P2_LARGEST,9b46292f-5a33-48d5-bb3e-ebad55f2ac79,743,24606,1,3261,21345,0
2000,on,P2_LARGEST,9b46292f-5a33-48d5-bb3e-ebad55f2ac79,748,21399,0,0,21399,0
2000,on,P2_LARGEST,9b46292f-5a33-48d5-bb3e-ebad55f2ac79,759,25810,6,2243,23567,0
2000,on,P2_LARGEST,9b46292f-5a33-48d5-bb3e-ebad55f2ac79,764,24143,0,0,24143,0
2000,on,P2_LARGEST,9b46292f-5a33-48d5-bb3e-ebad55f2ac79,775,27439,2,4065,23374,0
2000,on,P2_LARGEST,9b46292f-5a33-48d5-bb3e-ebad55f2ac79,782,23520,0,0,23520,0
2000,on,P2_LARGEST,9b46292f-5a33-48d5-bb3e-ebad55f2ac79,787,24142,0,0,24142,0
2000,on,P2_LARGEST,9b46292f-5a33-48d5-bb3e-ebad55f2ac79,795,25323,1,3222,22101,0
2000,on,P2_LARGEST,9b46292f-5a33-48d5-bb3e-ebad55f2ac79,808,27706,13,4166,23540,0
2000,on,P2_LARGEST,9b46292f-5a33-48d5-bb3e-ebad55f2ac79,814,24962,1,2812,22150,0
2000,on,P2_LARGEST,9b46292f-5a33-48d5-bb3e-ebad55f2ac79,825,28088,3,5476,22612,0
2000,on,P2_LARGEST,9b46292f-5a33-48d5-bb3e-ebad55f2ac79,830,22858,0,0,22858,0
2000,on,P2_LARGEST,9b46292f-5a33-48d5-bb3e-ebad55f2ac79,835,23104,0,0,23104,0
2000,on,P2_LARGEST,9b46292f-5a33-48d5-bb3e-ebad55f2ac79,840,23742,0,0,23742,0
2000,on,P2_LARGEST,9b46292f-5a33-48d5-bb3e-ebad55f2ac79,845,24837,1,3108,21729,0
2000,on,P2_LARGEST,9b46292f-5a33-48d5-bb3e-ebad55f2ac79,850,21998,0,0,21998,0
2000,on,P2_LARGEST,9b46292f-5a33-48d5-bb3e-ebad55f2ac79,864,27093,9,3536,23557,0
2000,on,P2_LARGEST,9b46292f-5a33-48d5-bb3e-ebad55f2ac79,870,24191,0,0,24191,0
2000,on,P2_LARGEST,9b46292f-5a33-48d5-bb3e-ebad55f2ac79,883,32726,18,9245,23481,0
2000,on,P2_LARGEST,9b46292f-5a33-48d5-bb3e-ebad55f2ac79,889,23963,0,0,23963,0
2000,on,P2_LARGEST,9b46292f-5a33-48d5-bb3e-ebad55f2ac79,894,24341,0,0,24341,0
2000,on,P2_LARGEST,9b46292f-5a33-48d5-bb3e-ebad55f2ac79,899,24828,1,3603,21225,0
2000,on,P2_LARGEST,9b46292f-5a33-48d5-bb3e-ebad55f2ac79,913,29191,36,5674,23517,0
2000,on,P2_LARGEST,9b46292f-5a33-48d5-bb3e-ebad55f2ac79,923,27621,2,6924,20697,0
2000,on,P2_LARGEST,9b46292f-5a33-48d5-bb3e-ebad55f2ac79,928,21239,0,0,21239,0
2000,on,P2_LARGEST,9b46292f-5a33-48d5-bb3e-ebad55f2ac79,941,26254,1,3274,22980,0
2000,on,P2_LARGEST,9b46292f-5a33-48d5-bb3e-ebad55f2ac79,947,23945,0,0,23945,0
2000,on,P2_LARGEST,9b46292f-5a33-48d5-bb3e-ebad55f2ac79,952,24016,0,0,24016,0
2000,on,P2_LARGEST,9b46292f-5a33-48d5-bb3e-ebad55f2ac79,957,24230,0,0,24230,0
2000,on,P2_LARGEST,9b46292f-5a33-48d5-bb3e-ebad55f2ac79,962,24629,1,2722,21907,0
2000,on,P2_LARGEST,9b46292f-5a33-48d5-bb3e-ebad55f2ac79,967,22878,0,0,22878,0
2000,on,P2_LARGEST,9b46292f-5a33-48d5-bb3e-ebad55f2ac79,974,23655,0,0,23655,0
2000,on,P2_LARGEST,9b46292f-5a33-48d5-bb3e-ebad55f2ac79,984,27316,4,3906,23410,0
2000,on,P2_LARGEST,9b46292f-5a33-48d5-bb3e-ebad55f2ac79,992,24857,3,1421,23436,0
2000,on,P2_LARGEST,9b46292f-5a33-48d5-bb3e-ebad55f2ac79,1003,27804,2,4318,23486,0
2000,on,P2_LARGEST,9b46292f-5a33-48d5-bb3e-ebad55f2ac79,1020,31276,9,7996,23280,0
2000,on,P2_LARGEST,9b46292f-5a33-48d5-bb3e-ebad55f2ac79,1027,24400,0,0,24400,0
2000,on,P2_LARGEST,9b46292f-5a33-48d5-bb3e-ebad55f2ac79,1038,28214,2,4834,23380,0
2000,on,P2_LARGEST,9b46292f-5a33-48d5-bb3e-ebad55f2ac79,1043,23963,0,0,23963,0
2000,on,P2_LARGEST,9b46292f-5a33-48d5-bb3e-ebad55f2ac79,1056,29824,6,6321,23503,0
2000,on,P2_LARGEST,9b46292f-5a33-48d5-bb3e-ebad55f2ac79,1062,24148,0,0,24148,0
2000,on,P2_LARGEST,9b46292f-5a33-48d5-bb3e-ebad55f2ac79,1078,29678,4,6375,23303,0
2000,on,P2_LARGEST,9b46292f-5a33-48d5-bb3e-ebad55f2ac79,1083,23821,0,0,23821,0
2000,on,P2_LARGEST,9b46292f-5a33-48d5-bb3e-ebad55f2ac79,1088,24350,0,0,24350,0
2000,on,P2_LARGEST,9b46292f-5a33-48d5-bb3e-ebad55f2ac79,1093,24995,1,3667,21328,0
2000,on,P2_LARGEST,9b46292f-5a33-48d5-bb3e-ebad55f2ac79,1104,25868,6,2511,23357,0
2000,on,P2_LARGEST,9b46292f-5a33-48d5-bb3e-ebad55f2ac79,1109,23586,0,0,23586,0
2000,on,P2_LARGEST,9b46292f-5a33-48d5-bb3e-ebad55f2ac79,1114,23678,0,0,23678,0
2000,on,P2_LARGEST,9b46292f-5a33-48d5-bb3e-ebad55f2ac79,1120,23678,0,0,23678,0
2000,on,P2_LARGEST,9b46292f-5a33-48d5-bb3e-ebad55f2ac79,1129,23678,0,0,23678,0
2000,on,P2_LARGEST,9b46292f-5a33-48d5-bb3e-ebad55f2ac79,1134,23678,0,0,23678,0
2000,on,P2_LARGEST,9b46292f-5a33-48d5-bb3e-ebad55f2ac79,1139,23678,0,0,23678,0
2000,on,P2_LARGEST,9b46292f-5a33-48d5-bb3e-ebad55f2ac79,1163,23678,0,0,23678,0
2000,on,P2_LARGEST,9b46292f-5a33-48d5-bb3e-ebad55f2ac79,1169,23678,0,0,23678,0
2000,on,P2_LARGEST,9b46292f-5a33-48d5-bb3e-ebad55f2ac79,1180,23678,0,0,23678,0
2000,on,P2_LARGEST,9b46292f-5a33-48d5-bb3e-ebad55f2ac79,1185,23678,0,0,23678,0
2000,on,P2_LARGEST,9b46292f-5a33-48d5-bb3e-ebad55f2ac79,1190,23678,0,0,23678,0
2000,on,P2_LARGEST,9b46292f-5a33-48d5-bb3e-ebad55f2ac79,1195,23678,0,0,23678,0
2000,on,P2_LARGEST,9b46292f-5a33-48d5-bb3e-ebad55f2ac79,1200,23678,0,0,23678,0
2000,on,P2_LARGEST,9b46292f-5a33-48d5-bb3e-ebad55f2ac79,1205,23678,0,0,23678,0
2000,on,P2_LARGEST,9b46292f-5a33-48d5-bb3e-ebad55f2ac79,1216,23678,0,0,23678,0
2000,on,P2_LARGEST,9b46292f-5a33-48d5-bb3e-ebad55f2ac79,1221,23678,0,0,23678,0
2000,on,P2_LARGEST,9b46292f-5a33-48d5-bb3e-ebad55f2ac79,1231,23678,0,0,23678,0
2000,on,P2_LARGEST,9b46292f-5a33-48d5-bb3e-ebad55f2ac79,1237,23678,0,0,23678,0
2000,on,P2_LARGEST,9b46292f-5a33-48d5-bb3e-ebad55f2ac79,1242,23678,0,0,23678,0
2000,on,P2_LARGEST,9b46292f-5a33-48d5-bb3e-ebad55f2ac79,1247,23678,0,0,23678,0
2000,on,P2_LARGEST,9b46292f-5a33-48d5-bb3e-ebad55f2ac79,1252,23678,0,0,23678,0
2000,on,P2_LARGEST,9b46292f-5a33-48d5-bb3e-ebad55f2ac79,1263,23678,0,0,23678,0
2000,on,P2_LARGEST,9b46292f-5a33-48d5-bb3e-ebad55f2ac79,1268,23678,0,0,23678,0
2000,on,P2_LARGEST,9b46292f-5a33-48d5-bb3e-ebad55f2ac79,1278,23678,0,0,23678,0
2000,on,P2_LARGEST,9b46292f-5a33-48d5-bb3e-ebad55f2ac79,1284,23678,0,0,23678,0
2000,on,P2_LARGEST,9b46292f-5a33-48d5-bb3e-ebad55f2ac79,1289,23678,0,0,23678,0
2000,on,P2_LARGEST,9b46292f-5a33-48d5-bb3e-ebad55f2ac79,1303,23678,0,0,23678,0
2000,on,P2_LARGEST,9b46292f-5a33-48d5-bb3e-ebad55f2ac79,1315,23678,0,0,23678,0
2000,on,P2_LARGEST,9b46292f-5a33-48d5-bb3e-ebad55f2ac79,1327,23678,0,0,23678,0
2000,on,P2_LARGEST,9b46292f-5a33-48d5-bb3e-ebad55f2ac79,1333,23678,0,0,23678,0
2000,on,P2_LARGEST,9b46292f-5a33-48d5-bb3e-ebad55f2ac79,1346,23678,0,0,23678,0
2000,on,P2_LARGEST,9b46292f-5a33-48d5-bb3e-ebad55f2ac79,1351,23678,0,0,23678,0
2000,on,P2_LARGEST,9b46292f-5a33-48d5-bb3e-ebad55f2ac79,1364,23678,0,0,23678,0
2000,on,P2_LARGEST,9b46292f-5a33-48d5-bb3e-ebad55f2ac79,1375,23678,0,0,23678,0
2000,on,P2_LARGEST,9b46292f-5a33-48d5-bb3e-ebad55f2ac79,1385,23678,0,0,23678,0
2000,on,P2_LARGEST,9b46292f-5a33-48d5-bb3e-ebad55f2ac79,1397,23678,0,0,23678,0
2000,on,P2_LARGEST,9b46292f-5a33-48d5-bb3e-ebad55f2ac79,1414,23678,0,0,23678,0
2000,on,P2_LARGEST,9b46292f-5a33-48d5-bb3e-ebad55f2ac79,1422,23678,0,0,23678,0
2000,on,P2_LARGEST,9b46292f-5a33-48d5-bb3e-ebad55f2ac79,1430,23678,0,0,23678,0
2000,on,P2_LARGEST,9b46292f-5a33-48d5-bb3e-ebad55f2ac79,1446,23678,0,0,23678,0
2000,on,P2_LARGEST,9b46292f-5a33-48d5-bb3e-ebad55f2ac79,1457,23678,0,0,23678,0
2000,on,P2_LARGEST,9b46292f-5a33-48d5-bb3e-ebad55f2ac79,1462,23678,0,0,23678,0
2000,on,P2_LARGEST,9b46292f-5a33-48d5-bb3e-ebad55f2ac79,1467,23678,0,0,23678,0
2000,on,P2_LARGEST,9b46292f-5a33-48d5-bb3e-ebad55f2ac79,1474,23678,0,0,23678,0
2000,on,P2_LARGEST,9b46292f-5a33-48d5-bb3e-ebad55f2ac79,1485,23678,0,0,23678,0
2000,on,P2_LARGEST,9b46292f-5a33-48d5-bb3e-ebad55f2ac79,1491,23678,0,0,23678,0
2000,on,P2_LARGEST,9b46292f-5a33-48d5-bb3e-ebad55f2ac79,1496,23678,0,0,23678,0
2000,on,P2_LARGEST,9b46292f-5a33-48d5-bb3e-ebad55f2ac79,1504,23678,0,0,23678,0
2000,on,P2_LARGEST,9b46292f-5a33-48d5-bb3e-ebad55f2ac79,1515,23678,0,0,23678,0
2000,on,P2_LARGEST,9b46292f-5a33-48d5-bb3e-ebad55f2ac79,1523,23678,0,0,23678,0
2000,on,P2_LARGEST,9b46292f-5a33-48d5-bb3e-ebad55f2ac79,1534,23678,0,0,23678,0
2000,on,P2_LARGEST,9b46292f-5a33-48d5-bb3e-ebad55f2ac79,1540,23678,0,0,23678,0
2000,on,P2_LARGEST,9b46292f-5a33-48d5-bb3e-ebad55f2ac79,1545,23678,0,0,23678,0
2000,on,P2_LARGEST,9b46292f-5a33-48d5-bb3e-ebad55f2ac79,1550,23678,0,0,23678,0
2000,on,P2_LARGEST,9b46292f-5a33-48d5-bb3e-ebad55f2ac79,1555,23678,0,0,23678,0
2000,on,P2_LARGEST,9b46292f-5a33-48d5-bb3e-ebad55f2ac79,1560,23678,0,0,23678,0
2000,on,P2_LARGEST,9b46292f-5a33-48d5-bb3e-ebad55f2ac79,1565,23678,0,0,23678,0
2000,on,P2_LARGEST,9b46292f-5a33-48d5-bb3e-ebad55f2ac79,1577,23678,0,0,23678,0
2000,on,P2_LARGEST,9b46292f-5a33-48d5-bb3e-ebad55f2ac79,1587,23678,0,0,23678,0
2000,on,P2_LARGEST,9b46292f-5a33-48d5-bb3e-ebad55f2ac79,1592,23678,0,0,23678,0
2000,on,P2_LARGEST,9b46292f-5a33-48d5-bb3e-ebad55f2ac79,1597,23678,0,0,23678,0
2000,on,P2_LARGEST,9b46292f-5a33-48d5-bb3e-ebad55f2ac79,1602,23678,0,0,23678,0
2000,on,P2_LARGEST,9b46292f-5a33-48d5-bb3e-ebad55f2ac79,1607,23678,0,0,23678,0
2000,on,P2_LARGEST,9b46292f-5a33-48d5-bb3e-ebad55f2ac79,1612,23678,0,0,23678,0
2000,on,P2_LARGEST,9b46292f-5a33-48d5-bb3e-ebad55f2ac79,1623,23678,0,0,23678,0
2000,on,P2_LARGEST,9b46292f-5a33-48d5-bb3e-ebad55f2ac79,1629,23678,0,0,23678,0
2000,on,P2_LARGEST,9b46292f-5a33-48d5-bb3e-ebad55f2ac79,1634,23678,0,0,23678,0
2000,on,P2_LARGEST,9b46292f-5a33-48d5-bb3e-ebad55f2ac79,1639,23678,0,0,23678,0
2000,on,P2_LARGEST,9b46292f-5a33-48d5-bb3e-ebad55f2ac79,1644,23678,0,0,23678,0
2000,on,P2_LARGEST,9b46292f-5a33-48d5-bb3e-ebad55f2ac79,1649,23678,0,0,23678,0
2000,on,P2_LARGEST,9b46292f-5a33-48d5-bb3e-ebad55f2ac79,1654,23678,0,0,23678,0
2000,on,P2_LARGEST,9b46292f-5a33-48d5-bb3e-ebad55f2ac79,1659,23678,0,0,23678,0
2000,on,P2_LARGEST,9b46292f-5a33-48d5-bb3e-ebad55f2ac79,1669,23678,0,0,23678,0
2000,on,P2_LARGEST,9b46292f-5a33-48d5-bb3e-ebad55f2ac79,1674,23678,0,0,23678,0
2000,on,P2_LARGEST,9b46292f-5a33-48d5-bb3e-ebad55f2ac79,1679,23678,0,0,23678,0
2000,on,P2_LARGEST,9b46292f-5a33-48d5-bb3e-ebad55f2ac79,1684,23678,0,0,23678,0
2000,on,P2_LARGEST,9b46292f-5a33-48d5-bb3e-ebad55f2ac79,1692,23678,0,0,23678,0
2000,on,P2_LARGEST,9b46292f-5a33-48d5-bb3e-ebad55f2ac79,1705,23678,0,0,23678,0
2000,on,P2_LARGEST,9b46292f-5a33-48d5-bb3e-ebad55f2ac79,1711,23678,0,0,23678,0
2000,on,P2_LARGEST,9b46292f-5a33-48d5-bb3e-ebad55f2ac79,1719,23678,0,0,23678,0
2000,on,P2_LARGEST,9b46292f-5a33-48d5-bb3e-ebad55f2ac79,1729,23678,0,0,23678,0
2000,on,P2_LARGEST,9b46292f-5a33-48d5-bb3e-ebad55f2ac79,1737,23678,0,0,23678,0
2000,on,P2_LARGEST,9b46292f-5a33-48d5-bb3e-ebad55f2ac79,1748,23678,0,0,23678,0
2000,on,P2_LARGEST,9b46292f-5a33-48d5-bb3e-ebad55f2ac79,1754,23678,0,0,23678,0
2000,on,P2_LARGEST,9b46292f-5a33-48d5-bb3e-ebad55f2ac79,1766,23678,0,0,23678,0
2000,on,P2_LARGEST,9b46292f-5a33-48d5-bb3e-ebad55f2ac79,1771,23678,0,0,23678,0
2000,on,P2_LARGEST,9b46292f-5a33-48d5-bb3e-ebad55f2ac79,1779,23678,0,0,23678,0
2000,on,P2_LARGEST,9b46292f-5a33-48d5-bb3e-ebad55f2ac79,1796,23678,0,0,23678,0
2000,on,P2_LARGEST,9b46292f-5a33-48d5-bb3e-ebad55f2ac79,1808,23678,0,0,23678,0
2000,on,P2_LARGEST,9b46292f-5a33-48d5-bb3e-ebad55f2ac79,1823,23678,0,0,23678,0
2000,on,P2_LARGEST,9b46292f-5a33-48d5-bb3e-ebad55f2ac79,1833,23678,0,0,23678,0
2000,on,P2_LARGEST,e7e6ba6b-14d0-45df-a870-da2a7bca55c6,15,8095,0,0,8095,0
2000,on,P2_LARGEST,e7e6ba6b-14d0-45df-a870-da2a7bca55c6,20,8638,0,0,8638,0
2000,on,P2_LARGEST,e7e6ba6b-14d0-45df-a870-da2a7bca55c6,26,8728,0,0,8728,0
2000,on,P2_LARGEST,e7e6ba6b-14d0-45df-a870-da2a7bca55c6,31,9301,0,0,9301,0
2000,on,P2_LARGEST,e7e6ba6b-14d0-45df-a870-da2a7bca55c6,36,10109,0,0,10109,0
2000,on,P2_LARGEST,e7e6ba6b-14d0-45df-a870-da2a7bca55c6,41,10512,0,0,10512,0
2000,on,P2_LARGEST,e7e6ba6b-14d0-45df-a870-da2a7bca55c6,46,10667,0,0,10667,0
2000,on,P2_LARGEST,e7e6ba6b-14d0-45df-a870-da2a7bca55c6,51,10771,0,0,10771,0
2000,on,P2_LARGEST,e7e6ba6b-14d0-45df-a870-da2a7bca55c6,56,10870,0,0,10870,0
2000,on,P2_LARGEST,e7e6ba6b-14d0-45df-a870-da2a7bca55c6,61,10973,0,0,10973,0
2000,on,P2_LARGEST,e7e6ba6b-14d0-45df-a870-da2a7bca55c6,66,11512,0,0,11512,0
2000,on,P2_LARGEST,e7e6ba6b-14d0-45df-a870-da2a7bca55c6,71,11764,0,0,11764,0
2000,on,P2_LARGEST,e7e6ba6b-14d0-45df-a870-da2a7bca55c6,76,12284,0,0,12284,0
2000,on,P2_LARGEST,e7e6ba6b-14d0-45df-a870-da2a7bca55c6,81,12786,0,0,12786,0
2000,on,P2_LARGEST,e7e6ba6b-14d0-45df-a870-da2a7bca55c6,87,13596,0,0,13596,0
2000,on,P2_LARGEST,e7e6ba6b-14d0-45df-a870-da2a7bca55c6,95,14108,0,0,14108,0
2000,on,P2_LARGEST,e7e6ba6b-14d0-45df-a870-da2a7bca55c6,102,16055,0,0,16055,0
2000,on,P2_LARGEST,e7e6ba6b-14d0-45df-a870-da2a7bca55c6,107,17695,0,0,17695,0
2000,on,P2_LARGEST,e7e6ba6b-14d0-45df-a870-da2a7bca55c6,112,18434,0,0,18434,0
2000,on,P2_LARGEST,e7e6ba6b-14d0-45df-a870-da2a7bca55c6,120,19519,0,0,19519,0
2000,on,P2_LARGEST,fb5923d8-541f-45e7-a20f-2f62269fc77c,15,6677,0,0,6677,0
2000,on,P2_LARGEST,fb5923d8-541f-45e7-a20f-2f62269fc77c,20,6677,0,0,6677,0
2000,on,P2_LARGEST,fb5923d8-541f-45e7-a20f-2f62269fc77c,25,6677,0,0,6677,0
2000,on,P2_LARGEST,fb5923d8-541f-45e7-a20f-2f62269fc77c,37,6677,0,0,6677,0
2000,on,P2_LARGEST,fb5923d8-541f-45e7-a20f-2f62269fc77c,44,6677,0,0,6677,0
2000,on,P2_LARGEST,fb5923d8-541f-45e7-a20f-2f62269fc77c,54,6677,0,0,6677,0
2000,on,P2_LARGEST,fb5923d8-541f-45e7-a20f-2f62269fc77c,67,6677,0,0,6677,0
2000,on,P2_LARGEST,fb5923d8-541f-45e7-a20f-2f62269fc77c,78,6677,0,0,6677,0
2000,on,P2_LARGEST,fb5923d8-541f-45e7-a20f-2f62269fc77c,83,6677,0,0,6677,0
2000,on,P2_LARGEST,fb5923d8-541f-45e7-a20f-2f62269fc77c,93,6677,0,0,6677,0
2000,on,P2_LARGEST,fb5923d8-541f-45e7-a20f-2f62269fc77c,100,6677,0,0,6677,0
2000,on,P2_LARGEST,fb5923d8-541f-45e7-a20f-2f62269fc77c,113,6677,0,0,6677,0
2000,on,P2_LARGEST,fb5923d8-541f-45e7-a20f-2f62269fc77c,119,6677,0,0,6677,0
2000,on,P2_LARGEST,fb5923d8-541f-45e7-a20f-2f62269fc77c,129,6677,0,0,6677,0
2000,on,P2_LARGEST,fb5923d8-541f-45e7-a20f-2f62269fc77c,139,6677,0,0,6677,0
2000,on,P2_LARGEST,fb5923d8-541f-45e7-a20f-2f62269fc77c,144,6677,0,0,6677,0
2000,on,P2_LARGEST,fb5923d8-541f-45e7-a20f-2f62269fc77c,159,6677,0,0,6677,0
2000,on,P2_LARGEST,fb5923d8-541f-45e7-a20f-2f62269fc77c,167,6677,0,0,6677,0
2000,on,P2_LARGEST,fb5923d8-541f-45e7-a20f-2f62269fc77c,178,6677,0,0,6677,0
2000,on,P2_LARGEST,fb5923d8-541f-45e7-a20f-2f62269fc77c,185,6677,0,0,6677,0
2000,on,P2_LARGEST,fb5923d8-541f-45e7-a20f-2f62269fc77c,194,6677,0,0,6677,0
2000,on,P2_LARGEST,fb5923d8-541f-45e7-a20f-2f62269fc77c,205,6677,0,0,6677,0
2000,on,P2_LARGEST,fb5923d8-541f-45e7-a20f-2f62269fc77c,211,6677,0,0,6677,0
2000,on,P2_LARGEST,fb5923d8-541f-45e7-a20f-2f62269fc77c,223,6677,0,0,6677,0
2000,on,P2_LARGEST,fb5923d8-541f-45e7-a20f-2f62269fc77c,234,6677,0,0,6677,0
2000,on,P2_LARGEST,fb5923d8-541f-45e7-a20f-2f62269fc77c,242,6677,0,0,6677,0
2000,on,P2_LARGEST,fb5923d8-541f-45e7-a20f-2f62269fc77c,252,6677,0,0,6677,0
2000,on,P2_LARGEST,fb5923d8-541f-45e7-a20f-2f62269fc77c,262,6677,0,0,6677,0
2000,on,P2_LARGEST,fb5923d8-541f-45e7-a20f-2f62269fc77c,269,6677,0,0,6677,0
2000,on,P2_LARGEST,fb5923d8-541f-45e7-a20f-2f62269fc77c,274,6677,0,0,6677,0
2000,on,P2_LARGEST,fb5923d8-541f-45e7-a20f-2f62269fc77c,281,6677,0,0,6677,0
2000,on,P2_LARGEST,fb5923d8-541f-45e7-a20f-2f62269fc77c,294,6677,0,0,6677,0
2000,on,P2_LARGEST,fb5923d8-541f-45e7-a20f-2f62269fc77c,300,6677,0,0,6677,0
2000,on,P2_LARGEST,fb5923d8-541f-45e7-a20f-2f62269fc77c,312,6677,0,0,6677,0
2000,on,P2_LARGEST,fb5923d8-541f-45e7-a20f-2f62269fc77c,317,6677,0,0,6677,0
2000,on,P2_LARGEST,fb5923d8-541f-45e7-a20f-2f62269fc77c,328,6677,0,0,6677,0
2000,on,P2_LARGEST,fb5923d8-541f-45e7-a20f-2f62269fc77c,338,6677,0,0,6677,0
2000,on,P2_LARGEST,fb5923d8-541f-45e7-a20f-2f62269fc77c,346,6677,0,0,6677,0
2000,on,P2_LARGEST,fb5923d8-541f-45e7-a20f-2f62269fc77c,359,6677,0,0,6677,0
2000,on,P2_LARGEST,fb5923d8-541f-45e7-a20f-2f62269fc77c,364,6677,0,0,6677,0
2000,on,P2_LARGEST,fb5923d8-541f-45e7-a20f-2f62269fc77c,374,6677,0,0,6677,0
2000,on,P2_LARGEST,fb5923d8-541f-45e7-a20f-2f62269fc77c,379,6677,0,0,6677,0
2000,on,P2_LARGEST,fb5923d8-541f-45e7-a20f-2f62269fc77c,389,6677,0,0,6677,0
2000,on,P2_LARGEST,fb5923d8-541f-45e7-a20f-2f62269fc77c,395,6677,0,0,6677,0
2000,on,P2_LARGEST,fb5923d8-541f-45e7-a20f-2f62269fc77c,406,6677,0,0,6677,0
2000,on,P2_LARGEST,fb5923d8-541f-45e7-a20f-2f62269fc77c,418,6677,0,0,6677,0
2000,on,P2_LARGEST,fb5923d8-541f-45e7-a20f-2f62269fc77c,430,6677,0,0,6677,0
2000,on,P2_LARGEST,fb5923d8-541f-45e7-a20f-2f62269fc77c,438,6677,0,0,6677,0
2000,on,P2_LARGEST,fb5923d8-541f-45e7-a20f-2f62269fc77c,449,6677,0,0,6677,0
2000,on,P2_LARGEST,fb5923d8-541f-45e7-a20f-2f62269fc77c,454,6677,0,0,6677,0
2000,on,P2_LARGEST,fb5923d8-541f-45e7-a20f-2f62269fc77c,459,6677,0,0,6677,0
2000,on,P2_LARGEST,fb5923d8-541f-45e7-a20f-2f62269fc77c,464,6677,0,0,6677,0
2000,on,P2_LARGEST,fb5923d8-541f-45e7-a20f-2f62269fc77c,474,6677,0,0,6677,0
2000,on,P2_LARGEST,fb5923d8-541f-45e7-a20f-2f62269fc77c,484,6677,0,0,6677,0
2000,on,P2_LARGEST,fb5923d8-541f-45e7-a20f-2f62269fc77c,489,6677,0,0,6677,0
2000,on,P2_LARGEST,fb5923d8-541f-45e7-a20f-2f62269fc77c,502,6677,0,0,6677,0
2000,on,P2_LARGEST,fb5923d8-541f-45e7-a20f-2f62269fc77c,508,6677,0,0,6677,0
2000,on,P2_LARGEST,fb5923d8-541f-45e7-a20f-2f62269fc77c,518,6677,0,0,6677,0
2000,on,P2_LARGEST,fb5923d8-541f-45e7-a20f-2f62269fc77c,523,6677,0,0,6677,0
2000,on,P2_LARGEST,fb5923d8-541f-45e7-a20f-2f62269fc77c,534,6677,0,0,6677,0
2000,on,P2_LARGEST,fb5923d8-541f-45e7-a20f-2f62269fc77c,544,6677,0,0,6677,0
2000,on,P2_LARGEST,fb5923d8-541f-45e7-a20f-2f62269fc77c,550,6677,0,0,6677,0
2000,on,P2_LARGEST,fb5923d8-541f-45e7-a20f-2f62269fc77c,555,6677,0,0,6677,0
2000,on,P2_LARGEST,fb5923d8-541f-45e7-a20f-2f62269fc77c,560,6677,0,0,6677,0
2000,on,P2_LARGEST,fb5923d8-541f-45e7-a20f-2f62269fc77c,565,6677,0,0,6677,0
2000,on,P2_LARGEST,fb5923d8-541f-45e7-a20f-2f62269fc77c,570,6677,0,0,6677,0
2000,on,P2_LARGEST,fb5923d8-541f-45e7-a20f-2f62269fc77c,575,6677,0,0,6677,0
