cap,policy,uuid,step,metered_before,n_evicted,tokens_freed,metered_after,over_budget_after
2000,P2_LARGEST,01e268e6-b99f-4d90-b192-667992d574b7,179,9729,0,0,9729,0
2000,P2_LARGEST,01e268e6-b99f-4d90-b192-667992d574b7,346,11441,0,0,11441,0
2000,P2_LARGEST,01e268e6-b99f-4d90-b192-667992d574b7,554,13628,0,0,13628,0
2000,P2_LARGEST,01e268e6-b99f-4d90-b192-667992d574b7,926,16076,0,0,16076,0
4000,P2_LARGEST,01e268e6-b99f-4d90-b192-667992d574b7,179,9729,0,0,9729,0
4000,P2_LARGEST,01e268e6-b99f-4d90-b192-667992d574b7,346,11441,0,0,11441,0
4000,P2_LARGEST,01e268e6-b99f-4d90-b192-667992d574b7,554,13628,0,0,13628,0
4000,P2_LARGEST,01e268e6-b99f-4d90-b192-667992d574b7,926,16076,0,0,16076,0
8000,P2_LARGEST,01e268e6-b99f-4d90-b192-667992d574b7,179,9729,0,0,9729,0
8000,P2_LARGEST,01e268e6-b99f-4d90-b192-667992d574b7,346,11441,0,0,11441,0
8000,P2_LARGEST,01e268e6-b99f-4d90-b192-667992d574b7,554,13628,0,0,13628,0
8000,P2_LARGEST,01e268e6-b99f-4d90-b192-667992d574b7,926,16076,0,0,16076,0
none,P2_LARGEST,01e268e6-b99f-4d90-b192-667992d574b7,179,9729,0,0,9729,0
none,P2_LARGEST,01e268e6-b99f-4d90-b192-667992d574b7,346,11441,0,0,11441,0
none,P2_LARGEST,01e268e6-b99f-4d90-b192-667992d574b7,554,13628,0,0,13628,0
none,P2_LARGEST,01e268e6-b99f-4d90-b192-667992d574b7,926,16076,0,0,16076,0
2000,P2_LARGEST,3696034f-d67b-4ccf-955f-9a734797d153,116,9395,0,0,9395,0
4000,P2_LARGEST,3696034f-d67b-4ccf-955f-9a734797d153,116,9395,0,0,9395,0
8000,P2_LARGEST,3696034f-d67b-4ccf-955f-9a734797d153,116,9395,0,0,9395,0
none,P2_LARGEST,3696034f-d67b-4ccf-955f-9a734797d153,116,9395,0,0,9395,0
2000,P2_LARGEST,621406b3-39db-4b2d-894d-6ec9ec475b12,273,9401,0,0,9401,0
4000,P2_LARGEST,621406b3-39db-4b2d-894d-6ec9ec475b12,273,9401,0,0,9401,0
8000,P2_LARGEST,621406b3-39db-4b2d-894d-6ec9ec475b12,273,9401,0,0,9401,0
none,P2_LARGEST,621406b3-39db-4b2d-894d-6ec9ec475b12,273,9401,0,0,9401,0
2000,P2_LARGEST,dceef225-d947-42c3-9dff-d202e74e4370,114,9413,0,0,9413,0
2000,P2_LARGEST,dceef225-d947-42c3-9dff-d202e74e4370,475,10030,0,0,10030,0
4000,P2_LARGEST,dceef225-d947-42c3-9dff-d202e74e4370,114,9413,0,0,9413,0
4000,P2_LARGEST,dceef225-d947-42c3-9dff-d202e74e4370,475,10030,0,0,10030,0
8000,P2_LARGEST,dceef225-d947-42c3-9dff-d202e74e4370,114,9413,0,0,9413,0
8000,P2_LARGEST,dceef225-d947-42c3-9dff-d202e74e4370,475,10030,0,0,10030,0
none,P2_LARGEST,dceef225-d947-42c3-9dff-d202e74e4370,114,9413,0,0,9413,0
none,P2_LARGEST,dceef225-d947-42c3-9dff-d202e74e4370,475,24512,0,0,24512,0
2000,P2_LARGEST,00e3b756-6d28-40a4-97fb-0327e2ca15f3,65,9297,0,0,9297,0
2000,P2_LARGEST,00e3b756-6d28-40a4-97fb-0327e2ca15f3,132,9843,0,0,9843,0
2000,P2_LARGEST,00e3b756-6d28-40a4-97fb-0327e2ca15f3,192,9957,0,0,9957,0
2000,P2_LARGEST,00e3b756-6d28-40a4-97fb-0327e2ca15f3,435,10391,0,0,10391,0
2000,P2_LARGEST,00e3b756-6d28-40a4-97fb-0327e2ca15f3,742,11127,0,0,11127,0
4000,P2_LARGEST,00e3b756-6d28-40a4-97fb-0327e2ca15f3,65,9297,0,0,9297,0
4000,P2_LARGEST,00e3b756-6d28-40a4-97fb-0327e2ca15f3,132,9843,0,0,9843,0
4000,P2_LARGEST,00e3b756-6d28-40a4-97fb-0327e2ca15f3,192,9957,0,0,9957,0
4000,P2_LARGEST,00e3b756-6d28-40a4-97fb-0327e2ca15f3,435,10391,0,0,10391,0
4000,P2_LARGEST,00e3b756-6d28-40a4-97fb-0327e2ca15f3,742,11127,0,0,11127,0
8000,P2_LARGEST,00e3b756-6d28-40a4-97fb-0327e2ca15f3,65,9297,0,0,9297,0
8000,P2_LARGEST,00e3b756-6d28-40a4-97fb-0327e2ca15f3,132,9843,0,0,9843,0
8000,P2_LARGEST,00e3b756-6d28-40a4-97fb-0327e2ca15f3,192,9957,0,0,9957,0
8000,P2_LARGEST,00e3b756-6d28-40a4-97fb-0327e2ca15f3,435,10391,0,0,10391,0
8000,P2_LARGEST,00e3b756-6d28-40a4-97fb-0327e2ca15f3,742,11127,0,0,11127,0
none,P2_LARGEST,00e3b756-6d28-40a4-97fb-0327e2ca15f3,65,9297,0,0,9297,0
none,P2_LARGEST,00e3b756-6d28-40a4-97fb-0327e2ca15f3,132,9843,0,0,9843,0
none,P2_LARGEST,00e3b756-6d28-40a4-97fb-0327e2ca15f3,192,9957,0,0,9957,0
none,P2_LARGEST,00e3b756-6d28-40a4-97fb-0327e2ca15f3,435,10391,0,0,10391,0
none,P2_LARGEST,00e3b756-6d28-40a4-97fb-0327e2ca15f3,742,11127,0,0,11127,0
2000,P2_LARGEST,02916586-2a93-45cb-b397-e91f985e52f6,15,9387,0,0,9387,0
2000,P2_LARGEST,02916586-2a93-45cb-b397-e91f985e52f6,22,12187,0,0,12187,0
2000,P2_LARGEST,02916586-2a93-45cb-b397-e91f985e52f6,27,13481,0,0,13481,0
2000,P2_LARGEST,02916586-2a93-45cb-b397-e91f985e52f6,32,20289,0,0,20289,0
2000,P2_LARGEST,02916586-2a93-45cb-b397-e91f985e52f6,40,21172,1,6746,14426,0
2000,P2_LARGEST,02916586-2a93-45cb-b397-e91f985e52f6,48,15695,0,0,15695,0
2000,P2_LARGEST,02916586-2a93-45cb-b397-e91f985e52f6,56,18267,0,0,18267,0
2000,P2_LARGEST,02916586-2a93-45cb-b397-e91f985e52f6,69,22296,2,4270,18026,0
2000,P2_LARGEST,02916586-2a93-45cb-b397-e91f985e52f6,77,20782,1,1372,19410,0
2000,P2_LARGEST,02916586-2a93-45cb-b397-e91f985e52f6,84,22327,3,3586,18741,0
2000,P2_LARGEST,02916586-2a93-45cb-b397-e91f985e52f6,89,19509,0,0,19509,0
2000,P2_LARGEST,02916586-2a93-45cb-b397-e91f985e52f6,102,25684,2,6389,19295,0
2000,P2_LARGEST,02916586-2a93-45cb-b397-e91f985e52f6,108,22895,4,4159,18736,0
2000,P2_LARGEST,02916586-2a93-45cb-b397-e91f985e52f6,116,20889,1,3447,17442,0
2000,P2_LARGEST,02916586-2a93-45cb-b397-e91f985e52f6,126,20389,0,0,20389,0
4000,P2_LARGEST,02916586-2a93-45cb-b397-e91f985e52f6,15,9387,0,0,9387,0
4000,P2_LARGEST,02916586-2a93-45cb-b397-e91f985e52f6,22,12187,0,0,12187,0
4000,P2_LARGEST,02916586-2a93-45cb-b397-e91f985e52f6,27,13481,0,0,13481,0
4000,P2_LARGEST,02916586-2a93-45cb-b397-e91f985e52f6,32,20289,0,0,20289,0
4000,P2_LARGEST,02916586-2a93-45cb-b397-e91f985e52f6,40,21172,1,6746,14426,0
4000,P2_LARGEST,02916586-2a93-45cb-b397-e91f985e52f6,48,15695,0,0,15695,0
4000,P2_LARGEST,02916586-2a93-45cb-b397-e91f985e52f6,56,18267,0,0,18267,0
4000,P2_LARGEST,02916586-2a93-45cb-b397-e91f985e52f6,69,22296,2,4270,18026,0
4000,P2_LARGEST,02916586-2a93-45cb-b397-e91f985e52f6,77,20782,1,1372,19410,0
4000,P2_LARGEST,02916586-2a93-45cb-b397-e91f985e52f6,84,22327,3,3586,18741,0
4000,P2_LARGEST,02916586-2a93-45cb-b397-e91f985e52f6,89,22866,4,4159,18707,0
4000,P2_LARGEST,02916586-2a93-45cb-b397-e91f985e52f6,102,24882,2,8805,16077,0
4000,P2_LARGEST,02916586-2a93-45cb-b397-e91f985e52f6,108,19677,0,0,19677,0
4000,P2_LARGEST,02916586-2a93-45cb-b397-e91f985e52f6,116,21830,1,3447,18383,0
4000,P2_LARGEST,02916586-2a93-45cb-b397-e91f985e52f6,126,21330,2,3241,18089,0
8000,P2_LARGEST,02916586-2a93-45cb-b397-e91f985e52f6,15,9387,0,0,9387,0
8000,P2_LARGEST,02916586-2a93-45cb-b397-e91f985e52f6,22,12187,0,0,12187,0
8000,P2_LARGEST,02916586-2a93-45cb-b397-e91f985e52f6,27,13481,0,0,13481,0
8000,P2_LARGEST,02916586-2a93-45cb-b397-e91f985e52f6,32,20289,0,0,20289,0
8000,P2_LARGEST,02916586-2a93-45cb-b397-e91f985e52f6,40,21172,1,6746,14426,0
8000,P2_LARGEST,02916586-2a93-45cb-b397-e91f985e52f6,48,15695,0,0,15695,0
8000,P2_LARGEST,02916586-2a93-45cb-b397-e91f985e52f6,56,18267,0,0,18267,0
8000,P2_LARGEST,02916586-2a93-45cb-b397-e91f985e52f6,69,22296,2,4270,18026,0
8000,P2_LARGEST,02916586-2a93-45cb-b397-e91f985e52f6,77,20782,1,1372,19410,0
8000,P2_LARGEST,02916586-2a93-45cb-b397-e91f985e52f6,84,22327,3,3586,18741,0
8000,P2_LARGEST,02916586-2a93-45cb-b397-e91f985e52f6,89,22866,4,4159,18707,0
8000,P2_LARGEST,02916586-2a93-45cb-b397-e91f985e52f6,102,24882,2,8805,16077,0
8000,P2_LARGEST,02916586-2a93-45cb-b397-e91f985e52f6,108,19677,0,0,19677,0
8000,P2_LARGEST,02916586-2a93-45cb-b397-e91f985e52f6,116,21830,1,3447,18383,0
8000,P2_LARGEST,02916586-2a93-45cb-b397-e91f985e52f6,126,21330,2,3241,18089,0
none,P2_LARGEST,02916586-2a93-45cb-b397-e91f985e52f6,15,9387,0,0,9387,0
none,P2_LARGEST,02916586-2a93-45cb-b397-e91f985e52f6,22,12187,0,0,12187,0
none,P2_LARGEST,02916586-2a93-45cb-b397-e91f985e52f6,27,13481,0,0,13481,0
none,P2_LARGEST,02916586-2a93-45cb-b397-e91f985e52f6,32,20289,0,0,20289,0
none,P2_LARGEST,02916586-2a93-45cb-b397-e91f985e52f6,40,21172,1,6746,14426,0
none,P2_LARGEST,02916586-2a93-45cb-b397-e91f985e52f6,48,15695,0,0,15695,0
none,P2_LARGEST,02916586-2a93-45cb-b397-e91f985e52f6,56,18267,0,0,18267,0
none,P2_LARGEST,02916586-2a93-45cb-b397-e91f985e52f6,69,22296,2,4270,18026,0
none,P2_LARGEST,02916586-2a93-45cb-b397-e91f985e52f6,77,20782,1,1372,19410,0
none,P2_LARGEST,02916586-2a93-45cb-b397-e91f985e52f6,84,22327,3,3586,18741,0
none,P2_LARGEST,02916586-2a93-45cb-b397-e91f985e52f6,89,22866,4,4159,18707,0
none,P2_LARGEST,02916586-2a93-45cb-b397-e91f985e52f6,102,24882,2,8805,16077,0
none,P2_LARGEST,02916586-2a93-45cb-b397-e91f985e52f6,108,19677,0,0,19677,0
none,P2_LARGEST,02916586-2a93-45cb-b397-e91f985e52f6,116,21830,1,3447,18383,0
none,P2_LARGEST,02916586-2a93-45cb-b397-e91f985e52f6,126,21330,2,3241,18089,0
2000,P2_LARGEST,032ac214-c4ac-4b5e-86b5-87982f132965,680,8976,0,0,8976,0
4000,P2_LARGEST,032ac214-c4ac-4b5e-86b5-87982f132965,680,8976,0,0,8976,0
8000,P2_LARGEST,032ac214-c4ac-4b5e-86b5-87982f132965,680,8976,0,0,8976,0
none,P2_LARGEST,032ac214-c4ac-4b5e-86b5-87982f132965,680,8976,0,0,8976,0
2000,P2_LARGEST,05c95d34-0b28-4dae-8a1c-40ff236e281d,186,5910,0,0,5910,0
2000,P2_LARGEST,05c95d34-0b28-4dae-8a1c-40ff236e281d,248,6082,0,0,6082,0
2000,P2_LARGEST,05c95d34-0b28-4dae-8a1c-40ff236e281d,306,6146,0,0,6146,0
2000,P2_LARGEST,05c95d34-0b28-4dae-8a1c-40ff236e281d,793,6196,0,0,6196,0
2000,P2_LARGEST,05c95d34-0b28-4dae-8a1c-40ff236e281d,1238,7554,0,0,7554,0
2000,P2_LARGEST,05c95d34-0b28-4dae-8a1c-40ff236e281d,1401,7997,0,0,7997,0
2000,P2_LARGEST,05c95d34-0b28-4dae-8a1c-40ff236e281d,1555,9081,0,0,9081,0
2000,P2_LARGEST,05c95d34-0b28-4dae-8a1c-40ff236e281d,2867,10853,0,0,10853,0
4000,P2_LARGEST,05c95d34-0b28-4dae-8a1c-40ff236e281d,186,5910,0,0,5910,0
4000,P2_LARGEST,05c95d34-0b28-4dae-8a1c-40ff236e281d,248,6082,0,0,6082,0
4000,P2_LARGEST,05c95d34-0b28-4dae-8a1c-40ff236e281d,306,6146,0,0,6146,0
4000,P2_LARGEST,05c95d34-0b28-4dae-8a1c-40ff236e281d,793,6196,0,0,6196,0
4000,P2_LARGEST,05c95d34-0b28-4dae-8a1c-40ff236e281d,1238,7554,0,0,7554,0
4000,P2_LARGEST,05c95d34-0b28-4dae-8a1c-40ff236e281d,1401,7997,0,0,7997,0
4000,P2_LARGEST,05c95d34-0b28-4dae-8a1c-40ff236e281d,1555,9081,0,0,9081,0
4000,P2_LARGEST,05c95d34-0b28-4dae-8a1c-40ff236e281d,2867,10853,0,0,10853,0
8000,P2_LARGEST,05c95d34-0b28-4dae-8a1c-40ff236e281d,186,5910,0,0,5910,0
8000,P2_LARGEST,05c95d34-0b28-4dae-8a1c-40ff236e281d,248,6082,0,0,6082,0
8000,P2_LARGEST,05c95d34-0b28-4dae-8a1c-40ff236e281d,306,6146,0,0,6146,0
8000,P2_LARGEST,05c95d34-0b28-4dae-8a1c-40ff236e281d,793,6196,0,0,6196,0
8000,P2_LARGEST,05c95d34-0b28-4dae-8a1c-40ff236e281d,1238,7554,0,0,7554,0
8000,P2_LARGEST,05c95d34-0b28-4dae-8a1c-40ff236e281d,1401,7997,0,0,7997,0
8000,P2_LARGEST,05c95d34-0b28-4dae-8a1c-40ff236e281d,1555,9081,0,0,9081,0
8000,P2_LARGEST,05c95d34-0b28-4dae-8a1c-40ff236e281d,2867,10853,0,0,10853,0
none,P2_LARGEST,05c95d34-0b28-4dae-8a1c-40ff236e281d,186,5910,0,0,5910,0
none,P2_LARGEST,05c95d34-0b28-4dae-8a1c-40ff236e281d,248,6082,0,0,6082,0
none,P2_LARGEST,05c95d34-0b28-4dae-8a1c-40ff236e281d,306,6146,0,0,6146,0
none,P2_LARGEST,05c95d34-0b28-4dae-8a1c-40ff236e281d,793,6196,0,0,6196,0
none,P2_LARGEST,05c95d34-0b28-4dae-8a1c-40ff236e281d,1238,7554,0,0,7554,0
none,P2_LARGEST,05c95d34-0b28-4dae-8a1c-40ff236e281d,1401,7997,0,0,7997,0
none,P2_LARGEST,05c95d34-0b28-4dae-8a1c-40ff236e281d,1555,9081,0,0,9081,0
none,P2_LARGEST,05c95d34-0b28-4dae-8a1c-40ff236e281d,2867,10853,0,0,10853,0
2000,P2_LARGEST,06a8c5ee-cd3f-4e43-be56-bc000ce77807,96,1730,0,0,1730,0
2000,P2_LARGEST,06a8c5ee-cd3f-4e43-be56-bc000ce77807,131,1830,0,0,1830,0
2000,P2_LARGEST,06a8c5ee-cd3f-4e43-be56-bc000ce77807,454,1878,0,0,1878,0
4000,P2_LARGEST,06a8c5ee-cd3f-4e43-be56-bc000ce77807,96,1730,0,0,1730,0
4000,P2_LARGEST,06a8c5ee-cd3f-4e43-be56-bc000ce77807,131,1830,0,0,1830,0
4000,P2_LARGEST,06a8c5ee-cd3f-4e43-be56-bc000ce77807,454,1878,0,0,1878,0
8000,P2_LARGEST,06a8c5ee-cd3f-4e43-be56-bc000ce77807,96,1730,0,0,1730,0
8000,P2_LARGEST,06a8c5ee-cd3f-4e43-be56-bc000ce77807,131,1830,0,0,1830,0
8000,P2_LARGEST,06a8c5ee-cd3f-4e43-be56-bc000ce77807,454,1878,0,0,1878,0
none,P2_LARGEST,06a8c5ee-cd3f-4e43-be56-bc000ce77807,96,1730,0,0,1730,0
none,P2_LARGEST,06a8c5ee-cd3f-4e43-be56-bc000ce77807,131,1830,0,0,1830,0
none,P2_LARGEST,06a8c5ee-cd3f-4e43-be56-bc000ce77807,454,1878,0,0,1878,0
2000,P2_LARGEST,06d3d0c0-ef39-4291-a3bc-b19b8eeb42ac,193,9165,0,0,9165,0
2000,P2_LARGEST,06d3d0c0-ef39-4291-a3bc-b19b8eeb42ac,334,10476,0,0,10476,0
2000,P2_LARGEST,06d3d0c0-ef39-4291-a3bc-b19b8eeb42ac,2195,11604,0,0,11604,0
4000,P2_LARGEST,06d3d0c0-ef39-4291-a3bc-b19b8eeb42ac,193,9165,0,0,9165,0
4000,P2_LARGEST,06d3d0c0-ef39-4291-a3bc-b19b8eeb42ac,334,10476,0,0,10476,0
4000,P2_LARGEST,06d3d0c0-ef39-4291-a3bc-b19b8eeb42ac,2195,11604,0,0,11604,0
8000,P2_LARGEST,06d3d0c0-ef39-4291-a3bc-b19b8eeb42ac,193,9165,0,0,9165,0
8000,P2_LARGEST,06d3d0c0-ef39-4291-a3bc-b19b8eeb42ac,334,10476,0,0,10476,0
8000,P2_LARGEST,06d3d0c0-ef39-4291-a3bc-b19b8eeb42ac,2195,11604,0,0,11604,0
none,P2_LARGEST,06d3d0c0-ef39-4291-a3bc-b19b8eeb42ac,193,9165,0,0,9165,0
none,P2_LARGEST,06d3d0c0-ef39-4291-a3bc-b19b8eeb42ac,334,10476,0,0,10476,0
none,P2_LARGEST,06d3d0c0-ef39-4291-a3bc-b19b8eeb42ac,2195,11604,0,0,11604,0
2000,P2_LARGEST,0947a960-6d42-4c99-8b7c-5a0df6a32ac3,428,9297,0,0,9297,0
2000,P2_LARGEST,0947a960-6d42-4c99-8b7c-5a0df6a32ac3,1236,10330,0,0,10330,0
2000,P2_LARGEST,0947a960-6d42-4c99-8b7c-5a0df6a32ac3,1430,11134,0,0,11134,0
2000,P2_LARGEST,0947a960-6d42-4c99-8b7c-5a0df6a32ac3,2214,12656,0,0,12656,0
2000,P2_LARGEST,0947a960-6d42-4c99-8b7c-5a0df6a32ac3,3903,14482,0,0,14482,0
2000,P2_LARGEST,0947a960-6d42-4c99-8b7c-5a0df6a32ac3,4130,16165,0,0,16165,0
2000,P2_LARGEST,0947a960-6d42-4c99-8b7c-5a0df6a32ac3,4230,17073,0,0,17073,0
2000,P2_LARGEST,0947a960-6d42-4c99-8b7c-5a0df6a32ac3,4499,17824,0,0,17824,0
2000,P2_LARGEST,0947a960-6d42-4c99-8b7c-5a0df6a32ac3,5533,19016,0,0,19016,0
2000,P2_LARGEST,0947a960-6d42-4c99-8b7c-5a0df6a32ac3,5652,20042,0,0,20042,0
2000,P2_LARGEST,0947a960-6d42-4c99-8b7c-5a0df6a32ac3,6105,21474,0,0,21474,0
2000,P2_LARGEST,0947a960-6d42-4c99-8b7c-5a0df6a32ac3,7000,22976,0,0,22976,0
2000,P2_LARGEST,0947a960-6d42-4c99-8b7c-5a0df6a32ac3,7974,24031,0,0,24031,0
4000,P2_LARGEST,0947a960-6d42-4c99-8b7c-5a0df6a32ac3,428,9297,0,0,9297,0
4000,P2_LARGEST,0947a960-6d42-4c99-8b7c-5a0df6a32ac3,1236,10330,0,0,10330,0
4000,P2_LARGEST,0947a960-6d42-4c99-8b7c-5a0df6a32ac3,1430,11134,0,0,11134,0
4000,P2_LARGEST,0947a960-6d42-4c99-8b7c-5a0df6a32ac3,2214,12656,0,0,12656,0
4000,P2_LARGEST,0947a960-6d42-4c99-8b7c-5a0df6a32ac3,3903,16698,0,0,16698,0
4000,P2_LARGEST,0947a960-6d42-4c99-8b7c-5a0df6a32ac3,4130,18381,0,0,18381,0
4000,P2_LARGEST,0947a960-6d42-4c99-8b7c-5a0df6a32ac3,4230,19289,0,0,19289,0
4000,P2_LARGEST,0947a960-6d42-4c99-8b7c-5a0df6a32ac3,4499,20040,0,0,20040,0
4000,P2_LARGEST,0947a960-6d42-4c99-8b7c-5a0df6a32ac3,5533,21232,0,0,21232,0
4000,P2_LARGEST,0947a960-6d42-4c99-8b7c-5a0df6a32ac3,5652,22258,0,0,22258,0
4000,P2_LARGEST,0947a960-6d42-4c99-8b7c-5a0df6a32ac3,6105,23690,0,0,23690,0
4000,P2_LARGEST,0947a960-6d42-4c99-8b7c-5a0df6a32ac3,7000,25192,0,0,25192,0
4000,P2_LARGEST,0947a960-6d42-4c99-8b7c-5a0df6a32ac3,7974,26247,0,0,26247,0
8000,P2_LARGEST,0947a960-6d42-4c99-8b7c-5a0df6a32ac3,428,9297,0,0,9297,0
8000,P2_LARGEST,0947a960-6d42-4c99-8b7c-5a0df6a32ac3,1236,10330,0,0,10330,0
8000,P2_LARGEST,0947a960-6d42-4c99-8b7c-5a0df6a32ac3,1430,11134,0,0,11134,0
8000,P2_LARGEST,0947a960-6d42-4c99-8b7c-5a0df6a32ac3,2214,12656,0,0,12656,0
8000,P2_LARGEST,0947a960-6d42-4c99-8b7c-5a0df6a32ac3,3903,20829,0,0,20829,0
8000,P2_LARGEST,0947a960-6d42-4c99-8b7c-5a0df6a32ac3,4130,22512,0,0,22512,0
8000,P2_LARGEST,0947a960-6d42-4c99-8b7c-5a0df6a32ac3,4230,23420,0,0,23420,0
8000,P2_LARGEST,0947a960-6d42-4c99-8b7c-5a0df6a32ac3,4499,24171,0,0,24171,0
8000,P2_LARGEST,0947a960-6d42-4c99-8b7c-5a0df6a32ac3,5533,25363,0,0,25363,0
8000,P2_LARGEST,0947a960-6d42-4c99-8b7c-5a0df6a32ac3,5652,26389,0,0,26389,0
8000,P2_LARGEST,0947a960-6d42-4c99-8b7c-5a0df6a32ac3,6105,27821,0,0,27821,0
8000,P2_LARGEST,0947a960-6d42-4c99-8b7c-5a0df6a32ac3,7000,29323,0,0,29323,0
8000,P2_LARGEST,0947a960-6d42-4c99-8b7c-5a0df6a32ac3,7974,30378,0,0,30378,0
none,P2_LARGEST,0947a960-6d42-4c99-8b7c-5a0df6a32ac3,428,9297,0,0,9297,0
none,P2_LARGEST,0947a960-6d42-4c99-8b7c-5a0df6a32ac3,1236,10330,0,0,10330,0
none,P2_LARGEST,0947a960-6d42-4c99-8b7c-5a0df6a32ac3,1430,11134,0,0,11134,0
none,P2_LARGEST,0947a960-6d42-4c99-8b7c-5a0df6a32ac3,2214,12656,0,0,12656,0
none,P2_LARGEST,0947a960-6d42-4c99-8b7c-5a0df6a32ac3,3903,20829,0,0,20829,0
none,P2_LARGEST,0947a960-6d42-4c99-8b7c-5a0df6a32ac3,4130,22512,0,0,22512,0
none,P2_LARGEST,0947a960-6d42-4c99-8b7c-5a0df6a32ac3,4230,23420,0,0,23420,0
none,P2_LARGEST,0947a960-6d42-4c99-8b7c-5a0df6a32ac3,4499,24171,0,0,24171,0
none,P2_LARGEST,0947a960-6d42-4c99-8b7c-5a0df6a32ac3,5533,25363,0,0,25363,0
none,P2_LARGEST,0947a960-6d42-4c99-8b7c-5a0df6a32ac3,5652,26389,0,0,26389,0
none,P2_LARGEST,0947a960-6d42-4c99-8b7c-5a0df6a32ac3,6105,27821,0,0,27821,0
none,P2_LARGEST,0947a960-6d42-4c99-8b7c-5a0df6a32ac3,7000,29323,0,0,29323,0
none,P2_LARGEST,0947a960-6d42-4c99-8b7c-5a0df6a32ac3,7974,30378,0,0,30378,0
2000,P2_LARGEST,0cdb67f2-b71b-4cc3-b158-c6db05c7dff9,239,11433,0,0,11433,0
2000,P2_LARGEST,0cdb67f2-b71b-4cc3-b158-c6db05c7dff9,481,11758,0,0,11758,0
2000,P2_LARGEST,0cdb67f2-b71b-4cc3-b158-c6db05c7dff9,2621,12651,0,0,12651,0
2000,P2_LARGEST,0cdb67f2-b71b-4cc3-b158-c6db05c7dff9,2750,14891,0,0,14891,0
2000,P2_LARGEST,0cdb67f2-b71b-4cc3-b158-c6db05c7dff9,2960,15070,0,0,15070,0
2000,P2_LARGEST,0cdb67f2-b71b-4cc3-b158-c6db05c7dff9,5385,15296,0,0,15296,0
2000,P2_LARGEST,0cdb67f2-b71b-4cc3-b158-c6db05c7dff9,9516,17719,0,0,17719,0
4000,P2_LARGEST,0cdb67f2-b71b-4cc3-b158-c6db05c7dff9,239,11433,0,0,11433,0
4000,P2_LARGEST,0cdb67f2-b71b-4cc3-b158-c6db05c7dff9,481,11758,0,0,11758,0
4000,P2_LARGEST,0cdb67f2-b71b-4cc3-b158-c6db05c7dff9,2621,12651,0,0,12651,0
4000,P2_LARGEST,0cdb67f2-b71b-4cc3-b158-c6db05c7dff9,2750,14891,0,0,14891,0
4000,P2_LARGEST,0cdb67f2-b71b-4cc3-b158-c6db05c7dff9,2960,15070,0,0,15070,0
4000,P2_LARGEST,0cdb67f2-b71b-4cc3-b158-c6db05c7dff9,5385,15296,0,0,15296,0
4000,P2_LARGEST,0cdb67f2-b71b-4cc3-b158-c6db05c7dff9,9516,17719,0,0,17719,0
8000,P2_LARGEST,0cdb67f2-b71b-4cc3-b158-c6db05c7dff9,239,11433,0,0,11433,0
8000,P2_LARGEST,0cdb67f2-b71b-4cc3-b158-c6db05c7dff9,481,11758,0,0,11758,0
8000,P2_LARGEST,0cdb67f2-b71b-4cc3-b158-c6db05c7dff9,2621,12651,0,0,12651,0
8000,P2_LARGEST,0cdb67f2-b71b-4cc3-b158-c6db05c7dff9,2750,14891,0,0,14891,0
8000,P2_LARGEST,0cdb67f2-b71b-4cc3-b158-c6db05c7dff9,2960,15070,0,0,15070,0
8000,P2_LARGEST,0cdb67f2-b71b-4cc3-b158-c6db05c7dff9,5385,15296,0,0,15296,0
8000,P2_LARGEST,0cdb67f2-b71b-4cc3-b158-c6db05c7dff9,9516,17719,0,0,17719,0
none,P2_LARGEST,0cdb67f2-b71b-4cc3-b158-c6db05c7dff9,239,11433,0,0,11433,0
none,P2_LARGEST,0cdb67f2-b71b-4cc3-b158-c6db05c7dff9,481,11758,0,0,11758,0
none,P2_LARGEST,0cdb67f2-b71b-4cc3-b158-c6db05c7dff9,2621,12651,0,0,12651,0
none,P2_LARGEST,0cdb67f2-b71b-4cc3-b158-c6db05c7dff9,2750,14891,0,0,14891,0
none,P2_LARGEST,0cdb67f2-b71b-4cc3-b158-c6db05c7dff9,2960,15070,0,0,15070,0
none,P2_LARGEST,0cdb67f2-b71b-4cc3-b158-c6db05c7dff9,5385,15296,0,0,15296,0
none,P2_LARGEST,0cdb67f2-b71b-4cc3-b158-c6db05c7dff9,9516,17719,0,0,17719,0
2000,P2_LARGEST,0e54e7bf-4e3e-4800-b4ea-04f12fc15440,205,6580,0,0,6580,0
2000,P2_LARGEST,0e54e7bf-4e3e-4800-b4ea-04f12fc15440,344,8054,0,0,8054,0
2000,P2_LARGEST,0e54e7bf-4e3e-4800-b4ea-04f12fc15440,446,9303,0,0,9303,0
2000,P2_LARGEST,0e54e7bf-4e3e-4800-b4ea-04f12fc15440,974,10023,0,0,10023,0
2000,P2_LARGEST,0e54e7bf-4e3e-4800-b4ea-04f12fc15440,1544,11203,0,0,11203,0
2000,P2_LARGEST,0e54e7bf-4e3e-4800-b4ea-04f12fc15440,1779,11914,0,0,11914,0
2000,P2_LARGEST,0e54e7bf-4e3e-4800-b4ea-04f12fc15440,2054,13181,0,0,13181,0
2000,P2_LARGEST,0e54e7bf-4e3e-4800-b4ea-04f12fc15440,2136,13694,0,0,13694,0
2000,P2_LARGEST,0e54e7bf-4e3e-4800-b4ea-04f12fc15440,2249,14151,0,0,14151,0
2000,P2_LARGEST,0e54e7bf-4e3e-4800-b4ea-04f12fc15440,2318,14341,0,0,14341,0
2000,P2_LARGEST,0e54e7bf-4e3e-4800-b4ea-04f12fc15440,2742,15947,0,0,15947,0
2000,P2_LARGEST,0e54e7bf-4e3e-4800-b4ea-04f12fc15440,2843,16371,0,0,16371,0
2000,P2_LARGEST,0e54e7bf-4e3e-4800-b4ea-04f12fc15440,2960,17073,2,2764,14309,0
2000,P2_LARGEST,0e54e7bf-4e3e-4800-b4ea-04f12fc15440,3116,17173,2,1810,15363,0
2000,P2_LARGEST,0e54e7bf-4e3e-4800-b4ea-04f12fc15440,3326,15721,0,0,15721,0
2000,P2_LARGEST,0e54e7bf-4e3e-4800-b4ea-04f12fc15440,4107,16892,1,1624,15268,0
2000,P2_LARGEST,0e54e7bf-4e3e-4800-b4ea-04f12fc15440,4320,16534,2,2038,14496,0
2000,P2_LARGEST,0e54e7bf-4e3e-4800-b4ea-04f12fc15440,4533,18089,5,2878,15211,0
2000,P2_LARGEST,0e54e7bf-4e3e-4800-b4ea-04f12fc15440,7687,16021,0,0,16021,0
4000,P2_LARGEST,0e54e7bf-4e3e-4800-b4ea-04f12fc15440,205,6580,0,0,6580,0
4000,P2_LARGEST,0e54e7bf-4e3e-4800-b4ea-04f12fc15440,344,8054,0,0,8054,0
4000,P2_LARGEST,0e54e7bf-4e3e-4800-b4ea-04f12fc15440,446,9303,0,0,9303,0
4000,P2_LARGEST,0e54e7bf-4e3e-4800-b4ea-04f12fc15440,974,10023,0,0,10023,0
4000,P2_LARGEST,0e54e7bf-4e3e-4800-b4ea-04f12fc15440,1544,11203,0,0,11203,0
4000,P2_LARGEST,0e54e7bf-4e3e-4800-b4ea-04f12fc15440,1779,11914,0,0,11914,0
4000,P2_LARGEST,0e54e7bf-4e3e-4800-b4ea-04f12fc15440,2054,13181,0,0,13181,0
4000,P2_LARGEST,0e54e7bf-4e3e-4800-b4ea-04f12fc15440,2136,13694,0,0,13694,0
4000,P2_LARGEST,0e54e7bf-4e3e-4800-b4ea-04f12fc15440,2249,14151,0,0,14151,0
4000,P2_LARGEST,0e54e7bf-4e3e-4800-b4ea-04f12fc15440,2318,14341,0,0,14341,0
4000,P2_LARGEST,0e54e7bf-4e3e-4800-b4ea-04f12fc15440,2742,15947,0,0,15947,0
4000,P2_LARGEST,0e54e7bf-4e3e-4800-b4ea-04f12fc15440,2843,16371,0,0,16371,0
4000,P2_LARGEST,0e54e7bf-4e3e-4800-b4ea-04f12fc15440,2960,17073,2,2764,14309,0
4000,P2_LARGEST,0e54e7bf-4e3e-4800-b4ea-04f12fc15440,3116,17173,2,1810,15363,0
4000,P2_LARGEST,0e54e7bf-4e3e-4800-b4ea-04f12fc15440,3326,15721,0,0,15721,0
4000,P2_LARGEST,0e54e7bf-4e3e-4800-b4ea-04f12fc15440,4107,16892,1,1624,15268,0
4000,P2_LARGEST,0e54e7bf-4e3e-4800-b4ea-04f12fc15440,4320,16534,2,2038,14496,0
4000,P2_LARGEST,0e54e7bf-4e3e-4800-b4ea-04f12fc15440,4533,18089,5,2878,15211,0
4000,P2_LARGEST,0e54e7bf-4e3e-4800-b4ea-04f12fc15440,7687,16021,0,0,16021,0
8000,P2_LARGEST,0e54e7bf-4e3e-4800-b4ea-04f12fc15440,205,6580,0,0,6580,0
8000,P2_LARGEST,0e54e7bf-4e3e-4800-b4ea-04f12fc15440,344,8054,0,0,8054,0
8000,P2_LARGEST,0e54e7bf-4e3e-4800-b4ea-04f12fc15440,446,9303,0,0,9303,0
8000,P2_LARGEST,0e54e7bf-4e3e-4800-b4ea-04f12fc15440,974,13530,0,0,13530,0
8000,P2_LARGEST,0e54e7bf-4e3e-4800-b4ea-04f12fc15440,1544,14710,0,0,14710,0
8000,P2_LARGEST,0e54e7bf-4e3e-4800-b4ea-04f12fc15440,1779,15421,0,0,15421,0
8000,P2_LARGEST,0e54e7bf-4e3e-4800-b4ea-04f12fc15440,2054,16688,1,4007,12681,0
8000,P2_LARGEST,0e54e7bf-4e3e-4800-b4ea-04f12fc15440,2136,13194,0,0,13194,0
8000,P2_LARGEST,0e54e7bf-4e3e-4800-b4ea-04f12fc15440,2249,13651,0,0,13651,0
8000,P2_LARGEST,0e54e7bf-4e3e-4800-b4ea-04f12fc15440,2318,13841,0,0,13841,0
8000,P2_LARGEST,0e54e7bf-4e3e-4800-b4ea-04f12fc15440,2742,15447,0,0,15447,0
8000,P2_LARGEST,0e54e7bf-4e3e-4800-b4ea-04f12fc15440,2843,15871,0,0,15871,0
8000,P2_LARGEST,0e54e7bf-4e3e-4800-b4ea-04f12fc15440,2960,16573,1,1522,15051,0
8000,P2_LARGEST,0e54e7bf-4e3e-4800-b4ea-04f12fc15440,3116,17915,3,3052,14863,0
8000,P2_LARGEST,0e54e7bf-4e3e-4800-b4ea-04f12fc15440,3326,15221,0,0,15221,0
8000,P2_LARGEST,0e54e7bf-4e3e-4800-b4ea-04f12fc15440,4107,16392,1,1624,14768,0
8000,P2_LARGEST,0e54e7bf-4e3e-4800-b4ea-04f12fc15440,4320,16034,0,0,16034,0
8000,P2_LARGEST,0e54e7bf-4e3e-4800-b4ea-04f12fc15440,4533,19627,6,4416,15211,0
8000,P2_LARGEST,0e54e7bf-4e3e-4800-b4ea-04f12fc15440,7687,23143,24,7831,15312,0
none,P2_LARGEST,0e54e7bf-4e3e-4800-b4ea-04f12fc15440,205,6580,0,0,6580,0
none,P2_LARGEST,0e54e7bf-4e3e-4800-b4ea-04f12fc15440,344,8054,0,0,8054,0
none,P2_LARGEST,0e54e7bf-4e3e-4800-b4ea-04f12fc15440,446,9303,0,0,9303,0
none,P2_LARGEST,0e54e7bf-4e3e-4800-b4ea-04f12fc15440,974,13530,0,0,13530,0
none,P2_LARGEST,0e54e7bf-4e3e-4800-b4ea-04f12fc15440,1544,14710,0,0,14710,0
none,P2_LARGEST,0e54e7bf-4e3e-4800-b4ea-04f12fc15440,1779,15421,0,0,15421,0
none,P2_LARGEST,0e54e7bf-4e3e-4800-b4ea-04f12fc15440,2054,16688,1,4007,12681,0
none,P2_LARGEST,0e54e7bf-4e3e-4800-b4ea-04f12fc15440,2136,13194,0,0,13194,0
none,P2_LARGEST,0e54e7bf-4e3e-4800-b4ea-04f12fc15440,2249,13651,0,0,13651,0
none,P2_LARGEST,0e54e7bf-4e3e-4800-b4ea-04f12fc15440,2318,13841,0,0,13841,0
none,P2_LARGEST,0e54e7bf-4e3e-4800-b4ea-04f12fc15440,2742,15447,0,0,15447,0
none,P2_LARGEST,0e54e7bf-4e3e-4800-b4ea-04f12fc15440,2843,15871,0,0,15871,0
none,P2_LARGEST,0e54e7bf-4e3e-4800-b4ea-04f12fc15440,2960,16573,1,1522,15051,0
none,P2_LARGEST,0e54e7bf-4e3e-4800-b4ea-04f12fc15440,3116,17915,3,3052,14863,0
none,P2_LARGEST,0e54e7bf-4e3e-4800-b4ea-04f12fc15440,3326,15221,0,0,15221,0
none,P2_LARGEST,0e54e7bf-4e3e-4800-b4ea-04f12fc15440,4107,16392,1,1624,14768,0
none,P2_LARGEST,0e54e7bf-4e3e-4800-b4ea-04f12fc15440,4320,16034,0,0,16034,0
none,P2_LARGEST,0e54e7bf-4e3e-4800-b4ea-04f12fc15440,4533,19627,6,4416,15211,0
none,P2_LARGEST,0e54e7bf-4e3e-4800-b4ea-04f12fc15440,7687,23143,24,7831,15312,0
2000,P2_LARGEST,0e7258b7-8ba9-4620-acc0-dd57f775a1f5,136,9275,0,0,9275,0
2000,P2_LARGEST,0e7258b7-8ba9-4620-acc0-dd57f775a1f5,198,10230,0,0,10230,0
2000,P2_LARGEST,0e7258b7-8ba9-4620-acc0-dd57f775a1f5,283,10769,0,0,10769,0
2000,P2_LARGEST,0e7258b7-8ba9-4620-acc0-dd57f775a1f5,690,11936,0,0,11936,0
2000,P2_LARGEST,0e7258b7-8ba9-4620-acc0-dd57f775a1f5,1494,13519,0,0,13519,0
2000,P2_LARGEST,0e7258b7-8ba9-4620-acc0-dd57f775a1f5,1588,14320,0,0,14320,0
2000,P2_LARGEST,0e7258b7-8ba9-4620-acc0-dd57f775a1f5,1809,15365,0,0,15365,0
2000,P2_LARGEST,0e7258b7-8ba9-4620-acc0-dd57f775a1f5,3143,16711,2,1981,14730,0
2000,P2_LARGEST,0e7258b7-8ba9-4620-acc0-dd57f775a1f5,3317,16058,0,0,16058,0
2000,P2_LARGEST,0e7258b7-8ba9-4620-acc0-dd57f775a1f5,3481,17938,3,3351,14587,0
2000,P2_LARGEST,0e7258b7-8ba9-4620-acc0-dd57f775a1f5,5120,15813,0,0,15813,0
4000,P2_LARGEST,0e7258b7-8ba9-4620-acc0-dd57f775a1f5,136,9275,0,0,9275,0
4000,P2_LARGEST,0e7258b7-8ba9-4620-acc0-dd57f775a1f5,198,10230,0,0,10230,0
4000,P2_LARGEST,0e7258b7-8ba9-4620-acc0-dd57f775a1f5,283,10769,0,0,10769,0
4000,P2_LARGEST,0e7258b7-8ba9-4620-acc0-dd57f775a1f5,690,11936,0,0,11936,0
4000,P2_LARGEST,0e7258b7-8ba9-4620-acc0-dd57f775a1f5,1494,13519,0,0,13519,0
4000,P2_LARGEST,0e7258b7-8ba9-4620-acc0-dd57f775a1f5,1588,14320,0,0,14320,0
4000,P2_LARGEST,0e7258b7-8ba9-4620-acc0-dd57f775a1f5,1809,15365,0,0,15365,0
4000,P2_LARGEST,0e7258b7-8ba9-4620-acc0-dd57f775a1f5,3143,16711,2,1981,14730,0
4000,P2_LARGEST,0e7258b7-8ba9-4620-acc0-dd57f775a1f5,3317,16058,0,0,16058,0
4000,P2_LARGEST,0e7258b7-8ba9-4620-acc0-dd57f775a1f5,3481,17938,3,3351,14587,0
4000,P2_LARGEST,0e7258b7-8ba9-4620-acc0-dd57f775a1f5,5120,15813,0,0,15813,0
8000,P2_LARGEST,0e7258b7-8ba9-4620-acc0-dd57f775a1f5,136,9275,0,0,9275,0
8000,P2_LARGEST,0e7258b7-8ba9-4620-acc0-dd57f775a1f5,198,10230,0,0,10230,0
8000,P2_LARGEST,0e7258b7-8ba9-4620-acc0-dd57f775a1f5,283,10769,0,0,10769,0
8000,P2_LARGEST,0e7258b7-8ba9-4620-acc0-dd57f775a1f5,690,11936,0,0,11936,0
8000,P2_LARGEST,0e7258b7-8ba9-4620-acc0-dd57f775a1f5,1494,13519,0,0,13519,0
8000,P2_LARGEST,0e7258b7-8ba9-4620-acc0-dd57f775a1f5,1588,14320,0,0,14320,0
8000,P2_LARGEST,0e7258b7-8ba9-4620-acc0-dd57f775a1f5,1809,15365,0,0,15365,0
8000,P2_LARGEST,0e7258b7-8ba9-4620-acc0-dd57f775a1f5,3143,16711,2,1981,14730,0
8000,P2_LARGEST,0e7258b7-8ba9-4620-acc0-dd57f775a1f5,3317,16058,0,0,16058,0
8000,P2_LARGEST,0e7258b7-8ba9-4620-acc0-dd57f775a1f5,3481,17938,3,3351,14587,0
8000,P2_LARGEST,0e7258b7-8ba9-4620-acc0-dd57f775a1f5,5120,15813,0,0,15813,0
none,P2_LARGEST,0e7258b7-8ba9-4620-acc0-dd57f775a1f5,136,9275,0,0,9275,0
none,P2_LARGEST,0e7258b7-8ba9-4620-acc0-dd57f775a1f5,198,10230,0,0,10230,0
none,P2_LARGEST,0e7258b7-8ba9-4620-acc0-dd57f775a1f5,283,10769,0,0,10769,0
none,P2_LARGEST,0e7258b7-8ba9-4620-acc0-dd57f775a1f5,690,11936,0,0,11936,0
none,P2_LARGEST,0e7258b7-8ba9-4620-acc0-dd57f775a1f5,1494,13519,0,0,13519,0
none,P2_LARGEST,0e7258b7-8ba9-4620-acc0-dd57f775a1f5,1588,14320,0,0,14320,0
none,P2_LARGEST,0e7258b7-8ba9-4620-acc0-dd57f775a1f5,1809,15365,0,0,15365,0
none,P2_LARGEST,0e7258b7-8ba9-4620-acc0-dd57f775a1f5,3143,16711,2,1981,14730,0
none,P2_LARGEST,0e7258b7-8ba9-4620-acc0-dd57f775a1f5,3317,16058,0,0,16058,0
none,P2_LARGEST,0e7258b7-8ba9-4620-acc0-dd57f775a1f5,3481,17938,3,3351,14587,0
none,P2_LARGEST,0e7258b7-8ba9-4620-acc0-dd57f775a1f5,5120,15813,0,0,15813,0
2000,P2_LARGEST,10e941dd-6bd7-4ccd-94f4-0f7102534336,253,8962,0,0,8962,0
2000,P2_LARGEST,10e941dd-6bd7-4ccd-94f4-0f7102534336,328,9251,0,0,9251,0
2000,P2_LARGEST,10e941dd-6bd7-4ccd-94f4-0f7102534336,379,9338,0,0,9338,0
2000,P2_LARGEST,10e941dd-6bd7-4ccd-94f4-0f7102534336,682,9401,0,0,9401,0
2000,P2_LARGEST,10e941dd-6bd7-4ccd-94f4-0f7102534336,1120,9698,0,0,9698,0
2000,P2_LARGEST,10e941dd-6bd7-4ccd-94f4-0f7102534336,1443,10137,0,0,10137,0
2000,P2_LARGEST,10e941dd-6bd7-4ccd-94f4-0f7102534336,1498,10462,0,0,10462,0
2000,P2_LARGEST,10e941dd-6bd7-4ccd-94f4-0f7102534336,1588,10725,0,0,10725,0
2000,P2_LARGEST,10e941dd-6bd7-4ccd-94f4-0f7102534336,1857,10860,0,0,10860,0
2000,P2_LARGEST,10e941dd-6bd7-4ccd-94f4-0f7102534336,2166,11141,0,0,11141,0
2000,P2_LARGEST,10e941dd-6bd7-4ccd-94f4-0f7102534336,2768,11495,0,0,11495,0
2000,P2_LARGEST,10e941dd-6bd7-4ccd-94f4-0f7102534336,2832,12097,0,0,12097,0
2000,P2_LARGEST,10e941dd-6bd7-4ccd-94f4-0f7102534336,3535,12202,0,0,12202,0
2000,P2_LARGEST,10e941dd-6bd7-4ccd-94f4-0f7102534336,4054,12917,0,0,12917,0
4000,P2_LARGEST,10e941dd-6bd7-4ccd-94f4-0f7102534336,253,8962,0,0,8962,0
4000,P2_LARGEST,10e941dd-6bd7-4ccd-94f4-0f7102534336,328,9251,0,0,9251,0
4000,P2_LARGEST,10e941dd-6bd7-4ccd-94f4-0f7102534336,379,9338,0,0,9338,0
4000,P2_LARGEST,10e941dd-6bd7-4ccd-94f4-0f7102534336,682,9401,0,0,9401,0
4000,P2_LARGEST,10e941dd-6bd7-4ccd-94f4-0f7102534336,1120,9698,0,0,9698,0
4000,P2_LARGEST,10e941dd-6bd7-4ccd-94f4-0f7102534336,1443,10137,0,0,10137,0
4000,P2_LARGEST,10e941dd-6bd7-4ccd-94f4-0f7102534336,1498,10462,0,0,10462,0
4000,P2_LARGEST,10e941dd-6bd7-4ccd-94f4-0f7102534336,1588,10725,0,0,10725,0
4000,P2_LARGEST,10e941dd-6bd7-4ccd-94f4-0f7102534336,1857,10860,0,0,10860,0
4000,P2_LARGEST,10e941dd-6bd7-4ccd-94f4-0f7102534336,2166,11141,0,0,11141,0
4000,P2_LARGEST,10e941dd-6bd7-4ccd-94f4-0f7102534336,2768,11495,0,0,11495,0
4000,P2_LARGEST,10e941dd-6bd7-4ccd-94f4-0f7102534336,2832,12097,0,0,12097,0
4000,P2_LARGEST,10e941dd-6bd7-4ccd-94f4-0f7102534336,3535,12202,0,0,12202,0
4000,P2_LARGEST,10e941dd-6bd7-4ccd-94f4-0f7102534336,4054,12917,0,0,12917,0
8000,P2_LARGEST,10e941dd-6bd7-4ccd-94f4-0f7102534336,253,8962,0,0,8962,0
8000,P2_LARGEST,10e941dd-6bd7-4ccd-94f4-0f7102534336,328,9251,0,0,9251,0
8000,P2_LARGEST,10e941dd-6bd7-4ccd-94f4-0f7102534336,379,9338,0,0,9338,0
8000,P2_LARGEST,10e941dd-6bd7-4ccd-94f4-0f7102534336,682,9401,0,0,9401,0
8000,P2_LARGEST,10e941dd-6bd7-4ccd-94f4-0f7102534336,1120,9698,0,0,9698,0
8000,P2_LARGEST,10e941dd-6bd7-4ccd-94f4-0f7102534336,1443,10137,0,0,10137,0
8000,P2_LARGEST,10e941dd-6bd7-4ccd-94f4-0f7102534336,1498,10462,0,0,10462,0
8000,P2_LARGEST,10e941dd-6bd7-4ccd-94f4-0f7102534336,1588,10725,0,0,10725,0
8000,P2_LARGEST,10e941dd-6bd7-4ccd-94f4-0f7102534336,1857,10860,0,0,10860,0
8000,P2_LARGEST,10e941dd-6bd7-4ccd-94f4-0f7102534336,2166,11141,0,0,11141,0
8000,P2_LARGEST,10e941dd-6bd7-4ccd-94f4-0f7102534336,2768,11495,0,0,11495,0
8000,P2_LARGEST,10e941dd-6bd7-4ccd-94f4-0f7102534336,2832,12097,0,0,12097,0
8000,P2_LARGEST,10e941dd-6bd7-4ccd-94f4-0f7102534336,3535,12202,0,0,12202,0
8000,P2_LARGEST,10e941dd-6bd7-4ccd-94f4-0f7102534336,4054,12917,0,0,12917,0
none,P2_LARGEST,10e941dd-6bd7-4ccd-94f4-0f7102534336,253,8962,0,0,8962,0
none,P2_LARGEST,10e941dd-6bd7-4ccd-94f4-0f7102534336,328,9251,0,0,9251,0
none,P2_LARGEST,10e941dd-6bd7-4ccd-94f4-0f7102534336,379,9338,0,0,9338,0
none,P2_LARGEST,10e941dd-6bd7-4ccd-94f4-0f7102534336,682,9401,0,0,9401,0
none,P2_LARGEST,10e941dd-6bd7-4ccd-94f4-0f7102534336,1120,9698,0,0,9698,0
none,P2_LARGEST,10e941dd-6bd7-4ccd-94f4-0f7102534336,1443,10137,0,0,10137,0
none,P2_LARGEST,10e941dd-6bd7-4ccd-94f4-0f7102534336,1498,10462,0,0,10462,0
none,P2_LARGEST,10e941dd-6bd7-4ccd-94f4-0f7102534336,1588,10725,0,0,10725,0
none,P2_LARGEST,10e941dd-6bd7-4ccd-94f4-0f7102534336,1857,10860,0,0,10860,0
none,P2_LARGEST,10e941dd-6bd7-4ccd-94f4-0f7102534336,2166,11141,0,0,11141,0
none,P2_LARGEST,10e941dd-6bd7-4ccd-94f4-0f7102534336,2768,11495,0,0,11495,0
none,P2_LARGEST,10e941dd-6bd7-4ccd-94f4-0f7102534336,2832,12097,0,0,12097,0
none,P2_LARGEST,10e941dd-6bd7-4ccd-94f4-0f7102534336,3535,12202,0,0,12202,0
none,P2_LARGEST,10e941dd-6bd7-4ccd-94f4-0f7102534336,4054,12917,0,0,12917,0
2000,P2_LARGEST,17057ddc-a421-4a4b-a456-72f5ba856f5d,80,9301,0,0,9301,0
2000,P2_LARGEST,17057ddc-a421-4a4b-a456-72f5ba856f5d,127,9820,0,0,9820,0
2000,P2_LARGEST,17057ddc-a421-4a4b-a456-72f5ba856f5d,177,10117,0,0,10117,0
2000,P2_LARGEST,17057ddc-a421-4a4b-a456-72f5ba856f5d,313,10511,0,0,10511,0
2000,P2_LARGEST,17057ddc-a421-4a4b-a456-72f5ba856f5d,420,11154,0,0,11154,0
2000,P2_LARGEST,17057ddc-a421-4a4b-a456-72f5ba856f5d,524,11792,0,0,11792,0
2000,P2_LARGEST,17057ddc-a421-4a4b-a456-72f5ba856f5d,1181,12263,0,0,12263,0
2000,P2_LARGEST,17057ddc-a421-4a4b-a456-72f5ba856f5d,1291,12917,0,0,12917,0
2000,P2_LARGEST,17057ddc-a421-4a4b-a456-72f5ba856f5d,1564,14173,0,0,14173,0
2000,P2_LARGEST,17057ddc-a421-4a4b-a456-72f5ba856f5d,1787,16069,0,0,16069,0
2000,P2_LARGEST,17057ddc-a421-4a4b-a456-72f5ba856f5d,1983,17499,0,0,17499,0
2000,P2_LARGEST,17057ddc-a421-4a4b-a456-72f5ba856f5d,3352,18489,0,0,18489,0
4000,P2_LARGEST,17057ddc-a421-4a4b-a456-72f5ba856f5d,80,9301,0,0,9301,0
4000,P2_LARGEST,17057ddc-a421-4a4b-a456-72f5ba856f5d,127,9820,0,0,9820,0
4000,P2_LARGEST,17057ddc-a421-4a4b-a456-72f5ba856f5d,177,10117,0,0,10117,0
4000,P2_LARGEST,17057ddc-a421-4a4b-a456-72f5ba856f5d,313,10511,0,0,10511,0
4000,P2_LARGEST,17057ddc-a421-4a4b-a456-72f5ba856f5d,420,11154,0,0,11154,0
4000,P2_LARGEST,17057ddc-a421-4a4b-a456-72f5ba856f5d,524,11792,0,0,11792,0
4000,P2_LARGEST,17057ddc-a421-4a4b-a456-72f5ba856f5d,1181,12263,0,0,12263,0
4000,P2_LARGEST,17057ddc-a421-4a4b-a456-72f5ba856f5d,1291,12917,0,0,12917,0
4000,P2_LARGEST,17057ddc-a421-4a4b-a456-72f5ba856f5d,1564,14173,0,0,14173,0
4000,P2_LARGEST,17057ddc-a421-4a4b-a456-72f5ba856f5d,1787,16069,0,0,16069,0
4000,P2_LARGEST,17057ddc-a421-4a4b-a456-72f5ba856f5d,1983,17499,0,0,17499,0
4000,P2_LARGEST,17057ddc-a421-4a4b-a456-72f5ba856f5d,3352,18489,0,0,18489,0
8000,P2_LARGEST,17057ddc-a421-4a4b-a456-72f5ba856f5d,80,9301,0,0,9301,0
8000,P2_LARGEST,17057ddc-a421-4a4b-a456-72f5ba856f5d,127,9820,0,0,9820,0
8000,P2_LARGEST,17057ddc-a421-4a4b-a456-72f5ba856f5d,177,10117,0,0,10117,0
8000,P2_LARGEST,17057ddc-a421-4a4b-a456-72f5ba856f5d,313,10511,0,0,10511,0
8000,P2_LARGEST,17057ddc-a421-4a4b-a456-72f5ba856f5d,420,11154,0,0,11154,0
8000,P2_LARGEST,17057ddc-a421-4a4b-a456-72f5ba856f5d,524,11792,0,0,11792,0
8000,P2_LARGEST,17057ddc-a421-4a4b-a456-72f5ba856f5d,1181,12263,0,0,12263,0
8000,P2_LARGEST,17057ddc-a421-4a4b-a456-72f5ba856f5d,1291,12917,0,0,12917,0
8000,P2_LARGEST,17057ddc-a421-4a4b-a456-72f5ba856f5d,1564,14173,0,0,14173,0
8000,P2_LARGEST,17057ddc-a421-4a4b-a456-72f5ba856f5d,1787,16069,0,0,16069,0
8000,P2_LARGEST,17057ddc-a421-4a4b-a456-72f5ba856f5d,1983,17499,0,0,17499,0
8000,P2_LARGEST,17057ddc-a421-4a4b-a456-72f5ba856f5d,3352,18489,0,0,18489,0
none,P2_LARGEST,17057ddc-a421-4a4b-a456-72f5ba856f5d,80,9301,0,0,9301,0
none,P2_LARGEST,17057ddc-a421-4a4b-a456-72f5ba856f5d,127,9820,0,0,9820,0
none,P2_LARGEST,17057ddc-a421-4a4b-a456-72f5ba856f5d,177,10117,0,0,10117,0
none,P2_LARGEST,17057ddc-a421-4a4b-a456-72f5ba856f5d,313,10511,0,0,10511,0
none,P2_LARGEST,17057ddc-a421-4a4b-a456-72f5ba856f5d,420,11154,0,0,11154,0
none,P2_LARGEST,17057ddc-a421-4a4b-a456-72f5ba856f5d,524,11792,0,0,11792,0
none,P2_LARGEST,17057ddc-a421-4a4b-a456-72f5ba856f5d,1181,12263,0,0,12263,0
none,P2_LARGEST,17057ddc-a421-4a4b-a456-72f5ba856f5d,1291,12917,0,0,12917,0
none,P2_LARGEST,17057ddc-a421-4a4b-a456-72f5ba856f5d,1564,14173,0,0,14173,0
none,P2_LARGEST,17057ddc-a421-4a4b-a456-72f5ba856f5d,1787,16069,0,0,16069,0
none,P2_LARGEST,17057ddc-a421-4a4b-a456-72f5ba856f5d,1983,17499,0,0,17499,0
none,P2_LARGEST,17057ddc-a421-4a4b-a456-72f5ba856f5d,3352,18489,0,0,18489,0
2000,P2_LARGEST,1a89fdc5-b4c3-4d01-a9a4-91048d822fae,236,7182,0,0,7182,0
4000,P2_LARGEST,1a89fdc5-b4c3-4d01-a9a4-91048d822fae,236,7182,0,0,7182,0
8000,P2_LARGEST,1a89fdc5-b4c3-4d01-a9a4-91048d822fae,236,7182,0,0,7182,0
none,P2_LARGEST,1a89fdc5-b4c3-4d01-a9a4-91048d822fae,236,7182,0,0,7182,0
2000,P2_LARGEST,1e420fff-717d-4724-8fb9-fccd86cb9f0b,83,1215,0,0,1215,0
2000,P2_LARGEST,1e420fff-717d-4724-8fb9-fccd86cb9f0b,171,1291,0,0,1291,0
2000,P2_LARGEST,1e420fff-717d-4724-8fb9-fccd86cb9f0b,228,1557,0,0,1557,0
2000,P2_LARGEST,1e420fff-717d-4724-8fb9-fccd86cb9f0b,757,1650,0,0,1650,0
2000,P2_LARGEST,1e420fff-717d-4724-8fb9-fccd86cb9f0b,840,2172,0,0,2172,0
2000,P2_LARGEST,1e420fff-717d-4724-8fb9-fccd86cb9f0b,919,2278,0,0,2278,0
2000,P2_LARGEST,1e420fff-717d-4724-8fb9-fccd86cb9f0b,1075,2444,0,0,2444,0
2000,P2_LARGEST,1e420fff-717d-4724-8fb9-fccd86cb9f0b,1142,2591,0,0,2591,0
2000,P2_LARGEST,1e420fff-717d-4724-8fb9-fccd86cb9f0b,1270,2781,0,0,2781,0
2000,P2_LARGEST,1e420fff-717d-4724-8fb9-fccd86cb9f0b,1354,3000,0,0,3000,0
4000,P2_LARGEST,1e420fff-717d-4724-8fb9-fccd86cb9f0b,83,1215,0,0,1215,0
4000,P2_LARGEST,1e420fff-717d-4724-8fb9-fccd86cb9f0b,171,1291,0,0,1291,0
4000,P2_LARGEST,1e420fff-717d-4724-8fb9-fccd86cb9f0b,228,1557,0,0,1557,0
4000,P2_LARGEST,1e420fff-717d-4724-8fb9-fccd86cb9f0b,757,1650,0,0,1650,0
4000,P2_LARGEST,1e420fff-717d-4724-8fb9-fccd86cb9f0b,840,2172,0,0,2172,0
4000,P2_LARGEST,1e420fff-717d-4724-8fb9-fccd86cb9f0b,919,2278,0,0,2278,0
4000,P2_LARGEST,1e420fff-717d-4724-8fb9-fccd86cb9f0b,1075,2444,0,0,2444,0
4000,P2_LARGEST,1e420fff-717d-4724-8fb9-fccd86cb9f0b,1142,2591,0,0,2591,0
4000,P2_LARGEST,1e420fff-717d-4724-8fb9-fccd86cb9f0b,1270,2781,0,0,2781,0
4000,P2_LARGEST,1e420fff-717d-4724-8fb9-fccd86cb9f0b,1354,3000,0,0,3000,0
8000,P2_LARGEST,1e420fff-717d-4724-8fb9-fccd86cb9f0b,83,1215,0,0,1215,0
8000,P2_LARGEST,1e420fff-717d-4724-8fb9-fccd86cb9f0b,171,1291,0,0,1291,0
8000,P2_LARGEST,1e420fff-717d-4724-8fb9-fccd86cb9f0b,228,1557,0,0,1557,0
8000,P2_LARGEST,1e420fff-717d-4724-8fb9-fccd86cb9f0b,757,1650,0,0,1650,0
8000,P2_LARGEST,1e420fff-717d-4724-8fb9-fccd86cb9f0b,840,2172,0,0,2172,0
8000,P2_LARGEST,1e420fff-717d-4724-8fb9-fccd86cb9f0b,919,2278,0,0,2278,0
8000,P2_LARGEST,1e420fff-717d-4724-8fb9-fccd86cb9f0b,1075,2444,0,0,2444,0
8000,P2_LARGEST,1e420fff-717d-4724-8fb9-fccd86cb9f0b,1142,2591,0,0,2591,0
8000,P2_LARGEST,1e420fff-717d-4724-8fb9-fccd86cb9f0b,1270,2781,0,0,2781,0
8000,P2_LARGEST,1e420fff-717d-4724-8fb9-fccd86cb9f0b,1354,3000,0,0,3000,0
none,P2_LARGEST,1e420fff-717d-4724-8fb9-fccd86cb9f0b,83,1215,0,0,1215,0
none,P2_LARGEST,1e420fff-717d-4724-8fb9-fccd86cb9f0b,171,1291,0,0,1291,0
none,P2_LARGEST,1e420fff-717d-4724-8fb9-fccd86cb9f0b,228,1557,0,0,1557,0
none,P2_LARGEST,1e420fff-717d-4724-8fb9-fccd86cb9f0b,757,1650,0,0,1650,0
none,P2_LARGEST,1e420fff-717d-4724-8fb9-fccd86cb9f0b,840,2172,0,0,2172,0
none,P2_LARGEST,1e420fff-717d-4724-8fb9-fccd86cb9f0b,919,2278,0,0,2278,0
none,P2_LARGEST,1e420fff-717d-4724-8fb9-fccd86cb9f0b,1075,2444,0,0,2444,0
none,P2_LARGEST,1e420fff-717d-4724-8fb9-fccd86cb9f0b,1142,2591,0,0,2591,0
none,P2_LARGEST,1e420fff-717d-4724-8fb9-fccd86cb9f0b,1270,2781,0,0,2781,0
none,P2_LARGEST,1e420fff-717d-4724-8fb9-fccd86cb9f0b,1354,3000,0,0,3000,0
2000,P2_LARGEST,1f1b7734-1543-4d63-b848-850b4911495e,383,6203,0,0,6203,0
2000,P2_LARGEST,1f1b7734-1543-4d63-b848-850b4911495e,1428,8069,0,0,8069,0
4000,P2_LARGEST,1f1b7734-1543-4d63-b848-850b4911495e,383,6203,0,0,6203,0
4000,P2_LARGEST,1f1b7734-1543-4d63-b848-850b4911495e,1428,8069,0,0,8069,0
8000,P2_LARGEST,1f1b7734-1543-4d63-b848-850b4911495e,383,6203,0,0,6203,0
8000,P2_LARGEST,1f1b7734-1543-4d63-b848-850b4911495e,1428,8069,0,0,8069,0
none,P2_LARGEST,1f1b7734-1543-4d63-b848-850b4911495e,383,6203,0,0,6203,0
none,P2_LARGEST,1f1b7734-1543-4d63-b848-850b4911495e,1428,8069,0,0,8069,0
2000,P2_LARGEST,1f45dbf1-6e0a-4537-ae86-c6c06024e0f7,208,9275,0,0,9275,0
2000,P2_LARGEST,1f45dbf1-6e0a-4537-ae86-c6c06024e0f7,327,10004,0,0,10004,0
2000,P2_LARGEST,1f45dbf1-6e0a-4537-ae86-c6c06024e0f7,418,10963,0,0,10963,0
2000,P2_LARGEST,1f45dbf1-6e0a-4537-ae86-c6c06024e0f7,855,11669,0,0,11669,0
2000,P2_LARGEST,1f45dbf1-6e0a-4537-ae86-c6c06024e0f7,1737,13369,0,0,13369,0
2000,P2_LARGEST,1f45dbf1-6e0a-4537-ae86-c6c06024e0f7,2390,15154,0,0,15154,0
4000,P2_LARGEST,1f45dbf1-6e0a-4537-ae86-c6c06024e0f7,208,9275,0,0,9275,0
4000,P2_LARGEST,1f45dbf1-6e0a-4537-ae86-c6c06024e0f7,327,10004,0,0,10004,0
4000,P2_LARGEST,1f45dbf1-6e0a-4537-ae86-c6c06024e0f7,418,10963,0,0,10963,0
4000,P2_LARGEST,1f45dbf1-6e0a-4537-ae86-c6c06024e0f7,855,11669,0,0,11669,0
4000,P2_LARGEST,1f45dbf1-6e0a-4537-ae86-c6c06024e0f7,1737,13369,0,0,13369,0
4000,P2_LARGEST,1f45dbf1-6e0a-4537-ae86-c6c06024e0f7,2390,15154,0,0,15154,0
8000,P2_LARGEST,1f45dbf1-6e0a-4537-ae86-c6c06024e0f7,208,9275,0,0,9275,0
8000,P2_LARGEST,1f45dbf1-6e0a-4537-ae86-c6c06024e0f7,327,10004,0,0,10004,0
8000,P2_LARGEST,1f45dbf1-6e0a-4537-ae86-c6c06024e0f7,418,10963,0,0,10963,0
8000,P2_LARGEST,1f45dbf1-6e0a-4537-ae86-c6c06024e0f7,855,11669,0,0,11669,0
8000,P2_LARGEST,1f45dbf1-6e0a-4537-ae86-c6c06024e0f7,1737,13369,0,0,13369,0
8000,P2_LARGEST,1f45dbf1-6e0a-4537-ae86-c6c06024e0f7,2390,15154,0,0,15154,0
none,P2_LARGEST,1f45dbf1-6e0a-4537-ae86-c6c06024e0f7,208,9275,0,0,9275,0
none,P2_LARGEST,1f45dbf1-6e0a-4537-ae86-c6c06024e0f7,327,10004,0,0,10004,0
none,P2_LARGEST,1f45dbf1-6e0a-4537-ae86-c6c06024e0f7,418,10963,0,0,10963,0
none,P2_LARGEST,1f45dbf1-6e0a-4537-ae86-c6c06024e0f7,855,11669,0,0,11669,0
none,P2_LARGEST,1f45dbf1-6e0a-4537-ae86-c6c06024e0f7,1737,13369,0,0,13369,0
none,P2_LARGEST,1f45dbf1-6e0a-4537-ae86-c6c06024e0f7,2390,15154,0,0,15154,0
2000,P2_LARGEST,20a1f102-30b9-44e2-98ec-ae70233c6bcd,1029,1146,0,0,1146,0
4000,P2_LARGEST,20a1f102-30b9-44e2-98ec-ae70233c6bcd,1029,1146,0,0,1146,0
8000,P2_LARGEST,20a1f102-30b9-44e2-98ec-ae70233c6bcd,1029,1146,0,0,1146,0
none,P2_LARGEST,20a1f102-30b9-44e2-98ec-ae70233c6bcd,1029,1146,0,0,1146,0
2000,P2_LARGEST,22984eb4-1779-45ac-a179-4ab1aa246bb8,15,6841,0,0,6841,0
2000,P2_LARGEST,22984eb4-1779-45ac-a179-4ab1aa246bb8,20,8125,0,0,8125,0
2000,P2_LARGEST,22984eb4-1779-45ac-a179-4ab1aa246bb8,28,8561,0,0,8561,0
2000,P2_LARGEST,22984eb4-1779-45ac-a179-4ab1aa246bb8,35,9755,0,0,9755,0
2000,P2_LARGEST,22984eb4-1779-45ac-a179-4ab1aa246bb8,49,15769,0,0,15769,0
2000,P2_LARGEST,22984eb4-1779-45ac-a179-4ab1aa246bb8,54,16240,0,0,16240,0
2000,P2_LARGEST,22984eb4-1779-45ac-a179-4ab1aa246bb8,59,16780,0,0,16780,0
2000,P2_LARGEST,22984eb4-1779-45ac-a179-4ab1aa246bb8,64,16976,0,0,16976,0
2000,P2_LARGEST,22984eb4-1779-45ac-a179-4ab1aa246bb8,69,18915,0,0,18915,0
2000,P2_LARGEST,22984eb4-1779-45ac-a179-4ab1aa246bb8,74,19520,0,0,19520,0
2000,P2_LARGEST,22984eb4-1779-45ac-a179-4ab1aa246bb8,79,20265,0,0,20265,0
2000,P2_LARGEST,22984eb4-1779-45ac-a179-4ab1aa246bb8,87,20996,1,1850,19146,0
2000,P2_LARGEST,22984eb4-1779-45ac-a179-4ab1aa246bb8,92,20633,1,1779,18854,0
2000,P2_LARGEST,22984eb4-1779-45ac-a179-4ab1aa246bb8,105,23948,4,5131,18817,0
2000,P2_LARGEST,22984eb4-1779-45ac-a179-4ab1aa246bb8,111,20227,0,0,20227,0
2000,P2_LARGEST,22984eb4-1779-45ac-a179-4ab1aa246bb8,116,22463,3,3584,18879,0
2000,P2_LARGEST,22984eb4-1779-45ac-a179-4ab1aa246bb8,121,19944,0,0,19944,0
2000,P2_LARGEST,22984eb4-1779-45ac-a179-4ab1aa246bb8,126,21294,2,2449,18845,0
4000,P2_LARGEST,22984eb4-1779-45ac-a179-4ab1aa246bb8,15,6841,0,0,6841,0
4000,P2_LARGEST,22984eb4-1779-45ac-a179-4ab1aa246bb8,20,8125,0,0,8125,0
4000,P2_LARGEST,22984eb4-1779-45ac-a179-4ab1aa246bb8,28,8561,0,0,8561,0
4000,P2_LARGEST,22984eb4-1779-45ac-a179-4ab1aa246bb8,35,9755,0,0,9755,0
4000,P2_LARGEST,22984eb4-1779-45ac-a179-4ab1aa246bb8,49,15769,0,0,15769,0
4000,P2_LARGEST,22984eb4-1779-45ac-a179-4ab1aa246bb8,54,16240,0,0,16240,0
4000,P2_LARGEST,22984eb4-1779-45ac-a179-4ab1aa246bb8,59,16780,0,0,16780,0
4000,P2_LARGEST,22984eb4-1779-45ac-a179-4ab1aa246bb8,64,16976,0,0,16976,0
4000,P2_LARGEST,22984eb4-1779-45ac-a179-4ab1aa246bb8,69,18915,0,0,18915,0
4000,P2_LARGEST,22984eb4-1779-45ac-a179-4ab1aa246bb8,74,19520,0,0,19520,0
4000,P2_LARGEST,22984eb4-1779-45ac-a179-4ab1aa246bb8,79,21975,2,3629,18346,0
4000,P2_LARGEST,22984eb4-1779-45ac-a179-4ab1aa246bb8,87,19077,0,0,19077,0
4000,P2_LARGEST,22984eb4-1779-45ac-a179-4ab1aa246bb8,92,20564,1,2210,18354,0
4000,P2_LARGEST,22984eb4-1779-45ac-a179-4ab1aa246bb8,105,23448,3,4166,19282,0
4000,P2_LARGEST,22984eb4-1779-45ac-a179-4ab1aa246bb8,111,24147,5,5248,18899,0
4000,P2_LARGEST,22984eb4-1779-45ac-a179-4ab1aa246bb8,116,21135,1,3955,17180,0
4000,P2_LARGEST,22984eb4-1779-45ac-a179-4ab1aa246bb8,121,18245,0,0,18245,0
4000,P2_LARGEST,22984eb4-1779-45ac-a179-4ab1aa246bb8,126,19595,0,0,19595,0
8000,P2_LARGEST,22984eb4-1779-45ac-a179-4ab1aa246bb8,15,6841,0,0,6841,0
8000,P2_LARGEST,22984eb4-1779-45ac-a179-4ab1aa246bb8,20,8125,0,0,8125,0
8000,P2_LARGEST,22984eb4-1779-45ac-a179-4ab1aa246bb8,28,8561,0,0,8561,0
8000,P2_LARGEST,22984eb4-1779-45ac-a179-4ab1aa246bb8,35,22235,7,2030,20205,0
8000,P2_LARGEST,22984eb4-1779-45ac-a179-4ab1aa246bb8,49,26219,1,6871,19348,0
8000,P2_LARGEST,22984eb4-1779-45ac-a179-4ab1aa246bb8,54,19819,0,0,19819,0
8000,P2_LARGEST,22984eb4-1779-45ac-a179-4ab1aa246bb8,59,20359,0,0,20359,0
8000,P2_LARGEST,22984eb4-1779-45ac-a179-4ab1aa246bb8,64,20555,1,6609,13946,0
8000,P2_LARGEST,22984eb4-1779-45ac-a179-4ab1aa246bb8,69,15885,0,0,15885,0
8000,P2_LARGEST,22984eb4-1779-45ac-a179-4ab1aa246bb8,74,16490,0,0,16490,0
8000,P2_LARGEST,22984eb4-1779-45ac-a179-4ab1aa246bb8,79,18945,0,0,18945,0
8000,P2_LARGEST,22984eb4-1779-45ac-a179-4ab1aa246bb8,87,19676,0,0,19676,0
8000,P2_LARGEST,22984eb4-1779-45ac-a179-4ab1aa246bb8,92,21163,1,2210,18953,0
8000,P2_LARGEST,22984eb4-1779-45ac-a179-4ab1aa246bb8,105,24047,3,5399,18648,0
8000,P2_LARGEST,22984eb4-1779-45ac-a179-4ab1aa246bb8,111,23513,4,4926,18587,0
8000,P2_LARGEST,22984eb4-1779-45ac-a179-4ab1aa246bb8,116,20823,1,3955,16868,0
8000,P2_LARGEST,22984eb4-1779-45ac-a179-4ab1aa246bb8,121,17933,0,0,17933,0
8000,P2_LARGEST,22984eb4-1779-45ac-a179-4ab1aa246bb8,126,19283,0,0,19283,0
none,P2_LARGEST,22984eb4-1779-45ac-a179-4ab1aa246bb8,15,6841,0,0,6841,0
none,P2_LARGEST,22984eb4-1779-45ac-a179-4ab1aa246bb8,20,8125,0,0,8125,0
none,P2_LARGEST,22984eb4-1779-45ac-a179-4ab1aa246bb8,28,8561,0,0,8561,0
none,P2_LARGEST,22984eb4-1779-45ac-a179-4ab1aa246bb8,35,22235,7,2030,20205,0
none,P2_LARGEST,22984eb4-1779-45ac-a179-4ab1aa246bb8,49,26219,1,6871,19348,0
none,P2_LARGEST,22984eb4-1779-45ac-a179-4ab1aa246bb8,54,19819,0,0,19819,0
none,P2_LARGEST,22984eb4-1779-45ac-a179-4ab1aa246bb8,59,20359,0,0,20359,0
none,P2_LARGEST,22984eb4-1779-45ac-a179-4ab1aa246bb8,64,20555,1,6609,13946,0
none,P2_LARGEST,22984eb4-1779-45ac-a179-4ab1aa246bb8,69,15885,0,0,15885,0
none,P2_LARGEST,22984eb4-1779-45ac-a179-4ab1aa246bb8,74,16490,0,0,16490,0
none,P2_LARGEST,22984eb4-1779-45ac-a179-4ab1aa246bb8,79,18945,0,0,18945,0
none,P2_LARGEST,22984eb4-1779-45ac-a179-4ab1aa246bb8,87,19676,0,0,19676,0
none,P2_LARGEST,22984eb4-1779-45ac-a179-4ab1aa246bb8,92,21163,1,2210,18953,0
none,P2_LARGEST,22984eb4-1779-45ac-a179-4ab1aa246bb8,105,24047,3,5399,18648,0
none,P2_LARGEST,22984eb4-1779-45ac-a179-4ab1aa246bb8,111,23513,4,4926,18587,0
none,P2_LARGEST,22984eb4-1779-45ac-a179-4ab1aa246bb8,116,20823,1,3955,16868,0
none,P2_LARGEST,22984eb4-1779-45ac-a179-4ab1aa246bb8,121,17933,0,0,17933,0
none,P2_LARGEST,22984eb4-1779-45ac-a179-4ab1aa246bb8,126,19283,0,0,19283,0
2000,P2_LARGEST,25665ca6-e254-4ec9-aea4-a8217955328d,92,5948,0,0,5948,0
2000,P2_LARGEST,25665ca6-e254-4ec9-aea4-a8217955328d,705,7250,0,0,7250,0
2000,P2_LARGEST,25665ca6-e254-4ec9-aea4-a8217955328d,1398,9122,0,0,9122,0
2000,P2_LARGEST,25665ca6-e254-4ec9-aea4-a8217955328d,2946,10917,0,0,10917,0
4000,P2_LARGEST,25665ca6-e254-4ec9-aea4-a8217955328d,92,5948,0,0,5948,0
4000,P2_LARGEST,25665ca6-e254-4ec9-aea4-a8217955328d,705,7250,0,0,7250,0
4000,P2_LARGEST,25665ca6-e254-4ec9-aea4-a8217955328d,1398,9122,0,0,9122,0
4000,P2_LARGEST,25665ca6-e254-4ec9-aea4-a8217955328d,2946,10917,0,0,10917,0
8000,P2_LARGEST,25665ca6-e254-4ec9-aea4-a8217955328d,92,5948,0,0,5948,0
8000,P2_LARGEST,25665ca6-e254-4ec9-aea4-a8217955328d,705,7250,0,0,7250,0
8000,P2_LARGEST,25665ca6-e254-4ec9-aea4-a8217955328d,1398,9122,0,0,9122,0
8000,P2_LARGEST,25665ca6-e254-4ec9-aea4-a8217955328d,2946,10917,0,0,10917,0
none,P2_LARGEST,25665ca6-e254-4ec9-aea4-a8217955328d,92,5948,0,0,5948,0
none,P2_LARGEST,25665ca6-e254-4ec9-aea4-a8217955328d,705,7250,0,0,7250,0
none,P2_LARGEST,25665ca6-e254-4ec9-aea4-a8217955328d,1398,9122,0,0,9122,0
none,P2_LARGEST,25665ca6-e254-4ec9-aea4-a8217955328d,2946,10917,0,0,10917,0
2000,P2_LARGEST,259e7108-c993-417d-809d-f841cd6155c9,133,5908,0,0,5908,0
2000,P2_LARGEST,259e7108-c993-417d-809d-f841cd6155c9,493,7171,0,0,7171,0
4000,P2_LARGEST,259e7108-c993-417d-809d-f841cd6155c9,133,5908,0,0,5908,0
4000,P2_LARGEST,259e7108-c993-417d-809d-f841cd6155c9,493,7171,0,0,7171,0
8000,P2_LARGEST,259e7108-c993-417d-809d-f841cd6155c9,133,5908,0,0,5908,0
8000,P2_LARGEST,259e7108-c993-417d-809d-f841cd6155c9,493,7171,0,0,7171,0
none,P2_LARGEST,259e7108-c993-417d-809d-f841cd6155c9,133,5908,0,0,5908,0
none,P2_LARGEST,259e7108-c993-417d-809d-f841cd6155c9,493,7171,0,0,7171,0
2000,P2_LARGEST,25caa0a0-f0fa-4dab-914c-e178809c5b34,102,1192,0,0,1192,0
2000,P2_LARGEST,25caa0a0-f0fa-4dab-914c-e178809c5b34,211,1332,0,0,1332,0
2000,P2_LARGEST,25caa0a0-f0fa-4dab-914c-e178809c5b34,335,2579,0,0,2579,0
2000,P2_LARGEST,25caa0a0-f0fa-4dab-914c-e178809c5b34,1192,4735,0,0,4735,0
2000,P2_LARGEST,25caa0a0-f0fa-4dab-914c-e178809c5b34,2089,5760,0,0,5760,0
4000,P2_LARGEST,25caa0a0-f0fa-4dab-914c-e178809c5b34,102,1192,0,0,1192,0
4000,P2_LARGEST,25caa0a0-f0fa-4dab-914c-e178809c5b34,211,1332,0,0,1332,0
4000,P2_LARGEST,25caa0a0-f0fa-4dab-914c-e178809c5b34,335,2579,0,0,2579,0
4000,P2_LARGEST,25caa0a0-f0fa-4dab-914c-e178809c5b34,1192,4735,0,0,4735,0
4000,P2_LARGEST,25caa0a0-f0fa-4dab-914c-e178809c5b34,2089,5760,0,0,5760,0
8000,P2_LARGEST,25caa0a0-f0fa-4dab-914c-e178809c5b34,102,1192,0,0,1192,0
8000,P2_LARGEST,25caa0a0-f0fa-4dab-914c-e178809c5b34,211,1332,0,0,1332,0
8000,P2_LARGEST,25caa0a0-f0fa-4dab-914c-e178809c5b34,335,2579,0,0,2579,0
8000,P2_LARGEST,25caa0a0-f0fa-4dab-914c-e178809c5b34,1192,4735,0,0,4735,0
8000,P2_LARGEST,25caa0a0-f0fa-4dab-914c-e178809c5b34,2089,5760,0,0,5760,0
none,P2_LARGEST,25caa0a0-f0fa-4dab-914c-e178809c5b34,102,1192,0,0,1192,0
none,P2_LARGEST,25caa0a0-f0fa-4dab-914c-e178809c5b34,211,1332,0,0,1332,0
none,P2_LARGEST,25caa0a0-f0fa-4dab-914c-e178809c5b34,335,2579,0,0,2579,0
none,P2_LARGEST,25caa0a0-f0fa-4dab-914c-e178809c5b34,1192,4735,0,0,4735,0
none,P2_LARGEST,25caa0a0-f0fa-4dab-914c-e178809c5b34,2089,5760,0,0,5760,0
2000,P2_LARGEST,27e55b69-af50-4b4a-bcd1-3bcb3d420858,63,5910,0,0,5910,0
2000,P2_LARGEST,27e55b69-af50-4b4a-bcd1-3bcb3d420858,460,6723,0,0,6723,0
4000,P2_LARGEST,27e55b69-af50-4b4a-bcd1-3bcb3d420858,63,5910,0,0,5910,0
4000,P2_LARGEST,27e55b69-af50-4b4a-bcd1-3bcb3d420858,460,6723,0,0,6723,0
8000,P2_LARGEST,27e55b69-af50-4b4a-bcd1-3bcb3d420858,63,5910,0,0,5910,0
8000,P2_LARGEST,27e55b69-af50-4b4a-bcd1-3bcb3d420858,460,6723,0,0,6723,0
none,P2_LARGEST,27e55b69-af50-4b4a-bcd1-3bcb3d420858,63,5910,0,0,5910,0
none,P2_LARGEST,27e55b69-af50-4b4a-bcd1-3bcb3d420858,460,6723,0,0,6723,0
2000,P2_LARGEST,2826ba22-9488-4ae5-b463-2bd02a275265,222,8998,0,0,8998,0
2000,P2_LARGEST,2826ba22-9488-4ae5-b463-2bd02a275265,303,9256,0,0,9256,0
2000,P2_LARGEST,2826ba22-9488-4ae5-b463-2bd02a275265,347,9349,0,0,9349,0
2000,P2_LARGEST,2826ba22-9488-4ae5-b463-2bd02a275265,427,9605,0,0,9605,0
2000,P2_LARGEST,2826ba22-9488-4ae5-b463-2bd02a275265,544,9730,0,0,9730,0
2000,P2_LARGEST,2826ba22-9488-4ae5-b463-2bd02a275265,631,9859,0,0,9859,0
2000,P2_LARGEST,2826ba22-9488-4ae5-b463-2bd02a275265,862,9958,0,0,9958,0
2000,P2_LARGEST,2826ba22-9488-4ae5-b463-2bd02a275265,1173,10199,0,0,10199,0
2000,P2_LARGEST,2826ba22-9488-4ae5-b463-2bd02a275265,1370,10577,0,0,10577,0
2000,P2_LARGEST,2826ba22-9488-4ae5-b463-2bd02a275265,1606,11285,0,0,11285,0
2000,P2_LARGEST,2826ba22-9488-4ae5-b463-2bd02a275265,1893,12032,0,0,12032,0
2000,P2_LARGEST,2826ba22-9488-4ae5-b463-2bd02a275265,2228,12318,0,0,12318,0
2000,P2_LARGEST,2826ba22-9488-4ae5-b463-2bd02a275265,2678,13161,0,0,13161,0
2000,P2_LARGEST,2826ba22-9488-4ae5-b463-2bd02a275265,3130,18944,0,0,18944,0
2000,P2_LARGEST,2826ba22-9488-4ae5-b463-2bd02a275265,3818,19985,0,0,19985,0
2000,P2_LARGEST,2826ba22-9488-4ae5-b463-2bd02a275265,4233,20684,0,0,20684,0
2000,P2_LARGEST,2826ba22-9488-4ae5-b463-2bd02a275265,4568,22464,0,0,22464,0
2000,P2_LARGEST,2826ba22-9488-4ae5-b463-2bd02a275265,4896,23540,0,0,23540,0
2000,P2_LARGEST,2826ba22-9488-4ae5-b463-2bd02a275265,5505,28285,0,0,28285,0
2000,P2_LARGEST,2826ba22-9488-4ae5-b463-2bd02a275265,6977,29483,0,0,29483,0
4000,P2_LARGEST,2826ba22-9488-4ae5-b463-2bd02a275265,222,8998,0,0,8998,0
4000,P2_LARGEST,2826ba22-9488-4ae5-b463-2bd02a275265,303,9256,0,0,9256,0
4000,P2_LARGEST,2826ba22-9488-4ae5-b463-2bd02a275265,347,9349,0,0,9349,0
4000,P2_LARGEST,2826ba22-9488-4ae5-b463-2bd02a275265,427,9605,0,0,9605,0
4000,P2_LARGEST,2826ba22-9488-4ae5-b463-2bd02a275265,544,9730,0,0,9730,0
4000,P2_LARGEST,2826ba22-9488-4ae5-b463-2bd02a275265,631,9859,0,0,9859,0
4000,P2_LARGEST,2826ba22-9488-4ae5-b463-2bd02a275265,862,9958,0,0,9958,0
4000,P2_LARGEST,2826ba22-9488-4ae5-b463-2bd02a275265,1173,10199,0,0,10199,0
4000,P2_LARGEST,2826ba22-9488-4ae5-b463-2bd02a275265,1370,10577,0,0,10577,0
4000,P2_LARGEST,2826ba22-9488-4ae5-b463-2bd02a275265,1606,11285,0,0,11285,0
4000,P2_LARGEST,2826ba22-9488-4ae5-b463-2bd02a275265,1893,13613,0,0,13613,0
4000,P2_LARGEST,2826ba22-9488-4ae5-b463-2bd02a275265,2228,13899,0,0,13899,0
4000,P2_LARGEST,2826ba22-9488-4ae5-b463-2bd02a275265,2678,16522,0,0,16522,0
4000,P2_LARGEST,2826ba22-9488-4ae5-b463-2bd02a275265,3130,23801,0,0,23801,0
4000,P2_LARGEST,2826ba22-9488-4ae5-b463-2bd02a275265,3818,24842,0,0,24842,0
4000,P2_LARGEST,2826ba22-9488-4ae5-b463-2bd02a275265,4233,25541,0,0,25541,0
4000,P2_LARGEST,2826ba22-9488-4ae5-b463-2bd02a275265,4568,27321,0,0,27321,0
4000,P2_LARGEST,2826ba22-9488-4ae5-b463-2bd02a275265,4896,28397,0,0,28397,0
4000,P2_LARGEST,2826ba22-9488-4ae5-b463-2bd02a275265,5505,35726,0,0,35726,0
4000,P2_LARGEST,2826ba22-9488-4ae5-b463-2bd02a275265,6977,36924,0,0,36924,0
8000,P2_LARGEST,2826ba22-9488-4ae5-b463-2bd02a275265,222,8998,0,0,8998,0
8000,P2_LARGEST,2826ba22-9488-4ae5-b463-2bd02a275265,303,9256,0,0,9256,0
8000,P2_LARGEST,2826ba22-9488-4ae5-b463-2bd02a275265,347,9349,0,0,9349,0
8000,P2_LARGEST,2826ba22-9488-4ae5-b463-2bd02a275265,427,9605,0,0,9605,0
8000,P2_LARGEST,2826ba22-9488-4ae5-b463-2bd02a275265,544,9730,0,0,9730,0
8000,P2_LARGEST,2826ba22-9488-4ae5-b463-2bd02a275265,631,9859,0,0,9859,0
8000,P2_LARGEST,2826ba22-9488-4ae5-b463-2bd02a275265,862,9958,0,0,9958,0
8000,P2_LARGEST,2826ba22-9488-4ae5-b463-2bd02a275265,1173,10199,0,0,10199,0
8000,P2_LARGEST,2826ba22-9488-4ae5-b463-2bd02a275265,1370,10577,0,0,10577,0
8000,P2_LARGEST,2826ba22-9488-4ae5-b463-2bd02a275265,1606,16430,0,0,16430,0
8000,P2_LARGEST,2826ba22-9488-4ae5-b463-2bd02a275265,1893,18758,0,0,18758,0
8000,P2_LARGEST,2826ba22-9488-4ae5-b463-2bd02a275265,2228,19044,0,0,19044,0
8000,P2_LARGEST,2826ba22-9488-4ae5-b463-2bd02a275265,2678,21667,0,0,21667,0
8000,P2_LARGEST,2826ba22-9488-4ae5-b463-2bd02a275265,3130,28946,0,0,28946,0
8000,P2_LARGEST,2826ba22-9488-4ae5-b463-2bd02a275265,3818,29987,0,0,29987,0
8000,P2_LARGEST,2826ba22-9488-4ae5-b463-2bd02a275265,4233,30686,0,0,30686,0
8000,P2_LARGEST,2826ba22-9488-4ae5-b463-2bd02a275265,4568,32466,0,0,32466,0
8000,P2_LARGEST,2826ba22-9488-4ae5-b463-2bd02a275265,4896,33542,0,0,33542,0
8000,P2_LARGEST,2826ba22-9488-4ae5-b463-2bd02a275265,5505,40871,0,0,40871,0
8000,P2_LARGEST,2826ba22-9488-4ae5-b463-2bd02a275265,6977,42069,0,0,42069,0
none,P2_LARGEST,2826ba22-9488-4ae5-b463-2bd02a275265,222,8998,0,0,8998,0
none,P2_LARGEST,2826ba22-9488-4ae5-b463-2bd02a275265,303,9256,0,0,9256,0
none,P2_LARGEST,2826ba22-9488-4ae5-b463-2bd02a275265,347,9349,0,0,9349,0
none,P2_LARGEST,2826ba22-9488-4ae5-b463-2bd02a275265,427,9605,0,0,9605,0
none,P2_LARGEST,2826ba22-9488-4ae5-b463-2bd02a275265,544,9730,0,0,9730,0
none,P2_LARGEST,2826ba22-9488-4ae5-b463-2bd02a275265,631,9859,0,0,9859,0
none,P2_LARGEST,2826ba22-9488-4ae5-b463-2bd02a275265,862,9958,0,0,9958,0
none,P2_LARGEST,2826ba22-9488-4ae5-b463-2bd02a275265,1173,10199,0,0,10199,0
none,P2_LARGEST,2826ba22-9488-4ae5-b463-2bd02a275265,1370,10577,0,0,10577,0
none,P2_LARGEST,2826ba22-9488-4ae5-b463-2bd02a275265,1606,16430,0,0,16430,0
none,P2_LARGEST,2826ba22-9488-4ae5-b463-2bd02a275265,1893,18758,0,0,18758,0
none,P2_LARGEST,2826ba22-9488-4ae5-b463-2bd02a275265,2228,19044,0,0,19044,0
none,P2_LARGEST,2826ba22-9488-4ae5-b463-2bd02a275265,2678,21667,0,0,21667,0
none,P2_LARGEST,2826ba22-9488-4ae5-b463-2bd02a275265,3130,41838,0,0,41838,0
none,P2_LARGEST,2826ba22-9488-4ae5-b463-2bd02a275265,3818,55123,0,0,55123,0
none,P2_LARGEST,2826ba22-9488-4ae5-b463-2bd02a275265,4233,55822,0,0,55822,0
none,P2_LARGEST,2826ba22-9488-4ae5-b463-2bd02a275265,4568,57602,0,0,57602,0
none,P2_LARGEST,2826ba22-9488-4ae5-b463-2bd02a275265,4896,58678,0,0,58678,0
none,P2_LARGEST,2826ba22-9488-4ae5-b463-2bd02a275265,5505,75261,0,0,75261,0
none,P2_LARGEST,2826ba22-9488-4ae5-b463-2bd02a275265,6977,92740,0,0,92740,0
2000,P2_LARGEST,2c60f1d1-155b-40c6-93db-89e916cce48f,66,9271,0,0,9271,0
2000,P2_LARGEST,2c60f1d1-155b-40c6-93db-89e916cce48f,136,9750,0,0,9750,0
2000,P2_LARGEST,2c60f1d1-155b-40c6-93db-89e916cce48f,187,10438,0,0,10438,0
2000,P2_LARGEST,2c60f1d1-155b-40c6-93db-89e916cce48f,324,10804,0,0,10804,0
2000,P2_LARGEST,2c60f1d1-155b-40c6-93db-89e916cce48f,437,10940,0,0,10940,0
2000,P2_LARGEST,2c60f1d1-155b-40c6-93db-89e916cce48f,515,11044,0,0,11044,0
2000,P2_LARGEST,2c60f1d1-155b-40c6-93db-89e916cce48f,608,11109,0,0,11109,0
2000,P2_LARGEST,2c60f1d1-155b-40c6-93db-89e916cce48f,657,11190,0,0,11190,0
2000,P2_LARGEST,2c60f1d1-155b-40c6-93db-89e916cce48f,712,11751,0,0,11751,0
2000,P2_LARGEST,2c60f1d1-155b-40c6-93db-89e916cce48f,765,12332,0,0,12332,0
2000,P2_LARGEST,2c60f1d1-155b-40c6-93db-89e916cce48f,820,12400,0,0,12400,0
2000,P2_LARGEST,2c60f1d1-155b-40c6-93db-89e916cce48f,914,12450,0,0,12450,0
2000,P2_LARGEST,2c60f1d1-155b-40c6-93db-89e916cce48f,967,12976,0,0,12976,0
2000,P2_LARGEST,2c60f1d1-155b-40c6-93db-89e916cce48f,1094,13662,0,0,13662,0
2000,P2_LARGEST,2c60f1d1-155b-40c6-93db-89e916cce48f,1152,14183,0,0,14183,0
2000,P2_LARGEST,2c60f1d1-155b-40c6-93db-89e916cce48f,1200,14658,0,0,14658,0
2000,P2_LARGEST,2c60f1d1-155b-40c6-93db-89e916cce48f,1356,15125,0,0,15125,0
4000,P2_LARGEST,2c60f1d1-155b-40c6-93db-89e916cce48f,66,9271,0,0,9271,0
4000,P2_LARGEST,2c60f1d1-155b-40c6-93db-89e916cce48f,136,9750,0,0,9750,0
4000,P2_LARGEST,2c60f1d1-155b-40c6-93db-89e916cce48f,187,10438,0,0,10438,0
4000,P2_LARGEST,2c60f1d1-155b-40c6-93db-89e916cce48f,324,10804,0,0,10804,0
4000,P2_LARGEST,2c60f1d1-155b-40c6-93db-89e916cce48f,437,10940,0,0,10940,0
4000,P2_LARGEST,2c60f1d1-155b-40c6-93db-89e916cce48f,515,11044,0,0,11044,0
4000,P2_LARGEST,2c60f1d1-155b-40c6-93db-89e916cce48f,608,11109,0,0,11109,0
4000,P2_LARGEST,2c60f1d1-155b-40c6-93db-89e916cce48f,657,11190,0,0,11190,0
4000,P2_LARGEST,2c60f1d1-155b-40c6-93db-89e916cce48f,712,11751,0,0,11751,0
4000,P2_LARGEST,2c60f1d1-155b-40c6-93db-89e916cce48f,765,12332,0,0,12332,0
4000,P2_LARGEST,2c60f1d1-155b-40c6-93db-89e916cce48f,820,12400,0,0,12400,0
4000,P2_LARGEST,2c60f1d1-155b-40c6-93db-89e916cce48f,914,12450,0,0,12450,0
4000,P2_LARGEST,2c60f1d1-155b-40c6-93db-89e916cce48f,967,12976,0,0,12976,0
4000,P2_LARGEST,2c60f1d1-155b-40c6-93db-89e916cce48f,1094,13662,0,0,13662,0
4000,P2_LARGEST,2c60f1d1-155b-40c6-93db-89e916cce48f,1152,14183,0,0,14183,0
4000,P2_LARGEST,2c60f1d1-155b-40c6-93db-89e916cce48f,1200,14658,0,0,14658,0
4000,P2_LARGEST,2c60f1d1-155b-40c6-93db-89e916cce48f,1356,15125,0,0,15125,0
8000,P2_LARGEST,2c60f1d1-155b-40c6-93db-89e916cce48f,66,9271,0,0,9271,0
8000,P2_LARGEST,2c60f1d1-155b-40c6-93db-89e916cce48f,136,9750,0,0,9750,0
8000,P2_LARGEST,2c60f1d1-155b-40c6-93db-89e916cce48f,187,10438,0,0,10438,0
8000,P2_LARGEST,2c60f1d1-155b-40c6-93db-89e916cce48f,324,10804,0,0,10804,0
8000,P2_LARGEST,2c60f1d1-155b-40c6-93db-89e916cce48f,437,10940,0,0,10940,0
8000,P2_LARGEST,2c60f1d1-155b-40c6-93db-89e916cce48f,515,11044,0,0,11044,0
8000,P2_LARGEST,2c60f1d1-155b-40c6-93db-89e916cce48f,608,11109,0,0,11109,0
8000,P2_LARGEST,2c60f1d1-155b-40c6-93db-89e916cce48f,657,11190,0,0,11190,0
8000,P2_LARGEST,2c60f1d1-155b-40c6-93db-89e916cce48f,712,11751,0,0,11751,0
8000,P2_LARGEST,2c60f1d1-155b-40c6-93db-89e916cce48f,765,12332,0,0,12332,0
8000,P2_LARGEST,2c60f1d1-155b-40c6-93db-89e916cce48f,820,12400,0,0,12400,0
8000,P2_LARGEST,2c60f1d1-155b-40c6-93db-89e916cce48f,914,12450,0,0,12450,0
8000,P2_LARGEST,2c60f1d1-155b-40c6-93db-89e916cce48f,967,12976,0,0,12976,0
8000,P2_LARGEST,2c60f1d1-155b-40c6-93db-89e916cce48f,1094,13662,0,0,13662,0
8000,P2_LARGEST,2c60f1d1-155b-40c6-93db-89e916cce48f,1152,14183,0,0,14183,0
8000,P2_LARGEST,2c60f1d1-155b-40c6-93db-89e916cce48f,1200,14658,0,0,14658,0
8000,P2_LARGEST,2c60f1d1-155b-40c6-93db-89e916cce48f,1356,15125,0,0,15125,0
none,P2_LARGEST,2c60f1d1-155b-40c6-93db-89e916cce48f,66,9271,0,0,9271,0
none,P2_LARGEST,2c60f1d1-155b-40c6-93db-89e916cce48f,136,9750,0,0,9750,0
none,P2_LARGEST,2c60f1d1-155b-40c6-93db-89e916cce48f,187,10438,0,0,10438,0
none,P2_LARGEST,2c60f1d1-155b-40c6-93db-89e916cce48f,324,10804,0,0,10804,0
none,P2_LARGEST,2c60f1d1-155b-40c6-93db-89e916cce48f,437,10940,0,0,10940,0
none,P2_LARGEST,2c60f1d1-155b-40c6-93db-89e916cce48f,515,11044,0,0,11044,0
none,P2_LARGEST,2c60f1d1-155b-40c6-93db-89e916cce48f,608,11109,0,0,11109,0
none,P2_LARGEST,2c60f1d1-155b-40c6-93db-89e916cce48f,657,11190,0,0,11190,0
none,P2_LARGEST,2c60f1d1-155b-40c6-93db-89e916cce48f,712,11751,0,0,11751,0
none,P2_LARGEST,2c60f1d1-155b-40c6-93db-89e916cce48f,765,12332,0,0,12332,0
none,P2_LARGEST,2c60f1d1-155b-40c6-93db-89e916cce48f,820,12400,0,0,12400,0
none,P2_LARGEST,2c60f1d1-155b-40c6-93db-89e916cce48f,914,12450,0,0,12450,0
none,P2_LARGEST,2c60f1d1-155b-40c6-93db-89e916cce48f,967,12976,0,0,12976,0
none,P2_LARGEST,2c60f1d1-155b-40c6-93db-89e916cce48f,1094,13662,0,0,13662,0
none,P2_LARGEST,2c60f1d1-155b-40c6-93db-89e916cce48f,1152,14183,0,0,14183,0
none,P2_LARGEST,2c60f1d1-155b-40c6-93db-89e916cce48f,1200,14658,0,0,14658,0
none,P2_LARGEST,2c60f1d1-155b-40c6-93db-89e916cce48f,1356,15125,0,0,15125,0
2000,P2_LARGEST,2db662b3-7c1a-411d-92b4-51bd64b2b471,182,9399,0,0,9399,0
2000,P2_LARGEST,2db662b3-7c1a-411d-92b4-51bd64b2b471,3307,10132,0,0,10132,0
2000,P2_LARGEST,2db662b3-7c1a-411d-92b4-51bd64b2b471,7515,13490,0,0,13490,0
2000,P2_LARGEST,2db662b3-7c1a-411d-92b4-51bd64b2b471,8043,18192,1,3102,15090,0
2000,P2_LARGEST,2db662b3-7c1a-411d-92b4-51bd64b2b471,8222,15645,0,0,15645,0
2000,P2_LARGEST,2db662b3-7c1a-411d-92b4-51bd64b2b471,8331,16335,0,0,16335,0
2000,P2_LARGEST,2db662b3-7c1a-411d-92b4-51bd64b2b471,8457,17473,1,4643,12830,0
2000,P2_LARGEST,2db662b3-7c1a-411d-92b4-51bd64b2b471,8584,15308,0,0,15308,0
2000,P2_LARGEST,2db662b3-7c1a-411d-92b4-51bd64b2b471,8642,16032,0,0,16032,0
2000,P2_LARGEST,2db662b3-7c1a-411d-92b4-51bd64b2b471,12433,18689,5,3317,15372,0
2000,P2_LARGEST,2db662b3-7c1a-411d-92b4-51bd64b2b471,12992,19426,18,3549,15877,0
2000,P2_LARGEST,2db662b3-7c1a-411d-92b4-51bd64b2b471,13608,19171,1,3833,15338,0
2000,P2_LARGEST,2db662b3-7c1a-411d-92b4-51bd64b2b471,20675,16180,0,0,16180,0
4000,P2_LARGEST,2db662b3-7c1a-411d-92b4-51bd64b2b471,182,9399,0,0,9399,0
4000,P2_LARGEST,2db662b3-7c1a-411d-92b4-51bd64b2b471,3307,10132,0,0,10132,0
4000,P2_LARGEST,2db662b3-7c1a-411d-92b4-51bd64b2b471,7515,13490,0,0,13490,0
4000,P2_LARGEST,2db662b3-7c1a-411d-92b4-51bd64b2b471,8043,18192,1,3102,15090,0
4000,P2_LARGEST,2db662b3-7c1a-411d-92b4-51bd64b2b471,8222,15645,0,0,15645,0
4000,P2_LARGEST,2db662b3-7c1a-411d-92b4-51bd64b2b471,8331,17822,1,4643,13179,0
4000,P2_LARGEST,2db662b3-7c1a-411d-92b4-51bd64b2b471,8457,16059,0,0,16059,0
4000,P2_LARGEST,2db662b3-7c1a-411d-92b4-51bd64b2b471,8584,20137,4,5241,14896,0
4000,P2_LARGEST,2db662b3-7c1a-411d-92b4-51bd64b2b471,8642,17877,2,3405,14472,0
4000,P2_LARGEST,2db662b3-7c1a-411d-92b4-51bd64b2b471,12433,19792,8,4453,15339,0
4000,P2_LARGEST,2db662b3-7c1a-411d-92b4-51bd64b2b471,12992,19393,9,3516,15877,0
4000,P2_LARGEST,2db662b3-7c1a-411d-92b4-51bd64b2b471,13608,19171,1,3833,15338,0
4000,P2_LARGEST,2db662b3-7c1a-411d-92b4-51bd64b2b471,20675,16180,0,0,16180,0
8000,P2_LARGEST,2db662b3-7c1a-411d-92b4-51bd64b2b471,182,9399,0,0,9399,0
8000,P2_LARGEST,2db662b3-7c1a-411d-92b4-51bd64b2b471,3307,14058,0,0,14058,0
8000,P2_LARGEST,2db662b3-7c1a-411d-92b4-51bd64b2b471,7515,17416,4,294,17122,1
8000,P2_LARGEST,2db662b3-7c1a-411d-92b4-51bd64b2b471,8043,21824,2,7528,14296,0
8000,P2_LARGEST,2db662b3-7c1a-411d-92b4-51bd64b2b471,8222,14851,0,0,14851,0
8000,P2_LARGEST,2db662b3-7c1a-411d-92b4-51bd64b2b471,8331,17028,1,4643,12385,0
8000,P2_LARGEST,2db662b3-7c1a-411d-92b4-51bd64b2b471,8457,18771,6,2887,15884,0
8000,P2_LARGEST,2db662b3-7c1a-411d-92b4-51bd64b2b471,8584,27036,4,6419,20617,1
8000,P2_LARGEST,2db662b3-7c1a-411d-92b4-51bd64b2b471,8642,23598,2,9674,13924,0
8000,P2_LARGEST,2db662b3-7c1a-411d-92b4-51bd64b2b471,12433,19244,2,4062,15182,0
8000,P2_LARGEST,2db662b3-7c1a-411d-92b4-51bd64b2b471,12992,19236,4,3359,15877,0
8000,P2_LARGEST,2db662b3-7c1a-411d-92b4-51bd64b2b471,13608,19171,1,3833,15338,0
8000,P2_LARGEST,2db662b3-7c1a-411d-92b4-51bd64b2b471,20675,16180,0,0,16180,0
none,P2_LARGEST,2db662b3-7c1a-411d-92b4-51bd64b2b471,182,9399,0,0,9399,0
none,P2_LARGEST,2db662b3-7c1a-411d-92b4-51bd64b2b471,3307,14058,0,0,14058,0
none,P2_LARGEST,2db662b3-7c1a-411d-92b4-51bd64b2b471,7515,17416,4,294,17122,1
none,P2_LARGEST,2db662b3-7c1a-411d-92b4-51bd64b2b471,8043,21824,2,7528,14296,0
none,P2_LARGEST,2db662b3-7c1a-411d-92b4-51bd64b2b471,8222,14851,0,0,14851,0
none,P2_LARGEST,2db662b3-7c1a-411d-92b4-51bd64b2b471,8331,17028,1,4643,12385,0
none,P2_LARGEST,2db662b3-7c1a-411d-92b4-51bd64b2b471,8457,18771,6,2887,15884,0
none,P2_LARGEST,2db662b3-7c1a-411d-92b4-51bd64b2b471,8584,27036,4,6419,20617,1
none,P2_LARGEST,2db662b3-7c1a-411d-92b4-51bd64b2b471,8642,23598,2,9674,13924,0
none,P2_LARGEST,2db662b3-7c1a-411d-92b4-51bd64b2b471,12433,19244,2,4062,15182,0
none,P2_LARGEST,2db662b3-7c1a-411d-92b4-51bd64b2b471,12992,19236,4,3359,15877,0
none,P2_LARGEST,2db662b3-7c1a-411d-92b4-51bd64b2b471,13608,19171,1,3833,15338,0
none,P2_LARGEST,2db662b3-7c1a-411d-92b4-51bd64b2b471,20675,16180,0,0,16180,0
2000,P2_LARGEST,2f1e6d07-04f4-476f-a233-9788971e428c,1759,12291,0,0,12291,0
2000,P2_LARGEST,2f1e6d07-04f4-476f-a233-9788971e428c,2571,14050,0,0,14050,0
2000,P2_LARGEST,2f1e6d07-04f4-476f-a233-9788971e428c,2676,15370,0,0,15370,0
2000,P2_LARGEST,2f1e6d07-04f4-476f-a233-9788971e428c,4319,15967,0,0,15967,0
2000,P2_LARGEST,2f1e6d07-04f4-476f-a233-9788971e428c,6928,17641,0,0,17641,0
2000,P2_LARGEST,2f1e6d07-04f4-476f-a233-9788971e428c,7720,20261,0,0,20261,0
4000,P2_LARGEST,2f1e6d07-04f4-476f-a233-9788971e428c,1759,12291,0,0,12291,0
4000,P2_LARGEST,2f1e6d07-04f4-476f-a233-9788971e428c,2571,14050,0,0,14050,0
4000,P2_LARGEST,2f1e6d07-04f4-476f-a233-9788971e428c,2676,15370,0,0,15370,0
4000,P2_LARGEST,2f1e6d07-04f4-476f-a233-9788971e428c,4319,15967,0,0,15967,0
4000,P2_LARGEST,2f1e6d07-04f4-476f-a233-9788971e428c,6928,17641,0,0,17641,0
4000,P2_LARGEST,2f1e6d07-04f4-476f-a233-9788971e428c,7720,20261,0,0,20261,0
8000,P2_LARGEST,2f1e6d07-04f4-476f-a233-9788971e428c,1759,12291,0,0,12291,0
8000,P2_LARGEST,2f1e6d07-04f4-476f-a233-9788971e428c,2571,14050,0,0,14050,0
8000,P2_LARGEST,2f1e6d07-04f4-476f-a233-9788971e428c,2676,15370,0,0,15370,0
8000,P2_LARGEST,2f1e6d07-04f4-476f-a233-9788971e428c,4319,15967,0,0,15967,0
8000,P2_LARGEST,2f1e6d07-04f4-476f-a233-9788971e428c,6928,17641,0,0,17641,0
8000,P2_LARGEST,2f1e6d07-04f4-476f-a233-9788971e428c,7720,20261,0,0,20261,0
none,P2_LARGEST,2f1e6d07-04f4-476f-a233-9788971e428c,1759,12291,0,0,12291,0
none,P2_LARGEST,2f1e6d07-04f4-476f-a233-9788971e428c,2571,14050,0,0,14050,0
none,P2_LARGEST,2f1e6d07-04f4-476f-a233-9788971e428c,2676,15370,0,0,15370,0
none,P2_LARGEST,2f1e6d07-04f4-476f-a233-9788971e428c,4319,15967,0,0,15967,0
none,P2_LARGEST,2f1e6d07-04f4-476f-a233-9788971e428c,6928,17641,0,0,17641,0
none,P2_LARGEST,2f1e6d07-04f4-476f-a233-9788971e428c,7720,20261,0,0,20261,0
2000,P2_LARGEST,2f97e709-2137-44e0-87ff-343f1756fb4c,617,7877,0,0,7877,0
2000,P2_LARGEST,2f97e709-2137-44e0-87ff-343f1756fb4c,1261,8530,0,0,8530,0
4000,P2_LARGEST,2f97e709-2137-44e0-87ff-343f1756fb4c,617,7877,0,0,7877,0
4000,P2_LARGEST,2f97e709-2137-44e0-87ff-343f1756fb4c,1261,8530,0,0,8530,0
8000,P2_LARGEST,2f97e709-2137-44e0-87ff-343f1756fb4c,617,7877,0,0,7877,0
8000,P2_LARGEST,2f97e709-2137-44e0-87ff-343f1756fb4c,1261,8530,0,0,8530,0
none,P2_LARGEST,2f97e709-2137-44e0-87ff-343f1756fb4c,617,7877,0,0,7877,0
none,P2_LARGEST,2f97e709-2137-44e0-87ff-343f1756fb4c,1261,8530,0,0,8530,0
2000,P2_LARGEST,30f5ba7f-64b0-49e6-8a23-4abc3e905f92,127,1146,0,0,1146,0
2000,P2_LARGEST,30f5ba7f-64b0-49e6-8a23-4abc3e905f92,206,1357,0,0,1357,0
2000,P2_LARGEST,30f5ba7f-64b0-49e6-8a23-4abc3e905f92,320,1470,0,0,1470,0
2000,P2_LARGEST,30f5ba7f-64b0-49e6-8a23-4abc3e905f92,380,1608,0,0,1608,0
2000,P2_LARGEST,30f5ba7f-64b0-49e6-8a23-4abc3e905f92,478,1748,0,0,1748,0
2000,P2_LARGEST,30f5ba7f-64b0-49e6-8a23-4abc3e905f92,567,1874,0,0,1874,0
2000,P2_LARGEST,30f5ba7f-64b0-49e6-8a23-4abc3e905f92,774,1962,0,0,1962,0
2000,P2_LARGEST,30f5ba7f-64b0-49e6-8a23-4abc3e905f92,909,2197,0,0,2197,0
4000,P2_LARGEST,30f5ba7f-64b0-49e6-8a23-4abc3e905f92,127,1146,0,0,1146,0
4000,P2_LARGEST,30f5ba7f-64b0-49e6-8a23-4abc3e905f92,206,1357,0,0,1357,0
4000,P2_LARGEST,30f5ba7f-64b0-49e6-8a23-4abc3e905f92,320,1470,0,0,1470,0
4000,P2_LARGEST,30f5ba7f-64b0-49e6-8a23-4abc3e905f92,380,1608,0,0,1608,0
4000,P2_LARGEST,30f5ba7f-64b0-49e6-8a23-4abc3e905f92,478,1748,0,0,1748,0
4000,P2_LARGEST,30f5ba7f-64b0-49e6-8a23-4abc3e905f92,567,1874,0,0,1874,0
4000,P2_LARGEST,30f5ba7f-64b0-49e6-8a23-4abc3e905f92,774,1962,0,0,1962,0
4000,P2_LARGEST,30f5ba7f-64b0-49e6-8a23-4abc3e905f92,909,2197,0,0,2197,0
8000,P2_LARGEST,30f5ba7f-64b0-49e6-8a23-4abc3e905f92,127,1146,0,0,1146,0
8000,P2_LARGEST,30f5ba7f-64b0-49e6-8a23-4abc3e905f92,206,1357,0,0,1357,0
8000,P2_LARGEST,30f5ba7f-64b0-49e6-8a23-4abc3e905f92,320,1470,0,0,1470,0
8000,P2_LARGEST,30f5ba7f-64b0-49e6-8a23-4abc3e905f92,380,1608,0,0,1608,0
8000,P2_LARGEST,30f5ba7f-64b0-49e6-8a23-4abc3e905f92,478,1748,0,0,1748,0
8000,P2_LARGEST,30f5ba7f-64b0-49e6-8a23-4abc3e905f92,567,1874,0,0,1874,0
8000,P2_LARGEST,30f5ba7f-64b0-49e6-8a23-4abc3e905f92,774,1962,0,0,1962,0
8000,P2_LARGEST,30f5ba7f-64b0-49e6-8a23-4abc3e905f92,909,2197,0,0,2197,0
none,P2_LARGEST,30f5ba7f-64b0-49e6-8a23-4abc3e905f92,127,1146,0,0,1146,0
none,P2_LARGEST,30f5ba7f-64b0-49e6-8a23-4abc3e905f92,206,1357,0,0,1357,0
none,P2_LARGEST,30f5ba7f-64b0-49e6-8a23-4abc3e905f92,320,1470,0,0,1470,0
none,P2_LARGEST,30f5ba7f-64b0-49e6-8a23-4abc3e905f92,380,1608,0,0,1608,0
none,P2_LARGEST,30f5ba7f-64b0-49e6-8a23-4abc3e905f92,478,1748,0,0,1748,0
none,P2_LARGEST,30f5ba7f-64b0-49e6-8a23-4abc3e905f92,567,1874,0,0,1874,0
none,P2_LARGEST,30f5ba7f-64b0-49e6-8a23-4abc3e905f92,774,1962,0,0,1962,0
none,P2_LARGEST,30f5ba7f-64b0-49e6-8a23-4abc3e905f92,909,2197,0,0,2197,0
2000,P2_LARGEST,3532f9fc-0904-4334-bf23-8b44218421f9,15,5374,0,0,5374,0
2000,P2_LARGEST,3532f9fc-0904-4334-bf23-8b44218421f9,20,5603,0,0,5603,0
2000,P2_LARGEST,3532f9fc-0904-4334-bf23-8b44218421f9,25,5685,0,0,5685,0
4000,P2_LARGEST,3532f9fc-0904-4334-bf23-8b44218421f9,15,5374,0,0,5374,0
4000,P2_LARGEST,3532f9fc-0904-4334-bf23-8b44218421f9,20,5603,0,0,5603,0
4000,P2_LARGEST,3532f9fc-0904-4334-bf23-8b44218421f9,25,5685,0,0,5685,0
8000,P2_LARGEST,3532f9fc-0904-4334-bf23-8b44218421f9,15,5374,0,0,5374,0
8000,P2_LARGEST,3532f9fc-0904-4334-bf23-8b44218421f9,20,5603,0,0,5603,0
8000,P2_LARGEST,3532f9fc-0904-4334-bf23-8b44218421f9,25,5685,0,0,5685,0
none,P2_LARGEST,3532f9fc-0904-4334-bf23-8b44218421f9,15,5374,0,0,5374,0
none,P2_LARGEST,3532f9fc-0904-4334-bf23-8b44218421f9,20,5603,0,0,5603,0
none,P2_LARGEST,3532f9fc-0904-4334-bf23-8b44218421f9,25,5685,0,0,5685,0
2000,P2_LARGEST,358cf613-b67f-495e-83fa-634953f24f16,15,6846,0,0,6846,0
2000,P2_LARGEST,358cf613-b67f-495e-83fa-634953f24f16,20,8169,0,0,8169,0
4000,P2_LARGEST,358cf613-b67f-495e-83fa-634953f24f16,15,6846,0,0,6846,0
4000,P2_LARGEST,358cf613-b67f-495e-83fa-634953f24f16,20,8169,0,0,8169,0
8000,P2_LARGEST,358cf613-b67f-495e-83fa-634953f24f16,15,6846,0,0,6846,0
8000,P2_LARGEST,358cf613-b67f-495e-83fa-634953f24f16,20,8169,0,0,8169,0
none,P2_LARGEST,358cf613-b67f-495e-83fa-634953f24f16,15,6846,0,0,6846,0
none,P2_LARGEST,358cf613-b67f-495e-83fa-634953f24f16,20,8169,0,0,8169,0
2000,P2_LARGEST,363ccd78-1458-42cd-a7e6-426b01177eb5,104,5930,0,0,5930,0
2000,P2_LARGEST,363ccd78-1458-42cd-a7e6-426b01177eb5,150,6352,0,0,6352,0
2000,P2_LARGEST,363ccd78-1458-42cd-a7e6-426b01177eb5,197,6709,0,0,6709,0
2000,P2_LARGEST,363ccd78-1458-42cd-a7e6-426b01177eb5,289,7003,0,0,7003,0
2000,P2_LARGEST,363ccd78-1458-42cd-a7e6-426b01177eb5,340,7364,0,0,7364,0
2000,P2_LARGEST,363ccd78-1458-42cd-a7e6-426b01177eb5,753,7897,0,0,7897,0
4000,P2_LARGEST,363ccd78-1458-42cd-a7e6-426b01177eb5,104,5930,0,0,5930,0
4000,P2_LARGEST,363ccd78-1458-42cd-a7e6-426b01177eb5,150,6352,0,0,6352,0
4000,P2_LARGEST,363ccd78-1458-42cd-a7e6-426b01177eb5,197,6709,0,0,6709,0
4000,P2_LARGEST,363ccd78-1458-42cd-a7e6-426b01177eb5,289,7003,0,0,7003,0
4000,P2_LARGEST,363ccd78-1458-42cd-a7e6-426b01177eb5,340,7364,0,0,7364,0
4000,P2_LARGEST,363ccd78-1458-42cd-a7e6-426b01177eb5,753,7897,0,0,7897,0
8000,P2_LARGEST,363ccd78-1458-42cd-a7e6-426b01177eb5,104,5930,0,0,5930,0
8000,P2_LARGEST,363ccd78-1458-42cd-a7e6-426b01177eb5,150,6352,0,0,6352,0
8000,P2_LARGEST,363ccd78-1458-42cd-a7e6-426b01177eb5,197,6709,0,0,6709,0
8000,P2_LARGEST,363ccd78-1458-42cd-a7e6-426b01177eb5,289,7003,0,0,7003,0
8000,P2_LARGEST,363ccd78-1458-42cd-a7e6-426b01177eb5,340,7364,0,0,7364,0
8000,P2_LARGEST,363ccd78-1458-42cd-a7e6-426b01177eb5,753,7897,0,0,7897,0
none,P2_LARGEST,363ccd78-1458-42cd-a7e6-426b01177eb5,104,5930,0,0,5930,0
none,P2_LARGEST,363ccd78-1458-42cd-a7e6-426b01177eb5,150,6352,0,0,6352,0
none,P2_LARGEST,363ccd78-1458-42cd-a7e6-426b01177eb5,197,6709,0,0,6709,0
none,P2_LARGEST,363ccd78-1458-42cd-a7e6-426b01177eb5,289,7003,0,0,7003,0
none,P2_LARGEST,363ccd78-1458-42cd-a7e6-426b01177eb5,340,7364,0,0,7364,0
none,P2_LARGEST,363ccd78-1458-42cd-a7e6-426b01177eb5,753,7897,0,0,7897,0
2000,P2_LARGEST,37054a65-196d-44e6-b2a4-e8c6132b0e73,257,6957,0,0,6957,0
2000,P2_LARGEST,37054a65-196d-44e6-b2a4-e8c6132b0e73,726,7845,0,0,7845,0
2000,P2_LARGEST,37054a65-196d-44e6-b2a4-e8c6132b0e73,1635,9645,0,0,9645,0
2000,P2_LARGEST,37054a65-196d-44e6-b2a4-e8c6132b0e73,4679,15170,0,0,15170,0
2000,P2_LARGEST,37054a65-196d-44e6-b2a4-e8c6132b0e73,14293,25648,7,10445,15203,0
2000,P2_LARGEST,37054a65-196d-44e6-b2a4-e8c6132b0e73,18150,28860,3,14081,14779,0
2000,P2_LARGEST,37054a65-196d-44e6-b2a4-e8c6132b0e73,20933,24257,6,8934,15323,0
2000,P2_LARGEST,37054a65-196d-44e6-b2a4-e8c6132b0e73,25269,23397,4,8669,14728,0
2000,P2_LARGEST,37054a65-196d-44e6-b2a4-e8c6132b0e73,27098,26570,14,11325,15245,0
2000,P2_LARGEST,37054a65-196d-44e6-b2a4-e8c6132b0e73,29231,25735,3,10608,15127,0
2000,P2_LARGEST,37054a65-196d-44e6-b2a4-e8c6132b0e73,33268,17769,1,3460,14309,0
2000,P2_LARGEST,37054a65-196d-44e6-b2a4-e8c6132b0e73,34943,18537,2,3904,14633,0
2000,P2_LARGEST,37054a65-196d-44e6-b2a4-e8c6132b0e73,36582,24668,19,9037,15631,0
2000,P2_LARGEST,37054a65-196d-44e6-b2a4-e8c6132b0e73,40212,25676,5,9861,15815,0
2000,P2_LARGEST,37054a65-196d-44e6-b2a4-e8c6132b0e73,44977,20720,2,8068,12652,0
2000,P2_LARGEST,37054a65-196d-44e6-b2a4-e8c6132b0e73,49552,25959,5,9960,15999,0
2000,P2_LARGEST,37054a65-196d-44e6-b2a4-e8c6132b0e73,50869,29990,5,13898,16092,0
2000,P2_LARGEST,37054a65-196d-44e6-b2a4-e8c6132b0e73,52745,24470,3,9419,15051,0
2000,P2_LARGEST,37054a65-196d-44e6-b2a4-e8c6132b0e73,57620,17132,1,3311,13821,0
4000,P2_LARGEST,37054a65-196d-44e6-b2a4-e8c6132b0e73,257,6957,0,0,6957,0
4000,P2_LARGEST,37054a65-196d-44e6-b2a4-e8c6132b0e73,726,9336,0,0,9336,0
4000,P2_LARGEST,37054a65-196d-44e6-b2a4-e8c6132b0e73,1635,13253,0,0,13253,0
4000,P2_LARGEST,37054a65-196d-44e6-b2a4-e8c6132b0e73,4679,21658,3,7988,13670,0
4000,P2_LARGEST,37054a65-196d-44e6-b2a4-e8c6132b0e73,14293,24148,6,9547,14601,0
4000,P2_LARGEST,37054a65-196d-44e6-b2a4-e8c6132b0e73,18150,28258,3,14081,14177,0
4000,P2_LARGEST,37054a65-196d-44e6-b2a4-e8c6132b0e73,20933,23655,5,8832,14823,0
4000,P2_LARGEST,37054a65-196d-44e6-b2a4-e8c6132b0e73,25269,22897,3,7711,15186,0
4000,P2_LARGEST,37054a65-196d-44e6-b2a4-e8c6132b0e73,27098,27028,14,11783,15245,0
4000,P2_LARGEST,37054a65-196d-44e6-b2a4-e8c6132b0e73,29231,25735,3,10608,15127,0
4000,P2_LARGEST,37054a65-196d-44e6-b2a4-e8c6132b0e73,33268,17769,1,3460,14309,0
4000,P2_LARGEST,37054a65-196d-44e6-b2a4-e8c6132b0e73,34943,18537,2,3904,14633,0
4000,P2_LARGEST,37054a65-196d-44e6-b2a4-e8c6132b0e73,36582,24668,19,9037,15631,0
4000,P2_LARGEST,37054a65-196d-44e6-b2a4-e8c6132b0e73,40212,25676,5,9861,15815,0
4000,P2_LARGEST,37054a65-196d-44e6-b2a4-e8c6132b0e73,44977,20720,2,8068,12652,0
4000,P2_LARGEST,37054a65-196d-44e6-b2a4-e8c6132b0e73,49552,25959,5,9960,15999,0
4000,P2_LARGEST,37054a65-196d-44e6-b2a4-e8c6132b0e73,50869,29990,5,13898,16092,0
4000,P2_LARGEST,37054a65-196d-44e6-b2a4-e8c6132b0e73,52745,24470,3,9419,15051,0
4000,P2_LARGEST,37054a65-196d-44e6-b2a4-e8c6132b0e73,57620,17132,1,3311,13821,0
8000,P2_LARGEST,37054a65-196d-44e6-b2a4-e8c6132b0e73,257,6957,0,0,6957,0
8000,P2_LARGEST,37054a65-196d-44e6-b2a4-e8c6132b0e73,726,9336,0,0,9336,0
8000,P2_LARGEST,37054a65-196d-44e6-b2a4-e8c6132b0e73,1635,13253,0,0,13253,0
8000,P2_LARGEST,37054a65-196d-44e6-b2a4-e8c6132b0e73,4679,21658,3,7988,13670,0
8000,P2_LARGEST,37054a65-196d-44e6-b2a4-e8c6132b0e73,14293,24148,6,9547,14601,0
8000,P2_LARGEST,37054a65-196d-44e6-b2a4-e8c6132b0e73,18150,28258,3,14081,14177,0
8000,P2_LARGEST,37054a65-196d-44e6-b2a4-e8c6132b0e73,20933,23655,5,8832,14823,0
8000,P2_LARGEST,37054a65-196d-44e6-b2a4-e8c6132b0e73,25269,22897,3,7711,15186,0
8000,P2_LARGEST,37054a65-196d-44e6-b2a4-e8c6132b0e73,27098,27028,14,11783,15245,0
8000,P2_LARGEST,37054a65-196d-44e6-b2a4-e8c6132b0e73,29231,25735,3,10608,15127,0
8000,P2_LARGEST,37054a65-196d-44e6-b2a4-e8c6132b0e73,33268,17769,1,3460,14309,0
8000,P2_LARGEST,37054a65-196d-44e6-b2a4-e8c6132b0e73,34943,18537,2,3904,14633,0
8000,P2_LARGEST,37054a65-196d-44e6-b2a4-e8c6132b0e73,36582,24668,19,9037,15631,0
8000,P2_LARGEST,37054a65-196d-44e6-b2a4-e8c6132b0e73,40212,25676,5,9861,15815,0
8000,P2_LARGEST,37054a65-196d-44e6-b2a4-e8c6132b0e73,44977,20720,2,8068,12652,0
8000,P2_LARGEST,37054a65-196d-44e6-b2a4-e8c6132b0e73,49552,25959,5,9960,15999,0
8000,P2_LARGEST,37054a65-196d-44e6-b2a4-e8c6132b0e73,50869,29990,5,13898,16092,0
8000,P2_LARGEST,37054a65-196d-44e6-b2a4-e8c6132b0e73,52745,24470,3,9419,15051,0
8000,P2_LARGEST,37054a65-196d-44e6-b2a4-e8c6132b0e73,57620,17132,1,3311,13821,0
none,P2_LARGEST,37054a65-196d-44e6-b2a4-e8c6132b0e73,257,6957,0,0,6957,0
none,P2_LARGEST,37054a65-196d-44e6-b2a4-e8c6132b0e73,726,9336,0,0,9336,0
none,P2_LARGEST,37054a65-196d-44e6-b2a4-e8c6132b0e73,1635,13253,0,0,13253,0
none,P2_LARGEST,37054a65-196d-44e6-b2a4-e8c6132b0e73,4679,21658,3,7988,13670,0
none,P2_LARGEST,37054a65-196d-44e6-b2a4-e8c6132b0e73,14293,24148,6,9547,14601,0
none,P2_LARGEST,37054a65-196d-44e6-b2a4-e8c6132b0e73,18150,28258,3,14081,14177,0
none,P2_LARGEST,37054a65-196d-44e6-b2a4-e8c6132b0e73,20933,23655,5,8832,14823,0
none,P2_LARGEST,37054a65-196d-44e6-b2a4-e8c6132b0e73,25269,22897,3,7711,15186,0
none,P2_LARGEST,37054a65-196d-44e6-b2a4-e8c6132b0e73,27098,27028,14,11783,15245,0
none,P2_LARGEST,37054a65-196d-44e6-b2a4-e8c6132b0e73,29231,25735,3,10608,15127,0
none,P2_LARGEST,37054a65-196d-44e6-b2a4-e8c6132b0e73,33268,17769,1,3460,14309,0
none,P2_LARGEST,37054a65-196d-44e6-b2a4-e8c6132b0e73,34943,18537,2,3904,14633,0
none,P2_LARGEST,37054a65-196d-44e6-b2a4-e8c6132b0e73,36582,24668,19,9037,15631,0
none,P2_LARGEST,37054a65-196d-44e6-b2a4-e8c6132b0e73,40212,25676,5,9861,15815,0
none,P2_LARGEST,37054a65-196d-44e6-b2a4-e8c6132b0e73,44977,20720,2,8068,12652,0
none,P2_LARGEST,37054a65-196d-44e6-b2a4-e8c6132b0e73,49552,25959,5,9960,15999,0
none,P2_LARGEST,37054a65-196d-44e6-b2a4-e8c6132b0e73,50869,29990,5,13898,16092,0
none,P2_LARGEST,37054a65-196d-44e6-b2a4-e8c6132b0e73,52745,24470,3,9419,15051,0
none,P2_LARGEST,37054a65-196d-44e6-b2a4-e8c6132b0e73,57620,17132,1,3311,13821,0
2000,P2_LARGEST,37c1c9c4-7af0-4b46-abad-cc47725cd17f,1297,9747,0,0,9747,0
4000,P2_LARGEST,37c1c9c4-7af0-4b46-abad-cc47725cd17f,1297,9747,0,0,9747,0
8000,P2_LARGEST,37c1c9c4-7af0-4b46-abad-cc47725cd17f,1297,9747,0,0,9747,0
none,P2_LARGEST,37c1c9c4-7af0-4b46-abad-cc47725cd17f,1297,9747,0,0,9747,0
2000,P2_LARGEST,40c4a9b8-b103-42da-b576-0ffe6c051c4e,388,10435,0,0,10435,0
2000,P2_LARGEST,40c4a9b8-b103-42da-b576-0ffe6c051c4e,484,10878,0,0,10878,0
2000,P2_LARGEST,40c4a9b8-b103-42da-b576-0ffe6c051c4e,658,11016,0,0,11016,0
2000,P2_LARGEST,40c4a9b8-b103-42da-b576-0ffe6c051c4e,981,11716,0,0,11716,0
2000,P2_LARGEST,40c4a9b8-b103-42da-b576-0ffe6c051c4e,1451,13473,0,0,13473,0
2000,P2_LARGEST,40c4a9b8-b103-42da-b576-0ffe6c051c4e,2218,13934,0,0,13934,0
2000,P2_LARGEST,40c4a9b8-b103-42da-b576-0ffe6c051c4e,2946,14817,0,0,14817,0
2000,P2_LARGEST,40c4a9b8-b103-42da-b576-0ffe6c051c4e,3620,15668,0,0,15668,0
2000,P2_LARGEST,40c4a9b8-b103-42da-b576-0ffe6c051c4e,3705,16442,1,1406,15036,0
2000,P2_LARGEST,40c4a9b8-b103-42da-b576-0ffe6c051c4e,3808,15444,0,0,15444,0
2000,P2_LARGEST,40c4a9b8-b103-42da-b576-0ffe6c051c4e,4565,15901,0,0,15901,0
2000,P2_LARGEST,40c4a9b8-b103-42da-b576-0ffe6c051c4e,5293,17082,3,2286,14796,0
2000,P2_LARGEST,40c4a9b8-b103-42da-b576-0ffe6c051c4e,6005,15957,0,0,15957,0
2000,P2_LARGEST,40c4a9b8-b103-42da-b576-0ffe6c051c4e,6699,16869,2,1571,15298,0
2000,P2_LARGEST,40c4a9b8-b103-42da-b576-0ffe6c051c4e,6836,16100,0,0,16100,0
2000,P2_LARGEST,40c4a9b8-b103-42da-b576-0ffe6c051c4e,7527,16433,2,1485,14948,0
2000,P2_LARGEST,40c4a9b8-b103-42da-b576-0ffe6c051c4e,7810,17284,5,2210,15074,0
2000,P2_LARGEST,40c4a9b8-b103-42da-b576-0ffe6c051c4e,8163,15344,0,0,15344,0
2000,P2_LARGEST,40c4a9b8-b103-42da-b576-0ffe6c051c4e,8428,15900,0,0,15900,0
2000,P2_LARGEST,40c4a9b8-b103-42da-b576-0ffe6c051c4e,8805,16154,0,0,16154,0
2000,P2_LARGEST,40c4a9b8-b103-42da-b576-0ffe6c051c4e,10807,17815,3,2440,15375,0
2000,P2_LARGEST,40c4a9b8-b103-42da-b576-0ffe6c051c4e,15687,18820,9,3571,15249,0
2000,P2_LARGEST,40c4a9b8-b103-42da-b576-0ffe6c051c4e,22276,21083,22,4555,16528,1
2000,P2_LARGEST,40c4a9b8-b103-42da-b576-0ffe6c051c4e,22291,23134,2,5704,17430,1
2000,P2_LARGEST,40c4a9b8-b103-42da-b576-0ffe6c051c4e,22639,18940,1,6585,12355,0
2000,P2_LARGEST,40c4a9b8-b103-42da-b576-0ffe6c051c4e,30438,14603,0,0,14603,0
2000,P2_LARGEST,40c4a9b8-b103-42da-b576-0ffe6c051c4e,30728,24737,8,3689,21048,1
2000,P2_LARGEST,40c4a9b8-b103-42da-b576-0ffe6c051c4e,30964,21478,1,7947,13531,0
2000,P2_LARGEST,40c4a9b8-b103-42da-b576-0ffe6c051c4e,31390,13941,0,0,13941,0
2000,P2_LARGEST,40c4a9b8-b103-42da-b576-0ffe6c051c4e,32015,14892,0,0,14892,0
2000,P2_LARGEST,40c4a9b8-b103-42da-b576-0ffe6c051c4e,32397,15726,0,0,15726,0
2000,P2_LARGEST,40c4a9b8-b103-42da-b576-0ffe6c051c4e,32728,16309,0,0,16309,0
2000,P2_LARGEST,40c4a9b8-b103-42da-b576-0ffe6c051c4e,35501,16861,1,1982,14879,0
2000,P2_LARGEST,40c4a9b8-b103-42da-b576-0ffe6c051c4e,35967,17976,14,3645,14331,1
2000,P2_LARGEST,40c4a9b8-b103-42da-b576-0ffe6c051c4e,36199,14871,2,3051,11820,1
2000,P2_LARGEST,40c4a9b8-b103-42da-b576-0ffe6c051c4e,36407,12203,2,447,11756,1
2000,P2_LARGEST,40c4a9b8-b103-42da-b576-0ffe6c051c4e,37758,12365,2,264,12101,1
2000,P2_LARGEST,40c4a9b8-b103-42da-b576-0ffe6c051c4e,38778,13650,2,316,13334,1
2000,P2_LARGEST,40c4a9b8-b103-42da-b576-0ffe6c051c4e,39601,16202,3,1880,14322,1
2000,P2_LARGEST,40c4a9b8-b103-42da-b576-0ffe6c051c4e,39685,15372,3,2808,12564,1
2000,P2_LARGEST,40c4a9b8-b103-42da-b576-0ffe6c051c4e,39747,12669,2,920,11749,1
2000,P2_LARGEST,40c4a9b8-b103-42da-b576-0ffe6c051c4e,39916,11848,2,122,11726,1
2000,P2_LARGEST,40c4a9b8-b103-42da-b576-0ffe6c051c4e,40037,11958,2,46,11912,1
2000,P2_LARGEST,40c4a9b8-b103-42da-b576-0ffe6c051c4e,40180,12061,2,168,11893,1
2000,P2_LARGEST,40c4a9b8-b103-42da-b576-0ffe6c051c4e,40302,12185,2,142,12043,1
2000,P2_LARGEST,40c4a9b8-b103-42da-b576-0ffe6c051c4e,41016,12788,2,134,12654,1
2000,P2_LARGEST,40c4a9b8-b103-42da-b576-0ffe6c051c4e,41874,13626,2,228,13398,1
2000,P2_LARGEST,40c4a9b8-b103-42da-b576-0ffe6c051c4e,42610,14398,2,1366,13032,1
2000,P2_LARGEST,40c4a9b8-b103-42da-b576-0ffe6c051c4e,42737,14278,2,1084,13194,1
2000,P2_LARGEST,40c4a9b8-b103-42da-b576-0ffe6c051c4e,42859,13335,2,844,12491,1
2000,P2_LARGEST,40c4a9b8-b103-42da-b576-0ffe6c051c4e,42979,12940,2,515,12425,1
2000,P2_LARGEST,40c4a9b8-b103-42da-b576-0ffe6c051c4e,43103,12579,2,95,12484,1
2000,P2_LARGEST,40c4a9b8-b103-42da-b576-0ffe6c051c4e,43235,12943,2,407,12536,1
2000,P2_LARGEST,40c4a9b8-b103-42da-b576-0ffe6c051c4e,43490,12713,2,121,12592,1
2000,P2_LARGEST,40c4a9b8-b103-42da-b576-0ffe6c051c4e,43571,13157,2,427,12730,1
2000,P2_LARGEST,40c4a9b8-b103-42da-b576-0ffe6c051c4e,43714,12811,2,257,12554,1
2000,P2_LARGEST,40c4a9b8-b103-42da-b576-0ffe6c051c4e,43857,12765,2,351,12414,1
2000,P2_LARGEST,40c4a9b8-b103-42da-b576-0ffe6c051c4e,44001,12568,2,108,12460,1
2000,P2_LARGEST,40c4a9b8-b103-42da-b576-0ffe6c051c4e,44218,12604,2,171,12433,1
2000,P2_LARGEST,40c4a9b8-b103-42da-b576-0ffe6c051c4e,44440,12673,2,113,12560,1
2000,P2_LARGEST,40c4a9b8-b103-42da-b576-0ffe6c051c4e,44684,12795,2,175,12620,1
2000,P2_LARGEST,40c4a9b8-b103-42da-b576-0ffe6c051c4e,44808,12953,2,208,12745,1
2000,P2_LARGEST,40c4a9b8-b103-42da-b576-0ffe6c051c4e,44973,14310,2,216,14094,1
2000,P2_LARGEST,40c4a9b8-b103-42da-b576-0ffe6c051c4e,45138,16182,3,1600,14582,1
2000,P2_LARGEST,40c4a9b8-b103-42da-b576-0ffe6c051c4e,45463,14846,3,2028,12818,1
2000,P2_LARGEST,40c4a9b8-b103-42da-b576-0ffe6c051c4e,45795,13147,2,134,13013,1
2000,P2_LARGEST,40c4a9b8-b103-42da-b576-0ffe6c051c4e,46671,13356,2,368,12988,1
2000,P2_LARGEST,40c4a9b8-b103-42da-b576-0ffe6c051c4e,46935,13938,2,296,13642,1
2000,P2_LARGEST,40c4a9b8-b103-42da-b576-0ffe6c051c4e,47266,13947,2,849,13098,1
2000,P2_LARGEST,40c4a9b8-b103-42da-b576-0ffe6c051c4e,47740,13434,2,298,13136,1
2000,P2_LARGEST,40c4a9b8-b103-42da-b576-0ffe6c051c4e,48163,13656,2,331,13325,1
2000,P2_LARGEST,40c4a9b8-b103-42da-b576-0ffe6c051c4e,48653,13759,2,440,13319,1
2000,P2_LARGEST,40c4a9b8-b103-42da-b576-0ffe6c051c4e,48907,13822,2,430,13392,1
2000,P2_LARGEST,40c4a9b8-b103-42da-b576-0ffe6c051c4e,49133,13688,2,460,13228,1
2000,P2_LARGEST,40c4a9b8-b103-42da-b576-0ffe6c051c4e,49292,13476,2,227,13249,1
2000,P2_LARGEST,40c4a9b8-b103-42da-b576-0ffe6c051c4e,49373,13466,2,228,13238,1
2000,P2_LARGEST,40c4a9b8-b103-42da-b576-0ffe6c051c4e,49447,13331,2,136,13195,1
2000,P2_LARGEST,40c4a9b8-b103-42da-b576-0ffe6c051c4e,49630,13263,2,101,13162,1
2000,P2_LARGEST,40c4a9b8-b103-42da-b576-0ffe6c051c4e,50604,13358,2,45,13313,1
2000,P2_LARGEST,40c4a9b8-b103-42da-b576-0ffe6c051c4e,51131,14677,2,141,14536,1
2000,P2_LARGEST,40c4a9b8-b103-42da-b576-0ffe6c051c4e,51243,15192,2,1053,14139,1
2000,P2_LARGEST,40c4a9b8-b103-42da-b576-0ffe6c051c4e,51374,14333,2,767,13566,1
2000,P2_LARGEST,40c4a9b8-b103-42da-b576-0ffe6c051c4e,52161,14181,2,201,13980,1
2000,P2_LARGEST,40c4a9b8-b103-42da-b576-0ffe6c051c4e,52298,14995,2,176,14819,1
2000,P2_LARGEST,40c4a9b8-b103-42da-b576-0ffe6c051c4e,52521,15013,2,1250,13763,1
2000,P2_LARGEST,40c4a9b8-b103-42da-b576-0ffe6c051c4e,52602,14147,2,303,13844,1
2000,P2_LARGEST,40c4a9b8-b103-42da-b576-0ffe6c051c4e,53131,13986,2,244,13742,1
2000,P2_LARGEST,40c4a9b8-b103-42da-b576-0ffe6c051c4e,53438,14895,2,199,14696,1
2000,P2_LARGEST,40c4a9b8-b103-42da-b576-0ffe6c051c4e,53519,15055,2,558,14497,1
2000,P2_LARGEST,40c4a9b8-b103-42da-b576-0ffe6c051c4e,54283,14715,2,883,13832,1
2000,P2_LARGEST,40c4a9b8-b103-42da-b576-0ffe6c051c4e,55099,18324,3,218,18106,1
2000,P2_LARGEST,40c4a9b8-b103-42da-b576-0ffe6c051c4e,56113,19092,3,4432,14660,1
2000,P2_LARGEST,40c4a9b8-b103-42da-b576-0ffe6c051c4e,56503,15778,2,856,14922,1
2000,P2_LARGEST,40c4a9b8-b103-42da-b576-0ffe6c051c4e,57715,16030,2,1159,14871,1
2000,P2_LARGEST,40c4a9b8-b103-42da-b576-0ffe6c051c4e,58156,16231,2,393,15838,1
2000,P2_LARGEST,40c4a9b8-b103-42da-b576-0ffe6c051c4e,58985,16432,2,1933,14499,1
2000,P2_LARGEST,40c4a9b8-b103-42da-b576-0ffe6c051c4e,59527,15518,2,522,14996,1
2000,P2_LARGEST,40c4a9b8-b103-42da-b576-0ffe6c051c4e,60344,15778,2,956,14822,1
2000,P2_LARGEST,40c4a9b8-b103-42da-b576-0ffe6c051c4e,60820,15748,2,696,15052,1
2000,P2_LARGEST,40c4a9b8-b103-42da-b576-0ffe6c051c4e,61452,15692,2,997,14695,1
2000,P2_LARGEST,40c4a9b8-b103-42da-b576-0ffe6c051c4e,63563,18098,3,641,17457,1
2000,P2_LARGEST,40c4a9b8-b103-42da-b576-0ffe6c051c4e,63712,20077,3,3343,16734,1
2000,P2_LARGEST,40c4a9b8-b103-42da-b576-0ffe6c051c4e,63952,17299,2,2490,14809,1
2000,P2_LARGEST,40c4a9b8-b103-42da-b576-0ffe6c051c4e,66282,15191,2,187,15004,1
2000,P2_LARGEST,40c4a9b8-b103-42da-b576-0ffe6c051c4e,68040,17784,2,635,17149,1
2000,P2_LARGEST,40c4a9b8-b103-42da-b576-0ffe6c051c4e,69069,19507,2,2706,16801,1
2000,P2_LARGEST,40c4a9b8-b103-42da-b576-0ffe6c051c4e,69223,18114,2,2163,15951,1
2000,P2_LARGEST,40c4a9b8-b103-42da-b576-0ffe6c051c4e,69907,16114,2,1391,14723,1
2000,P2_LARGEST,40c4a9b8-b103-42da-b576-0ffe6c051c4e,70535,18299,4,1049,17250,1
2000,P2_LARGEST,40c4a9b8-b103-42da-b576-0ffe6c051c4e,72582,18049,4,3387,14662,1
2000,P2_LARGEST,40c4a9b8-b103-42da-b576-0ffe6c051c4e,72857,17131,2,18,17113,1
2000,P2_LARGEST,40c4a9b8-b103-42da-b576-0ffe6c051c4e,72988,17441,4,2744,14697,1
2000,P2_LARGEST,40c4a9b8-b103-42da-b576-0ffe6c051c4e,73078,14817,2,2,14815,1
2000,P2_LARGEST,40c4a9b8-b103-42da-b576-0ffe6c051c4e,73209,14910,2,97,14813,1
2000,P2_LARGEST,40c4a9b8-b103-42da-b576-0ffe6c051c4e,73280,14967,2,45,14922,1
2000,P2_LARGEST,40c4a9b8-b103-42da-b576-0ffe6c051c4e,73398,15225,2,96,15129,1
2000,P2_LARGEST,40c4a9b8-b103-42da-b576-0ffe6c051c4e,73515,15292,2,54,15238,1
2000,P2_LARGEST,40c4a9b8-b103-42da-b576-0ffe6c051c4e,73877,15348,2,310,15038,1
2000,P2_LARGEST,40c4a9b8-b103-42da-b576-0ffe6c051c4e,74793,15453,2,122,15331,1
2000,P2_LARGEST,40c4a9b8-b103-42da-b576-0ffe6c051c4e,75224,16478,2,332,16146,1
2000,P2_LARGEST,40c4a9b8-b103-42da-b576-0ffe6c051c4e,75588,16572,2,991,15581,1
2000,P2_LARGEST,40c4a9b8-b103-42da-b576-0ffe6c051c4e,76141,15935,2,527,15408,1
2000,P2_LARGEST,40c4a9b8-b103-42da-b576-0ffe6c051c4e,76803,16031,2,317,15714,1
2000,P2_LARGEST,40c4a9b8-b103-42da-b576-0ffe6c051c4e,77224,19173,3,580,18593,1
2000,P2_LARGEST,40c4a9b8-b103-42da-b576-0ffe6c051c4e,80304,19654,3,3399,16255,1
2000,P2_LARGEST,40c4a9b8-b103-42da-b576-0ffe6c051c4e,85044,20002,2,931,19071,1
2000,P2_LARGEST,40c4a9b8-b103-42da-b576-0ffe6c051c4e,87870,28050,3,3777,24273,1
2000,P2_LARGEST,40c4a9b8-b103-42da-b576-0ffe6c051c4e,89575,27509,3,8919,18590,1
2000,P2_LARGEST,40c4a9b8-b103-42da-b576-0ffe6c051c4e,91088,20565,2,3106,17459,1
2000,P2_LARGEST,40c4a9b8-b103-42da-b576-0ffe6c051c4e,92813,19377,2,1931,17446,1
2000,P2_LARGEST,40c4a9b8-b103-42da-b576-0ffe6c051c4e,93547,20040,2,1699,18341,1
2000,P2_LARGEST,40c4a9b8-b103-42da-b576-0ffe6c051c4e,96066,22786,3,2807,19979,1
2000,P2_LARGEST,40c4a9b8-b103-42da-b576-0ffe6c051c4e,98555,22929,3,4385,18544,1
2000,P2_LARGEST,40c4a9b8-b103-42da-b576-0ffe6c051c4e,100819,21316,2,2820,18496,1
2000,P2_LARGEST,40c4a9b8-b103-42da-b576-0ffe6c051c4e,103955,24902,3,2802,22100,1
2000,P2_LARGEST,40c4a9b8-b103-42da-b576-0ffe6c051c4e,105200,25571,2,3721,21850,1
2000,P2_LARGEST,40c4a9b8-b103-42da-b576-0ffe6c051c4e,107804,23297,2,5839,17458,1
2000,P2_LARGEST,40c4a9b8-b103-42da-b576-0ffe6c051c4e,109836,21826,3,1624,20202,1
2000,P2_LARGEST,40c4a9b8-b103-42da-b576-0ffe6c051c4e,111857,22578,3,4308,18270,1
2000,P2_LARGEST,40c4a9b8-b103-42da-b576-0ffe6c051c4e,111972,20939,2,2246,18693,1
2000,P2_LARGEST,40c4a9b8-b103-42da-b576-0ffe6c051c4e,112100,18891,2,2238,16653,1
2000,P2_LARGEST,40c4a9b8-b103-42da-b576-0ffe6c051c4e,112194,17021,2,548,16473,1
2000,P2_LARGEST,40c4a9b8-b103-42da-b576-0ffe6c051c4e,112303,16652,2,170,16482,1
2000,P2_LARGEST,40c4a9b8-b103-42da-b576-0ffe6c051c4e,112432,18529,2,297,18232,1
2000,P2_LARGEST,40c4a9b8-b103-42da-b576-0ffe6c051c4e,112532,18672,2,154,18518,1
2000,P2_LARGEST,40c4a9b8-b103-42da-b576-0ffe6c051c4e,112664,19379,2,2027,17352,1
2000,P2_LARGEST,40c4a9b8-b103-42da-b576-0ffe6c051c4e,112763,18664,2,369,18295,1
2000,P2_LARGEST,40c4a9b8-b103-42da-b576-0ffe6c051c4e,112904,19445,3,2021,17424,1
2000,P2_LARGEST,40c4a9b8-b103-42da-b576-0ffe6c051c4e,113382,18177,2,227,17950,1
2000,P2_LARGEST,40c4a9b8-b103-42da-b576-0ffe6c051c4e,113539,20602,3,1576,19026,1
2000,P2_LARGEST,40c4a9b8-b103-42da-b576-0ffe6c051c4e,113921,19795,3,2592,17203,1
2000,P2_LARGEST,40c4a9b8-b103-42da-b576-0ffe6c051c4e,114076,17593,2,639,16954,1
2000,P2_LARGEST,40c4a9b8-b103-42da-b576-0ffe6c051c4e,114200,17105,2,436,16669,1
2000,P2_LARGEST,40c4a9b8-b103-42da-b576-0ffe6c051c4e,114419,16786,2,106,16680,1
2000,P2_LARGEST,40c4a9b8-b103-42da-b576-0ffe6c051c4e,114648,16897,2,82,16815,1
2000,P2_LARGEST,40c4a9b8-b103-42da-b576-0ffe6c051c4e,114794,17042,2,172,16870,1
2000,P2_LARGEST,40c4a9b8-b103-42da-b576-0ffe6c051c4e,114932,17014,2,187,16827,1
2000,P2_LARGEST,40c4a9b8-b103-42da-b576-0ffe6c051c4e,115061,16963,2,104,16859,1
2000,P2_LARGEST,40c4a9b8-b103-42da-b576-0ffe6c051c4e,115194,16986,2,96,16890,1
2000,P2_LARGEST,40c4a9b8-b103-42da-b576-0ffe6c051c4e,115459,17015,2,87,16928,1
2000,P2_LARGEST,40c4a9b8-b103-42da-b576-0ffe6c051c4e,115603,17191,2,91,17100,1
2000,P2_LARGEST,40c4a9b8-b103-42da-b576-0ffe6c051c4e,115963,17241,2,217,17024,1
2000,P2_LARGEST,40c4a9b8-b103-42da-b576-0ffe6c051c4e,116117,17384,2,103,17281,1
2000,P2_LARGEST,40c4a9b8-b103-42da-b576-0ffe6c051c4e,116660,17433,2,318,17115,1
2000,P2_LARGEST,40c4a9b8-b103-42da-b576-0ffe6c051c4e,116994,17869,2,113,17756,1
2000,P2_LARGEST,40c4a9b8-b103-42da-b576-0ffe6c051c4e,117796,18614,2,532,18082,1
2000,P2_LARGEST,40c4a9b8-b103-42da-b576-0ffe6c051c4e,117910,19070,2,513,18557,1
2000,P2_LARGEST,40c4a9b8-b103-42da-b576-0ffe6c051c4e,118536,18708,2,1363,17345,1
2000,P2_LARGEST,40c4a9b8-b103-42da-b576-0ffe6c051c4e,118630,18119,2,145,17974,1
2000,P2_LARGEST,40c4a9b8-b103-42da-b576-0ffe6c051c4e,119126,18066,2,724,17342,1
2000,P2_LARGEST,40c4a9b8-b103-42da-b576-0ffe6c051c4e,119400,18597,2,101,18496,1
2000,P2_LARGEST,40c4a9b8-b103-42da-b576-0ffe6c051c4e,119562,19501,2,524,18977,1
2000,P2_LARGEST,40c4a9b8-b103-42da-b576-0ffe6c051c4e,119684,21302,3,1643,19659,1
2000,P2_LARGEST,40c4a9b8-b103-42da-b576-0ffe6c051c4e,120267,20034,3,2265,17769,1
2000,P2_LARGEST,40c4a9b8-b103-42da-b576-0ffe6c051c4e,120687,18487,2,245,18242,1
4000,P2_LARGEST,40c4a9b8-b103-42da-b576-0ffe6c051c4e,388,10435,0,0,10435,0
4000,P2_LARGEST,40c4a9b8-b103-42da-b576-0ffe6c051c4e,484,10878,0,0,10878,0
4000,P2_LARGEST,40c4a9b8-b103-42da-b576-0ffe6c051c4e,658,11016,0,0,11016,0
4000,P2_LARGEST,40c4a9b8-b103-42da-b576-0ffe6c051c4e,981,11716,0,0,11716,0
4000,P2_LARGEST,40c4a9b8-b103-42da-b576-0ffe6c051c4e,1451,13473,0,0,13473,0
4000,P2_LARGEST,40c4a9b8-b103-42da-b576-0ffe6c051c4e,2218,13934,0,0,13934,0
4000,P2_LARGEST,40c4a9b8-b103-42da-b576-0ffe6c051c4e,2946,14817,0,0,14817,0
4000,P2_LARGEST,40c4a9b8-b103-42da-b576-0ffe6c051c4e,3620,15668,0,0,15668,0
4000,P2_LARGEST,40c4a9b8-b103-42da-b576-0ffe6c051c4e,3705,16442,1,1406,15036,0
4000,P2_LARGEST,40c4a9b8-b103-42da-b576-0ffe6c051c4e,3808,15444,0,0,15444,0
4000,P2_LARGEST,40c4a9b8-b103-42da-b576-0ffe6c051c4e,4565,15901,0,0,15901,0
4000,P2_LARGEST,40c4a9b8-b103-42da-b576-0ffe6c051c4e,5293,17082,3,2286,14796,0
4000,P2_LARGEST,40c4a9b8-b103-42da-b576-0ffe6c051c4e,6005,15957,0,0,15957,0
4000,P2_LARGEST,40c4a9b8-b103-42da-b576-0ffe6c051c4e,6699,16869,2,1571,15298,0
4000,P2_LARGEST,40c4a9b8-b103-42da-b576-0ffe6c051c4e,6836,16100,0,0,16100,0
4000,P2_LARGEST,40c4a9b8-b103-42da-b576-0ffe6c051c4e,7527,16433,2,1485,14948,0
4000,P2_LARGEST,40c4a9b8-b103-42da-b576-0ffe6c051c4e,7810,17284,5,2210,15074,0
4000,P2_LARGEST,40c4a9b8-b103-42da-b576-0ffe6c051c4e,8163,15344,0,0,15344,0
4000,P2_LARGEST,40c4a9b8-b103-42da-b576-0ffe6c051c4e,8428,15900,0,0,15900,0
4000,P2_LARGEST,40c4a9b8-b103-42da-b576-0ffe6c051c4e,8805,16154,0,0,16154,0
4000,P2_LARGEST,40c4a9b8-b103-42da-b576-0ffe6c051c4e,10807,17815,3,2440,15375,0
4000,P2_LARGEST,40c4a9b8-b103-42da-b576-0ffe6c051c4e,15687,18820,9,3571,15249,0
4000,P2_LARGEST,40c4a9b8-b103-42da-b576-0ffe6c051c4e,22276,21083,22,4555,16528,1
4000,P2_LARGEST,40c4a9b8-b103-42da-b576-0ffe6c051c4e,22291,23134,2,5704,17430,1
4000,P2_LARGEST,40c4a9b8-b103-42da-b576-0ffe6c051c4e,22639,18940,1,6585,12355,0
4000,P2_LARGEST,40c4a9b8-b103-42da-b576-0ffe6c051c4e,30438,14603,0,0,14603,0
4000,P2_LARGEST,40c4a9b8-b103-42da-b576-0ffe6c051c4e,30728,24737,8,3689,21048,1
4000,P2_LARGEST,40c4a9b8-b103-42da-b576-0ffe6c051c4e,30964,21478,1,7947,13531,0
4000,P2_LARGEST,40c4a9b8-b103-42da-b576-0ffe6c051c4e,31390,13941,0,0,13941,0
4000,P2_LARGEST,40c4a9b8-b103-42da-b576-0ffe6c051c4e,32015,16447,1,1982,14465,0
4000,P2_LARGEST,40c4a9b8-b103-42da-b576-0ffe6c051c4e,32397,15299,0,0,15299,0
4000,P2_LARGEST,40c4a9b8-b103-42da-b576-0ffe6c051c4e,32728,15882,0,0,15882,0
4000,P2_LARGEST,40c4a9b8-b103-42da-b576-0ffe6c051c4e,35501,16434,1,2055,14379,0
4000,P2_LARGEST,40c4a9b8-b103-42da-b576-0ffe6c051c4e,35967,17476,13,3145,14331,1
4000,P2_LARGEST,40c4a9b8-b103-42da-b576-0ffe6c051c4e,36199,14871,2,3051,11820,1
4000,P2_LARGEST,40c4a9b8-b103-42da-b576-0ffe6c051c4e,36407,12203,2,447,11756,1
4000,P2_LARGEST,40c4a9b8-b103-42da-b576-0ffe6c051c4e,37758,12365,2,264,12101,1
4000,P2_LARGEST,40c4a9b8-b103-42da-b576-0ffe6c051c4e,38778,13650,2,316,13334,1
4000,P2_LARGEST,40c4a9b8-b103-42da-b576-0ffe6c051c4e,39601,16202,3,1880,14322,1
4000,P2_LARGEST,40c4a9b8-b103-42da-b576-0ffe6c051c4e,39685,15372,3,2808,12564,1
4000,P2_LARGEST,40c4a9b8-b103-42da-b576-0ffe6c051c4e,39747,12669,2,920,11749,1
4000,P2_LARGEST,40c4a9b8-b103-42da-b576-0ffe6c051c4e,39916,11848,2,122,11726,1
4000,P2_LARGEST,40c4a9b8-b103-42da-b576-0ffe6c051c4e,40037,11958,2,46,11912,1
4000,P2_LARGEST,40c4a9b8-b103-42da-b576-0ffe6c051c4e,40180,12061,2,168,11893,1
4000,P2_LARGEST,40c4a9b8-b103-42da-b576-0ffe6c051c4e,40302,12185,2,142,12043,1
4000,P2_LARGEST,40c4a9b8-b103-42da-b576-0ffe6c051c4e,41016,12788,2,134,12654,1
4000,P2_LARGEST,40c4a9b8-b103-42da-b576-0ffe6c051c4e,41874,13626,2,228,13398,1
4000,P2_LARGEST,40c4a9b8-b103-42da-b576-0ffe6c051c4e,42610,14398,2,1366,13032,1
4000,P2_LARGEST,40c4a9b8-b103-42da-b576-0ffe6c051c4e,42737,14278,2,1084,13194,1
4000,P2_LARGEST,40c4a9b8-b103-42da-b576-0ffe6c051c4e,42859,13335,2,844,12491,1
4000,P2_LARGEST,40c4a9b8-b103-42da-b576-0ffe6c051c4e,42979,12940,2,515,12425,1
4000,P2_LARGEST,40c4a9b8-b103-42da-b576-0ffe6c051c4e,43103,12579,2,95,12484,1
4000,P2_LARGEST,40c4a9b8-b103-42da-b576-0ffe6c051c4e,43235,12943,2,407,12536,1
4000,P2_LARGEST,40c4a9b8-b103-42da-b576-0ffe6c051c4e,43490,12713,2,121,12592,1
4000,P2_LARGEST,40c4a9b8-b103-42da-b576-0ffe6c051c4e,43571,13157,2,427,12730,1
4000,P2_LARGEST,40c4a9b8-b103-42da-b576-0ffe6c051c4e,43714,12811,2,257,12554,1
4000,P2_LARGEST,40c4a9b8-b103-42da-b576-0ffe6c051c4e,43857,12765,2,351,12414,1
4000,P2_LARGEST,40c4a9b8-b103-42da-b576-0ffe6c051c4e,44001,12568,2,108,12460,1
4000,P2_LARGEST,40c4a9b8-b103-42da-b576-0ffe6c051c4e,44218,12604,2,171,12433,1
4000,P2_LARGEST,40c4a9b8-b103-42da-b576-0ffe6c051c4e,44440,12673,2,113,12560,1
4000,P2_LARGEST,40c4a9b8-b103-42da-b576-0ffe6c051c4e,44684,12795,2,175,12620,1
4000,P2_LARGEST,40c4a9b8-b103-42da-b576-0ffe6c051c4e,44808,12953,2,208,12745,1
4000,P2_LARGEST,40c4a9b8-b103-42da-b576-0ffe6c051c4e,44973,14310,2,216,14094,1
4000,P2_LARGEST,40c4a9b8-b103-42da-b576-0ffe6c051c4e,45138,16182,3,1600,14582,1
4000,P2_LARGEST,40c4a9b8-b103-42da-b576-0ffe6c051c4e,45463,14846,3,2028,12818,1
4000,P2_LARGEST,40c4a9b8-b103-42da-b576-0ffe6c051c4e,45795,13147,2,134,13013,1
4000,P2_LARGEST,40c4a9b8-b103-42da-b576-0ffe6c051c4e,46671,13356,2,368,12988,1
4000,P2_LARGEST,40c4a9b8-b103-42da-b576-0ffe6c051c4e,46935,13938,2,296,13642,1
4000,P2_LARGEST,40c4a9b8-b103-42da-b576-0ffe6c051c4e,47266,13947,2,849,13098,1
4000,P2_LARGEST,40c4a9b8-b103-42da-b576-0ffe6c051c4e,47740,13434,2,298,13136,1
4000,P2_LARGEST,40c4a9b8-b103-42da-b576-0ffe6c051c4e,48163,13656,2,331,13325,1
4000,P2_LARGEST,40c4a9b8-b103-42da-b576-0ffe6c051c4e,48653,13759,2,440,13319,1
4000,P2_LARGEST,40c4a9b8-b103-42da-b576-0ffe6c051c4e,48907,13822,2,430,13392,1
4000,P2_LARGEST,40c4a9b8-b103-42da-b576-0ffe6c051c4e,49133,13688,2,460,13228,1
4000,P2_LARGEST,40c4a9b8-b103-42da-b576-0ffe6c051c4e,49292,13476,2,227,13249,1
4000,P2_LARGEST,40c4a9b8-b103-42da-b576-0ffe6c051c4e,49373,13466,2,228,13238,1
4000,P2_LARGEST,40c4a9b8-b103-42da-b576-0ffe6c051c4e,49447,13331,2,136,13195,1
4000,P2_LARGEST,40c4a9b8-b103-42da-b576-0ffe6c051c4e,49630,13263,2,101,13162,1
4000,P2_LARGEST,40c4a9b8-b103-42da-b576-0ffe6c051c4e,50604,13358,2,45,13313,1
4000,P2_LARGEST,40c4a9b8-b103-42da-b576-0ffe6c051c4e,51131,14677,2,141,14536,1
4000,P2_LARGEST,40c4a9b8-b103-42da-b576-0ffe6c051c4e,51243,15192,2,1053,14139,1
4000,P2_LARGEST,40c4a9b8-b103-42da-b576-0ffe6c051c4e,51374,14333,2,767,13566,1
4000,P2_LARGEST,40c4a9b8-b103-42da-b576-0ffe6c051c4e,52161,14181,2,201,13980,1
4000,P2_LARGEST,40c4a9b8-b103-42da-b576-0ffe6c051c4e,52298,14995,2,176,14819,1
4000,P2_LARGEST,40c4a9b8-b103-42da-b576-0ffe6c051c4e,52521,15013,2,1250,13763,1
4000,P2_LARGEST,40c4a9b8-b103-42da-b576-0ffe6c051c4e,52602,14147,2,303,13844,1
4000,P2_LARGEST,40c4a9b8-b103-42da-b576-0ffe6c051c4e,53131,13986,2,244,13742,1
4000,P2_LARGEST,40c4a9b8-b103-42da-b576-0ffe6c051c4e,53438,14895,2,199,14696,1
4000,P2_LARGEST,40c4a9b8-b103-42da-b576-0ffe6c051c4e,53519,15055,2,558,14497,1
4000,P2_LARGEST,40c4a9b8-b103-42da-b576-0ffe6c051c4e,54283,14715,2,883,13832,1
4000,P2_LARGEST,40c4a9b8-b103-42da-b576-0ffe6c051c4e,55099,18324,3,218,18106,1
4000,P2_LARGEST,40c4a9b8-b103-42da-b576-0ffe6c051c4e,56113,19092,3,4432,14660,1
4000,P2_LARGEST,40c4a9b8-b103-42da-b576-0ffe6c051c4e,56503,15778,2,856,14922,1
4000,P2_LARGEST,40c4a9b8-b103-42da-b576-0ffe6c051c4e,57715,16030,2,1159,14871,1
4000,P2_LARGEST,40c4a9b8-b103-42da-b576-0ffe6c051c4e,58156,16231,2,393,15838,1
4000,P2_LARGEST,40c4a9b8-b103-42da-b576-0ffe6c051c4e,58985,16432,2,1933,14499,1
4000,P2_LARGEST,40c4a9b8-b103-42da-b576-0ffe6c051c4e,59527,15518,2,522,14996,1
4000,P2_LARGEST,40c4a9b8-b103-42da-b576-0ffe6c051c4e,60344,15778,2,956,14822,1
4000,P2_LARGEST,40c4a9b8-b103-42da-b576-0ffe6c051c4e,60820,15748,2,696,15052,1
4000,P2_LARGEST,40c4a9b8-b103-42da-b576-0ffe6c051c4e,61452,15692,2,997,14695,1
4000,P2_LARGEST,40c4a9b8-b103-42da-b576-0ffe6c051c4e,63563,18098,3,641,17457,1
4000,P2_LARGEST,40c4a9b8-b103-42da-b576-0ffe6c051c4e,63712,20077,3,3343,16734,1
4000,P2_LARGEST,40c4a9b8-b103-42da-b576-0ffe6c051c4e,63952,17299,2,2490,14809,1
4000,P2_LARGEST,40c4a9b8-b103-42da-b576-0ffe6c051c4e,66282,15191,2,187,15004,1
4000,P2_LARGEST,40c4a9b8-b103-42da-b576-0ffe6c051c4e,68040,17784,2,635,17149,1
4000,P2_LARGEST,40c4a9b8-b103-42da-b576-0ffe6c051c4e,69069,19507,2,2706,16801,1
4000,P2_LARGEST,40c4a9b8-b103-42da-b576-0ffe6c051c4e,69223,18114,2,2163,15951,1
4000,P2_LARGEST,40c4a9b8-b103-42da-b576-0ffe6c051c4e,69907,16114,2,1391,14723,1
4000,P2_LARGEST,40c4a9b8-b103-42da-b576-0ffe6c051c4e,70535,18299,4,1049,17250,1
4000,P2_LARGEST,40c4a9b8-b103-42da-b576-0ffe6c051c4e,72582,18049,4,3387,14662,1
4000,P2_LARGEST,40c4a9b8-b103-42da-b576-0ffe6c051c4e,72857,17131,2,18,17113,1
4000,P2_LARGEST,40c4a9b8-b103-42da-b576-0ffe6c051c4e,72988,17441,4,2744,14697,1
4000,P2_LARGEST,40c4a9b8-b103-42da-b576-0ffe6c051c4e,73078,14817,2,2,14815,1
4000,P2_LARGEST,40c4a9b8-b103-42da-b576-0ffe6c051c4e,73209,14910,2,97,14813,1
4000,P2_LARGEST,40c4a9b8-b103-42da-b576-0ffe6c051c4e,73280,14967,2,45,14922,1
4000,P2_LARGEST,40c4a9b8-b103-42da-b576-0ffe6c051c4e,73398,15225,2,96,15129,1
4000,P2_LARGEST,40c4a9b8-b103-42da-b576-0ffe6c051c4e,73515,15292,2,54,15238,1
4000,P2_LARGEST,40c4a9b8-b103-42da-b576-0ffe6c051c4e,73877,15348,2,310,15038,1
4000,P2_LARGEST,40c4a9b8-b103-42da-b576-0ffe6c051c4e,74793,15453,2,122,15331,1
4000,P2_LARGEST,40c4a9b8-b103-42da-b576-0ffe6c051c4e,75224,16478,2,332,16146,1
4000,P2_LARGEST,40c4a9b8-b103-42da-b576-0ffe6c051c4e,75588,16572,2,991,15581,1
4000,P2_LARGEST,40c4a9b8-b103-42da-b576-0ffe6c051c4e,76141,15935,2,527,15408,1
4000,P2_LARGEST,40c4a9b8-b103-42da-b576-0ffe6c051c4e,76803,16031,2,317,15714,1
4000,P2_LARGEST,40c4a9b8-b103-42da-b576-0ffe6c051c4e,77224,19173,3,580,18593,1
4000,P2_LARGEST,40c4a9b8-b103-42da-b576-0ffe6c051c4e,80304,21221,3,3399,17822,1
4000,P2_LARGEST,40c4a9b8-b103-42da-b576-0ffe6c051c4e,85044,21569,2,2498,19071,1
4000,P2_LARGEST,40c4a9b8-b103-42da-b576-0ffe6c051c4e,87870,28050,3,3777,24273,1
4000,P2_LARGEST,40c4a9b8-b103-42da-b576-0ffe6c051c4e,89575,27509,3,8919,18590,1
4000,P2_LARGEST,40c4a9b8-b103-42da-b576-0ffe6c051c4e,91088,20565,2,3106,17459,1
4000,P2_LARGEST,40c4a9b8-b103-42da-b576-0ffe6c051c4e,92813,19377,2,1931,17446,1
4000,P2_LARGEST,40c4a9b8-b103-42da-b576-0ffe6c051c4e,93547,20040,2,1699,18341,1
4000,P2_LARGEST,40c4a9b8-b103-42da-b576-0ffe6c051c4e,96066,22786,3,2807,19979,1
4000,P2_LARGEST,40c4a9b8-b103-42da-b576-0ffe6c051c4e,98555,22929,3,4385,18544,1
4000,P2_LARGEST,40c4a9b8-b103-42da-b576-0ffe6c051c4e,100819,21316,2,2820,18496,1
4000,P2_LARGEST,40c4a9b8-b103-42da-b576-0ffe6c051c4e,103955,24902,3,2802,22100,1
4000,P2_LARGEST,40c4a9b8-b103-42da-b576-0ffe6c051c4e,105200,25571,2,3721,21850,1
4000,P2_LARGEST,40c4a9b8-b103-42da-b576-0ffe6c051c4e,107804,23297,2,5839,17458,1
4000,P2_LARGEST,40c4a9b8-b103-42da-b576-0ffe6c051c4e,109836,21826,3,1624,20202,1
4000,P2_LARGEST,40c4a9b8-b103-42da-b576-0ffe6c051c4e,111857,22578,3,4308,18270,1
4000,P2_LARGEST,40c4a9b8-b103-42da-b576-0ffe6c051c4e,111972,20939,2,2246,18693,1
4000,P2_LARGEST,40c4a9b8-b103-42da-b576-0ffe6c051c4e,112100,18891,2,2238,16653,1
4000,P2_LARGEST,40c4a9b8-b103-42da-b576-0ffe6c051c4e,112194,17021,2,548,16473,1
4000,P2_LARGEST,40c4a9b8-b103-42da-b576-0ffe6c051c4e,112303,16652,2,170,16482,1
4000,P2_LARGEST,40c4a9b8-b103-42da-b576-0ffe6c051c4e,112432,18529,2,297,18232,1
4000,P2_LARGEST,40c4a9b8-b103-42da-b576-0ffe6c051c4e,112532,18672,2,154,18518,1
4000,P2_LARGEST,40c4a9b8-b103-42da-b576-0ffe6c051c4e,112664,19379,2,2027,17352,1
4000,P2_LARGEST,40c4a9b8-b103-42da-b576-0ffe6c051c4e,112763,18664,2,369,18295,1
4000,P2_LARGEST,40c4a9b8-b103-42da-b576-0ffe6c051c4e,112904,19445,3,2021,17424,1
4000,P2_LARGEST,40c4a9b8-b103-42da-b576-0ffe6c051c4e,113382,18177,2,227,17950,1
4000,P2_LARGEST,40c4a9b8-b103-42da-b576-0ffe6c051c4e,113539,20602,3,1576,19026,1
4000,P2_LARGEST,40c4a9b8-b103-42da-b576-0ffe6c051c4e,113921,19795,3,2592,17203,1
4000,P2_LARGEST,40c4a9b8-b103-42da-b576-0ffe6c051c4e,114076,17593,2,639,16954,1
4000,P2_LARGEST,40c4a9b8-b103-42da-b576-0ffe6c051c4e,114200,17105,2,436,16669,1
4000,P2_LARGEST,40c4a9b8-b103-42da-b576-0ffe6c051c4e,114419,16786,2,106,16680,1
4000,P2_LARGEST,40c4a9b8-b103-42da-b576-0ffe6c051c4e,114648,16897,2,82,16815,1
4000,P2_LARGEST,40c4a9b8-b103-42da-b576-0ffe6c051c4e,114794,17042,2,172,16870,1
4000,P2_LARGEST,40c4a9b8-b103-42da-b576-0ffe6c051c4e,114932,17014,2,187,16827,1
4000,P2_LARGEST,40c4a9b8-b103-42da-b576-0ffe6c051c4e,115061,16963,2,104,16859,1
4000,P2_LARGEST,40c4a9b8-b103-42da-b576-0ffe6c051c4e,115194,16986,2,96,16890,1
4000,P2_LARGEST,40c4a9b8-b103-42da-b576-0ffe6c051c4e,115459,17015,2,87,16928,1
4000,P2_LARGEST,40c4a9b8-b103-42da-b576-0ffe6c051c4e,115603,17191,2,91,17100,1
4000,P2_LARGEST,40c4a9b8-b103-42da-b576-0ffe6c051c4e,115963,17241,2,217,17024,1
4000,P2_LARGEST,40c4a9b8-b103-42da-b576-0ffe6c051c4e,116117,17384,2,103,17281,1
4000,P2_LARGEST,40c4a9b8-b103-42da-b576-0ffe6c051c4e,116660,17433,2,318,17115,1
4000,P2_LARGEST,40c4a9b8-b103-42da-b576-0ffe6c051c4e,116994,17869,2,113,17756,1
4000,P2_LARGEST,40c4a9b8-b103-42da-b576-0ffe6c051c4e,117796,18614,2,532,18082,1
4000,P2_LARGEST,40c4a9b8-b103-42da-b576-0ffe6c051c4e,117910,19070,2,513,18557,1
4000,P2_LARGEST,40c4a9b8-b103-42da-b576-0ffe6c051c4e,118536,18708,2,1363,17345,1
4000,P2_LARGEST,40c4a9b8-b103-42da-b576-0ffe6c051c4e,118630,18119,2,145,17974,1
4000,P2_LARGEST,40c4a9b8-b103-42da-b576-0ffe6c051c4e,119126,18066,2,724,17342,1
4000,P2_LARGEST,40c4a9b8-b103-42da-b576-0ffe6c051c4e,119400,18597,2,101,18496,1
4000,P2_LARGEST,40c4a9b8-b103-42da-b576-0ffe6c051c4e,119562,19501,2,524,18977,1
4000,P2_LARGEST,40c4a9b8-b103-42da-b576-0ffe6c051c4e,119684,21302,3,1643,19659,1
4000,P2_LARGEST,40c4a9b8-b103-42da-b576-0ffe6c051c4e,120267,20034,3,2265,17769,1
4000,P2_LARGEST,40c4a9b8-b103-42da-b576-0ffe6c051c4e,120687,18487,2,245,18242,1
8000,P2_LARGEST,40c4a9b8-b103-42da-b576-0ffe6c051c4e,388,10435,0,0,10435,0
8000,P2_LARGEST,40c4a9b8-b103-42da-b576-0ffe6c051c4e,484,10878,0,0,10878,0
8000,P2_LARGEST,40c4a9b8-b103-42da-b576-0ffe6c051c4e,658,11016,0,0,11016,0
8000,P2_LARGEST,40c4a9b8-b103-42da-b576-0ffe6c051c4e,981,16334,0,0,16334,0
8000,P2_LARGEST,40c4a9b8-b103-42da-b576-0ffe6c051c4e,1451,18091,8,1282,16809,1
8000,P2_LARGEST,40c4a9b8-b103-42da-b576-0ffe6c051c4e,2218,17270,1,5118,12152,0
8000,P2_LARGEST,40c4a9b8-b103-42da-b576-0ffe6c051c4e,2946,13035,0,0,13035,0
8000,P2_LARGEST,40c4a9b8-b103-42da-b576-0ffe6c051c4e,3620,13886,0,0,13886,0
8000,P2_LARGEST,40c4a9b8-b103-42da-b576-0ffe6c051c4e,3705,14660,0,0,14660,0
8000,P2_LARGEST,40c4a9b8-b103-42da-b576-0ffe6c051c4e,3808,15068,0,0,15068,0
8000,P2_LARGEST,40c4a9b8-b103-42da-b576-0ffe6c051c4e,4565,15525,0,0,15525,0
8000,P2_LARGEST,40c4a9b8-b103-42da-b576-0ffe6c051c4e,5293,16706,1,1406,15300,0
8000,P2_LARGEST,40c4a9b8-b103-42da-b576-0ffe6c051c4e,6005,16461,2,1614,14847,0
8000,P2_LARGEST,40c4a9b8-b103-42da-b576-0ffe6c051c4e,6699,15759,0,0,15759,0
8000,P2_LARGEST,40c4a9b8-b103-42da-b576-0ffe6c051c4e,6836,16561,2,1536,15025,0
8000,P2_LARGEST,40c4a9b8-b103-42da-b576-0ffe6c051c4e,7527,15358,0,0,15358,0
8000,P2_LARGEST,40c4a9b8-b103-42da-b576-0ffe6c051c4e,7810,17694,4,2616,15078,0
8000,P2_LARGEST,40c4a9b8-b103-42da-b576-0ffe6c051c4e,8163,15348,0,0,15348,0
8000,P2_LARGEST,40c4a9b8-b103-42da-b576-0ffe6c051c4e,8428,15904,0,0,15904,0
8000,P2_LARGEST,40c4a9b8-b103-42da-b576-0ffe6c051c4e,8805,16158,0,0,16158,0
8000,P2_LARGEST,40c4a9b8-b103-42da-b576-0ffe6c051c4e,10807,17819,3,2440,15379,0
8000,P2_LARGEST,40c4a9b8-b103-42da-b576-0ffe6c051c4e,15687,18824,8,3501,15323,0
8000,P2_LARGEST,40c4a9b8-b103-42da-b576-0ffe6c051c4e,22276,21157,18,4629,16528,1
8000,P2_LARGEST,40c4a9b8-b103-42da-b576-0ffe6c051c4e,22291,23134,2,5704,17430,1
8000,P2_LARGEST,40c4a9b8-b103-42da-b576-0ffe6c051c4e,22639,18940,1,6585,12355,0
8000,P2_LARGEST,40c4a9b8-b103-42da-b576-0ffe6c051c4e,30438,14603,0,0,14603,0
8000,P2_LARGEST,40c4a9b8-b103-42da-b576-0ffe6c051c4e,30728,24737,8,3689,21048,1
8000,P2_LARGEST,40c4a9b8-b103-42da-b576-0ffe6c051c4e,30964,21478,1,7947,13531,0
8000,P2_LARGEST,40c4a9b8-b103-42da-b576-0ffe6c051c4e,31390,13941,0,0,13941,0
8000,P2_LARGEST,40c4a9b8-b103-42da-b576-0ffe6c051c4e,32015,16447,1,1982,14465,0
8000,P2_LARGEST,40c4a9b8-b103-42da-b576-0ffe6c051c4e,32397,15299,0,0,15299,0
8000,P2_LARGEST,40c4a9b8-b103-42da-b576-0ffe6c051c4e,32728,15882,0,0,15882,0
8000,P2_LARGEST,40c4a9b8-b103-42da-b576-0ffe6c051c4e,35501,16434,1,2055,14379,0
8000,P2_LARGEST,40c4a9b8-b103-42da-b576-0ffe6c051c4e,35967,17476,13,3145,14331,1
8000,P2_LARGEST,40c4a9b8-b103-42da-b576-0ffe6c051c4e,36199,14871,2,3051,11820,1
8000,P2_LARGEST,40c4a9b8-b103-42da-b576-0ffe6c051c4e,36407,12203,2,447,11756,1
8000,P2_LARGEST,40c4a9b8-b103-42da-b576-0ffe6c051c4e,37758,12365,2,264,12101,1
8000,P2_LARGEST,40c4a9b8-b103-42da-b576-0ffe6c051c4e,38778,13650,2,316,13334,1
8000,P2_LARGEST,40c4a9b8-b103-42da-b576-0ffe6c051c4e,39601,16202,3,1880,14322,1
8000,P2_LARGEST,40c4a9b8-b103-42da-b576-0ffe6c051c4e,39685,15372,3,2808,12564,1
8000,P2_LARGEST,40c4a9b8-b103-42da-b576-0ffe6c051c4e,39747,12669,2,920,11749,1
8000,P2_LARGEST,40c4a9b8-b103-42da-b576-0ffe6c051c4e,39916,11848,2,122,11726,1
8000,P2_LARGEST,40c4a9b8-b103-42da-b576-0ffe6c051c4e,40037,11958,2,46,11912,1
8000,P2_LARGEST,40c4a9b8-b103-42da-b576-0ffe6c051c4e,40180,12061,2,168,11893,1
8000,P2_LARGEST,40c4a9b8-b103-42da-b576-0ffe6c051c4e,40302,12185,2,142,12043,1
8000,P2_LARGEST,40c4a9b8-b103-42da-b576-0ffe6c051c4e,41016,12788,2,134,12654,1
8000,P2_LARGEST,40c4a9b8-b103-42da-b576-0ffe6c051c4e,41874,13626,2,228,13398,1
8000,P2_LARGEST,40c4a9b8-b103-42da-b576-0ffe6c051c4e,42610,14398,2,1366,13032,1
8000,P2_LARGEST,40c4a9b8-b103-42da-b576-0ffe6c051c4e,42737,14278,2,1084,13194,1
8000,P2_LARGEST,40c4a9b8-b103-42da-b576-0ffe6c051c4e,42859,13335,2,844,12491,1
8000,P2_LARGEST,40c4a9b8-b103-42da-b576-0ffe6c051c4e,42979,12940,2,515,12425,1
8000,P2_LARGEST,40c4a9b8-b103-42da-b576-0ffe6c051c4e,43103,12579,2,95,12484,1
8000,P2_LARGEST,40c4a9b8-b103-42da-b576-0ffe6c051c4e,43235,12943,2,407,12536,1
8000,P2_LARGEST,40c4a9b8-b103-42da-b576-0ffe6c051c4e,43490,12713,2,121,12592,1
8000,P2_LARGEST,40c4a9b8-b103-42da-b576-0ffe6c051c4e,43571,13157,2,427,12730,1
8000,P2_LARGEST,40c4a9b8-b103-42da-b576-0ffe6c051c4e,43714,12811,2,257,12554,1
8000,P2_LARGEST,40c4a9b8-b103-42da-b576-0ffe6c051c4e,43857,12765,2,351,12414,1
8000,P2_LARGEST,40c4a9b8-b103-42da-b576-0ffe6c051c4e,44001,12568,2,108,12460,1
8000,P2_LARGEST,40c4a9b8-b103-42da-b576-0ffe6c051c4e,44218,12604,2,171,12433,1
8000,P2_LARGEST,40c4a9b8-b103-42da-b576-0ffe6c051c4e,44440,12673,2,113,12560,1
8000,P2_LARGEST,40c4a9b8-b103-42da-b576-0ffe6c051c4e,44684,12795,2,175,12620,1
8000,P2_LARGEST,40c4a9b8-b103-42da-b576-0ffe6c051c4e,44808,12953,2,208,12745,1
8000,P2_LARGEST,40c4a9b8-b103-42da-b576-0ffe6c051c4e,44973,14310,2,216,14094,1
8000,P2_LARGEST,40c4a9b8-b103-42da-b576-0ffe6c051c4e,45138,16182,3,1600,14582,1
8000,P2_LARGEST,40c4a9b8-b103-42da-b576-0ffe6c051c4e,45463,14846,3,2028,12818,1
8000,P2_LARGEST,40c4a9b8-b103-42da-b576-0ffe6c051c4e,45795,13147,2,134,13013,1
8000,P2_LARGEST,40c4a9b8-b103-42da-b576-0ffe6c051c4e,46671,13356,2,368,12988,1
8000,P2_LARGEST,40c4a9b8-b103-42da-b576-0ffe6c051c4e,46935,13938,2,296,13642,1
8000,P2_LARGEST,40c4a9b8-b103-42da-b576-0ffe6c051c4e,47266,13947,2,849,13098,1
8000,P2_LARGEST,40c4a9b8-b103-42da-b576-0ffe6c051c4e,47740,13434,2,298,13136,1
8000,P2_LARGEST,40c4a9b8-b103-42da-b576-0ffe6c051c4e,48163,13656,2,331,13325,1
8000,P2_LARGEST,40c4a9b8-b103-42da-b576-0ffe6c051c4e,48653,13759,2,440,13319,1
8000,P2_LARGEST,40c4a9b8-b103-42da-b576-0ffe6c051c4e,48907,13822,2,430,13392,1
8000,P2_LARGEST,40c4a9b8-b103-42da-b576-0ffe6c051c4e,49133,13688,2,460,13228,1
8000,P2_LARGEST,40c4a9b8-b103-42da-b576-0ffe6c051c4e,49292,13476,2,227,13249,1
8000,P2_LARGEST,40c4a9b8-b103-42da-b576-0ffe6c051c4e,49373,13466,2,228,13238,1
8000,P2_LARGEST,40c4a9b8-b103-42da-b576-0ffe6c051c4e,49447,13331,2,136,13195,1
8000,P2_LARGEST,40c4a9b8-b103-42da-b576-0ffe6c051c4e,49630,13263,2,101,13162,1
8000,P2_LARGEST,40c4a9b8-b103-42da-b576-0ffe6c051c4e,50604,13358,2,45,13313,1
8000,P2_LARGEST,40c4a9b8-b103-42da-b576-0ffe6c051c4e,51131,14677,2,141,14536,1
8000,P2_LARGEST,40c4a9b8-b103-42da-b576-0ffe6c051c4e,51243,15192,2,1053,14139,1
8000,P2_LARGEST,40c4a9b8-b103-42da-b576-0ffe6c051c4e,51374,14333,2,767,13566,1
8000,P2_LARGEST,40c4a9b8-b103-42da-b576-0ffe6c051c4e,52161,14181,2,201,13980,1
8000,P2_LARGEST,40c4a9b8-b103-42da-b576-0ffe6c051c4e,52298,14995,2,176,14819,1
8000,P2_LARGEST,40c4a9b8-b103-42da-b576-0ffe6c051c4e,52521,15013,2,1250,13763,1
8000,P2_LARGEST,40c4a9b8-b103-42da-b576-0ffe6c051c4e,52602,14147,2,303,13844,1
8000,P2_LARGEST,40c4a9b8-b103-42da-b576-0ffe6c051c4e,53131,13986,2,244,13742,1
8000,P2_LARGEST,40c4a9b8-b103-42da-b576-0ffe6c051c4e,53438,14895,2,199,14696,1
8000,P2_LARGEST,40c4a9b8-b103-42da-b576-0ffe6c051c4e,53519,15055,2,558,14497,1
8000,P2_LARGEST,40c4a9b8-b103-42da-b576-0ffe6c051c4e,54283,14715,2,883,13832,1
8000,P2_LARGEST,40c4a9b8-b103-42da-b576-0ffe6c051c4e,55099,18324,3,218,18106,1
8000,P2_LARGEST,40c4a9b8-b103-42da-b576-0ffe6c051c4e,56113,19092,3,4432,14660,1
8000,P2_LARGEST,40c4a9b8-b103-42da-b576-0ffe6c051c4e,56503,15778,2,856,14922,1
8000,P2_LARGEST,40c4a9b8-b103-42da-b576-0ffe6c051c4e,57715,16030,2,1159,14871,1
8000,P2_LARGEST,40c4a9b8-b103-42da-b576-0ffe6c051c4e,58156,16231,2,393,15838,1
8000,P2_LARGEST,40c4a9b8-b103-42da-b576-0ffe6c051c4e,58985,16432,2,1933,14499,1
8000,P2_LARGEST,40c4a9b8-b103-42da-b576-0ffe6c051c4e,59527,15518,2,522,14996,1
8000,P2_LARGEST,40c4a9b8-b103-42da-b576-0ffe6c051c4e,60344,15778,2,956,14822,1
8000,P2_LARGEST,40c4a9b8-b103-42da-b576-0ffe6c051c4e,60820,15748,2,696,15052,1
8000,P2_LARGEST,40c4a9b8-b103-42da-b576-0ffe6c051c4e,61452,15692,2,997,14695,1
8000,P2_LARGEST,40c4a9b8-b103-42da-b576-0ffe6c051c4e,63563,18098,3,641,17457,1
8000,P2_LARGEST,40c4a9b8-b103-42da-b576-0ffe6c051c4e,63712,20077,3,3343,16734,1
8000,P2_LARGEST,40c4a9b8-b103-42da-b576-0ffe6c051c4e,63952,17299,2,2490,14809,1
8000,P2_LARGEST,40c4a9b8-b103-42da-b576-0ffe6c051c4e,66282,15191,2,187,15004,1
8000,P2_LARGEST,40c4a9b8-b103-42da-b576-0ffe6c051c4e,68040,17784,2,635,17149,1
8000,P2_LARGEST,40c4a9b8-b103-42da-b576-0ffe6c051c4e,69069,19507,2,2706,16801,1
8000,P2_LARGEST,40c4a9b8-b103-42da-b576-0ffe6c051c4e,69223,18114,2,2163,15951,1
8000,P2_LARGEST,40c4a9b8-b103-42da-b576-0ffe6c051c4e,69907,16114,2,1391,14723,1
8000,P2_LARGEST,40c4a9b8-b103-42da-b576-0ffe6c051c4e,70535,18299,4,1049,17250,1
8000,P2_LARGEST,40c4a9b8-b103-42da-b576-0ffe6c051c4e,72582,18049,4,3387,14662,1
8000,P2_LARGEST,40c4a9b8-b103-42da-b576-0ffe6c051c4e,72857,17131,2,18,17113,1
8000,P2_LARGEST,40c4a9b8-b103-42da-b576-0ffe6c051c4e,72988,17441,4,2744,14697,1
8000,P2_LARGEST,40c4a9b8-b103-42da-b576-0ffe6c051c4e,73078,14817,2,2,14815,1
8000,P2_LARGEST,40c4a9b8-b103-42da-b576-0ffe6c051c4e,73209,14910,2,97,14813,1
8000,P2_LARGEST,40c4a9b8-b103-42da-b576-0ffe6c051c4e,73280,14967,2,45,14922,1
8000,P2_LARGEST,40c4a9b8-b103-42da-b576-0ffe6c051c4e,73398,15225,2,96,15129,1
8000,P2_LARGEST,40c4a9b8-b103-42da-b576-0ffe6c051c4e,73515,15292,2,54,15238,1
8000,P2_LARGEST,40c4a9b8-b103-42da-b576-0ffe6c051c4e,73877,15348,2,310,15038,1
8000,P2_LARGEST,40c4a9b8-b103-42da-b576-0ffe6c051c4e,74793,15453,2,122,15331,1
8000,P2_LARGEST,40c4a9b8-b103-42da-b576-0ffe6c051c4e,75224,16478,2,332,16146,1
8000,P2_LARGEST,40c4a9b8-b103-42da-b576-0ffe6c051c4e,75588,16572,2,991,15581,1
8000,P2_LARGEST,40c4a9b8-b103-42da-b576-0ffe6c051c4e,76141,15935,2,527,15408,1
8000,P2_LARGEST,40c4a9b8-b103-42da-b576-0ffe6c051c4e,76803,16031,2,317,15714,1
8000,P2_LARGEST,40c4a9b8-b103-42da-b576-0ffe6c051c4e,77224,19173,3,580,18593,1
8000,P2_LARGEST,40c4a9b8-b103-42da-b576-0ffe6c051c4e,80304,21221,3,3399,17822,1
8000,P2_LARGEST,40c4a9b8-b103-42da-b576-0ffe6c051c4e,85044,21569,2,2498,19071,1
8000,P2_LARGEST,40c4a9b8-b103-42da-b576-0ffe6c051c4e,87870,28050,3,3777,24273,1
8000,P2_LARGEST,40c4a9b8-b103-42da-b576-0ffe6c051c4e,89575,27509,3,8919,18590,1
8000,P2_LARGEST,40c4a9b8-b103-42da-b576-0ffe6c051c4e,91088,20565,2,3106,17459,1
8000,P2_LARGEST,40c4a9b8-b103-42da-b576-0ffe6c051c4e,92813,19377,2,1931,17446,1
8000,P2_LARGEST,40c4a9b8-b103-42da-b576-0ffe6c051c4e,93547,20040,2,1699,18341,1
8000,P2_LARGEST,40c4a9b8-b103-42da-b576-0ffe6c051c4e,96066,22786,3,2807,19979,1
8000,P2_LARGEST,40c4a9b8-b103-42da-b576-0ffe6c051c4e,98555,22929,3,4385,18544,1
8000,P2_LARGEST,40c4a9b8-b103-42da-b576-0ffe6c051c4e,100819,21316,2,2820,18496,1
8000,P2_LARGEST,40c4a9b8-b103-42da-b576-0ffe6c051c4e,103955,24902,3,2802,22100,1
8000,P2_LARGEST,40c4a9b8-b103-42da-b576-0ffe6c051c4e,105200,25571,2,3721,21850,1
8000,P2_LARGEST,40c4a9b8-b103-42da-b576-0ffe6c051c4e,107804,23297,2,5839,17458,1
8000,P2_LARGEST,40c4a9b8-b103-42da-b576-0ffe6c051c4e,109836,21826,3,1624,20202,1
8000,P2_LARGEST,40c4a9b8-b103-42da-b576-0ffe6c051c4e,111857,22578,3,4308,18270,1
8000,P2_LARGEST,40c4a9b8-b103-42da-b576-0ffe6c051c4e,111972,20939,2,2246,18693,1
8000,P2_LARGEST,40c4a9b8-b103-42da-b576-0ffe6c051c4e,112100,18891,2,2238,16653,1
8000,P2_LARGEST,40c4a9b8-b103-42da-b576-0ffe6c051c4e,112194,17021,2,548,16473,1
8000,P2_LARGEST,40c4a9b8-b103-42da-b576-0ffe6c051c4e,112303,16652,2,170,16482,1
8000,P2_LARGEST,40c4a9b8-b103-42da-b576-0ffe6c051c4e,112432,18529,2,297,18232,1
8000,P2_LARGEST,40c4a9b8-b103-42da-b576-0ffe6c051c4e,112532,18672,2,154,18518,1
8000,P2_LARGEST,40c4a9b8-b103-42da-b576-0ffe6c051c4e,112664,19379,2,2027,17352,1
8000,P2_LARGEST,40c4a9b8-b103-42da-b576-0ffe6c051c4e,112763,18664,2,369,18295,1
8000,P2_LARGEST,40c4a9b8-b103-42da-b576-0ffe6c051c4e,112904,19445,3,2021,17424,1
8000,P2_LARGEST,40c4a9b8-b103-42da-b576-0ffe6c051c4e,113382,18177,2,227,17950,1
8000,P2_LARGEST,40c4a9b8-b103-42da-b576-0ffe6c051c4e,113539,20602,3,1576,19026,1
8000,P2_LARGEST,40c4a9b8-b103-42da-b576-0ffe6c051c4e,113921,19795,3,2592,17203,1
8000,P2_LARGEST,40c4a9b8-b103-42da-b576-0ffe6c051c4e,114076,17593,2,639,16954,1
8000,P2_LARGEST,40c4a9b8-b103-42da-b576-0ffe6c051c4e,114200,17105,2,436,16669,1
8000,P2_LARGEST,40c4a9b8-b103-42da-b576-0ffe6c051c4e,114419,16786,2,106,16680,1
8000,P2_LARGEST,40c4a9b8-b103-42da-b576-0ffe6c051c4e,114648,16897,2,82,16815,1
8000,P2_LARGEST,40c4a9b8-b103-42da-b576-0ffe6c051c4e,114794,17042,2,172,16870,1
8000,P2_LARGEST,40c4a9b8-b103-42da-b576-0ffe6c051c4e,114932,17014,2,187,16827,1
8000,P2_LARGEST,40c4a9b8-b103-42da-b576-0ffe6c051c4e,115061,16963,2,104,16859,1
8000,P2_LARGEST,40c4a9b8-b103-42da-b576-0ffe6c051c4e,115194,16986,2,96,16890,1
8000,P2_LARGEST,40c4a9b8-b103-42da-b576-0ffe6c051c4e,115459,17015,2,87,16928,1
8000,P2_LARGEST,40c4a9b8-b103-42da-b576-0ffe6c051c4e,115603,17191,2,91,17100,1
8000,P2_LARGEST,40c4a9b8-b103-42da-b576-0ffe6c051c4e,115963,17241,2,217,17024,1
8000,P2_LARGEST,40c4a9b8-b103-42da-b576-0ffe6c051c4e,116117,17384,2,103,17281,1
8000,P2_LARGEST,40c4a9b8-b103-42da-b576-0ffe6c051c4e,116660,17433,2,318,17115,1
8000,P2_LARGEST,40c4a9b8-b103-42da-b576-0ffe6c051c4e,116994,17869,2,113,17756,1
8000,P2_LARGEST,40c4a9b8-b103-42da-b576-0ffe6c051c4e,117796,18614,2,532,18082,1
8000,P2_LARGEST,40c4a9b8-b103-42da-b576-0ffe6c051c4e,117910,19070,2,513,18557,1
8000,P2_LARGEST,40c4a9b8-b103-42da-b576-0ffe6c051c4e,118536,18708,2,1363,17345,1
8000,P2_LARGEST,40c4a9b8-b103-42da-b576-0ffe6c051c4e,118630,18119,2,145,17974,1
8000,P2_LARGEST,40c4a9b8-b103-42da-b576-0ffe6c051c4e,119126,18066,2,724,17342,1
8000,P2_LARGEST,40c4a9b8-b103-42da-b576-0ffe6c051c4e,119400,18597,2,101,18496,1
8000,P2_LARGEST,40c4a9b8-b103-42da-b576-0ffe6c051c4e,119562,19501,2,524,18977,1
8000,P2_LARGEST,40c4a9b8-b103-42da-b576-0ffe6c051c4e,119684,21302,3,1643,19659,1
8000,P2_LARGEST,40c4a9b8-b103-42da-b576-0ffe6c051c4e,120267,20034,3,2265,17769,1
8000,P2_LARGEST,40c4a9b8-b103-42da-b576-0ffe6c051c4e,120687,18487,2,245,18242,1
none,P2_LARGEST,40c4a9b8-b103-42da-b576-0ffe6c051c4e,388,10435,0,0,10435,0
none,P2_LARGEST,40c4a9b8-b103-42da-b576-0ffe6c051c4e,484,10878,0,0,10878,0
none,P2_LARGEST,40c4a9b8-b103-42da-b576-0ffe6c051c4e,658,11016,0,0,11016,0
none,P2_LARGEST,40c4a9b8-b103-42da-b576-0ffe6c051c4e,981,16334,0,0,16334,0
none,P2_LARGEST,40c4a9b8-b103-42da-b576-0ffe6c051c4e,1451,18091,8,1282,16809,1
none,P2_LARGEST,40c4a9b8-b103-42da-b576-0ffe6c051c4e,2218,17270,1,5118,12152,0
none,P2_LARGEST,40c4a9b8-b103-42da-b576-0ffe6c051c4e,2946,13035,0,0,13035,0
none,P2_LARGEST,40c4a9b8-b103-42da-b576-0ffe6c051c4e,3620,13886,0,0,13886,0
none,P2_LARGEST,40c4a9b8-b103-42da-b576-0ffe6c051c4e,3705,14660,0,0,14660,0
none,P2_LARGEST,40c4a9b8-b103-42da-b576-0ffe6c051c4e,3808,15068,0,0,15068,0
none,P2_LARGEST,40c4a9b8-b103-42da-b576-0ffe6c051c4e,4565,15525,0,0,15525,0
none,P2_LARGEST,40c4a9b8-b103-42da-b576-0ffe6c051c4e,5293,16706,1,1406,15300,0
none,P2_LARGEST,40c4a9b8-b103-42da-b576-0ffe6c051c4e,6005,16461,2,1614,14847,0
none,P2_LARGEST,40c4a9b8-b103-42da-b576-0ffe6c051c4e,6699,15759,0,0,15759,0
none,P2_LARGEST,40c4a9b8-b103-42da-b576-0ffe6c051c4e,6836,16561,2,1536,15025,0
none,P2_LARGEST,40c4a9b8-b103-42da-b576-0ffe6c051c4e,7527,15358,0,0,15358,0
none,P2_LARGEST,40c4a9b8-b103-42da-b576-0ffe6c051c4e,7810,17694,4,2616,15078,0
none,P2_LARGEST,40c4a9b8-b103-42da-b576-0ffe6c051c4e,8163,15348,0,0,15348,0
none,P2_LARGEST,40c4a9b8-b103-42da-b576-0ffe6c051c4e,8428,15904,0,0,15904,0
none,P2_LARGEST,40c4a9b8-b103-42da-b576-0ffe6c051c4e,8805,16158,0,0,16158,0
none,P2_LARGEST,40c4a9b8-b103-42da-b576-0ffe6c051c4e,10807,17819,3,2440,15379,0
none,P2_LARGEST,40c4a9b8-b103-42da-b576-0ffe6c051c4e,15687,18824,8,3501,15323,0
none,P2_LARGEST,40c4a9b8-b103-42da-b576-0ffe6c051c4e,22276,21157,18,4629,16528,1
none,P2_LARGEST,40c4a9b8-b103-42da-b576-0ffe6c051c4e,22291,23134,2,5704,17430,1
none,P2_LARGEST,40c4a9b8-b103-42da-b576-0ffe6c051c4e,22639,18940,1,6585,12355,0
none,P2_LARGEST,40c4a9b8-b103-42da-b576-0ffe6c051c4e,30438,14603,0,0,14603,0
none,P2_LARGEST,40c4a9b8-b103-42da-b576-0ffe6c051c4e,30728,24737,8,3689,21048,1
none,P2_LARGEST,40c4a9b8-b103-42da-b576-0ffe6c051c4e,30964,21478,1,7947,13531,0
none,P2_LARGEST,40c4a9b8-b103-42da-b576-0ffe6c051c4e,31390,13941,0,0,13941,0
none,P2_LARGEST,40c4a9b8-b103-42da-b576-0ffe6c051c4e,32015,16447,1,1982,14465,0
none,P2_LARGEST,40c4a9b8-b103-42da-b576-0ffe6c051c4e,32397,15299,0,0,15299,0
none,P2_LARGEST,40c4a9b8-b103-42da-b576-0ffe6c051c4e,32728,15882,0,0,15882,0
none,P2_LARGEST,40c4a9b8-b103-42da-b576-0ffe6c051c4e,35501,16434,1,2055,14379,0
none,P2_LARGEST,40c4a9b8-b103-42da-b576-0ffe6c051c4e,35967,17476,13,3145,14331,1
none,P2_LARGEST,40c4a9b8-b103-42da-b576-0ffe6c051c4e,36199,14871,2,3051,11820,1
none,P2_LARGEST,40c4a9b8-b103-42da-b576-0ffe6c051c4e,36407,12203,2,447,11756,1
none,P2_LARGEST,40c4a9b8-b103-42da-b576-0ffe6c051c4e,37758,12365,2,264,12101,1
none,P2_LARGEST,40c4a9b8-b103-42da-b576-0ffe6c051c4e,38778,13650,2,316,13334,1
none,P2_LARGEST,40c4a9b8-b103-42da-b576-0ffe6c051c4e,39601,16202,3,1880,14322,1
none,P2_LARGEST,40c4a9b8-b103-42da-b576-0ffe6c051c4e,39685,15372,3,2808,12564,1
none,P2_LARGEST,40c4a9b8-b103-42da-b576-0ffe6c051c4e,39747,12669,2,920,11749,1
none,P2_LARGEST,40c4a9b8-b103-42da-b576-0ffe6c051c4e,39916,11848,2,122,11726,1
none,P2_LARGEST,40c4a9b8-b103-42da-b576-0ffe6c051c4e,40037,11958,2,46,11912,1
none,P2_LARGEST,40c4a9b8-b103-42da-b576-0ffe6c051c4e,40180,12061,2,168,11893,1
none,P2_LARGEST,40c4a9b8-b103-42da-b576-0ffe6c051c4e,40302,12185,2,142,12043,1
none,P2_LARGEST,40c4a9b8-b103-42da-b576-0ffe6c051c4e,41016,12788,2,134,12654,1
none,P2_LARGEST,40c4a9b8-b103-42da-b576-0ffe6c051c4e,41874,13626,2,228,13398,1
none,P2_LARGEST,40c4a9b8-b103-42da-b576-0ffe6c051c4e,42610,14398,2,1366,13032,1
none,P2_LARGEST,40c4a9b8-b103-42da-b576-0ffe6c051c4e,42737,14278,2,1084,13194,1
none,P2_LARGEST,40c4a9b8-b103-42da-b576-0ffe6c051c4e,42859,13335,2,844,12491,1
none,P2_LARGEST,40c4a9b8-b103-42da-b576-0ffe6c051c4e,42979,12940,2,515,12425,1
none,P2_LARGEST,40c4a9b8-b103-42da-b576-0ffe6c051c4e,43103,12579,2,95,12484,1
none,P2_LARGEST,40c4a9b8-b103-42da-b576-0ffe6c051c4e,43235,12943,2,407,12536,1
none,P2_LARGEST,40c4a9b8-b103-42da-b576-0ffe6c051c4e,43490,12713,2,121,12592,1
none,P2_LARGEST,40c4a9b8-b103-42da-b576-0ffe6c051c4e,43571,13157,2,427,12730,1
none,P2_LARGEST,40c4a9b8-b103-42da-b576-0ffe6c051c4e,43714,12811,2,257,12554,1
none,P2_LARGEST,40c4a9b8-b103-42da-b576-0ffe6c051c4e,43857,12765,2,351,12414,1
none,P2_LARGEST,40c4a9b8-b103-42da-b576-0ffe6c051c4e,44001,12568,2,108,12460,1
none,P2_LARGEST,40c4a9b8-b103-42da-b576-0ffe6c051c4e,44218,12604,2,171,12433,1
none,P2_LARGEST,40c4a9b8-b103-42da-b576-0ffe6c051c4e,44440,12673,2,113,12560,1
none,P2_LARGEST,40c4a9b8-b103-42da-b576-0ffe6c051c4e,44684,12795,2,175,12620,1
none,P2_LARGEST,40c4a9b8-b103-42da-b576-0ffe6c051c4e,44808,12953,2,208,12745,1
none,P2_LARGEST,40c4a9b8-b103-42da-b576-0ffe6c051c4e,44973,14310,2,216,14094,1
none,P2_LARGEST,40c4a9b8-b103-42da-b576-0ffe6c051c4e,45138,16182,3,1600,14582,1
none,P2_LARGEST,40c4a9b8-b103-42da-b576-0ffe6c051c4e,45463,14846,3,2028,12818,1
none,P2_LARGEST,40c4a9b8-b103-42da-b576-0ffe6c051c4e,45795,13147,2,134,13013,1
none,P2_LARGEST,40c4a9b8-b103-42da-b576-0ffe6c051c4e,46671,13356,2,368,12988,1
none,P2_LARGEST,40c4a9b8-b103-42da-b576-0ffe6c051c4e,46935,13938,2,296,13642,1
none,P2_LARGEST,40c4a9b8-b103-42da-b576-0ffe6c051c4e,47266,13947,2,849,13098,1
none,P2_LARGEST,40c4a9b8-b103-42da-b576-0ffe6c051c4e,47740,13434,2,298,13136,1
none,P2_LARGEST,40c4a9b8-b103-42da-b576-0ffe6c051c4e,48163,13656,2,331,13325,1
none,P2_LARGEST,40c4a9b8-b103-42da-b576-0ffe6c051c4e,48653,13759,2,440,13319,1
none,P2_LARGEST,40c4a9b8-b103-42da-b576-0ffe6c051c4e,48907,13822,2,430,13392,1
none,P2_LARGEST,40c4a9b8-b103-42da-b576-0ffe6c051c4e,49133,13688,2,460,13228,1
none,P2_LARGEST,40c4a9b8-b103-42da-b576-0ffe6c051c4e,49292,13476,2,227,13249,1
none,P2_LARGEST,40c4a9b8-b103-42da-b576-0ffe6c051c4e,49373,13466,2,228,13238,1
none,P2_LARGEST,40c4a9b8-b103-42da-b576-0ffe6c051c4e,49447,13331,2,136,13195,1
none,P2_LARGEST,40c4a9b8-b103-42da-b576-0ffe6c051c4e,49630,13263,2,101,13162,1
none,P2_LARGEST,40c4a9b8-b103-42da-b576-0ffe6c051c4e,50604,13358,2,45,13313,1
none,P2_LARGEST,40c4a9b8-b103-42da-b576-0ffe6c051c4e,51131,14677,2,141,14536,1
none,P2_LARGEST,40c4a9b8-b103-42da-b576-0ffe6c051c4e,51243,15192,2,1053,14139,1
none,P2_LARGEST,40c4a9b8-b103-42da-b576-0ffe6c051c4e,51374,14333,2,767,13566,1
none,P2_LARGEST,40c4a9b8-b103-42da-b576-0ffe6c051c4e,52161,14181,2,201,13980,1
none,P2_LARGEST,40c4a9b8-b103-42da-b576-0ffe6c051c4e,52298,14995,2,176,14819,1
none,P2_LARGEST,40c4a9b8-b103-42da-b576-0ffe6c051c4e,52521,15013,2,1250,13763,1
none,P2_LARGEST,40c4a9b8-b103-42da-b576-0ffe6c051c4e,52602,14147,2,303,13844,1
none,P2_LARGEST,40c4a9b8-b103-42da-b576-0ffe6c051c4e,53131,13986,2,244,13742,1
none,P2_LARGEST,40c4a9b8-b103-42da-b576-0ffe6c051c4e,53438,14895,2,199,14696,1
none,P2_LARGEST,40c4a9b8-b103-42da-b576-0ffe6c051c4e,53519,15055,2,558,14497,1
none,P2_LARGEST,40c4a9b8-b103-42da-b576-0ffe6c051c4e,54283,14715,2,883,13832,1
none,P2_LARGEST,40c4a9b8-b103-42da-b576-0ffe6c051c4e,55099,18324,3,218,18106,1
none,P2_LARGEST,40c4a9b8-b103-42da-b576-0ffe6c051c4e,56113,19092,3,4432,14660,1
none,P2_LARGEST,40c4a9b8-b103-42da-b576-0ffe6c051c4e,56503,15778,2,856,14922,1
none,P2_LARGEST,40c4a9b8-b103-42da-b576-0ffe6c051c4e,57715,16030,2,1159,14871,1
none,P2_LARGEST,40c4a9b8-b103-42da-b576-0ffe6c051c4e,58156,16231,2,393,15838,1
none,P2_LARGEST,40c4a9b8-b103-42da-b576-0ffe6c051c4e,58985,16432,2,1933,14499,1
none,P2_LARGEST,40c4a9b8-b103-42da-b576-0ffe6c051c4e,59527,15518,2,522,14996,1
none,P2_LARGEST,40c4a9b8-b103-42da-b576-0ffe6c051c4e,60344,15778,2,956,14822,1
none,P2_LARGEST,40c4a9b8-b103-42da-b576-0ffe6c051c4e,60820,15748,2,696,15052,1
none,P2_LARGEST,40c4a9b8-b103-42da-b576-0ffe6c051c4e,61452,15692,2,997,14695,1
none,P2_LARGEST,40c4a9b8-b103-42da-b576-0ffe6c051c4e,63563,18098,3,641,17457,1
none,P2_LARGEST,40c4a9b8-b103-42da-b576-0ffe6c051c4e,63712,20077,3,3343,16734,1
none,P2_LARGEST,40c4a9b8-b103-42da-b576-0ffe6c051c4e,63952,17299,2,2490,14809,1
none,P2_LARGEST,40c4a9b8-b103-42da-b576-0ffe6c051c4e,66282,15191,2,187,15004,1
none,P2_LARGEST,40c4a9b8-b103-42da-b576-0ffe6c051c4e,68040,17784,2,635,17149,1
none,P2_LARGEST,40c4a9b8-b103-42da-b576-0ffe6c051c4e,69069,19507,2,2706,16801,1
none,P2_LARGEST,40c4a9b8-b103-42da-b576-0ffe6c051c4e,69223,18114,2,2163,15951,1
none,P2_LARGEST,40c4a9b8-b103-42da-b576-0ffe6c051c4e,69907,16114,2,1391,14723,1
none,P2_LARGEST,40c4a9b8-b103-42da-b576-0ffe6c051c4e,70535,18299,4,1049,17250,1
none,P2_LARGEST,40c4a9b8-b103-42da-b576-0ffe6c051c4e,72582,18049,4,3387,14662,1
none,P2_LARGEST,40c4a9b8-b103-42da-b576-0ffe6c051c4e,72857,17131,2,18,17113,1
none,P2_LARGEST,40c4a9b8-b103-42da-b576-0ffe6c051c4e,72988,17441,4,2744,14697,1
none,P2_LARGEST,40c4a9b8-b103-42da-b576-0ffe6c051c4e,73078,14817,2,2,14815,1
none,P2_LARGEST,40c4a9b8-b103-42da-b576-0ffe6c051c4e,73209,14910,2,97,14813,1
none,P2_LARGEST,40c4a9b8-b103-42da-b576-0ffe6c051c4e,73280,14967,2,45,14922,1
none,P2_LARGEST,40c4a9b8-b103-42da-b576-0ffe6c051c4e,73398,15225,2,96,15129,1
none,P2_LARGEST,40c4a9b8-b103-42da-b576-0ffe6c051c4e,73515,15292,2,54,15238,1
none,P2_LARGEST,40c4a9b8-b103-42da-b576-0ffe6c051c4e,73877,15348,2,310,15038,1
none,P2_LARGEST,40c4a9b8-b103-42da-b576-0ffe6c051c4e,74793,15453,2,122,15331,1
none,P2_LARGEST,40c4a9b8-b103-42da-b576-0ffe6c051c4e,75224,16478,2,332,16146,1
none,P2_LARGEST,40c4a9b8-b103-42da-b576-0ffe6c051c4e,75588,16572,2,991,15581,1
none,P2_LARGEST,40c4a9b8-b103-42da-b576-0ffe6c051c4e,76141,15935,2,527,15408,1
none,P2_LARGEST,40c4a9b8-b103-42da-b576-0ffe6c051c4e,76803,16031,2,317,15714,1
none,P2_LARGEST,40c4a9b8-b103-42da-b576-0ffe6c051c4e,77224,19173,3,580,18593,1
none,P2_LARGEST,40c4a9b8-b103-42da-b576-0ffe6c051c4e,80304,21221,3,3399,17822,1
none,P2_LARGEST,40c4a9b8-b103-42da-b576-0ffe6c051c4e,85044,21569,2,2498,19071,1
none,P2_LARGEST,40c4a9b8-b103-42da-b576-0ffe6c051c4e,87870,28050,3,3777,24273,1
none,P2_LARGEST,40c4a9b8-b103-42da-b576-0ffe6c051c4e,89575,27509,3,8919,18590,1
none,P2_LARGEST,40c4a9b8-b103-42da-b576-0ffe6c051c4e,91088,20565,2,3106,17459,1
none,P2_LARGEST,40c4a9b8-b103-42da-b576-0ffe6c051c4e,92813,19377,2,1931,17446,1
none,P2_LARGEST,40c4a9b8-b103-42da-b576-0ffe6c051c4e,93547,20040,2,1699,18341,1
none,P2_LARGEST,40c4a9b8-b103-42da-b576-0ffe6c051c4e,96066,22786,3,2807,19979,1
none,P2_LARGEST,40c4a9b8-b103-42da-b576-0ffe6c051c4e,98555,22929,3,4385,18544,1
none,P2_LARGEST,40c4a9b8-b103-42da-b576-0ffe6c051c4e,100819,21316,2,2820,18496,1
none,P2_LARGEST,40c4a9b8-b103-42da-b576-0ffe6c051c4e,103955,24902,3,2802,22100,1
none,P2_LARGEST,40c4a9b8-b103-42da-b576-0ffe6c051c4e,105200,25571,2,3721,21850,1
none,P2_LARGEST,40c4a9b8-b103-42da-b576-0ffe6c051c4e,107804,23297,2,5839,17458,1
none,P2_LARGEST,40c4a9b8-b103-42da-b576-0ffe6c051c4e,109836,21826,3,1624,20202,1
none,P2_LARGEST,40c4a9b8-b103-42da-b576-0ffe6c051c4e,111857,22578,3,4308,18270,1
none,P2_LARGEST,40c4a9b8-b103-42da-b576-0ffe6c051c4e,111972,20939,2,2246,18693,1
none,P2_LARGEST,40c4a9b8-b103-42da-b576-0ffe6c051c4e,112100,18891,2,2238,16653,1
none,P2_LARGEST,40c4a9b8-b103-42da-b576-0ffe6c051c4e,112194,17021,2,548,16473,1
none,P2_LARGEST,40c4a9b8-b103-42da-b576-0ffe6c051c4e,112303,16652,2,170,16482,1
none,P2_LARGEST,40c4a9b8-b103-42da-b576-0ffe6c051c4e,112432,18529,2,297,18232,1
none,P2_LARGEST,40c4a9b8-b103-42da-b576-0ffe6c051c4e,112532,18672,2,154,18518,1
none,P2_LARGEST,40c4a9b8-b103-42da-b576-0ffe6c051c4e,112664,19379,2,2027,17352,1
none,P2_LARGEST,40c4a9b8-b103-42da-b576-0ffe6c051c4e,112763,18664,2,369,18295,1
none,P2_LARGEST,40c4a9b8-b103-42da-b576-0ffe6c051c4e,112904,19445,3,2021,17424,1
none,P2_LARGEST,40c4a9b8-b103-42da-b576-0ffe6c051c4e,113382,18177,2,227,17950,1
none,P2_LARGEST,40c4a9b8-b103-42da-b576-0ffe6c051c4e,113539,20602,3,1576,19026,1
none,P2_LARGEST,40c4a9b8-b103-42da-b576-0ffe6c051c4e,113921,19795,3,2592,17203,1
none,P2_LARGEST,40c4a9b8-b103-42da-b576-0ffe6c051c4e,114076,17593,2,639,16954,1
none,P2_LARGEST,40c4a9b8-b103-42da-b576-0ffe6c051c4e,114200,17105,2,436,16669,1
none,P2_LARGEST,40c4a9b8-b103-42da-b576-0ffe6c051c4e,114419,16786,2,106,16680,1
none,P2_LARGEST,40c4a9b8-b103-42da-b576-0ffe6c051c4e,114648,16897,2,82,16815,1
none,P2_LARGEST,40c4a9b8-b103-42da-b576-0ffe6c051c4e,114794,17042,2,172,16870,1
none,P2_LARGEST,40c4a9b8-b103-42da-b576-0ffe6c051c4e,114932,17014,2,187,16827,1
none,P2_LARGEST,40c4a9b8-b103-42da-b576-0ffe6c051c4e,115061,16963,2,104,16859,1
none,P2_LARGEST,40c4a9b8-b103-42da-b576-0ffe6c051c4e,115194,16986,2,96,16890,1
none,P2_LARGEST,40c4a9b8-b103-42da-b576-0ffe6c051c4e,115459,17015,2,87,16928,1
none,P2_LARGEST,40c4a9b8-b103-42da-b576-0ffe6c051c4e,115603,17191,2,91,17100,1
none,P2_LARGEST,40c4a9b8-b103-42da-b576-0ffe6c051c4e,115963,17241,2,217,17024,1
none,P2_LARGEST,40c4a9b8-b103-42da-b576-0ffe6c051c4e,116117,17384,2,103,17281,1
none,P2_LARGEST,40c4a9b8-b103-42da-b576-0ffe6c051c4e,116660,17433,2,318,17115,1
none,P2_LARGEST,40c4a9b8-b103-42da-b576-0ffe6c051c4e,116994,17869,2,113,17756,1
none,P2_LARGEST,40c4a9b8-b103-42da-b576-0ffe6c051c4e,117796,18614,2,532,18082,1
none,P2_LARGEST,40c4a9b8-b103-42da-b576-0ffe6c051c4e,117910,19070,2,513,18557,1
none,P2_LARGEST,40c4a9b8-b103-42da-b576-0ffe6c051c4e,118536,18708,2,1363,17345,1
none,P2_LARGEST,40c4a9b8-b103-42da-b576-0ffe6c051c4e,118630,18119,2,145,17974,1
none,P2_LARGEST,40c4a9b8-b103-42da-b576-0ffe6c051c4e,119126,18066,2,724,17342,1
none,P2_LARGEST,40c4a9b8-b103-42da-b576-0ffe6c051c4e,119400,18597,2,101,18496,1
none,P2_LARGEST,40c4a9b8-b103-42da-b576-0ffe6c051c4e,119562,19501,2,524,18977,1
none,P2_LARGEST,40c4a9b8-b103-42da-b576-0ffe6c051c4e,119684,21302,3,1643,19659,1
none,P2_LARGEST,40c4a9b8-b103-42da-b576-0ffe6c051c4e,120267,20034,3,2265,17769,1
none,P2_LARGEST,40c4a9b8-b103-42da-b576-0ffe6c051c4e,120687,18487,2,245,18242,1
2000,P2_LARGEST,42b93092-3c00-4d43-85a5-9abf5e0b132c,163,9361,0,0,9361,0
2000,P2_LARGEST,42b93092-3c00-4d43-85a5-9abf5e0b132c,619,10027,0,0,10027,0
2000,P2_LARGEST,42b93092-3c00-4d43-85a5-9abf5e0b132c,3807,10483,0,0,10483,0
2000,P2_LARGEST,42b93092-3c00-4d43-85a5-9abf5e0b132c,3961,14093,0,0,14093,0
2000,P2_LARGEST,42b93092-3c00-4d43-85a5-9abf5e0b132c,4200,14664,0,0,14664,0
2000,P2_LARGEST,42b93092-3c00-4d43-85a5-9abf5e0b132c,4616,14931,0,0,14931,0
2000,P2_LARGEST,42b93092-3c00-4d43-85a5-9abf5e0b132c,4690,15396,0,0,15396,0
2000,P2_LARGEST,42b93092-3c00-4d43-85a5-9abf5e0b132c,4798,15981,0,0,15981,0
2000,P2_LARGEST,42b93092-3c00-4d43-85a5-9abf5e0b132c,7952,16598,0,0,16598,0
2000,P2_LARGEST,42b93092-3c00-4d43-85a5-9abf5e0b132c,10078,21676,0,0,21676,0
2000,P2_LARGEST,42b93092-3c00-4d43-85a5-9abf5e0b132c,10154,24197,0,0,24197,0
2000,P2_LARGEST,42b93092-3c00-4d43-85a5-9abf5e0b132c,10246,24783,1,3551,21232,0
2000,P2_LARGEST,42b93092-3c00-4d43-85a5-9abf5e0b132c,12387,24482,0,0,24482,0
2000,P2_LARGEST,42b93092-3c00-4d43-85a5-9abf5e0b132c,12653,29318,3,7331,21987,0
2000,P2_LARGEST,42b93092-3c00-4d43-85a5-9abf5e0b132c,12916,22505,0,0,22505,0
2000,P2_LARGEST,42b93092-3c00-4d43-85a5-9abf5e0b132c,13153,23241,0,0,23241,0
2000,P2_LARGEST,42b93092-3c00-4d43-85a5-9abf5e0b132c,13709,24033,0,0,24033,0
2000,P2_LARGEST,42b93092-3c00-4d43-85a5-9abf5e0b132c,14451,26273,2,4432,21841,0
2000,P2_LARGEST,42b93092-3c00-4d43-85a5-9abf5e0b132c,15345,22930,0,0,22930,0
2000,P2_LARGEST,42b93092-3c00-4d43-85a5-9abf5e0b132c,16289,27526,3,4339,23187,0
2000,P2_LARGEST,42b93092-3c00-4d43-85a5-9abf5e0b132c,18658,25193,1,2400,22793,0
2000,P2_LARGEST,42b93092-3c00-4d43-85a5-9abf5e0b132c,19028,25682,2,2186,23496,0
2000,P2_LARGEST,42b93092-3c00-4d43-85a5-9abf5e0b132c,24167,28005,4,4925,23080,0
4000,P2_LARGEST,42b93092-3c00-4d43-85a5-9abf5e0b132c,163,9361,0,0,9361,0
4000,P2_LARGEST,42b93092-3c00-4d43-85a5-9abf5e0b132c,619,10027,0,0,10027,0
4000,P2_LARGEST,42b93092-3c00-4d43-85a5-9abf5e0b132c,3807,10483,0,0,10483,0
4000,P2_LARGEST,42b93092-3c00-4d43-85a5-9abf5e0b132c,3961,14093,0,0,14093,0
4000,P2_LARGEST,42b93092-3c00-4d43-85a5-9abf5e0b132c,4200,14664,0,0,14664,0
4000,P2_LARGEST,42b93092-3c00-4d43-85a5-9abf5e0b132c,4616,14931,0,0,14931,0
4000,P2_LARGEST,42b93092-3c00-4d43-85a5-9abf5e0b132c,4690,15396,0,0,15396,0
4000,P2_LARGEST,42b93092-3c00-4d43-85a5-9abf5e0b132c,4798,18059,0,0,18059,0
4000,P2_LARGEST,42b93092-3c00-4d43-85a5-9abf5e0b132c,7952,20604,0,0,20604,0
4000,P2_LARGEST,42b93092-3c00-4d43-85a5-9abf5e0b132c,10078,27904,2,6689,21215,0
4000,P2_LARGEST,42b93092-3c00-4d43-85a5-9abf5e0b132c,10154,23736,0,0,23736,0
4000,P2_LARGEST,42b93092-3c00-4d43-85a5-9abf5e0b132c,10246,27784,2,5300,22484,0
4000,P2_LARGEST,42b93092-3c00-4d43-85a5-9abf5e0b132c,12387,25734,1,3962,21772,0
4000,P2_LARGEST,42b93092-3c00-4d43-85a5-9abf5e0b132c,12653,26608,2,4801,21807,0
4000,P2_LARGEST,42b93092-3c00-4d43-85a5-9abf5e0b132c,12916,22325,0,0,22325,0
4000,P2_LARGEST,42b93092-3c00-4d43-85a5-9abf5e0b132c,13153,23061,0,0,23061,0
4000,P2_LARGEST,42b93092-3c00-4d43-85a5-9abf5e0b132c,13709,23853,0,0,23853,0
4000,P2_LARGEST,42b93092-3c00-4d43-85a5-9abf5e0b132c,14451,26093,2,4432,21661,0
4000,P2_LARGEST,42b93092-3c00-4d43-85a5-9abf5e0b132c,15345,22750,0,0,22750,0
4000,P2_LARGEST,42b93092-3c00-4d43-85a5-9abf5e0b132c,16289,27346,3,4852,22494,0
4000,P2_LARGEST,42b93092-3c00-4d43-85a5-9abf5e0b132c,18658,24500,0,0,24500,0
4000,P2_LARGEST,42b93092-3c00-4d43-85a5-9abf5e0b132c,19028,29210,4,5893,23317,0
4000,P2_LARGEST,42b93092-3c00-4d43-85a5-9abf5e0b132c,24167,27826,2,4670,23156,0
8000,P2_LARGEST,42b93092-3c00-4d43-85a5-9abf5e0b132c,163,9361,0,0,9361,0
8000,P2_LARGEST,42b93092-3c00-4d43-85a5-9abf5e0b132c,619,14149,0,0,14149,0
8000,P2_LARGEST,42b93092-3c00-4d43-85a5-9abf5e0b132c,3807,14605,0,0,14605,0
8000,P2_LARGEST,42b93092-3c00-4d43-85a5-9abf5e0b132c,3961,18215,0,0,18215,0
8000,P2_LARGEST,42b93092-3c00-4d43-85a5-9abf5e0b132c,4200,18786,0,0,18786,0
8000,P2_LARGEST,42b93092-3c00-4d43-85a5-9abf5e0b132c,4616,19053,0,0,19053,0
8000,P2_LARGEST,42b93092-3c00-4d43-85a5-9abf5e0b132c,4690,19518,0,0,19518,0
8000,P2_LARGEST,42b93092-3c00-4d43-85a5-9abf5e0b132c,4798,22181,0,0,22181,0
8000,P2_LARGEST,42b93092-3c00-4d43-85a5-9abf5e0b132c,7952,24726,1,4622,20104,0
8000,P2_LARGEST,42b93092-3c00-4d43-85a5-9abf5e0b132c,10078,27404,2,6689,20715,0
8000,P2_LARGEST,42b93092-3c00-4d43-85a5-9abf5e0b132c,10154,23236,0,0,23236,0
8000,P2_LARGEST,42b93092-3c00-4d43-85a5-9abf5e0b132c,10246,27284,2,5300,21984,0
8000,P2_LARGEST,42b93092-3c00-4d43-85a5-9abf5e0b132c,12387,25234,1,3962,21272,0
8000,P2_LARGEST,42b93092-3c00-4d43-85a5-9abf5e0b132c,12653,26108,2,4801,21307,0
8000,P2_LARGEST,42b93092-3c00-4d43-85a5-9abf5e0b132c,12916,21825,0,0,21825,0
8000,P2_LARGEST,42b93092-3c00-4d43-85a5-9abf5e0b132c,13153,22561,0,0,22561,0
8000,P2_LARGEST,42b93092-3c00-4d43-85a5-9abf5e0b132c,13709,23353,0,0,23353,0
8000,P2_LARGEST,42b93092-3c00-4d43-85a5-9abf5e0b132c,14451,25593,1,2304,23289,0
8000,P2_LARGEST,42b93092-3c00-4d43-85a5-9abf5e0b132c,15345,24378,0,0,24378,0
8000,P2_LARGEST,42b93092-3c00-4d43-85a5-9abf5e0b132c,16289,28974,3,5623,23351,0
8000,P2_LARGEST,42b93092-3c00-4d43-85a5-9abf5e0b132c,18658,25357,1,2400,22957,0
8000,P2_LARGEST,42b93092-3c00-4d43-85a5-9abf5e0b132c,19028,27667,4,4850,22817,0
8000,P2_LARGEST,42b93092-3c00-4d43-85a5-9abf5e0b132c,24167,27326,2,4670,22656,0
none,P2_LARGEST,42b93092-3c00-4d43-85a5-9abf5e0b132c,163,9361,0,0,9361,0
none,P2_LARGEST,42b93092-3c00-4d43-85a5-9abf5e0b132c,619,14149,0,0,14149,0
none,P2_LARGEST,42b93092-3c00-4d43-85a5-9abf5e0b132c,3807,14605,0,0,14605,0
none,P2_LARGEST,42b93092-3c00-4d43-85a5-9abf5e0b132c,3961,18215,0,0,18215,0
none,P2_LARGEST,42b93092-3c00-4d43-85a5-9abf5e0b132c,4200,18786,0,0,18786,0
none,P2_LARGEST,42b93092-3c00-4d43-85a5-9abf5e0b132c,4616,19053,0,0,19053,0
none,P2_LARGEST,42b93092-3c00-4d43-85a5-9abf5e0b132c,4690,19518,0,0,19518,0
none,P2_LARGEST,42b93092-3c00-4d43-85a5-9abf5e0b132c,4798,22181,0,0,22181,0
none,P2_LARGEST,42b93092-3c00-4d43-85a5-9abf5e0b132c,7952,24726,1,4622,20104,0
none,P2_LARGEST,42b93092-3c00-4d43-85a5-9abf5e0b132c,10078,27404,2,6689,20715,0
none,P2_LARGEST,42b93092-3c00-4d43-85a5-9abf5e0b132c,10154,23236,0,0,23236,0
none,P2_LARGEST,42b93092-3c00-4d43-85a5-9abf5e0b132c,10246,27284,2,5300,21984,0
none,P2_LARGEST,42b93092-3c00-4d43-85a5-9abf5e0b132c,12387,25234,1,3962,21272,0
none,P2_LARGEST,42b93092-3c00-4d43-85a5-9abf5e0b132c,12653,26108,2,4801,21307,0
none,P2_LARGEST,42b93092-3c00-4d43-85a5-9abf5e0b132c,12916,21825,0,0,21825,0
none,P2_LARGEST,42b93092-3c00-4d43-85a5-9abf5e0b132c,13153,22561,0,0,22561,0
none,P2_LARGEST,42b93092-3c00-4d43-85a5-9abf5e0b132c,13709,23353,0,0,23353,0
none,P2_LARGEST,42b93092-3c00-4d43-85a5-9abf5e0b132c,14451,25593,1,2304,23289,0
none,P2_LARGEST,42b93092-3c00-4d43-85a5-9abf5e0b132c,15345,24378,0,0,24378,0
none,P2_LARGEST,42b93092-3c00-4d43-85a5-9abf5e0b132c,16289,28974,3,5623,23351,0
none,P2_LARGEST,42b93092-3c00-4d43-85a5-9abf5e0b132c,18658,25357,1,2400,22957,0
none,P2_LARGEST,42b93092-3c00-4d43-85a5-9abf5e0b132c,19028,27667,4,4850,22817,0
none,P2_LARGEST,42b93092-3c00-4d43-85a5-9abf5e0b132c,24167,27326,2,4670,22656,0
2000,P2_LARGEST,43184c39-00cb-4abb-a1c7-80b80eb14bd1,82,5916,0,0,5916,0
2000,P2_LARGEST,43184c39-00cb-4abb-a1c7-80b80eb14bd1,1020,6825,0,0,6825,0
2000,P2_LARGEST,43184c39-00cb-4abb-a1c7-80b80eb14bd1,1084,7758,0,0,7758,0
2000,P2_LARGEST,43184c39-00cb-4abb-a1c7-80b80eb14bd1,2498,8909,0,0,8909,0
4000,P2_LARGEST,43184c39-00cb-4abb-a1c7-80b80eb14bd1,82,5916,0,0,5916,0
4000,P2_LARGEST,43184c39-00cb-4abb-a1c7-80b80eb14bd1,1020,6825,0,0,6825,0
4000,P2_LARGEST,43184c39-00cb-4abb-a1c7-80b80eb14bd1,1084,7758,0,0,7758,0
4000,P2_LARGEST,43184c39-00cb-4abb-a1c7-80b80eb14bd1,2498,8909,0,0,8909,0
8000,P2_LARGEST,43184c39-00cb-4abb-a1c7-80b80eb14bd1,82,5916,0,0,5916,0
8000,P2_LARGEST,43184c39-00cb-4abb-a1c7-80b80eb14bd1,1020,6825,0,0,6825,0
8000,P2_LARGEST,43184c39-00cb-4abb-a1c7-80b80eb14bd1,1084,7758,0,0,7758,0
8000,P2_LARGEST,43184c39-00cb-4abb-a1c7-80b80eb14bd1,2498,8909,0,0,8909,0
none,P2_LARGEST,43184c39-00cb-4abb-a1c7-80b80eb14bd1,82,5916,0,0,5916,0
none,P2_LARGEST,43184c39-00cb-4abb-a1c7-80b80eb14bd1,1020,6825,0,0,6825,0
none,P2_LARGEST,43184c39-00cb-4abb-a1c7-80b80eb14bd1,1084,7758,0,0,7758,0
none,P2_LARGEST,43184c39-00cb-4abb-a1c7-80b80eb14bd1,2498,8909,0,0,8909,0
2000,P2_LARGEST,446536ee-f768-4755-9ccb-f418f5ee8104,92,5930,0,0,5930,0
2000,P2_LARGEST,446536ee-f768-4755-9ccb-f418f5ee8104,393,6754,0,0,6754,0
4000,P2_LARGEST,446536ee-f768-4755-9ccb-f418f5ee8104,92,5930,0,0,5930,0
4000,P2_LARGEST,446536ee-f768-4755-9ccb-f418f5ee8104,393,6754,0,0,6754,0
8000,P2_LARGEST,446536ee-f768-4755-9ccb-f418f5ee8104,92,5930,0,0,5930,0
8000,P2_LARGEST,446536ee-f768-4755-9ccb-f418f5ee8104,393,6754,0,0,6754,0
none,P2_LARGEST,446536ee-f768-4755-9ccb-f418f5ee8104,92,5930,0,0,5930,0
none,P2_LARGEST,446536ee-f768-4755-9ccb-f418f5ee8104,393,6754,0,0,6754,0
2000,P2_LARGEST,456f5b00-255e-4439-b775-209b2ff08100,287,8962,0,0,8962,0
2000,P2_LARGEST,456f5b00-255e-4439-b775-209b2ff08100,369,9285,0,0,9285,0
2000,P2_LARGEST,456f5b00-255e-4439-b775-209b2ff08100,411,9376,0,0,9376,0
2000,P2_LARGEST,456f5b00-255e-4439-b775-209b2ff08100,563,9427,0,0,9427,0
2000,P2_LARGEST,456f5b00-255e-4439-b775-209b2ff08100,605,9624,0,0,9624,0
2000,P2_LARGEST,456f5b00-255e-4439-b775-209b2ff08100,1153,9881,0,0,9881,0
2000,P2_LARGEST,456f5b00-255e-4439-b775-209b2ff08100,2031,10938,0,0,10938,0
2000,P2_LARGEST,456f5b00-255e-4439-b775-209b2ff08100,2102,11810,0,0,11810,0
2000,P2_LARGEST,456f5b00-255e-4439-b775-209b2ff08100,2549,11893,0,0,11893,0
4000,P2_LARGEST,456f5b00-255e-4439-b775-209b2ff08100,287,8962,0,0,8962,0
4000,P2_LARGEST,456f5b00-255e-4439-b775-209b2ff08100,369,9285,0,0,9285,0
4000,P2_LARGEST,456f5b00-255e-4439-b775-209b2ff08100,411,9376,0,0,9376,0
4000,P2_LARGEST,456f5b00-255e-4439-b775-209b2ff08100,563,9427,0,0,9427,0
4000,P2_LARGEST,456f5b00-255e-4439-b775-209b2ff08100,605,9624,0,0,9624,0
4000,P2_LARGEST,456f5b00-255e-4439-b775-209b2ff08100,1153,9881,0,0,9881,0
4000,P2_LARGEST,456f5b00-255e-4439-b775-209b2ff08100,2031,10938,0,0,10938,0
4000,P2_LARGEST,456f5b00-255e-4439-b775-209b2ff08100,2102,11810,0,0,11810,0
4000,P2_LARGEST,456f5b00-255e-4439-b775-209b2ff08100,2549,11893,0,0,11893,0
8000,P2_LARGEST,456f5b00-255e-4439-b775-209b2ff08100,287,8962,0,0,8962,0
8000,P2_LARGEST,456f5b00-255e-4439-b775-209b2ff08100,369,9285,0,0,9285,0
8000,P2_LARGEST,456f5b00-255e-4439-b775-209b2ff08100,411,9376,0,0,9376,0
8000,P2_LARGEST,456f5b00-255e-4439-b775-209b2ff08100,563,9427,0,0,9427,0
8000,P2_LARGEST,456f5b00-255e-4439-b775-209b2ff08100,605,9624,0,0,9624,0
8000,P2_LARGEST,456f5b00-255e-4439-b775-209b2ff08100,1153,9881,0,0,9881,0
8000,P2_LARGEST,456f5b00-255e-4439-b775-209b2ff08100,2031,15414,0,0,15414,0
8000,P2_LARGEST,456f5b00-255e-4439-b775-209b2ff08100,2102,16286,0,0,16286,0
8000,P2_LARGEST,456f5b00-255e-4439-b775-209b2ff08100,2549,16369,0,0,16369,0
none,P2_LARGEST,456f5b00-255e-4439-b775-209b2ff08100,287,8962,0,0,8962,0
none,P2_LARGEST,456f5b00-255e-4439-b775-209b2ff08100,369,9285,0,0,9285,0
none,P2_LARGEST,456f5b00-255e-4439-b775-209b2ff08100,411,9376,0,0,9376,0
none,P2_LARGEST,456f5b00-255e-4439-b775-209b2ff08100,563,9427,0,0,9427,0
none,P2_LARGEST,456f5b00-255e-4439-b775-209b2ff08100,605,9624,0,0,9624,0
none,P2_LARGEST,456f5b00-255e-4439-b775-209b2ff08100,1153,9881,0,0,9881,0
none,P2_LARGEST,456f5b00-255e-4439-b775-209b2ff08100,2031,15414,0,0,15414,0
none,P2_LARGEST,456f5b00-255e-4439-b775-209b2ff08100,2102,16286,0,0,16286,0
none,P2_LARGEST,456f5b00-255e-4439-b775-209b2ff08100,2549,16369,0,0,16369,0
2000,P2_LARGEST,4751fe80-6fef-4269-92b4-ea76f36ea3af,547,6719,0,0,6719,0
2000,P2_LARGEST,4751fe80-6fef-4269-92b4-ea76f36ea3af,784,7240,0,0,7240,0
2000,P2_LARGEST,4751fe80-6fef-4269-92b4-ea76f36ea3af,1047,8002,0,0,8002,0
2000,P2_LARGEST,4751fe80-6fef-4269-92b4-ea76f36ea3af,1234,8272,0,0,8272,0
2000,P2_LARGEST,4751fe80-6fef-4269-92b4-ea76f36ea3af,1386,8796,0,0,8796,0
2000,P2_LARGEST,4751fe80-6fef-4269-92b4-ea76f36ea3af,2077,8952,0,0,8952,0
2000,P2_LARGEST,4751fe80-6fef-4269-92b4-ea76f36ea3af,2517,9747,0,0,9747,0
2000,P2_LARGEST,4751fe80-6fef-4269-92b4-ea76f36ea3af,3426,10626,0,0,10626,0
2000,P2_LARGEST,4751fe80-6fef-4269-92b4-ea76f36ea3af,3893,11560,0,0,11560,0
2000,P2_LARGEST,4751fe80-6fef-4269-92b4-ea76f36ea3af,4964,12036,0,0,12036,0
2000,P2_LARGEST,4751fe80-6fef-4269-92b4-ea76f36ea3af,5496,13172,0,0,13172,0
2000,P2_LARGEST,4751fe80-6fef-4269-92b4-ea76f36ea3af,5597,13696,0,0,13696,0
2000,P2_LARGEST,4751fe80-6fef-4269-92b4-ea76f36ea3af,5925,13795,0,0,13795,0
2000,P2_LARGEST,4751fe80-6fef-4269-92b4-ea76f36ea3af,6111,14278,0,0,14278,0
2000,P2_LARGEST,4751fe80-6fef-4269-92b4-ea76f36ea3af,6790,14471,0,0,14471,0
2000,P2_LARGEST,4751fe80-6fef-4269-92b4-ea76f36ea3af,6877,15149,0,0,15149,0
2000,P2_LARGEST,4751fe80-6fef-4269-92b4-ea76f36ea3af,7238,15247,0,0,15247,0
2000,P2_LARGEST,4751fe80-6fef-4269-92b4-ea76f36ea3af,7540,16647,2,1983,14664,0
2000,P2_LARGEST,4751fe80-6fef-4269-92b4-ea76f36ea3af,8053,15143,0,0,15143,0
2000,P2_LARGEST,4751fe80-6fef-4269-92b4-ea76f36ea3af,8552,15695,0,0,15695,0
2000,P2_LARGEST,4751fe80-6fef-4269-92b4-ea76f36ea3af,10200,16471,2,1308,15163,0
2000,P2_LARGEST,4751fe80-6fef-4269-92b4-ea76f36ea3af,11850,19457,6,4112,15345,0
2000,P2_LARGEST,4751fe80-6fef-4269-92b4-ea76f36ea3af,16434,18216,2,4022,14194,0
2000,P2_LARGEST,4751fe80-6fef-4269-92b4-ea76f36ea3af,19630,22036,25,6699,15337,0
2000,P2_LARGEST,4751fe80-6fef-4269-92b4-ea76f36ea3af,21246,26048,4,10947,15101,0
2000,P2_LARGEST,4751fe80-6fef-4269-92b4-ea76f36ea3af,25396,17967,1,3249,14718,0
4000,P2_LARGEST,4751fe80-6fef-4269-92b4-ea76f36ea3af,547,6719,0,0,6719,0
4000,P2_LARGEST,4751fe80-6fef-4269-92b4-ea76f36ea3af,784,7240,0,0,7240,0
4000,P2_LARGEST,4751fe80-6fef-4269-92b4-ea76f36ea3af,1047,8002,0,0,8002,0
4000,P2_LARGEST,4751fe80-6fef-4269-92b4-ea76f36ea3af,1234,8272,0,0,8272,0
4000,P2_LARGEST,4751fe80-6fef-4269-92b4-ea76f36ea3af,1386,8796,0,0,8796,0
4000,P2_LARGEST,4751fe80-6fef-4269-92b4-ea76f36ea3af,2077,8952,0,0,8952,0
4000,P2_LARGEST,4751fe80-6fef-4269-92b4-ea76f36ea3af,2517,9747,0,0,9747,0
4000,P2_LARGEST,4751fe80-6fef-4269-92b4-ea76f36ea3af,3426,10626,0,0,10626,0
4000,P2_LARGEST,4751fe80-6fef-4269-92b4-ea76f36ea3af,3893,11560,0,0,11560,0
4000,P2_LARGEST,4751fe80-6fef-4269-92b4-ea76f36ea3af,4964,12036,0,0,12036,0
4000,P2_LARGEST,4751fe80-6fef-4269-92b4-ea76f36ea3af,5496,13172,0,0,13172,0
4000,P2_LARGEST,4751fe80-6fef-4269-92b4-ea76f36ea3af,5597,13696,0,0,13696,0
4000,P2_LARGEST,4751fe80-6fef-4269-92b4-ea76f36ea3af,5925,13795,0,0,13795,0
4000,P2_LARGEST,4751fe80-6fef-4269-92b4-ea76f36ea3af,6111,14278,0,0,14278,0
4000,P2_LARGEST,4751fe80-6fef-4269-92b4-ea76f36ea3af,6790,14471,0,0,14471,0
4000,P2_LARGEST,4751fe80-6fef-4269-92b4-ea76f36ea3af,6877,15149,0,0,15149,0
4000,P2_LARGEST,4751fe80-6fef-4269-92b4-ea76f36ea3af,7238,15247,0,0,15247,0
4000,P2_LARGEST,4751fe80-6fef-4269-92b4-ea76f36ea3af,7540,18839,5,3792,15047,0
4000,P2_LARGEST,4751fe80-6fef-4269-92b4-ea76f36ea3af,8053,15526,0,0,15526,0
4000,P2_LARGEST,4751fe80-6fef-4269-92b4-ea76f36ea3af,8552,16078,0,0,16078,0
4000,P2_LARGEST,4751fe80-6fef-4269-92b4-ea76f36ea3af,10200,16854,1,2692,14162,0
4000,P2_LARGEST,4751fe80-6fef-4269-92b4-ea76f36ea3af,11850,18456,4,3111,15345,0
4000,P2_LARGEST,4751fe80-6fef-4269-92b4-ea76f36ea3af,16434,18216,2,4022,14194,0
4000,P2_LARGEST,4751fe80-6fef-4269-92b4-ea76f36ea3af,19630,22036,25,6699,15337,0
4000,P2_LARGEST,4751fe80-6fef-4269-92b4-ea76f36ea3af,21246,28872,5,14271,14601,0
4000,P2_LARGEST,4751fe80-6fef-4269-92b4-ea76f36ea3af,25396,19589,2,6359,13230,0
8000,P2_LARGEST,4751fe80-6fef-4269-92b4-ea76f36ea3af,547,6719,0,0,6719,0
8000,P2_LARGEST,4751fe80-6fef-4269-92b4-ea76f36ea3af,784,7240,0,0,7240,0
8000,P2_LARGEST,4751fe80-6fef-4269-92b4-ea76f36ea3af,1047,13138,0,0,13138,0
8000,P2_LARGEST,4751fe80-6fef-4269-92b4-ea76f36ea3af,1234,13408,0,0,13408,0
8000,P2_LARGEST,4751fe80-6fef-4269-92b4-ea76f36ea3af,1386,13932,0,0,13932,0
8000,P2_LARGEST,4751fe80-6fef-4269-92b4-ea76f36ea3af,2077,14088,0,0,14088,0
8000,P2_LARGEST,4751fe80-6fef-4269-92b4-ea76f36ea3af,2517,14883,0,0,14883,0
8000,P2_LARGEST,4751fe80-6fef-4269-92b4-ea76f36ea3af,3426,15762,0,0,15762,0
8000,P2_LARGEST,4751fe80-6fef-4269-92b4-ea76f36ea3af,3893,16696,1,5636,11060,0
8000,P2_LARGEST,4751fe80-6fef-4269-92b4-ea76f36ea3af,4964,11536,0,0,11536,0
8000,P2_LARGEST,4751fe80-6fef-4269-92b4-ea76f36ea3af,5496,12672,0,0,12672,0
8000,P2_LARGEST,4751fe80-6fef-4269-92b4-ea76f36ea3af,5597,13196,0,0,13196,0
8000,P2_LARGEST,4751fe80-6fef-4269-92b4-ea76f36ea3af,5925,13295,0,0,13295,0
8000,P2_LARGEST,4751fe80-6fef-4269-92b4-ea76f36ea3af,6111,13778,0,0,13778,0
8000,P2_LARGEST,4751fe80-6fef-4269-92b4-ea76f36ea3af,6790,13971,0,0,13971,0
8000,P2_LARGEST,4751fe80-6fef-4269-92b4-ea76f36ea3af,6877,14649,0,0,14649,0
8000,P2_LARGEST,4751fe80-6fef-4269-92b4-ea76f36ea3af,7238,14747,0,0,14747,0
8000,P2_LARGEST,4751fe80-6fef-4269-92b4-ea76f36ea3af,7540,18339,4,3291,15048,0
8000,P2_LARGEST,4751fe80-6fef-4269-92b4-ea76f36ea3af,8053,15527,0,0,15527,0
8000,P2_LARGEST,4751fe80-6fef-4269-92b4-ea76f36ea3af,8552,16079,0,0,16079,0
8000,P2_LARGEST,4751fe80-6fef-4269-92b4-ea76f36ea3af,10200,16855,1,2692,14163,0
8000,P2_LARGEST,4751fe80-6fef-4269-92b4-ea76f36ea3af,11850,18457,4,3112,15345,0
8000,P2_LARGEST,4751fe80-6fef-4269-92b4-ea76f36ea3af,16434,18216,2,4022,14194,0
8000,P2_LARGEST,4751fe80-6fef-4269-92b4-ea76f36ea3af,19630,22036,25,6699,15337,0
8000,P2_LARGEST,4751fe80-6fef-4269-92b4-ea76f36ea3af,21246,28872,5,14271,14601,0
8000,P2_LARGEST,4751fe80-6fef-4269-92b4-ea76f36ea3af,25396,19589,2,6359,13230,0
none,P2_LARGEST,4751fe80-6fef-4269-92b4-ea76f36ea3af,547,6719,0,0,6719,0
none,P2_LARGEST,4751fe80-6fef-4269-92b4-ea76f36ea3af,784,7240,0,0,7240,0
none,P2_LARGEST,4751fe80-6fef-4269-92b4-ea76f36ea3af,1047,13138,0,0,13138,0
none,P2_LARGEST,4751fe80-6fef-4269-92b4-ea76f36ea3af,1234,13408,0,0,13408,0
none,P2_LARGEST,4751fe80-6fef-4269-92b4-ea76f36ea3af,1386,13932,0,0,13932,0
none,P2_LARGEST,4751fe80-6fef-4269-92b4-ea76f36ea3af,2077,14088,0,0,14088,0
none,P2_LARGEST,4751fe80-6fef-4269-92b4-ea76f36ea3af,2517,14883,0,0,14883,0
none,P2_LARGEST,4751fe80-6fef-4269-92b4-ea76f36ea3af,3426,15762,0,0,15762,0
none,P2_LARGEST,4751fe80-6fef-4269-92b4-ea76f36ea3af,3893,16696,1,5636,11060,0
none,P2_LARGEST,4751fe80-6fef-4269-92b4-ea76f36ea3af,4964,11536,0,0,11536,0
none,P2_LARGEST,4751fe80-6fef-4269-92b4-ea76f36ea3af,5496,12672,0,0,12672,0
none,P2_LARGEST,4751fe80-6fef-4269-92b4-ea76f36ea3af,5597,13196,0,0,13196,0
none,P2_LARGEST,4751fe80-6fef-4269-92b4-ea76f36ea3af,5925,13295,0,0,13295,0
none,P2_LARGEST,4751fe80-6fef-4269-92b4-ea76f36ea3af,6111,13778,0,0,13778,0
none,P2_LARGEST,4751fe80-6fef-4269-92b4-ea76f36ea3af,6790,13971,0,0,13971,0
none,P2_LARGEST,4751fe80-6fef-4269-92b4-ea76f36ea3af,6877,14649,0,0,14649,0
none,P2_LARGEST,4751fe80-6fef-4269-92b4-ea76f36ea3af,7238,14747,0,0,14747,0
none,P2_LARGEST,4751fe80-6fef-4269-92b4-ea76f36ea3af,7540,18339,4,3291,15048,0
none,P2_LARGEST,4751fe80-6fef-4269-92b4-ea76f36ea3af,8053,15527,0,0,15527,0
none,P2_LARGEST,4751fe80-6fef-4269-92b4-ea76f36ea3af,8552,16079,0,0,16079,0
none,P2_LARGEST,4751fe80-6fef-4269-92b4-ea76f36ea3af,10200,16855,1,2692,14163,0
none,P2_LARGEST,4751fe80-6fef-4269-92b4-ea76f36ea3af,11850,18457,4,3112,15345,0
none,P2_LARGEST,4751fe80-6fef-4269-92b4-ea76f36ea3af,16434,18216,2,4022,14194,0
none,P2_LARGEST,4751fe80-6fef-4269-92b4-ea76f36ea3af,19630,22036,25,6699,15337,0
none,P2_LARGEST,4751fe80-6fef-4269-92b4-ea76f36ea3af,21246,28872,5,14271,14601,0
none,P2_LARGEST,4751fe80-6fef-4269-92b4-ea76f36ea3af,25396,27612,24,8799,18813,1
2000,P2_LARGEST,4b4ea9a9-beb3-4a24-841b-5948b63b92ff,622,7217,0,0,7217,0
2000,P2_LARGEST,4b4ea9a9-beb3-4a24-841b-5948b63b92ff,697,8206,0,0,8206,0
2000,P2_LARGEST,4b4ea9a9-beb3-4a24-841b-5948b63b92ff,1432,9920,0,0,9920,0
2000,P2_LARGEST,4b4ea9a9-beb3-4a24-841b-5948b63b92ff,1878,11108,0,0,11108,0
2000,P2_LARGEST,4b4ea9a9-beb3-4a24-841b-5948b63b92ff,2465,13630,0,0,13630,0
2000,P2_LARGEST,4b4ea9a9-beb3-4a24-841b-5948b63b92ff,3115,15721,0,0,15721,0
2000,P2_LARGEST,4b4ea9a9-beb3-4a24-841b-5948b63b92ff,3325,17498,2,3459,14039,0
2000,P2_LARGEST,4b4ea9a9-beb3-4a24-841b-5948b63b92ff,3579,14355,0,0,14355,0
2000,P2_LARGEST,4b4ea9a9-beb3-4a24-841b-5948b63b92ff,3779,15713,0,0,15713,0
2000,P2_LARGEST,4b4ea9a9-beb3-4a24-841b-5948b63b92ff,4325,17623,2,2608,15015,0
2000,P2_LARGEST,4b4ea9a9-beb3-4a24-841b-5948b63b92ff,4757,18570,3,3467,15103,0
2000,P2_LARGEST,4b4ea9a9-beb3-4a24-841b-5948b63b92ff,5148,15834,0,0,15834,0
2000,P2_LARGEST,4b4ea9a9-beb3-4a24-841b-5948b63b92ff,5411,16226,0,0,16226,0
2000,P2_LARGEST,4b4ea9a9-beb3-4a24-841b-5948b63b92ff,5715,16528,1,1873,14655,0
2000,P2_LARGEST,4b4ea9a9-beb3-4a24-841b-5948b63b92ff,5960,15839,0,0,15839,0
2000,P2_LARGEST,4b4ea9a9-beb3-4a24-841b-5948b63b92ff,6331,16599,2,1373,15226,0
2000,P2_LARGEST,4b4ea9a9-beb3-4a24-841b-5948b63b92ff,7148,16362,0,0,16362,0
2000,P2_LARGEST,4b4ea9a9-beb3-4a24-841b-5948b63b92ff,7615,18810,5,3549,15261,0
2000,P2_LARGEST,4b4ea9a9-beb3-4a24-841b-5948b63b92ff,8217,16170,0,0,16170,0
2000,P2_LARGEST,4b4ea9a9-beb3-4a24-841b-5948b63b92ff,8586,16944,3,1964,14980,0
2000,P2_LARGEST,4b4ea9a9-beb3-4a24-841b-5948b63b92ff,8675,15448,0,0,15448,0
2000,P2_LARGEST,4b4ea9a9-beb3-4a24-841b-5948b63b92ff,8752,16052,0,0,16052,0
2000,P2_LARGEST,4b4ea9a9-beb3-4a24-841b-5948b63b92ff,8914,17662,5,2281,15381,0
2000,P2_LARGEST,4b4ea9a9-beb3-4a24-841b-5948b63b92ff,9049,17610,3,2421,15189,0
2000,P2_LARGEST,4b4ea9a9-beb3-4a24-841b-5948b63b92ff,9950,15548,0,0,15548,0
2000,P2_LARGEST,4b4ea9a9-beb3-4a24-841b-5948b63b92ff,10101,16443,1,1183,15260,0
2000,P2_LARGEST,4b4ea9a9-beb3-4a24-841b-5948b63b92ff,10379,15706,0,0,15706,0
2000,P2_LARGEST,4b4ea9a9-beb3-4a24-841b-5948b63b92ff,10763,17588,5,2424,15164,0
2000,P2_LARGEST,4b4ea9a9-beb3-4a24-841b-5948b63b92ff,11096,15553,0,0,15553,0
2000,P2_LARGEST,4b4ea9a9-beb3-4a24-841b-5948b63b92ff,11375,16002,0,0,16002,0
2000,P2_LARGEST,4b4ea9a9-beb3-4a24-841b-5948b63b92ff,11709,16548,1,1588,14960,0
2000,P2_LARGEST,4b4ea9a9-beb3-4a24-841b-5948b63b92ff,11955,15504,0,0,15504,0
2000,P2_LARGEST,4b4ea9a9-beb3-4a24-841b-5948b63b92ff,12102,16040,0,0,16040,0
2000,P2_LARGEST,4b4ea9a9-beb3-4a24-841b-5948b63b92ff,12521,16206,0,0,16206,0
2000,P2_LARGEST,4b4ea9a9-beb3-4a24-841b-5948b63b92ff,12811,16626,4,1360,15266,0
2000,P2_LARGEST,4b4ea9a9-beb3-4a24-841b-5948b63b92ff,13388,17381,7,2257,15124,0
2000,P2_LARGEST,4b4ea9a9-beb3-4a24-841b-5948b63b92ff,13942,16993,3,1890,15103,0
2000,P2_LARGEST,4b4ea9a9-beb3-4a24-841b-5948b63b92ff,14193,15652,0,0,15652,0
2000,P2_LARGEST,4b4ea9a9-beb3-4a24-841b-5948b63b92ff,14740,16238,0,0,16238,0
2000,P2_LARGEST,4b4ea9a9-beb3-4a24-841b-5948b63b92ff,16007,17259,3,2265,14994,0
2000,P2_LARGEST,4b4ea9a9-beb3-4a24-841b-5948b63b92ff,16509,16582,4,1399,15183,0
2000,P2_LARGEST,4b4ea9a9-beb3-4a24-841b-5948b63b92ff,17064,16303,0,0,16303,0
2000,P2_LARGEST,4b4ea9a9-beb3-4a24-841b-5948b63b92ff,17286,18643,5,3309,15334,0
2000,P2_LARGEST,4b4ea9a9-beb3-4a24-841b-5948b63b92ff,17995,16483,1,1351,15132,0
2000,P2_LARGEST,4b4ea9a9-beb3-4a24-841b-5948b63b92ff,18221,16173,0,0,16173,0
2000,P2_LARGEST,4b4ea9a9-beb3-4a24-841b-5948b63b92ff,18335,16570,2,1603,14967,0
2000,P2_LARGEST,4b4ea9a9-beb3-4a24-841b-5948b63b92ff,18569,15143,0,0,15143,0
2000,P2_LARGEST,4b4ea9a9-beb3-4a24-841b-5948b63b92ff,18755,15717,0,0,15717,0
2000,P2_LARGEST,4b4ea9a9-beb3-4a24-841b-5948b63b92ff,19577,15955,0,0,15955,0
2000,P2_LARGEST,4b4ea9a9-beb3-4a24-841b-5948b63b92ff,20278,17308,7,2063,15245,0
2000,P2_LARGEST,4b4ea9a9-beb3-4a24-841b-5948b63b92ff,20628,18279,7,2928,15351,0
2000,P2_LARGEST,4b4ea9a9-beb3-4a24-841b-5948b63b92ff,20767,15916,0,0,15916,0
2000,P2_LARGEST,4b4ea9a9-beb3-4a24-841b-5948b63b92ff,20915,16277,0,0,16277,0
2000,P2_LARGEST,4b4ea9a9-beb3-4a24-841b-5948b63b92ff,21214,17712,4,2598,15114,0
2000,P2_LARGEST,4b4ea9a9-beb3-4a24-841b-5948b63b92ff,21417,15411,0,0,15411,0
2000,P2_LARGEST,4b4ea9a9-beb3-4a24-841b-5948b63b92ff,21743,15840,0,0,15840,0
2000,P2_LARGEST,4b4ea9a9-beb3-4a24-841b-5948b63b92ff,22850,16497,1,1273,15224,0
2000,P2_LARGEST,4b4ea9a9-beb3-4a24-841b-5948b63b92ff,23912,16353,0,0,16353,0
2000,P2_LARGEST,4b4ea9a9-beb3-4a24-841b-5948b63b92ff,24076,17444,5,2182,15262,0
2000,P2_LARGEST,4b4ea9a9-beb3-4a24-841b-5948b63b92ff,24402,15505,0,0,15505,0
2000,P2_LARGEST,4b4ea9a9-beb3-4a24-841b-5948b63b92ff,25419,15965,0,0,15965,0
2000,P2_LARGEST,4b4ea9a9-beb3-4a24-841b-5948b63b92ff,26855,18824,9,3591,15233,0
2000,P2_LARGEST,4b4ea9a9-beb3-4a24-841b-5948b63b92ff,27859,17262,4,1984,15278,0
2000,P2_LARGEST,4b4ea9a9-beb3-4a24-841b-5948b63b92ff,28344,16386,1,1403,14983,0
2000,P2_LARGEST,4b4ea9a9-beb3-4a24-841b-5948b63b92ff,28713,15695,0,0,15695,0
2000,P2_LARGEST,4b4ea9a9-beb3-4a24-841b-5948b63b92ff,28935,16119,0,0,16119,0
2000,P2_LARGEST,4b4ea9a9-beb3-4a24-841b-5948b63b92ff,30249,16692,2,1472,15220,0
2000,P2_LARGEST,4b4ea9a9-beb3-4a24-841b-5948b63b92ff,31459,17431,9,2118,15313,0
2000,P2_LARGEST,4b4ea9a9-beb3-4a24-841b-5948b63b92ff,31748,17157,3,1786,15371,0
2000,P2_LARGEST,4b4ea9a9-beb3-4a24-841b-5948b63b92ff,32782,16048,0,0,16048,0
2000,P2_LARGEST,4b4ea9a9-beb3-4a24-841b-5948b63b92ff,33603,17480,3,2690,14790,0
2000,P2_LARGEST,4b4ea9a9-beb3-4a24-841b-5948b63b92ff,34909,17809,4,2565,15244,0
2000,P2_LARGEST,4b4ea9a9-beb3-4a24-841b-5948b63b92ff,36122,16949,2,1811,15138,0
2000,P2_LARGEST,4b4ea9a9-beb3-4a24-841b-5948b63b92ff,36538,17436,4,2167,15269,0
2000,P2_LARGEST,4b4ea9a9-beb3-4a24-841b-5948b63b92ff,36797,16101,0,0,16101,0
2000,P2_LARGEST,4b4ea9a9-beb3-4a24-841b-5948b63b92ff,37111,16544,1,1184,15360,0
2000,P2_LARGEST,4b4ea9a9-beb3-4a24-841b-5948b63b92ff,37303,15782,0,0,15782,0
2000,P2_LARGEST,4b4ea9a9-beb3-4a24-841b-5948b63b92ff,38847,17339,4,2152,15187,0
2000,P2_LARGEST,4b4ea9a9-beb3-4a24-841b-5948b63b92ff,39652,19320,9,4044,15276,0
2000,P2_LARGEST,4b4ea9a9-beb3-4a24-841b-5948b63b92ff,40218,16685,1,1405,15280,0
2000,P2_LARGEST,4b4ea9a9-beb3-4a24-841b-5948b63b92ff,41477,16792,2,1572,15220,0
2000,P2_LARGEST,4b4ea9a9-beb3-4a24-841b-5948b63b92ff,41789,16787,4,1511,15276,0
2000,P2_LARGEST,4b4ea9a9-beb3-4a24-841b-5948b63b92ff,42125,15642,0,0,15642,0
2000,P2_LARGEST,4b4ea9a9-beb3-4a24-841b-5948b63b92ff,42327,18065,4,2745,15320,0
2000,P2_LARGEST,4b4ea9a9-beb3-4a24-841b-5948b63b92ff,43203,16316,0,0,16316,0
2000,P2_LARGEST,4b4ea9a9-beb3-4a24-841b-5948b63b92ff,43486,17479,3,2363,15116,0
2000,P2_LARGEST,4b4ea9a9-beb3-4a24-841b-5948b63b92ff,43803,17062,3,1910,15152,0
2000,P2_LARGEST,4b4ea9a9-beb3-4a24-841b-5948b63b92ff,44366,15764,0,0,15764,0
2000,P2_LARGEST,4b4ea9a9-beb3-4a24-841b-5948b63b92ff,47815,18336,5,2989,15347,0
2000,P2_LARGEST,4b4ea9a9-beb3-4a24-841b-5948b63b92ff,47952,19766,2,4665,15101,0
2000,P2_LARGEST,4b4ea9a9-beb3-4a24-841b-5948b63b92ff,50497,16910,4,1562,15348,0
2000,P2_LARGEST,4b4ea9a9-beb3-4a24-841b-5948b63b92ff,50958,19956,4,4656,15300,0
2000,P2_LARGEST,4b4ea9a9-beb3-4a24-841b-5948b63b92ff,51078,15770,0,0,15770,0
2000,P2_LARGEST,4b4ea9a9-beb3-4a24-841b-5948b63b92ff,51952,16935,2,1792,15143,0
2000,P2_LARGEST,4b4ea9a9-beb3-4a24-841b-5948b63b92ff,52141,16014,0,0,16014,0
2000,P2_LARGEST,4b4ea9a9-beb3-4a24-841b-5948b63b92ff,52410,16351,0,0,16351,0
2000,P2_LARGEST,4b4ea9a9-beb3-4a24-841b-5948b63b92ff,53117,18410,10,3124,15286,0
2000,P2_LARGEST,4b4ea9a9-beb3-4a24-841b-5948b63b92ff,53409,16237,0,0,16237,0
2000,P2_LARGEST,4b4ea9a9-beb3-4a24-841b-5948b63b92ff,54181,16689,1,1669,15020,0
2000,P2_LARGEST,4b4ea9a9-beb3-4a24-841b-5948b63b92ff,54470,16034,0,0,16034,0
2000,P2_LARGEST,4b4ea9a9-beb3-4a24-841b-5948b63b92ff,54753,16315,0,0,16315,0
2000,P2_LARGEST,4b4ea9a9-beb3-4a24-841b-5948b63b92ff,55192,16598,2,1422,15176,0
2000,P2_LARGEST,4b4ea9a9-beb3-4a24-841b-5948b63b92ff,55502,15635,0,0,15635,0
2000,P2_LARGEST,4b4ea9a9-beb3-4a24-841b-5948b63b92ff,55760,15943,0,0,15943,0
2000,P2_LARGEST,4b4ea9a9-beb3-4a24-841b-5948b63b92ff,55959,16213,0,0,16213,0
2000,P2_LARGEST,4b4ea9a9-beb3-4a24-841b-5948b63b92ff,56346,16793,5,1470,15323,0
2000,P2_LARGEST,4b4ea9a9-beb3-4a24-841b-5948b63b92ff,56802,16784,9,1498,15286,0
2000,P2_LARGEST,4b4ea9a9-beb3-4a24-841b-5948b63b92ff,57989,17970,8,2613,15357,0
2000,P2_LARGEST,4b4ea9a9-beb3-4a24-841b-5948b63b92ff,58624,17203,2,1845,15358,0
2000,P2_LARGEST,4b4ea9a9-beb3-4a24-841b-5948b63b92ff,58937,16026,0,0,16026,0
2000,P2_LARGEST,4b4ea9a9-beb3-4a24-841b-5948b63b92ff,59688,16440,1,1155,15285,0
2000,P2_LARGEST,4b4ea9a9-beb3-4a24-841b-5948b63b92ff,60532,16229,0,0,16229,0
2000,P2_LARGEST,4b4ea9a9-beb3-4a24-841b-5948b63b92ff,60660,17064,3,1966,15098,0
2000,P2_LARGEST,4b4ea9a9-beb3-4a24-841b-5948b63b92ff,60870,15398,0,0,15398,0
2000,P2_LARGEST,4b4ea9a9-beb3-4a24-841b-5948b63b92ff,61101,15655,0,0,15655,0
2000,P2_LARGEST,4b4ea9a9-beb3-4a24-841b-5948b63b92ff,61173,16062,0,0,16062,0
2000,P2_LARGEST,4b4ea9a9-beb3-4a24-841b-5948b63b92ff,61306,17394,7,2146,15248,0
2000,P2_LARGEST,4b4ea9a9-beb3-4a24-841b-5948b63b92ff,61561,16887,5,1513,15374,0
2000,P2_LARGEST,4b4ea9a9-beb3-4a24-841b-5948b63b92ff,61825,16519,1,1405,15114,0
2000,P2_LARGEST,4b4ea9a9-beb3-4a24-841b-5948b63b92ff,62427,15641,0,0,15641,0
2000,P2_LARGEST,4b4ea9a9-beb3-4a24-841b-5948b63b92ff,63976,17057,7,1712,15345,0
2000,P2_LARGEST,4b4ea9a9-beb3-4a24-841b-5948b63b92ff,64668,18798,8,3437,15361,0
2000,P2_LARGEST,4b4ea9a9-beb3-4a24-841b-5948b63b92ff,65063,16290,0,0,16290,0
2000,P2_LARGEST,4b4ea9a9-beb3-4a24-841b-5948b63b92ff,65265,16787,2,1827,14960,0
2000,P2_LARGEST,4b4ea9a9-beb3-4a24-841b-5948b63b92ff,65524,15160,0,0,15160,0
2000,P2_LARGEST,4b4ea9a9-beb3-4a24-841b-5948b63b92ff,67486,16248,0,0,16248,0
2000,P2_LARGEST,4b4ea9a9-beb3-4a24-841b-5948b63b92ff,68959,18879,59,2849,16030,0
2000,P2_LARGEST,4b4ea9a9-beb3-4a24-841b-5948b63b92ff,71743,18818,3,3403,15415,0
4000,P2_LARGEST,4b4ea9a9-beb3-4a24-841b-5948b63b92ff,622,7217,0,0,7217,0
4000,P2_LARGEST,4b4ea9a9-beb3-4a24-841b-5948b63b92ff,697,8206,0,0,8206,0
4000,P2_LARGEST,4b4ea9a9-beb3-4a24-841b-5948b63b92ff,1432,9920,0,0,9920,0
4000,P2_LARGEST,4b4ea9a9-beb3-4a24-841b-5948b63b92ff,1878,11108,0,0,11108,0
4000,P2_LARGEST,4b4ea9a9-beb3-4a24-841b-5948b63b92ff,2465,13630,0,0,13630,0
4000,P2_LARGEST,4b4ea9a9-beb3-4a24-841b-5948b63b92ff,3115,15721,0,0,15721,0
4000,P2_LARGEST,4b4ea9a9-beb3-4a24-841b-5948b63b92ff,3325,17498,2,3459,14039,0
4000,P2_LARGEST,4b4ea9a9-beb3-4a24-841b-5948b63b92ff,3579,14355,0,0,14355,0
4000,P2_LARGEST,4b4ea9a9-beb3-4a24-841b-5948b63b92ff,3779,15713,0,0,15713,0
4000,P2_LARGEST,4b4ea9a9-beb3-4a24-841b-5948b63b92ff,4325,17623,2,2608,15015,0
4000,P2_LARGEST,4b4ea9a9-beb3-4a24-841b-5948b63b92ff,4757,18570,3,3467,15103,0
4000,P2_LARGEST,4b4ea9a9-beb3-4a24-841b-5948b63b92ff,5148,15834,0,0,15834,0
4000,P2_LARGEST,4b4ea9a9-beb3-4a24-841b-5948b63b92ff,5411,16226,0,0,16226,0
4000,P2_LARGEST,4b4ea9a9-beb3-4a24-841b-5948b63b92ff,5715,16528,1,1873,14655,0
4000,P2_LARGEST,4b4ea9a9-beb3-4a24-841b-5948b63b92ff,5960,15839,0,0,15839,0
4000,P2_LARGEST,4b4ea9a9-beb3-4a24-841b-5948b63b92ff,6331,18159,5,3033,15126,0
4000,P2_LARGEST,4b4ea9a9-beb3-4a24-841b-5948b63b92ff,7148,16262,0,0,16262,0
4000,P2_LARGEST,4b4ea9a9-beb3-4a24-841b-5948b63b92ff,7615,18710,3,3719,14991,0
4000,P2_LARGEST,4b4ea9a9-beb3-4a24-841b-5948b63b92ff,8217,15900,0,0,15900,0
4000,P2_LARGEST,4b4ea9a9-beb3-4a24-841b-5948b63b92ff,8586,16674,2,1694,14980,0
4000,P2_LARGEST,4b4ea9a9-beb3-4a24-841b-5948b63b92ff,8675,15448,0,0,15448,0
4000,P2_LARGEST,4b4ea9a9-beb3-4a24-841b-5948b63b92ff,8752,18065,6,2684,15381,0
4000,P2_LARGEST,4b4ea9a9-beb3-4a24-841b-5948b63b92ff,8914,16991,5,1723,15268,0
4000,P2_LARGEST,4b4ea9a9-beb3-4a24-841b-5948b63b92ff,9049,19107,2,4031,15076,0
4000,P2_LARGEST,4b4ea9a9-beb3-4a24-841b-5948b63b92ff,9950,15435,0,0,15435,0
4000,P2_LARGEST,4b4ea9a9-beb3-4a24-841b-5948b63b92ff,10101,16330,0,0,16330,0
4000,P2_LARGEST,4b4ea9a9-beb3-4a24-841b-5948b63b92ff,10379,16776,1,2110,14666,0
4000,P2_LARGEST,4b4ea9a9-beb3-4a24-841b-5948b63b92ff,10763,16548,1,1183,15365,0
4000,P2_LARGEST,4b4ea9a9-beb3-4a24-841b-5948b63b92ff,11096,15754,0,0,15754,0
4000,P2_LARGEST,4b4ea9a9-beb3-4a24-841b-5948b63b92ff,11375,16203,0,0,16203,0
4000,P2_LARGEST,4b4ea9a9-beb3-4a24-841b-5948b63b92ff,11709,16749,1,1588,15161,0
4000,P2_LARGEST,4b4ea9a9-beb3-4a24-841b-5948b63b92ff,11955,15705,0,0,15705,0
4000,P2_LARGEST,4b4ea9a9-beb3-4a24-841b-5948b63b92ff,12102,16241,0,0,16241,0
4000,P2_LARGEST,4b4ea9a9-beb3-4a24-841b-5948b63b92ff,12521,16407,2,1228,15179,0
4000,P2_LARGEST,4b4ea9a9-beb3-4a24-841b-5948b63b92ff,12811,15599,0,0,15599,0
4000,P2_LARGEST,4b4ea9a9-beb3-4a24-841b-5948b63b92ff,13388,17714,8,2590,15124,0
4000,P2_LARGEST,4b4ea9a9-beb3-4a24-841b-5948b63b92ff,13942,16993,3,1890,15103,0
4000,P2_LARGEST,4b4ea9a9-beb3-4a24-841b-5948b63b92ff,14193,15652,0,0,15652,0
4000,P2_LARGEST,4b4ea9a9-beb3-4a24-841b-5948b63b92ff,14740,16238,0,0,16238,0
4000,P2_LARGEST,4b4ea9a9-beb3-4a24-841b-5948b63b92ff,16007,17259,3,2265,14994,0
4000,P2_LARGEST,4b4ea9a9-beb3-4a24-841b-5948b63b92ff,16509,16582,4,1399,15183,0
4000,P2_LARGEST,4b4ea9a9-beb3-4a24-841b-5948b63b92ff,17064,16303,0,0,16303,0
4000,P2_LARGEST,4b4ea9a9-beb3-4a24-841b-5948b63b92ff,17286,18643,5,3309,15334,0
4000,P2_LARGEST,4b4ea9a9-beb3-4a24-841b-5948b63b92ff,17995,16483,1,1351,15132,0
4000,P2_LARGEST,4b4ea9a9-beb3-4a24-841b-5948b63b92ff,18221,16173,0,0,16173,0
4000,P2_LARGEST,4b4ea9a9-beb3-4a24-841b-5948b63b92ff,18335,16570,2,1603,14967,0
4000,P2_LARGEST,4b4ea9a9-beb3-4a24-841b-5948b63b92ff,18569,15143,0,0,15143,0
4000,P2_LARGEST,4b4ea9a9-beb3-4a24-841b-5948b63b92ff,18755,15717,0,0,15717,0
4000,P2_LARGEST,4b4ea9a9-beb3-4a24-841b-5948b63b92ff,19577,15955,0,0,15955,0
4000,P2_LARGEST,4b4ea9a9-beb3-4a24-841b-5948b63b92ff,20278,17308,7,2063,15245,0
4000,P2_LARGEST,4b4ea9a9-beb3-4a24-841b-5948b63b92ff,20628,18279,7,2928,15351,0
4000,P2_LARGEST,4b4ea9a9-beb3-4a24-841b-5948b63b92ff,20767,15916,0,0,15916,0
4000,P2_LARGEST,4b4ea9a9-beb3-4a24-841b-5948b63b92ff,20915,16277,0,0,16277,0
4000,P2_LARGEST,4b4ea9a9-beb3-4a24-841b-5948b63b92ff,21214,17712,4,2598,15114,0
4000,P2_LARGEST,4b4ea9a9-beb3-4a24-841b-5948b63b92ff,21417,15411,0,0,15411,0
4000,P2_LARGEST,4b4ea9a9-beb3-4a24-841b-5948b63b92ff,21743,15840,0,0,15840,0
4000,P2_LARGEST,4b4ea9a9-beb3-4a24-841b-5948b63b92ff,22850,16497,1,1273,15224,0
4000,P2_LARGEST,4b4ea9a9-beb3-4a24-841b-5948b63b92ff,23912,16353,0,0,16353,0
4000,P2_LARGEST,4b4ea9a9-beb3-4a24-841b-5948b63b92ff,24076,17444,5,2182,15262,0
4000,P2_LARGEST,4b4ea9a9-beb3-4a24-841b-5948b63b92ff,24402,15505,0,0,15505,0
4000,P2_LARGEST,4b4ea9a9-beb3-4a24-841b-5948b63b92ff,25419,15965,0,0,15965,0
4000,P2_LARGEST,4b4ea9a9-beb3-4a24-841b-5948b63b92ff,26855,18824,9,3591,15233,0
4000,P2_LARGEST,4b4ea9a9-beb3-4a24-841b-5948b63b92ff,27859,17262,4,1984,15278,0
4000,P2_LARGEST,4b4ea9a9-beb3-4a24-841b-5948b63b92ff,28344,16386,1,1403,14983,0
4000,P2_LARGEST,4b4ea9a9-beb3-4a24-841b-5948b63b92ff,28713,15695,0,0,15695,0
4000,P2_LARGEST,4b4ea9a9-beb3-4a24-841b-5948b63b92ff,28935,16119,0,0,16119,0
4000,P2_LARGEST,4b4ea9a9-beb3-4a24-841b-5948b63b92ff,30249,16692,2,1472,15220,0
4000,P2_LARGEST,4b4ea9a9-beb3-4a24-841b-5948b63b92ff,31459,17431,9,2118,15313,0
4000,P2_LARGEST,4b4ea9a9-beb3-4a24-841b-5948b63b92ff,31748,17157,3,1786,15371,0
4000,P2_LARGEST,4b4ea9a9-beb3-4a24-841b-5948b63b92ff,32782,16048,0,0,16048,0
4000,P2_LARGEST,4b4ea9a9-beb3-4a24-841b-5948b63b92ff,33603,17480,3,2690,14790,0
4000,P2_LARGEST,4b4ea9a9-beb3-4a24-841b-5948b63b92ff,34909,17809,4,2565,15244,0
4000,P2_LARGEST,4b4ea9a9-beb3-4a24-841b-5948b63b92ff,36122,16949,2,1811,15138,0
4000,P2_LARGEST,4b4ea9a9-beb3-4a24-841b-5948b63b92ff,36538,17436,4,2167,15269,0
4000,P2_LARGEST,4b4ea9a9-beb3-4a24-841b-5948b63b92ff,36797,16101,0,0,16101,0
4000,P2_LARGEST,4b4ea9a9-beb3-4a24-841b-5948b63b92ff,37111,16544,1,1184,15360,0
4000,P2_LARGEST,4b4ea9a9-beb3-4a24-841b-5948b63b92ff,37303,15782,0,0,15782,0
4000,P2_LARGEST,4b4ea9a9-beb3-4a24-841b-5948b63b92ff,38847,17339,4,2152,15187,0
4000,P2_LARGEST,4b4ea9a9-beb3-4a24-841b-5948b63b92ff,39652,19320,9,4044,15276,0
4000,P2_LARGEST,4b4ea9a9-beb3-4a24-841b-5948b63b92ff,40218,16685,1,1405,15280,0
4000,P2_LARGEST,4b4ea9a9-beb3-4a24-841b-5948b63b92ff,41477,16792,2,1572,15220,0
4000,P2_LARGEST,4b4ea9a9-beb3-4a24-841b-5948b63b92ff,41789,16787,4,1511,15276,0
4000,P2_LARGEST,4b4ea9a9-beb3-4a24-841b-5948b63b92ff,42125,15642,0,0,15642,0
4000,P2_LARGEST,4b4ea9a9-beb3-4a24-841b-5948b63b92ff,42327,18065,4,2745,15320,0
4000,P2_LARGEST,4b4ea9a9-beb3-4a24-841b-5948b63b92ff,43203,16316,0,0,16316,0
4000,P2_LARGEST,4b4ea9a9-beb3-4a24-841b-5948b63b92ff,43486,17479,3,2363,15116,0
4000,P2_LARGEST,4b4ea9a9-beb3-4a24-841b-5948b63b92ff,43803,17062,3,1910,15152,0
4000,P2_LARGEST,4b4ea9a9-beb3-4a24-841b-5948b63b92ff,44366,15764,0,0,15764,0
4000,P2_LARGEST,4b4ea9a9-beb3-4a24-841b-5948b63b92ff,47815,18336,5,2989,15347,0
4000,P2_LARGEST,4b4ea9a9-beb3-4a24-841b-5948b63b92ff,47952,19766,2,4665,15101,0
4000,P2_LARGEST,4b4ea9a9-beb3-4a24-841b-5948b63b92ff,50497,16910,4,1562,15348,0
4000,P2_LARGEST,4b4ea9a9-beb3-4a24-841b-5948b63b92ff,50958,19956,4,4656,15300,0
4000,P2_LARGEST,4b4ea9a9-beb3-4a24-841b-5948b63b92ff,51078,15770,0,0,15770,0
4000,P2_LARGEST,4b4ea9a9-beb3-4a24-841b-5948b63b92ff,51952,16935,2,1792,15143,0
4000,P2_LARGEST,4b4ea9a9-beb3-4a24-841b-5948b63b92ff,52141,16014,0,0,16014,0
4000,P2_LARGEST,4b4ea9a9-beb3-4a24-841b-5948b63b92ff,52410,16351,0,0,16351,0
4000,P2_LARGEST,4b4ea9a9-beb3-4a24-841b-5948b63b92ff,53117,18410,10,3124,15286,0
4000,P2_LARGEST,4b4ea9a9-beb3-4a24-841b-5948b63b92ff,53409,16237,0,0,16237,0
4000,P2_LARGEST,4b4ea9a9-beb3-4a24-841b-5948b63b92ff,54181,16689,1,1669,15020,0
4000,P2_LARGEST,4b4ea9a9-beb3-4a24-841b-5948b63b92ff,54470,16034,0,0,16034,0
4000,P2_LARGEST,4b4ea9a9-beb3-4a24-841b-5948b63b92ff,54753,16315,0,0,16315,0
4000,P2_LARGEST,4b4ea9a9-beb3-4a24-841b-5948b63b92ff,55192,16598,2,1422,15176,0
4000,P2_LARGEST,4b4ea9a9-beb3-4a24-841b-5948b63b92ff,55502,15635,0,0,15635,0
4000,P2_LARGEST,4b4ea9a9-beb3-4a24-841b-5948b63b92ff,55760,15943,0,0,15943,0
4000,P2_LARGEST,4b4ea9a9-beb3-4a24-841b-5948b63b92ff,55959,16213,0,0,16213,0
4000,P2_LARGEST,4b4ea9a9-beb3-4a24-841b-5948b63b92ff,56346,16793,5,1470,15323,0
4000,P2_LARGEST,4b4ea9a9-beb3-4a24-841b-5948b63b92ff,56802,16784,9,1498,15286,0
4000,P2_LARGEST,4b4ea9a9-beb3-4a24-841b-5948b63b92ff,57989,17970,8,2613,15357,0
4000,P2_LARGEST,4b4ea9a9-beb3-4a24-841b-5948b63b92ff,58624,17203,2,1845,15358,0
4000,P2_LARGEST,4b4ea9a9-beb3-4a24-841b-5948b63b92ff,58937,16026,0,0,16026,0
4000,P2_LARGEST,4b4ea9a9-beb3-4a24-841b-5948b63b92ff,59688,16440,1,1155,15285,0
4000,P2_LARGEST,4b4ea9a9-beb3-4a24-841b-5948b63b92ff,60532,16229,0,0,16229,0
4000,P2_LARGEST,4b4ea9a9-beb3-4a24-841b-5948b63b92ff,60660,17064,3,1966,15098,0
4000,P2_LARGEST,4b4ea9a9-beb3-4a24-841b-5948b63b92ff,60870,15398,0,0,15398,0
4000,P2_LARGEST,4b4ea9a9-beb3-4a24-841b-5948b63b92ff,61101,15655,0,0,15655,0
4000,P2_LARGEST,4b4ea9a9-beb3-4a24-841b-5948b63b92ff,61173,16062,0,0,16062,0
4000,P2_LARGEST,4b4ea9a9-beb3-4a24-841b-5948b63b92ff,61306,17394,7,2146,15248,0
4000,P2_LARGEST,4b4ea9a9-beb3-4a24-841b-5948b63b92ff,61561,16887,5,1513,15374,0
4000,P2_LARGEST,4b4ea9a9-beb3-4a24-841b-5948b63b92ff,61825,16519,1,1405,15114,0
4000,P2_LARGEST,4b4ea9a9-beb3-4a24-841b-5948b63b92ff,62427,15641,0,0,15641,0
4000,P2_LARGEST,4b4ea9a9-beb3-4a24-841b-5948b63b92ff,63976,17057,7,1712,15345,0
4000,P2_LARGEST,4b4ea9a9-beb3-4a24-841b-5948b63b92ff,64668,18798,8,3437,15361,0
4000,P2_LARGEST,4b4ea9a9-beb3-4a24-841b-5948b63b92ff,65063,16290,0,0,16290,0
4000,P2_LARGEST,4b4ea9a9-beb3-4a24-841b-5948b63b92ff,65265,16787,2,1827,14960,0
4000,P2_LARGEST,4b4ea9a9-beb3-4a24-841b-5948b63b92ff,65524,15160,0,0,15160,0
4000,P2_LARGEST,4b4ea9a9-beb3-4a24-841b-5948b63b92ff,67486,16248,0,0,16248,0
4000,P2_LARGEST,4b4ea9a9-beb3-4a24-841b-5948b63b92ff,68959,18879,59,2849,16030,0
4000,P2_LARGEST,4b4ea9a9-beb3-4a24-841b-5948b63b92ff,71743,18818,3,3403,15415,0
8000,P2_LARGEST,4b4ea9a9-beb3-4a24-841b-5948b63b92ff,622,7217,0,0,7217,0
8000,P2_LARGEST,4b4ea9a9-beb3-4a24-841b-5948b63b92ff,697,8206,0,0,8206,0
8000,P2_LARGEST,4b4ea9a9-beb3-4a24-841b-5948b63b92ff,1432,9920,0,0,9920,0
8000,P2_LARGEST,4b4ea9a9-beb3-4a24-841b-5948b63b92ff,1878,11108,0,0,11108,0
8000,P2_LARGEST,4b4ea9a9-beb3-4a24-841b-5948b63b92ff,2465,13630,0,0,13630,0
8000,P2_LARGEST,4b4ea9a9-beb3-4a24-841b-5948b63b92ff,3115,15721,0,0,15721,0
8000,P2_LARGEST,4b4ea9a9-beb3-4a24-841b-5948b63b92ff,3325,17498,2,3459,14039,0
8000,P2_LARGEST,4b4ea9a9-beb3-4a24-841b-5948b63b92ff,3579,14355,0,0,14355,0
8000,P2_LARGEST,4b4ea9a9-beb3-4a24-841b-5948b63b92ff,3779,15713,0,0,15713,0
8000,P2_LARGEST,4b4ea9a9-beb3-4a24-841b-5948b63b92ff,4325,17623,2,2608,15015,0
8000,P2_LARGEST,4b4ea9a9-beb3-4a24-841b-5948b63b92ff,4757,18570,3,3467,15103,0
8000,P2_LARGEST,4b4ea9a9-beb3-4a24-841b-5948b63b92ff,5148,15834,0,0,15834,0
8000,P2_LARGEST,4b4ea9a9-beb3-4a24-841b-5948b63b92ff,5411,16226,0,0,16226,0
8000,P2_LARGEST,4b4ea9a9-beb3-4a24-841b-5948b63b92ff,5715,16528,1,1873,14655,0
8000,P2_LARGEST,4b4ea9a9-beb3-4a24-841b-5948b63b92ff,5960,15839,0,0,15839,0
8000,P2_LARGEST,4b4ea9a9-beb3-4a24-841b-5948b63b92ff,6331,18159,5,3033,15126,0
8000,P2_LARGEST,4b4ea9a9-beb3-4a24-841b-5948b63b92ff,7148,16262,0,0,16262,0
8000,P2_LARGEST,4b4ea9a9-beb3-4a24-841b-5948b63b92ff,7615,18710,3,3719,14991,0
8000,P2_LARGEST,4b4ea9a9-beb3-4a24-841b-5948b63b92ff,8217,15900,0,0,15900,0
8000,P2_LARGEST,4b4ea9a9-beb3-4a24-841b-5948b63b92ff,8586,16674,2,1694,14980,0
8000,P2_LARGEST,4b4ea9a9-beb3-4a24-841b-5948b63b92ff,8675,15448,0,0,15448,0
8000,P2_LARGEST,4b4ea9a9-beb3-4a24-841b-5948b63b92ff,8752,18065,6,2684,15381,0
8000,P2_LARGEST,4b4ea9a9-beb3-4a24-841b-5948b63b92ff,8914,16991,5,1723,15268,0
8000,P2_LARGEST,4b4ea9a9-beb3-4a24-841b-5948b63b92ff,9049,19107,2,4031,15076,0
8000,P2_LARGEST,4b4ea9a9-beb3-4a24-841b-5948b63b92ff,9950,15435,0,0,15435,0
8000,P2_LARGEST,4b4ea9a9-beb3-4a24-841b-5948b63b92ff,10101,16330,0,0,16330,0
8000,P2_LARGEST,4b4ea9a9-beb3-4a24-841b-5948b63b92ff,10379,16776,1,2110,14666,0
8000,P2_LARGEST,4b4ea9a9-beb3-4a24-841b-5948b63b92ff,10763,16548,1,1183,15365,0
8000,P2_LARGEST,4b4ea9a9-beb3-4a24-841b-5948b63b92ff,11096,15754,0,0,15754,0
8000,P2_LARGEST,4b4ea9a9-beb3-4a24-841b-5948b63b92ff,11375,16203,0,0,16203,0
8000,P2_LARGEST,4b4ea9a9-beb3-4a24-841b-5948b63b92ff,11709,16749,1,1588,15161,0
8000,P2_LARGEST,4b4ea9a9-beb3-4a24-841b-5948b63b92ff,11955,15705,0,0,15705,0
8000,P2_LARGEST,4b4ea9a9-beb3-4a24-841b-5948b63b92ff,12102,16241,0,0,16241,0
8000,P2_LARGEST,4b4ea9a9-beb3-4a24-841b-5948b63b92ff,12521,16407,2,1228,15179,0
8000,P2_LARGEST,4b4ea9a9-beb3-4a24-841b-5948b63b92ff,12811,15599,0,0,15599,0
8000,P2_LARGEST,4b4ea9a9-beb3-4a24-841b-5948b63b92ff,13388,17714,8,2590,15124,0
8000,P2_LARGEST,4b4ea9a9-beb3-4a24-841b-5948b63b92ff,13942,16993,3,1890,15103,0
8000,P2_LARGEST,4b4ea9a9-beb3-4a24-841b-5948b63b92ff,14193,15652,0,0,15652,0
8000,P2_LARGEST,4b4ea9a9-beb3-4a24-841b-5948b63b92ff,14740,16238,0,0,16238,0
8000,P2_LARGEST,4b4ea9a9-beb3-4a24-841b-5948b63b92ff,16007,17259,3,2265,14994,0
8000,P2_LARGEST,4b4ea9a9-beb3-4a24-841b-5948b63b92ff,16509,16582,4,1399,15183,0
8000,P2_LARGEST,4b4ea9a9-beb3-4a24-841b-5948b63b92ff,17064,16303,0,0,16303,0
8000,P2_LARGEST,4b4ea9a9-beb3-4a24-841b-5948b63b92ff,17286,18643,5,3309,15334,0
8000,P2_LARGEST,4b4ea9a9-beb3-4a24-841b-5948b63b92ff,17995,16483,1,1351,15132,0
8000,P2_LARGEST,4b4ea9a9-beb3-4a24-841b-5948b63b92ff,18221,16173,0,0,16173,0
8000,P2_LARGEST,4b4ea9a9-beb3-4a24-841b-5948b63b92ff,18335,16570,2,1603,14967,0
8000,P2_LARGEST,4b4ea9a9-beb3-4a24-841b-5948b63b92ff,18569,15143,0,0,15143,0
8000,P2_LARGEST,4b4ea9a9-beb3-4a24-841b-5948b63b92ff,18755,15717,0,0,15717,0
8000,P2_LARGEST,4b4ea9a9-beb3-4a24-841b-5948b63b92ff,19577,15955,0,0,15955,0
8000,P2_LARGEST,4b4ea9a9-beb3-4a24-841b-5948b63b92ff,20278,17308,7,2063,15245,0
8000,P2_LARGEST,4b4ea9a9-beb3-4a24-841b-5948b63b92ff,20628,18279,7,2928,15351,0
8000,P2_LARGEST,4b4ea9a9-beb3-4a24-841b-5948b63b92ff,20767,15916,0,0,15916,0
8000,P2_LARGEST,4b4ea9a9-beb3-4a24-841b-5948b63b92ff,20915,16277,0,0,16277,0
8000,P2_LARGEST,4b4ea9a9-beb3-4a24-841b-5948b63b92ff,21214,17712,4,2598,15114,0
8000,P2_LARGEST,4b4ea9a9-beb3-4a24-841b-5948b63b92ff,21417,15411,0,0,15411,0
8000,P2_LARGEST,4b4ea9a9-beb3-4a24-841b-5948b63b92ff,21743,15840,0,0,15840,0
8000,P2_LARGEST,4b4ea9a9-beb3-4a24-841b-5948b63b92ff,22850,16497,1,1273,15224,0
8000,P2_LARGEST,4b4ea9a9-beb3-4a24-841b-5948b63b92ff,23912,16353,0,0,16353,0
8000,P2_LARGEST,4b4ea9a9-beb3-4a24-841b-5948b63b92ff,24076,17444,5,2182,15262,0
8000,P2_LARGEST,4b4ea9a9-beb3-4a24-841b-5948b63b92ff,24402,15505,0,0,15505,0
8000,P2_LARGEST,4b4ea9a9-beb3-4a24-841b-5948b63b92ff,25419,15965,0,0,15965,0
8000,P2_LARGEST,4b4ea9a9-beb3-4a24-841b-5948b63b92ff,26855,18824,9,3591,15233,0
8000,P2_LARGEST,4b4ea9a9-beb3-4a24-841b-5948b63b92ff,27859,17262,4,1984,15278,0
8000,P2_LARGEST,4b4ea9a9-beb3-4a24-841b-5948b63b92ff,28344,16386,1,1403,14983,0
8000,P2_LARGEST,4b4ea9a9-beb3-4a24-841b-5948b63b92ff,28713,15695,0,0,15695,0
8000,P2_LARGEST,4b4ea9a9-beb3-4a24-841b-5948b63b92ff,28935,16119,0,0,16119,0
8000,P2_LARGEST,4b4ea9a9-beb3-4a24-841b-5948b63b92ff,30249,16692,2,1472,15220,0
8000,P2_LARGEST,4b4ea9a9-beb3-4a24-841b-5948b63b92ff,31459,17431,9,2118,15313,0
8000,P2_LARGEST,4b4ea9a9-beb3-4a24-841b-5948b63b92ff,31748,17157,3,1786,15371,0
8000,P2_LARGEST,4b4ea9a9-beb3-4a24-841b-5948b63b92ff,32782,16048,0,0,16048,0
8000,P2_LARGEST,4b4ea9a9-beb3-4a24-841b-5948b63b92ff,33603,17480,3,2690,14790,0
8000,P2_LARGEST,4b4ea9a9-beb3-4a24-841b-5948b63b92ff,34909,17809,4,2565,15244,0
8000,P2_LARGEST,4b4ea9a9-beb3-4a24-841b-5948b63b92ff,36122,16949,2,1811,15138,0
8000,P2_LARGEST,4b4ea9a9-beb3-4a24-841b-5948b63b92ff,36538,17436,4,2167,15269,0
8000,P2_LARGEST,4b4ea9a9-beb3-4a24-841b-5948b63b92ff,36797,16101,0,0,16101,0
8000,P2_LARGEST,4b4ea9a9-beb3-4a24-841b-5948b63b92ff,37111,16544,1,1184,15360,0
8000,P2_LARGEST,4b4ea9a9-beb3-4a24-841b-5948b63b92ff,37303,15782,0,0,15782,0
8000,P2_LARGEST,4b4ea9a9-beb3-4a24-841b-5948b63b92ff,38847,17339,4,2152,15187,0
8000,P2_LARGEST,4b4ea9a9-beb3-4a24-841b-5948b63b92ff,39652,19320,9,4044,15276,0
8000,P2_LARGEST,4b4ea9a9-beb3-4a24-841b-5948b63b92ff,40218,16685,1,1405,15280,0
8000,P2_LARGEST,4b4ea9a9-beb3-4a24-841b-5948b63b92ff,41477,16792,2,1572,15220,0
8000,P2_LARGEST,4b4ea9a9-beb3-4a24-841b-5948b63b92ff,41789,16787,4,1511,15276,0
8000,P2_LARGEST,4b4ea9a9-beb3-4a24-841b-5948b63b92ff,42125,15642,0,0,15642,0
8000,P2_LARGEST,4b4ea9a9-beb3-4a24-841b-5948b63b92ff,42327,18065,4,2745,15320,0
8000,P2_LARGEST,4b4ea9a9-beb3-4a24-841b-5948b63b92ff,43203,16316,0,0,16316,0
8000,P2_LARGEST,4b4ea9a9-beb3-4a24-841b-5948b63b92ff,43486,17479,3,2363,15116,0
8000,P2_LARGEST,4b4ea9a9-beb3-4a24-841b-5948b63b92ff,43803,17062,3,1910,15152,0
8000,P2_LARGEST,4b4ea9a9-beb3-4a24-841b-5948b63b92ff,44366,15764,0,0,15764,0
8000,P2_LARGEST,4b4ea9a9-beb3-4a24-841b-5948b63b92ff,47815,18336,5,2989,15347,0
8000,P2_LARGEST,4b4ea9a9-beb3-4a24-841b-5948b63b92ff,47952,19766,2,4665,15101,0
8000,P2_LARGEST,4b4ea9a9-beb3-4a24-841b-5948b63b92ff,50497,16910,4,1562,15348,0
8000,P2_LARGEST,4b4ea9a9-beb3-4a24-841b-5948b63b92ff,50958,19956,4,4656,15300,0
8000,P2_LARGEST,4b4ea9a9-beb3-4a24-841b-5948b63b92ff,51078,15770,0,0,15770,0
8000,P2_LARGEST,4b4ea9a9-beb3-4a24-841b-5948b63b92ff,51952,16935,2,1792,15143,0
8000,P2_LARGEST,4b4ea9a9-beb3-4a24-841b-5948b63b92ff,52141,16014,0,0,16014,0
8000,P2_LARGEST,4b4ea9a9-beb3-4a24-841b-5948b63b92ff,52410,16351,0,0,16351,0
8000,P2_LARGEST,4b4ea9a9-beb3-4a24-841b-5948b63b92ff,53117,18410,10,3124,15286,0
8000,P2_LARGEST,4b4ea9a9-beb3-4a24-841b-5948b63b92ff,53409,16237,0,0,16237,0
8000,P2_LARGEST,4b4ea9a9-beb3-4a24-841b-5948b63b92ff,54181,16689,1,1669,15020,0
8000,P2_LARGEST,4b4ea9a9-beb3-4a24-841b-5948b63b92ff,54470,16034,0,0,16034,0
8000,P2_LARGEST,4b4ea9a9-beb3-4a24-841b-5948b63b92ff,54753,16315,0,0,16315,0
8000,P2_LARGEST,4b4ea9a9-beb3-4a24-841b-5948b63b92ff,55192,16598,2,1422,15176,0
8000,P2_LARGEST,4b4ea9a9-beb3-4a24-841b-5948b63b92ff,55502,15635,0,0,15635,0
8000,P2_LARGEST,4b4ea9a9-beb3-4a24-841b-5948b63b92ff,55760,15943,0,0,15943,0
8000,P2_LARGEST,4b4ea9a9-beb3-4a24-841b-5948b63b92ff,55959,16213,0,0,16213,0
8000,P2_LARGEST,4b4ea9a9-beb3-4a24-841b-5948b63b92ff,56346,16793,5,1470,15323,0
8000,P2_LARGEST,4b4ea9a9-beb3-4a24-841b-5948b63b92ff,56802,16784,9,1498,15286,0
8000,P2_LARGEST,4b4ea9a9-beb3-4a24-841b-5948b63b92ff,57989,17970,8,2613,15357,0
8000,P2_LARGEST,4b4ea9a9-beb3-4a24-841b-5948b63b92ff,58624,17203,2,1845,15358,0
8000,P2_LARGEST,4b4ea9a9-beb3-4a24-841b-5948b63b92ff,58937,16026,0,0,16026,0
8000,P2_LARGEST,4b4ea9a9-beb3-4a24-841b-5948b63b92ff,59688,16440,1,1155,15285,0
8000,P2_LARGEST,4b4ea9a9-beb3-4a24-841b-5948b63b92ff,60532,16229,0,0,16229,0
8000,P2_LARGEST,4b4ea9a9-beb3-4a24-841b-5948b63b92ff,60660,17064,3,1966,15098,0
8000,P2_LARGEST,4b4ea9a9-beb3-4a24-841b-5948b63b92ff,60870,15398,0,0,15398,0
8000,P2_LARGEST,4b4ea9a9-beb3-4a24-841b-5948b63b92ff,61101,15655,0,0,15655,0
8000,P2_LARGEST,4b4ea9a9-beb3-4a24-841b-5948b63b92ff,61173,16062,0,0,16062,0
8000,P2_LARGEST,4b4ea9a9-beb3-4a24-841b-5948b63b92ff,61306,17394,7,2146,15248,0
8000,P2_LARGEST,4b4ea9a9-beb3-4a24-841b-5948b63b92ff,61561,16887,5,1513,15374,0
8000,P2_LARGEST,4b4ea9a9-beb3-4a24-841b-5948b63b92ff,61825,16519,1,1405,15114,0
8000,P2_LARGEST,4b4ea9a9-beb3-4a24-841b-5948b63b92ff,62427,15641,0,0,15641,0
8000,P2_LARGEST,4b4ea9a9-beb3-4a24-841b-5948b63b92ff,63976,17057,7,1712,15345,0
8000,P2_LARGEST,4b4ea9a9-beb3-4a24-841b-5948b63b92ff,64668,18798,8,3437,15361,0
8000,P2_LARGEST,4b4ea9a9-beb3-4a24-841b-5948b63b92ff,65063,16290,0,0,16290,0
8000,P2_LARGEST,4b4ea9a9-beb3-4a24-841b-5948b63b92ff,65265,16787,2,1827,14960,0
8000,P2_LARGEST,4b4ea9a9-beb3-4a24-841b-5948b63b92ff,65524,15160,0,0,15160,0
8000,P2_LARGEST,4b4ea9a9-beb3-4a24-841b-5948b63b92ff,67486,16248,0,0,16248,0
8000,P2_LARGEST,4b4ea9a9-beb3-4a24-841b-5948b63b92ff,68959,18879,59,2849,16030,0
8000,P2_LARGEST,4b4ea9a9-beb3-4a24-841b-5948b63b92ff,71743,18818,3,3403,15415,0
none,P2_LARGEST,4b4ea9a9-beb3-4a24-841b-5948b63b92ff,622,7217,0,0,7217,0
none,P2_LARGEST,4b4ea9a9-beb3-4a24-841b-5948b63b92ff,697,8206,0,0,8206,0
none,P2_LARGEST,4b4ea9a9-beb3-4a24-841b-5948b63b92ff,1432,9920,0,0,9920,0
none,P2_LARGEST,4b4ea9a9-beb3-4a24-841b-5948b63b92ff,1878,11108,0,0,11108,0
none,P2_LARGEST,4b4ea9a9-beb3-4a24-841b-5948b63b92ff,2465,13630,0,0,13630,0
none,P2_LARGEST,4b4ea9a9-beb3-4a24-841b-5948b63b92ff,3115,15721,0,0,15721,0
none,P2_LARGEST,4b4ea9a9-beb3-4a24-841b-5948b63b92ff,3325,17498,2,3459,14039,0
none,P2_LARGEST,4b4ea9a9-beb3-4a24-841b-5948b63b92ff,3579,14355,0,0,14355,0
none,P2_LARGEST,4b4ea9a9-beb3-4a24-841b-5948b63b92ff,3779,15713,0,0,15713,0
none,P2_LARGEST,4b4ea9a9-beb3-4a24-841b-5948b63b92ff,4325,17623,2,2608,15015,0
none,P2_LARGEST,4b4ea9a9-beb3-4a24-841b-5948b63b92ff,4757,18570,3,3467,15103,0
none,P2_LARGEST,4b4ea9a9-beb3-4a24-841b-5948b63b92ff,5148,15834,0,0,15834,0
none,P2_LARGEST,4b4ea9a9-beb3-4a24-841b-5948b63b92ff,5411,16226,0,0,16226,0
none,P2_LARGEST,4b4ea9a9-beb3-4a24-841b-5948b63b92ff,5715,16528,1,1873,14655,0
none,P2_LARGEST,4b4ea9a9-beb3-4a24-841b-5948b63b92ff,5960,15839,0,0,15839,0
none,P2_LARGEST,4b4ea9a9-beb3-4a24-841b-5948b63b92ff,6331,18159,5,3033,15126,0
none,P2_LARGEST,4b4ea9a9-beb3-4a24-841b-5948b63b92ff,7148,16262,0,0,16262,0
none,P2_LARGEST,4b4ea9a9-beb3-4a24-841b-5948b63b92ff,7615,18710,3,3719,14991,0
none,P2_LARGEST,4b4ea9a9-beb3-4a24-841b-5948b63b92ff,8217,15900,0,0,15900,0
none,P2_LARGEST,4b4ea9a9-beb3-4a24-841b-5948b63b92ff,8586,16674,2,1694,14980,0
none,P2_LARGEST,4b4ea9a9-beb3-4a24-841b-5948b63b92ff,8675,15448,0,0,15448,0
none,P2_LARGEST,4b4ea9a9-beb3-4a24-841b-5948b63b92ff,8752,18065,6,2684,15381,0
none,P2_LARGEST,4b4ea9a9-beb3-4a24-841b-5948b63b92ff,8914,16991,5,1723,15268,0
none,P2_LARGEST,4b4ea9a9-beb3-4a24-841b-5948b63b92ff,9049,19107,2,4031,15076,0
none,P2_LARGEST,4b4ea9a9-beb3-4a24-841b-5948b63b92ff,9950,15435,0,0,15435,0
none,P2_LARGEST,4b4ea9a9-beb3-4a24-841b-5948b63b92ff,10101,16330,0,0,16330,0
none,P2_LARGEST,4b4ea9a9-beb3-4a24-841b-5948b63b92ff,10379,16776,1,2110,14666,0
none,P2_LARGEST,4b4ea9a9-beb3-4a24-841b-5948b63b92ff,10763,16548,1,1183,15365,0
none,P2_LARGEST,4b4ea9a9-beb3-4a24-841b-5948b63b92ff,11096,15754,0,0,15754,0
none,P2_LARGEST,4b4ea9a9-beb3-4a24-841b-5948b63b92ff,11375,16203,0,0,16203,0
none,P2_LARGEST,4b4ea9a9-beb3-4a24-841b-5948b63b92ff,11709,16749,1,1588,15161,0
none,P2_LARGEST,4b4ea9a9-beb3-4a24-841b-5948b63b92ff,11955,15705,0,0,15705,0
none,P2_LARGEST,4b4ea9a9-beb3-4a24-841b-5948b63b92ff,12102,16241,0,0,16241,0
none,P2_LARGEST,4b4ea9a9-beb3-4a24-841b-5948b63b92ff,12521,16407,2,1228,15179,0
none,P2_LARGEST,4b4ea9a9-beb3-4a24-841b-5948b63b92ff,12811,15599,0,0,15599,0
none,P2_LARGEST,4b4ea9a9-beb3-4a24-841b-5948b63b92ff,13388,17714,8,2590,15124,0
none,P2_LARGEST,4b4ea9a9-beb3-4a24-841b-5948b63b92ff,13942,16993,3,1890,15103,0
none,P2_LARGEST,4b4ea9a9-beb3-4a24-841b-5948b63b92ff,14193,15652,0,0,15652,0
none,P2_LARGEST,4b4ea9a9-beb3-4a24-841b-5948b63b92ff,14740,16238,0,0,16238,0
none,P2_LARGEST,4b4ea9a9-beb3-4a24-841b-5948b63b92ff,16007,17259,3,2265,14994,0
none,P2_LARGEST,4b4ea9a9-beb3-4a24-841b-5948b63b92ff,16509,16582,4,1399,15183,0
none,P2_LARGEST,4b4ea9a9-beb3-4a24-841b-5948b63b92ff,17064,16303,0,0,16303,0
none,P2_LARGEST,4b4ea9a9-beb3-4a24-841b-5948b63b92ff,17286,18643,5,3309,15334,0
none,P2_LARGEST,4b4ea9a9-beb3-4a24-841b-5948b63b92ff,17995,16483,1,1351,15132,0
none,P2_LARGEST,4b4ea9a9-beb3-4a24-841b-5948b63b92ff,18221,16173,0,0,16173,0
none,P2_LARGEST,4b4ea9a9-beb3-4a24-841b-5948b63b92ff,18335,16570,2,1603,14967,0
none,P2_LARGEST,4b4ea9a9-beb3-4a24-841b-5948b63b92ff,18569,15143,0,0,15143,0
none,P2_LARGEST,4b4ea9a9-beb3-4a24-841b-5948b63b92ff,18755,15717,0,0,15717,0
none,P2_LARGEST,4b4ea9a9-beb3-4a24-841b-5948b63b92ff,19577,15955,0,0,15955,0
none,P2_LARGEST,4b4ea9a9-beb3-4a24-841b-5948b63b92ff,20278,17308,7,2063,15245,0
none,P2_LARGEST,4b4ea9a9-beb3-4a24-841b-5948b63b92ff,20628,18279,7,2928,15351,0
none,P2_LARGEST,4b4ea9a9-beb3-4a24-841b-5948b63b92ff,20767,15916,0,0,15916,0
none,P2_LARGEST,4b4ea9a9-beb3-4a24-841b-5948b63b92ff,20915,16277,0,0,16277,0
none,P2_LARGEST,4b4ea9a9-beb3-4a24-841b-5948b63b92ff,21214,17712,4,2598,15114,0
none,P2_LARGEST,4b4ea9a9-beb3-4a24-841b-5948b63b92ff,21417,15411,0,0,15411,0
none,P2_LARGEST,4b4ea9a9-beb3-4a24-841b-5948b63b92ff,21743,15840,0,0,15840,0
none,P2_LARGEST,4b4ea9a9-beb3-4a24-841b-5948b63b92ff,22850,16497,1,1273,15224,0
none,P2_LARGEST,4b4ea9a9-beb3-4a24-841b-5948b63b92ff,23912,16353,0,0,16353,0
none,P2_LARGEST,4b4ea9a9-beb3-4a24-841b-5948b63b92ff,24076,17444,5,2182,15262,0
none,P2_LARGEST,4b4ea9a9-beb3-4a24-841b-5948b63b92ff,24402,15505,0,0,15505,0
none,P2_LARGEST,4b4ea9a9-beb3-4a24-841b-5948b63b92ff,25419,15965,0,0,15965,0
none,P2_LARGEST,4b4ea9a9-beb3-4a24-841b-5948b63b92ff,26855,18824,9,3591,15233,0
none,P2_LARGEST,4b4ea9a9-beb3-4a24-841b-5948b63b92ff,27859,17262,4,1984,15278,0
none,P2_LARGEST,4b4ea9a9-beb3-4a24-841b-5948b63b92ff,28344,16386,1,1403,14983,0
none,P2_LARGEST,4b4ea9a9-beb3-4a24-841b-5948b63b92ff,28713,15695,0,0,15695,0
none,P2_LARGEST,4b4ea9a9-beb3-4a24-841b-5948b63b92ff,28935,16119,0,0,16119,0
none,P2_LARGEST,4b4ea9a9-beb3-4a24-841b-5948b63b92ff,30249,16692,2,1472,15220,0
none,P2_LARGEST,4b4ea9a9-beb3-4a24-841b-5948b63b92ff,31459,17431,9,2118,15313,0
none,P2_LARGEST,4b4ea9a9-beb3-4a24-841b-5948b63b92ff,31748,17157,3,1786,15371,0
none,P2_LARGEST,4b4ea9a9-beb3-4a24-841b-5948b63b92ff,32782,16048,0,0,16048,0
none,P2_LARGEST,4b4ea9a9-beb3-4a24-841b-5948b63b92ff,33603,17480,3,2690,14790,0
none,P2_LARGEST,4b4ea9a9-beb3-4a24-841b-5948b63b92ff,34909,17809,4,2565,15244,0
none,P2_LARGEST,4b4ea9a9-beb3-4a24-841b-5948b63b92ff,36122,16949,2,1811,15138,0
none,P2_LARGEST,4b4ea9a9-beb3-4a24-841b-5948b63b92ff,36538,17436,4,2167,15269,0
none,P2_LARGEST,4b4ea9a9-beb3-4a24-841b-5948b63b92ff,36797,16101,0,0,16101,0
none,P2_LARGEST,4b4ea9a9-beb3-4a24-841b-5948b63b92ff,37111,16544,1,1184,15360,0
none,P2_LARGEST,4b4ea9a9-beb3-4a24-841b-5948b63b92ff,37303,15782,0,0,15782,0
none,P2_LARGEST,4b4ea9a9-beb3-4a24-841b-5948b63b92ff,38847,17339,4,2152,15187,0
none,P2_LARGEST,4b4ea9a9-beb3-4a24-841b-5948b63b92ff,39652,19320,9,4044,15276,0
none,P2_LARGEST,4b4ea9a9-beb3-4a24-841b-5948b63b92ff,40218,16685,1,1405,15280,0
none,P2_LARGEST,4b4ea9a9-beb3-4a24-841b-5948b63b92ff,41477,16792,2,1572,15220,0
none,P2_LARGEST,4b4ea9a9-beb3-4a24-841b-5948b63b92ff,41789,16787,4,1511,15276,0
none,P2_LARGEST,4b4ea9a9-beb3-4a24-841b-5948b63b92ff,42125,15642,0,0,15642,0
none,P2_LARGEST,4b4ea9a9-beb3-4a24-841b-5948b63b92ff,42327,18065,4,2745,15320,0
none,P2_LARGEST,4b4ea9a9-beb3-4a24-841b-5948b63b92ff,43203,16316,0,0,16316,0
none,P2_LARGEST,4b4ea9a9-beb3-4a24-841b-5948b63b92ff,43486,17479,3,2363,15116,0
none,P2_LARGEST,4b4ea9a9-beb3-4a24-841b-5948b63b92ff,43803,17062,3,1910,15152,0
none,P2_LARGEST,4b4ea9a9-beb3-4a24-841b-5948b63b92ff,44366,15764,0,0,15764,0
none,P2_LARGEST,4b4ea9a9-beb3-4a24-841b-5948b63b92ff,47815,18336,5,2989,15347,0
none,P2_LARGEST,4b4ea9a9-beb3-4a24-841b-5948b63b92ff,47952,19766,2,4665,15101,0
none,P2_LARGEST,4b4ea9a9-beb3-4a24-841b-5948b63b92ff,50497,16910,4,1562,15348,0
none,P2_LARGEST,4b4ea9a9-beb3-4a24-841b-5948b63b92ff,50958,19956,4,4656,15300,0
none,P2_LARGEST,4b4ea9a9-beb3-4a24-841b-5948b63b92ff,51078,15770,0,0,15770,0
none,P2_LARGEST,4b4ea9a9-beb3-4a24-841b-5948b63b92ff,51952,16935,2,1792,15143,0
none,P2_LARGEST,4b4ea9a9-beb3-4a24-841b-5948b63b92ff,52141,16014,0,0,16014,0
none,P2_LARGEST,4b4ea9a9-beb3-4a24-841b-5948b63b92ff,52410,16351,0,0,16351,0
none,P2_LARGEST,4b4ea9a9-beb3-4a24-841b-5948b63b92ff,53117,18410,10,3124,15286,0
none,P2_LARGEST,4b4ea9a9-beb3-4a24-841b-5948b63b92ff,53409,16237,0,0,16237,0
none,P2_LARGEST,4b4ea9a9-beb3-4a24-841b-5948b63b92ff,54181,16689,1,1669,15020,0
none,P2_LARGEST,4b4ea9a9-beb3-4a24-841b-5948b63b92ff,54470,16034,0,0,16034,0
none,P2_LARGEST,4b4ea9a9-beb3-4a24-841b-5948b63b92ff,54753,16315,0,0,16315,0
none,P2_LARGEST,4b4ea9a9-beb3-4a24-841b-5948b63b92ff,55192,16598,2,1422,15176,0
none,P2_LARGEST,4b4ea9a9-beb3-4a24-841b-5948b63b92ff,55502,15635,0,0,15635,0
none,P2_LARGEST,4b4ea9a9-beb3-4a24-841b-5948b63b92ff,55760,15943,0,0,15943,0
none,P2_LARGEST,4b4ea9a9-beb3-4a24-841b-5948b63b92ff,55959,16213,0,0,16213,0
none,P2_LARGEST,4b4ea9a9-beb3-4a24-841b-5948b63b92ff,56346,16793,5,1470,15323,0
none,P2_LARGEST,4b4ea9a9-beb3-4a24-841b-5948b63b92ff,56802,16784,9,1498,15286,0
none,P2_LARGEST,4b4ea9a9-beb3-4a24-841b-5948b63b92ff,57989,17970,8,2613,15357,0
none,P2_LARGEST,4b4ea9a9-beb3-4a24-841b-5948b63b92ff,58624,17203,2,1845,15358,0
none,P2_LARGEST,4b4ea9a9-beb3-4a24-841b-5948b63b92ff,58937,16026,0,0,16026,0
none,P2_LARGEST,4b4ea9a9-beb3-4a24-841b-5948b63b92ff,59688,16440,1,1155,15285,0
none,P2_LARGEST,4b4ea9a9-beb3-4a24-841b-5948b63b92ff,60532,16229,0,0,16229,0
none,P2_LARGEST,4b4ea9a9-beb3-4a24-841b-5948b63b92ff,60660,17064,3,1966,15098,0
none,P2_LARGEST,4b4ea9a9-beb3-4a24-841b-5948b63b92ff,60870,15398,0,0,15398,0
none,P2_LARGEST,4b4ea9a9-beb3-4a24-841b-5948b63b92ff,61101,15655,0,0,15655,0
none,P2_LARGEST,4b4ea9a9-beb3-4a24-841b-5948b63b92ff,61173,16062,0,0,16062,0
none,P2_LARGEST,4b4ea9a9-beb3-4a24-841b-5948b63b92ff,61306,17394,7,2146,15248,0
none,P2_LARGEST,4b4ea9a9-beb3-4a24-841b-5948b63b92ff,61561,16887,5,1513,15374,0
none,P2_LARGEST,4b4ea9a9-beb3-4a24-841b-5948b63b92ff,61825,16519,1,1405,15114,0
none,P2_LARGEST,4b4ea9a9-beb3-4a24-841b-5948b63b92ff,62427,15641,0,0,15641,0
none,P2_LARGEST,4b4ea9a9-beb3-4a24-841b-5948b63b92ff,63976,17057,7,1712,15345,0
none,P2_LARGEST,4b4ea9a9-beb3-4a24-841b-5948b63b92ff,64668,18798,8,3437,15361,0
none,P2_LARGEST,4b4ea9a9-beb3-4a24-841b-5948b63b92ff,65063,16290,0,0,16290,0
none,P2_LARGEST,4b4ea9a9-beb3-4a24-841b-5948b63b92ff,65265,16787,2,1827,14960,0
none,P2_LARGEST,4b4ea9a9-beb3-4a24-841b-5948b63b92ff,65524,15160,0,0,15160,0
none,P2_LARGEST,4b4ea9a9-beb3-4a24-841b-5948b63b92ff,67486,16248,0,0,16248,0
none,P2_LARGEST,4b4ea9a9-beb3-4a24-841b-5948b63b92ff,68959,18879,59,2849,16030,0
none,P2_LARGEST,4b4ea9a9-beb3-4a24-841b-5948b63b92ff,71743,18818,3,3403,15415,0
2000,P2_LARGEST,4b94baa5-9f44-4efb-aab9-606648304e0a,160,9397,0,0,9397,0
2000,P2_LARGEST,4b94baa5-9f44-4efb-aab9-606648304e0a,711,10062,0,0,10062,0
2000,P2_LARGEST,4b94baa5-9f44-4efb-aab9-606648304e0a,877,10604,0,0,10604,0
2000,P2_LARGEST,4b94baa5-9f44-4efb-aab9-606648304e0a,1675,10871,0,0,10871,0
2000,P2_LARGEST,4b94baa5-9f44-4efb-aab9-606648304e0a,1963,11770,0,0,11770,0
2000,P2_LARGEST,4b94baa5-9f44-4efb-aab9-606648304e0a,2296,12112,0,0,12112,0
2000,P2_LARGEST,4b94baa5-9f44-4efb-aab9-606648304e0a,10052,13411,0,0,13411,0
2000,P2_LARGEST,4b94baa5-9f44-4efb-aab9-606648304e0a,12345,16972,0,0,16972,0
2000,P2_LARGEST,4b94baa5-9f44-4efb-aab9-606648304e0a,12461,19637,0,0,19637,0
2000,P2_LARGEST,4b94baa5-9f44-4efb-aab9-606648304e0a,12547,19778,0,0,19778,0
2000,P2_LARGEST,4b94baa5-9f44-4efb-aab9-606648304e0a,13125,21457,0,0,21457,0
2000,P2_LARGEST,4b94baa5-9f44-4efb-aab9-606648304e0a,14226,22034,0,0,22034,0
2000,P2_LARGEST,4b94baa5-9f44-4efb-aab9-606648304e0a,21520,23125,0,0,23125,0
4000,P2_LARGEST,4b94baa5-9f44-4efb-aab9-606648304e0a,160,9397,0,0,9397,0
4000,P2_LARGEST,4b94baa5-9f44-4efb-aab9-606648304e0a,711,10062,0,0,10062,0
4000,P2_LARGEST,4b94baa5-9f44-4efb-aab9-606648304e0a,877,10604,0,0,10604,0
4000,P2_LARGEST,4b94baa5-9f44-4efb-aab9-606648304e0a,1675,10871,0,0,10871,0
4000,P2_LARGEST,4b94baa5-9f44-4efb-aab9-606648304e0a,1963,11770,0,0,11770,0
4000,P2_LARGEST,4b94baa5-9f44-4efb-aab9-606648304e0a,2296,12112,0,0,12112,0
4000,P2_LARGEST,4b94baa5-9f44-4efb-aab9-606648304e0a,10052,13411,0,0,13411,0
4000,P2_LARGEST,4b94baa5-9f44-4efb-aab9-606648304e0a,12345,19193,0,0,19193,0
4000,P2_LARGEST,4b94baa5-9f44-4efb-aab9-606648304e0a,12461,21858,0,0,21858,0
4000,P2_LARGEST,4b94baa5-9f44-4efb-aab9-606648304e0a,12547,21999,0,0,21999,0
4000,P2_LARGEST,4b94baa5-9f44-4efb-aab9-606648304e0a,13125,23678,0,0,23678,0
4000,P2_LARGEST,4b94baa5-9f44-4efb-aab9-606648304e0a,14226,24255,0,0,24255,0
4000,P2_LARGEST,4b94baa5-9f44-4efb-aab9-606648304e0a,21520,25346,1,2960,22386,0
8000,P2_LARGEST,4b94baa5-9f44-4efb-aab9-606648304e0a,160,9397,0,0,9397,0
8000,P2_LARGEST,4b94baa5-9f44-4efb-aab9-606648304e0a,711,15961,0,0,15961,0
8000,P2_LARGEST,4b94baa5-9f44-4efb-aab9-606648304e0a,877,16503,0,0,16503,0
8000,P2_LARGEST,4b94baa5-9f44-4efb-aab9-606648304e0a,1675,16770,0,0,16770,0
8000,P2_LARGEST,4b94baa5-9f44-4efb-aab9-606648304e0a,1963,17669,0,0,17669,0
8000,P2_LARGEST,4b94baa5-9f44-4efb-aab9-606648304e0a,2296,18011,0,0,18011,0
8000,P2_LARGEST,4b94baa5-9f44-4efb-aab9-606648304e0a,10052,19310,0,0,19310,0
8000,P2_LARGEST,4b94baa5-9f44-4efb-aab9-606648304e0a,12345,25092,1,6399,18693,0
8000,P2_LARGEST,4b94baa5-9f44-4efb-aab9-606648304e0a,12461,21358,0,0,21358,0
8000,P2_LARGEST,4b94baa5-9f44-4efb-aab9-606648304e0a,12547,21499,0,0,21499,0
8000,P2_LARGEST,4b94baa5-9f44-4efb-aab9-606648304e0a,13125,23178,0,0,23178,0
8000,P2_LARGEST,4b94baa5-9f44-4efb-aab9-606648304e0a,14226,23755,0,0,23755,0
8000,P2_LARGEST,4b94baa5-9f44-4efb-aab9-606648304e0a,21520,24846,1,2960,21886,0
none,P2_LARGEST,4b94baa5-9f44-4efb-aab9-606648304e0a,160,9397,0,0,9397,0
none,P2_LARGEST,4b94baa5-9f44-4efb-aab9-606648304e0a,711,15961,0,0,15961,0
none,P2_LARGEST,4b94baa5-9f44-4efb-aab9-606648304e0a,877,16503,0,0,16503,0
none,P2_LARGEST,4b94baa5-9f44-4efb-aab9-606648304e0a,1675,16770,0,0,16770,0
none,P2_LARGEST,4b94baa5-9f44-4efb-aab9-606648304e0a,1963,17669,0,0,17669,0
none,P2_LARGEST,4b94baa5-9f44-4efb-aab9-606648304e0a,2296,18011,0,0,18011,0
none,P2_LARGEST,4b94baa5-9f44-4efb-aab9-606648304e0a,10052,19310,0,0,19310,0
none,P2_LARGEST,4b94baa5-9f44-4efb-aab9-606648304e0a,12345,25092,1,6399,18693,0
none,P2_LARGEST,4b94baa5-9f44-4efb-aab9-606648304e0a,12461,21358,0,0,21358,0
none,P2_LARGEST,4b94baa5-9f44-4efb-aab9-606648304e0a,12547,21499,0,0,21499,0
none,P2_LARGEST,4b94baa5-9f44-4efb-aab9-606648304e0a,13125,23178,0,0,23178,0
none,P2_LARGEST,4b94baa5-9f44-4efb-aab9-606648304e0a,14226,23755,0,0,23755,0
none,P2_LARGEST,4b94baa5-9f44-4efb-aab9-606648304e0a,21520,24846,1,2960,21886,0
2000,P2_LARGEST,4cfc8105-a7b6-48fd-ac0b-12d5978d5396,25,9355,0,0,9355,0
2000,P2_LARGEST,4cfc8105-a7b6-48fd-ac0b-12d5978d5396,63,9375,0,0,9375,0
2000,P2_LARGEST,4cfc8105-a7b6-48fd-ac0b-12d5978d5396,138,11393,0,0,11393,0
2000,P2_LARGEST,4cfc8105-a7b6-48fd-ac0b-12d5978d5396,197,11480,0,0,11480,0
2000,P2_LARGEST,4cfc8105-a7b6-48fd-ac0b-12d5978d5396,214,11539,0,0,11539,0
2000,P2_LARGEST,4cfc8105-a7b6-48fd-ac0b-12d5978d5396,291,11561,0,0,11561,0
2000,P2_LARGEST,4cfc8105-a7b6-48fd-ac0b-12d5978d5396,553,12389,0,0,12389,0
4000,P2_LARGEST,4cfc8105-a7b6-48fd-ac0b-12d5978d5396,25,9355,0,0,9355,0
4000,P2_LARGEST,4cfc8105-a7b6-48fd-ac0b-12d5978d5396,63,9375,0,0,9375,0
4000,P2_LARGEST,4cfc8105-a7b6-48fd-ac0b-12d5978d5396,138,11393,0,0,11393,0
4000,P2_LARGEST,4cfc8105-a7b6-48fd-ac0b-12d5978d5396,197,11480,0,0,11480,0
4000,P2_LARGEST,4cfc8105-a7b6-48fd-ac0b-12d5978d5396,214,11539,0,0,11539,0
4000,P2_LARGEST,4cfc8105-a7b6-48fd-ac0b-12d5978d5396,291,11561,0,0,11561,0
4000,P2_LARGEST,4cfc8105-a7b6-48fd-ac0b-12d5978d5396,553,12389,0,0,12389,0
8000,P2_LARGEST,4cfc8105-a7b6-48fd-ac0b-12d5978d5396,25,9355,0,0,9355,0
8000,P2_LARGEST,4cfc8105-a7b6-48fd-ac0b-12d5978d5396,63,9375,0,0,9375,0
8000,P2_LARGEST,4cfc8105-a7b6-48fd-ac0b-12d5978d5396,138,11393,0,0,11393,0
8000,P2_LARGEST,4cfc8105-a7b6-48fd-ac0b-12d5978d5396,197,11480,0,0,11480,0
8000,P2_LARGEST,4cfc8105-a7b6-48fd-ac0b-12d5978d5396,214,11539,0,0,11539,0
8000,P2_LARGEST,4cfc8105-a7b6-48fd-ac0b-12d5978d5396,291,11561,0,0,11561,0
8000,P2_LARGEST,4cfc8105-a7b6-48fd-ac0b-12d5978d5396,553,12389,0,0,12389,0
none,P2_LARGEST,4cfc8105-a7b6-48fd-ac0b-12d5978d5396,25,9355,0,0,9355,0
none,P2_LARGEST,4cfc8105-a7b6-48fd-ac0b-12d5978d5396,63,9375,0,0,9375,0
none,P2_LARGEST,4cfc8105-a7b6-48fd-ac0b-12d5978d5396,138,11393,0,0,11393,0
none,P2_LARGEST,4cfc8105-a7b6-48fd-ac0b-12d5978d5396,197,11480,0,0,11480,0
none,P2_LARGEST,4cfc8105-a7b6-48fd-ac0b-12d5978d5396,214,11539,0,0,11539,0
none,P2_LARGEST,4cfc8105-a7b6-48fd-ac0b-12d5978d5396,291,11561,0,0,11561,0
none,P2_LARGEST,4cfc8105-a7b6-48fd-ac0b-12d5978d5396,553,12389,0,0,12389,0
2000,P2_LARGEST,4e94b8e2-9dda-47fa-9517-fa24c310196b,700,5924,0,0,5924,0
2000,P2_LARGEST,4e94b8e2-9dda-47fa-9517-fa24c310196b,940,6611,0,0,6611,0
2000,P2_LARGEST,4e94b8e2-9dda-47fa-9517-fa24c310196b,1649,8065,0,0,8065,0
2000,P2_LARGEST,4e94b8e2-9dda-47fa-9517-fa24c310196b,2454,9605,0,0,9605,0
4000,P2_LARGEST,4e94b8e2-9dda-47fa-9517-fa24c310196b,700,5924,0,0,5924,0
4000,P2_LARGEST,4e94b8e2-9dda-47fa-9517-fa24c310196b,940,6611,0,0,6611,0
4000,P2_LARGEST,4e94b8e2-9dda-47fa-9517-fa24c310196b,1649,8065,0,0,8065,0
4000,P2_LARGEST,4e94b8e2-9dda-47fa-9517-fa24c310196b,2454,9605,0,0,9605,0
8000,P2_LARGEST,4e94b8e2-9dda-47fa-9517-fa24c310196b,700,5924,0,0,5924,0
8000,P2_LARGEST,4e94b8e2-9dda-47fa-9517-fa24c310196b,940,6611,0,0,6611,0
8000,P2_LARGEST,4e94b8e2-9dda-47fa-9517-fa24c310196b,1649,8065,0,0,8065,0
8000,P2_LARGEST,4e94b8e2-9dda-47fa-9517-fa24c310196b,2454,9605,0,0,9605,0
none,P2_LARGEST,4e94b8e2-9dda-47fa-9517-fa24c310196b,700,5924,0,0,5924,0
none,P2_LARGEST,4e94b8e2-9dda-47fa-9517-fa24c310196b,940,6611,0,0,6611,0
none,P2_LARGEST,4e94b8e2-9dda-47fa-9517-fa24c310196b,1649,8065,0,0,8065,0
none,P2_LARGEST,4e94b8e2-9dda-47fa-9517-fa24c310196b,2454,9605,0,0,9605,0
2000,P2_LARGEST,4f208ec8-efa4-40e6-910c-53385978ad3a,388,9745,0,0,9745,0
2000,P2_LARGEST,4f208ec8-efa4-40e6-910c-53385978ad3a,482,10645,0,0,10645,0
2000,P2_LARGEST,4f208ec8-efa4-40e6-910c-53385978ad3a,588,12704,0,0,12704,0
2000,P2_LARGEST,4f208ec8-efa4-40e6-910c-53385978ad3a,697,15730,0,0,15730,0
2000,P2_LARGEST,4f208ec8-efa4-40e6-910c-53385978ad3a,3941,17373,0,0,17373,0
2000,P2_LARGEST,4f208ec8-efa4-40e6-910c-53385978ad3a,4438,23753,0,0,23753,0
2000,P2_LARGEST,4f208ec8-efa4-40e6-910c-53385978ad3a,4853,24389,0,0,24389,0
2000,P2_LARGEST,4f208ec8-efa4-40e6-910c-53385978ad3a,6356,25449,1,3251,22198,0
2000,P2_LARGEST,4f208ec8-efa4-40e6-910c-53385978ad3a,6805,24328,0,0,24328,0
2000,P2_LARGEST,4f208ec8-efa4-40e6-910c-53385978ad3a,9716,25299,1,2113,23186,0
2000,P2_LARGEST,4f208ec8-efa4-40e6-910c-53385978ad3a,13842,31235,4,8355,22880,0
2000,P2_LARGEST,4f208ec8-efa4-40e6-910c-53385978ad3a,16767,27394,2,4135,23259,0
2000,P2_LARGEST,4f208ec8-efa4-40e6-910c-53385978ad3a,16901,28690,2,5367,23323,0
2000,P2_LARGEST,4f208ec8-efa4-40e6-910c-53385978ad3a,17056,23470,0,0,23470,0
2000,P2_LARGEST,4f208ec8-efa4-40e6-910c-53385978ad3a,17118,23789,0,0,23789,0
2000,P2_LARGEST,4f208ec8-efa4-40e6-910c-53385978ad3a,17195,23871,0,0,23871,0
2000,P2_LARGEST,4f208ec8-efa4-40e6-910c-53385978ad3a,18322,24050,0,0,24050,0
2000,P2_LARGEST,4f208ec8-efa4-40e6-910c-53385978ad3a,18480,25264,1,3089,22175,0
2000,P2_LARGEST,4f208ec8-efa4-40e6-910c-53385978ad3a,18701,22368,0,0,22368,0
2000,P2_LARGEST,4f208ec8-efa4-40e6-910c-53385978ad3a,18771,22624,0,0,22624,0
2000,P2_LARGEST,4f208ec8-efa4-40e6-910c-53385978ad3a,19467,23438,0,0,23438,0
2000,P2_LARGEST,4f208ec8-efa4-40e6-910c-53385978ad3a,19742,24198,0,0,24198,0
2000,P2_LARGEST,4f208ec8-efa4-40e6-910c-53385978ad3a,19837,24819,1,2277,22542,0
2000,P2_LARGEST,4f208ec8-efa4-40e6-910c-53385978ad3a,20584,22684,0,0,22684,0
2000,P2_LARGEST,4f208ec8-efa4-40e6-910c-53385978ad3a,21081,23452,0,0,23452,0
2000,P2_LARGEST,4f208ec8-efa4-40e6-910c-53385978ad3a,21647,23973,0,0,23973,0
2000,P2_LARGEST,4f208ec8-efa4-40e6-910c-53385978ad3a,23087,24585,1,1097,23488,0
2000,P2_LARGEST,4f208ec8-efa4-40e6-910c-53385978ad3a,23337,27802,6,4630,23172,0
2000,P2_LARGEST,4f208ec8-efa4-40e6-910c-53385978ad3a,23476,23743,0,0,23743,0
2000,P2_LARGEST,4f208ec8-efa4-40e6-910c-53385978ad3a,23632,23901,0,0,23901,0
2000,P2_LARGEST,4f208ec8-efa4-40e6-910c-53385978ad3a,23899,24164,0,0,24164,0
2000,P2_LARGEST,4f208ec8-efa4-40e6-910c-53385978ad3a,24072,24537,0,0,24537,0
2000,P2_LARGEST,4f208ec8-efa4-40e6-910c-53385978ad3a,24212,25068,1,2819,22249,0
2000,P2_LARGEST,4f208ec8-efa4-40e6-910c-53385978ad3a,25052,22702,0,0,22702,0
2000,P2_LARGEST,4f208ec8-efa4-40e6-910c-53385978ad3a,25863,23849,0,0,23849,0
2000,P2_LARGEST,4f208ec8-efa4-40e6-910c-53385978ad3a,26386,25675,2,2265,23410,0
2000,P2_LARGEST,4f208ec8-efa4-40e6-910c-53385978ad3a,26581,24057,0,0,24057,0
2000,P2_LARGEST,4f208ec8-efa4-40e6-910c-53385978ad3a,26920,27694,7,4392,23302,0
2000,P2_LARGEST,4f208ec8-efa4-40e6-910c-53385978ad3a,27445,23703,0,0,23703,0
2000,P2_LARGEST,4f208ec8-efa4-40e6-910c-53385978ad3a,27631,24485,0,0,24485,0
2000,P2_LARGEST,4f208ec8-efa4-40e6-910c-53385978ad3a,28689,25089,1,3173,21916,0
2000,P2_LARGEST,4f208ec8-efa4-40e6-910c-53385978ad3a,29232,23125,0,0,23125,0
2000,P2_LARGEST,4f208ec8-efa4-40e6-910c-53385978ad3a,29654,23868,0,0,23868,0
2000,P2_LARGEST,4f208ec8-efa4-40e6-910c-53385978ad3a,30178,25398,3,2135,23263,0
2000,P2_LARGEST,4f208ec8-efa4-40e6-910c-53385978ad3a,30593,23849,0,0,23849,0
2000,P2_LARGEST,4f208ec8-efa4-40e6-910c-53385978ad3a,31481,25071,2,1585,23486,0
2000,P2_LARGEST,4f208ec8-efa4-40e6-910c-53385978ad3a,31575,27728,9,4435,23293,0
2000,P2_LARGEST,4f208ec8-efa4-40e6-910c-53385978ad3a,32282,24637,1,3276,21361,0
2000,P2_LARGEST,4f208ec8-efa4-40e6-910c-53385978ad3a,32972,22234,0,0,22234,0
2000,P2_LARGEST,4f208ec8-efa4-40e6-910c-53385978ad3a,33162,23038,0,0,23038,0
2000,P2_LARGEST,4f208ec8-efa4-40e6-910c-53385978ad3a,33604,23496,0,0,23496,0
2000,P2_LARGEST,4f208ec8-efa4-40e6-910c-53385978ad3a,35082,24020,0,0,24020,0
2000,P2_LARGEST,4f208ec8-efa4-40e6-910c-53385978ad3a,35835,29956,13,6443,23513,0
2000,P2_LARGEST,4f208ec8-efa4-40e6-910c-53385978ad3a,35963,24291,0,0,24291,0
2000,P2_LARGEST,4f208ec8-efa4-40e6-910c-53385978ad3a,36859,24510,0,0,24510,0
2000,P2_LARGEST,4f208ec8-efa4-40e6-910c-53385978ad3a,37516,25569,1,3209,22360,0
2000,P2_LARGEST,4f208ec8-efa4-40e6-910c-53385978ad3a,38934,23365,0,0,23365,0
2000,P2_LARGEST,4f208ec8-efa4-40e6-910c-53385978ad3a,39745,28582,5,5034,23548,0
2000,P2_LARGEST,4f208ec8-efa4-40e6-910c-53385978ad3a,41400,24488,0,0,24488,0
2000,P2_LARGEST,4f208ec8-efa4-40e6-910c-53385978ad3a,43773,26798,1,3330,23468,0
2000,P2_LARGEST,4f208ec8-efa4-40e6-910c-53385978ad3a,44240,29841,11,6396,23445,0
2000,P2_LARGEST,4f208ec8-efa4-40e6-910c-53385978ad3a,44819,24251,0,0,24251,0
2000,P2_LARGEST,4f208ec8-efa4-40e6-910c-53385978ad3a,46729,25791,1,3593,22198,0
2000,P2_LARGEST,4f208ec8-efa4-40e6-910c-53385978ad3a,47809,24496,0,0,24496,0
2000,P2_LARGEST,4f208ec8-efa4-40e6-910c-53385978ad3a,49698,30191,7,6934,23257,0
2000,P2_LARGEST,4f208ec8-efa4-40e6-910c-53385978ad3a,50416,29844,3,7095,22749,0
2000,P2_LARGEST,4f208ec8-efa4-40e6-910c-53385978ad3a,51721,24002,0,0,24002,0
2000,P2_LARGEST,4f208ec8-efa4-40e6-910c-53385978ad3a,52108,31763,9,8242,23521,0
2000,P2_LARGEST,4f208ec8-efa4-40e6-910c-53385978ad3a,52487,23936,0,0,23936,0
2000,P2_LARGEST,4f208ec8-efa4-40e6-910c-53385978ad3a,52746,25733,1,4195,21538,0
2000,P2_LARGEST,4f208ec8-efa4-40e6-910c-53385978ad3a,53621,22328,0,0,22328,0
2000,P2_LARGEST,4f208ec8-efa4-40e6-910c-53385978ad3a,56086,29424,11,5854,23570,0
2000,P2_LARGEST,4f208ec8-efa4-40e6-910c-53385978ad3a,59123,32530,4,9525,23005,0
2000,P2_LARGEST,4f208ec8-efa4-40e6-910c-53385978ad3a,59249,26052,1,5167,20885,0
2000,P2_LARGEST,4f208ec8-efa4-40e6-910c-53385978ad3a,59390,25674,1,3024,22650,0
2000,P2_LARGEST,4f208ec8-efa4-40e6-910c-53385978ad3a,59782,22786,0,0,22786,0
2000,P2_LARGEST,4f208ec8-efa4-40e6-910c-53385978ad3a,61722,23366,0,0,23366,0
2000,P2_LARGEST,4f208ec8-efa4-40e6-910c-53385978ad3a,61881,25401,1,4255,21146,0
2000,P2_LARGEST,4f208ec8-efa4-40e6-910c-53385978ad3a,62143,21464,0,0,21464,0
2000,P2_LARGEST,4f208ec8-efa4-40e6-910c-53385978ad3a,62385,21779,0,0,21779,0
2000,P2_LARGEST,4f208ec8-efa4-40e6-910c-53385978ad3a,62673,22210,0,0,22210,0
2000,P2_LARGEST,4f208ec8-efa4-40e6-910c-53385978ad3a,62920,22598,0,0,22598,0
2000,P2_LARGEST,4f208ec8-efa4-40e6-910c-53385978ad3a,64683,23375,0,0,23375,0
2000,P2_LARGEST,4f208ec8-efa4-40e6-910c-53385978ad3a,66909,29501,13,6016,23485,0
2000,P2_LARGEST,4f208ec8-efa4-40e6-910c-53385978ad3a,67057,25908,1,4273,21635,0
2000,P2_LARGEST,4f208ec8-efa4-40e6-910c-53385978ad3a,68487,21990,0,0,21990,0
2000,P2_LARGEST,4f208ec8-efa4-40e6-910c-53385978ad3a,68879,23663,0,0,23663,0
2000,P2_LARGEST,4f208ec8-efa4-40e6-910c-53385978ad3a,71856,29354,5,5916,23438,0
2000,P2_LARGEST,4f208ec8-efa4-40e6-910c-53385978ad3a,72232,30924,18,7443,23481,0
2000,P2_LARGEST,4f208ec8-efa4-40e6-910c-53385978ad3a,75432,24632,1,4231,20401,0
2000,P2_LARGEST,4f208ec8-efa4-40e6-910c-53385978ad3a,77060,29405,26,5881,23524,0
2000,P2_LARGEST,4f208ec8-efa4-40e6-910c-53385978ad3a,79879,26080,1,3314,22766,0
2000,P2_LARGEST,4f208ec8-efa4-40e6-910c-53385978ad3a,80511,31360,4,8146,23214,0
2000,P2_LARGEST,4f208ec8-efa4-40e6-910c-53385978ad3a,80731,23983,0,0,23983,0
2000,P2_LARGEST,4f208ec8-efa4-40e6-910c-53385978ad3a,83092,24560,0,0,24560,0
2000,P2_LARGEST,4f208ec8-efa4-40e6-910c-53385978ad3a,83171,31407,3,8534,22873,0
2000,P2_LARGEST,4f208ec8-efa4-40e6-910c-53385978ad3a,84623,22943,0,0,22943,0
2000,P2_LARGEST,4f208ec8-efa4-40e6-910c-53385978ad3a,85622,24534,0,0,24534,0
2000,P2_LARGEST,4f208ec8-efa4-40e6-910c-53385978ad3a,85761,25664,1,3676,21988,0
2000,P2_LARGEST,4f208ec8-efa4-40e6-910c-53385978ad3a,86296,22380,0,0,22380,0
2000,P2_LARGEST,4f208ec8-efa4-40e6-910c-53385978ad3a,87225,23581,0,0,23581,0
2000,P2_LARGEST,4f208ec8-efa4-40e6-910c-53385978ad3a,90378,30343,6,6923,23420,0
2000,P2_LARGEST,4f208ec8-efa4-40e6-910c-53385978ad3a,92168,31244,3,8940,22304,0
2000,P2_LARGEST,4f208ec8-efa4-40e6-910c-53385978ad3a,92667,24109,0,0,24109,0
2000,P2_LARGEST,4f208ec8-efa4-40e6-910c-53385978ad3a,95062,25125,1,4037,21088,0
2000,P2_LARGEST,4f208ec8-efa4-40e6-910c-53385978ad3a,95651,27151,2,4164,22987,0
2000,P2_LARGEST,4f208ec8-efa4-40e6-910c-53385978ad3a,95744,23635,0,0,23635,0
2000,P2_LARGEST,4f208ec8-efa4-40e6-910c-53385978ad3a,96038,24243,0,0,24243,0
2000,P2_LARGEST,4f208ec8-efa4-40e6-910c-53385978ad3a,97269,24572,0,0,24572,0
2000,P2_LARGEST,4f208ec8-efa4-40e6-910c-53385978ad3a,97502,28842,5,5688,23154,0
2000,P2_LARGEST,4f208ec8-efa4-40e6-910c-53385978ad3a,97590,23534,0,0,23534,0
2000,P2_LARGEST,4f208ec8-efa4-40e6-910c-53385978ad3a,97903,23733,0,0,23733,0
2000,P2_LARGEST,4f208ec8-efa4-40e6-910c-53385978ad3a,98817,24182,0,0,24182,0
2000,P2_LARGEST,4f208ec8-efa4-40e6-910c-53385978ad3a,99493,25237,1,2966,22271,0
2000,P2_LARGEST,4f208ec8-efa4-40e6-910c-53385978ad3a,100047,22993,0,0,22993,0
2000,P2_LARGEST,4f208ec8-efa4-40e6-910c-53385978ad3a,101153,24061,0,0,24061,0
2000,P2_LARGEST,4f208ec8-efa4-40e6-910c-53385978ad3a,101441,28097,7,4933,23164,0
2000,P2_LARGEST,4f208ec8-efa4-40e6-910c-53385978ad3a,101954,23624,0,0,23624,0
2000,P2_LARGEST,4f208ec8-efa4-40e6-910c-53385978ad3a,102109,24315,0,0,24315,0
2000,P2_LARGEST,4f208ec8-efa4-40e6-910c-53385978ad3a,102625,24492,0,0,24492,0
2000,P2_LARGEST,4f208ec8-efa4-40e6-910c-53385978ad3a,103447,26211,1,2695,23516,0
2000,P2_LARGEST,4f208ec8-efa4-40e6-910c-53385978ad3a,103647,25307,3,2218,23089,0
2000,P2_LARGEST,4f208ec8-efa4-40e6-910c-53385978ad3a,104558,24148,0,0,24148,0
2000,P2_LARGEST,4f208ec8-efa4-40e6-910c-53385978ad3a,105376,25332,2,2042,23290,0
2000,P2_LARGEST,4f208ec8-efa4-40e6-910c-53385978ad3a,107724,27972,7,4694,23278,0
2000,P2_LARGEST,4f208ec8-efa4-40e6-910c-53385978ad3a,110663,29376,4,6162,23214,0
2000,P2_LARGEST,4f208ec8-efa4-40e6-910c-53385978ad3a,112298,29363,13,5854,23509,0
2000,P2_LARGEST,4f208ec8-efa4-40e6-910c-53385978ad3a,112640,29536,2,6026,23510,0
2000,P2_LARGEST,4f208ec8-efa4-40e6-910c-53385978ad3a,113724,25241,1,3239,22002,0
2000,P2_LARGEST,4f208ec8-efa4-40e6-910c-53385978ad3a,114210,26723,3,3985,22738,0
2000,P2_LARGEST,4f208ec8-efa4-40e6-910c-53385978ad3a,115509,24455,0,0,24455,0
2000,P2_LARGEST,4f208ec8-efa4-40e6-910c-53385978ad3a,115905,26167,1,3408,22759,0
2000,P2_LARGEST,4f208ec8-efa4-40e6-910c-53385978ad3a,118396,23375,0,0,23375,0
2000,P2_LARGEST,4f208ec8-efa4-40e6-910c-53385978ad3a,118637,28222,6,4721,23501,0
2000,P2_LARGEST,4f208ec8-efa4-40e6-910c-53385978ad3a,118845,23787,0,0,23787,0
2000,P2_LARGEST,4f208ec8-efa4-40e6-910c-53385978ad3a,119321,24581,1,2520,22061,0
2000,P2_LARGEST,4f208ec8-efa4-40e6-910c-53385978ad3a,119995,22691,0,0,22691,0
2000,P2_LARGEST,4f208ec8-efa4-40e6-910c-53385978ad3a,120195,23406,0,0,23406,0
2000,P2_LARGEST,4f208ec8-efa4-40e6-910c-53385978ad3a,121078,24617,1,2244,22373,0
4000,P2_LARGEST,4f208ec8-efa4-40e6-910c-53385978ad3a,388,9745,0,0,9745,0
4000,P2_LARGEST,4f208ec8-efa4-40e6-910c-53385978ad3a,482,10645,0,0,10645,0
4000,P2_LARGEST,4f208ec8-efa4-40e6-910c-53385978ad3a,588,12704,0,0,12704,0
4000,P2_LARGEST,4f208ec8-efa4-40e6-910c-53385978ad3a,697,15730,0,0,15730,0
4000,P2_LARGEST,4f208ec8-efa4-40e6-910c-53385978ad3a,3941,19884,0,0,19884,0
4000,P2_LARGEST,4f208ec8-efa4-40e6-910c-53385978ad3a,4438,28456,2,6262,22194,0
4000,P2_LARGEST,4f208ec8-efa4-40e6-910c-53385978ad3a,4853,22830,0,0,22830,0
4000,P2_LARGEST,4f208ec8-efa4-40e6-910c-53385978ad3a,6356,23890,0,0,23890,0
4000,P2_LARGEST,4f208ec8-efa4-40e6-910c-53385978ad3a,6805,26020,1,2692,23328,0
4000,P2_LARGEST,4f208ec8-efa4-40e6-910c-53385978ad3a,9716,26483,2,4077,22406,0
4000,P2_LARGEST,4f208ec8-efa4-40e6-910c-53385978ad3a,13842,30455,3,7547,22908,0
4000,P2_LARGEST,4f208ec8-efa4-40e6-910c-53385978ad3a,16767,27422,2,4135,23287,0
4000,P2_LARGEST,4f208ec8-efa4-40e6-910c-53385978ad3a,16901,28718,2,5891,22827,0
4000,P2_LARGEST,4f208ec8-efa4-40e6-910c-53385978ad3a,17056,22974,0,0,22974,0
4000,P2_LARGEST,4f208ec8-efa4-40e6-910c-53385978ad3a,17118,23293,0,0,23293,0
4000,P2_LARGEST,4f208ec8-efa4-40e6-910c-53385978ad3a,17195,23375,0,0,23375,0
4000,P2_LARGEST,4f208ec8-efa4-40e6-910c-53385978ad3a,18322,23554,0,0,23554,0
4000,P2_LARGEST,4f208ec8-efa4-40e6-910c-53385978ad3a,18480,24768,1,3089,21679,0
4000,P2_LARGEST,4f208ec8-efa4-40e6-910c-53385978ad3a,18701,21872,0,0,21872,0
4000,P2_LARGEST,4f208ec8-efa4-40e6-910c-53385978ad3a,18771,22128,0,0,22128,0
4000,P2_LARGEST,4f208ec8-efa4-40e6-910c-53385978ad3a,19467,22942,0,0,22942,0
4000,P2_LARGEST,4f208ec8-efa4-40e6-910c-53385978ad3a,19742,23702,0,0,23702,0
4000,P2_LARGEST,4f208ec8-efa4-40e6-910c-53385978ad3a,19837,24323,0,0,24323,0
4000,P2_LARGEST,4f208ec8-efa4-40e6-910c-53385978ad3a,20584,24465,0,0,24465,0
4000,P2_LARGEST,4f208ec8-efa4-40e6-910c-53385978ad3a,21081,25233,1,2277,22956,0
4000,P2_LARGEST,4f208ec8-efa4-40e6-910c-53385978ad3a,21647,23477,0,0,23477,0
4000,P2_LARGEST,4f208ec8-efa4-40e6-910c-53385978ad3a,23087,24089,0,0,24089,0
4000,P2_LARGEST,4f208ec8-efa4-40e6-910c-53385978ad3a,23337,28403,6,5403,23000,0
4000,P2_LARGEST,4f208ec8-efa4-40e6-910c-53385978ad3a,23476,23571,0,0,23571,0
4000,P2_LARGEST,4f208ec8-efa4-40e6-910c-53385978ad3a,23632,23729,0,0,23729,0
4000,P2_LARGEST,4f208ec8-efa4-40e6-910c-53385978ad3a,23899,23992,0,0,23992,0
4000,P2_LARGEST,4f208ec8-efa4-40e6-910c-53385978ad3a,24072,24365,0,0,24365,0
4000,P2_LARGEST,4f208ec8-efa4-40e6-910c-53385978ad3a,24212,24896,1,2819,22077,0
4000,P2_LARGEST,4f208ec8-efa4-40e6-910c-53385978ad3a,25052,22530,0,0,22530,0
4000,P2_LARGEST,4f208ec8-efa4-40e6-910c-53385978ad3a,25863,23677,0,0,23677,0
4000,P2_LARGEST,4f208ec8-efa4-40e6-910c-53385978ad3a,26386,25503,2,2265,23238,0
4000,P2_LARGEST,4f208ec8-efa4-40e6-910c-53385978ad3a,26581,23885,0,0,23885,0
4000,P2_LARGEST,4f208ec8-efa4-40e6-910c-53385978ad3a,26920,27522,6,4214,23308,0
4000,P2_LARGEST,4f208ec8-efa4-40e6-910c-53385978ad3a,27445,23709,0,0,23709,0
4000,P2_LARGEST,4f208ec8-efa4-40e6-910c-53385978ad3a,27631,24491,0,0,24491,0
4000,P2_LARGEST,4f208ec8-efa4-40e6-910c-53385978ad3a,28689,25095,1,3173,21922,0
4000,P2_LARGEST,4f208ec8-efa4-40e6-910c-53385978ad3a,29232,23131,0,0,23131,0
4000,P2_LARGEST,4f208ec8-efa4-40e6-910c-53385978ad3a,29654,23874,0,0,23874,0
4000,P2_LARGEST,4f208ec8-efa4-40e6-910c-53385978ad3a,30178,25404,3,2137,23267,0
4000,P2_LARGEST,4f208ec8-efa4-40e6-910c-53385978ad3a,30593,23853,0,0,23853,0
4000,P2_LARGEST,4f208ec8-efa4-40e6-910c-53385978ad3a,31481,25075,2,1585,23490,0
4000,P2_LARGEST,4f208ec8-efa4-40e6-910c-53385978ad3a,31575,27732,9,4439,23293,0
4000,P2_LARGEST,4f208ec8-efa4-40e6-910c-53385978ad3a,32282,24637,1,3276,21361,0
4000,P2_LARGEST,4f208ec8-efa4-40e6-910c-53385978ad3a,32972,22234,0,0,22234,0
4000,P2_LARGEST,4f208ec8-efa4-40e6-910c-53385978ad3a,33162,23038,0,0,23038,0
4000,P2_LARGEST,4f208ec8-efa4-40e6-910c-53385978ad3a,33604,23496,0,0,23496,0
4000,P2_LARGEST,4f208ec8-efa4-40e6-910c-53385978ad3a,35082,24020,0,0,24020,0
4000,P2_LARGEST,4f208ec8-efa4-40e6-910c-53385978ad3a,35835,29956,13,6443,23513,0
4000,P2_LARGEST,4f208ec8-efa4-40e6-910c-53385978ad3a,35963,24291,0,0,24291,0
4000,P2_LARGEST,4f208ec8-efa4-40e6-910c-53385978ad3a,36859,24510,0,0,24510,0
4000,P2_LARGEST,4f208ec8-efa4-40e6-910c-53385978ad3a,37516,25569,1,3209,22360,0
4000,P2_LARGEST,4f208ec8-efa4-40e6-910c-53385978ad3a,38934,23365,0,0,23365,0
4000,P2_LARGEST,4f208ec8-efa4-40e6-910c-53385978ad3a,39745,28582,5,5034,23548,0
4000,P2_LARGEST,4f208ec8-efa4-40e6-910c-53385978ad3a,41400,24488,0,0,24488,0
4000,P2_LARGEST,4f208ec8-efa4-40e6-910c-53385978ad3a,43773,26798,1,3330,23468,0
4000,P2_LARGEST,4f208ec8-efa4-40e6-910c-53385978ad3a,44240,29841,11,6396,23445,0
4000,P2_LARGEST,4f208ec8-efa4-40e6-910c-53385978ad3a,44819,24251,0,0,24251,0
4000,P2_LARGEST,4f208ec8-efa4-40e6-910c-53385978ad3a,46729,25791,1,3593,22198,0
4000,P2_LARGEST,4f208ec8-efa4-40e6-910c-53385978ad3a,47809,24496,0,0,24496,0
4000,P2_LARGEST,4f208ec8-efa4-40e6-910c-53385978ad3a,49698,30191,7,6934,23257,0
4000,P2_LARGEST,4f208ec8-efa4-40e6-910c-53385978ad3a,50416,29844,3,7095,22749,0
4000,P2_LARGEST,4f208ec8-efa4-40e6-910c-53385978ad3a,51721,27385,1,4312,23073,0
4000,P2_LARGEST,4f208ec8-efa4-40e6-910c-53385978ad3a,52108,30834,8,7313,23521,0
4000,P2_LARGEST,4f208ec8-efa4-40e6-910c-53385978ad3a,52487,23936,0,0,23936,0
4000,P2_LARGEST,4f208ec8-efa4-40e6-910c-53385978ad3a,52746,25733,1,4195,21538,0
4000,P2_LARGEST,4f208ec8-efa4-40e6-910c-53385978ad3a,53621,24378,0,0,24378,0
4000,P2_LARGEST,4f208ec8-efa4-40e6-910c-53385978ad3a,56086,31474,11,7904,23570,0
4000,P2_LARGEST,4f208ec8-efa4-40e6-910c-53385978ad3a,59123,32530,4,9525,23005,0
4000,P2_LARGEST,4f208ec8-efa4-40e6-910c-53385978ad3a,59249,26052,1,5167,20885,0
4000,P2_LARGEST,4f208ec8-efa4-40e6-910c-53385978ad3a,59390,25674,1,3024,22650,0
4000,P2_LARGEST,4f208ec8-efa4-40e6-910c-53385978ad3a,59782,22786,0,0,22786,0
4000,P2_LARGEST,4f208ec8-efa4-40e6-910c-53385978ad3a,61722,23366,0,0,23366,0
4000,P2_LARGEST,4f208ec8-efa4-40e6-910c-53385978ad3a,61881,25401,1,4255,21146,0
4000,P2_LARGEST,4f208ec8-efa4-40e6-910c-53385978ad3a,62143,21464,0,0,21464,0
4000,P2_LARGEST,4f208ec8-efa4-40e6-910c-53385978ad3a,62385,21779,0,0,21779,0
4000,P2_LARGEST,4f208ec8-efa4-40e6-910c-53385978ad3a,62673,22210,0,0,22210,0
4000,P2_LARGEST,4f208ec8-efa4-40e6-910c-53385978ad3a,62920,22598,0,0,22598,0
4000,P2_LARGEST,4f208ec8-efa4-40e6-910c-53385978ad3a,64683,23375,0,0,23375,0
4000,P2_LARGEST,4f208ec8-efa4-40e6-910c-53385978ad3a,66909,29501,13,6016,23485,0
4000,P2_LARGEST,4f208ec8-efa4-40e6-910c-53385978ad3a,67057,25908,1,4273,21635,0
4000,P2_LARGEST,4f208ec8-efa4-40e6-910c-53385978ad3a,68487,21990,0,0,21990,0
4000,P2_LARGEST,4f208ec8-efa4-40e6-910c-53385978ad3a,68879,23663,0,0,23663,0
4000,P2_LARGEST,4f208ec8-efa4-40e6-910c-53385978ad3a,71856,31376,21,7823,23553,0
4000,P2_LARGEST,4f208ec8-efa4-40e6-910c-53385978ad3a,72232,31039,3,7653,23386,0
4000,P2_LARGEST,4f208ec8-efa4-40e6-910c-53385978ad3a,75432,24537,0,0,24537,0
4000,P2_LARGEST,4f208ec8-efa4-40e6-910c-53385978ad3a,77060,33541,26,10017,23524,0
4000,P2_LARGEST,4f208ec8-efa4-40e6-910c-53385978ad3a,79879,26080,1,3314,22766,0
4000,P2_LARGEST,4f208ec8-efa4-40e6-910c-53385978ad3a,80511,31360,4,8146,23214,0
4000,P2_LARGEST,4f208ec8-efa4-40e6-910c-53385978ad3a,80731,23983,0,0,23983,0
4000,P2_LARGEST,4f208ec8-efa4-40e6-910c-53385978ad3a,83092,24560,0,0,24560,0
4000,P2_LARGEST,4f208ec8-efa4-40e6-910c-53385978ad3a,83171,31407,3,8534,22873,0
4000,P2_LARGEST,4f208ec8-efa4-40e6-910c-53385978ad3a,84623,22943,0,0,22943,0
4000,P2_LARGEST,4f208ec8-efa4-40e6-910c-53385978ad3a,85622,24534,0,0,24534,0
4000,P2_LARGEST,4f208ec8-efa4-40e6-910c-53385978ad3a,85761,25664,1,3676,21988,0
4000,P2_LARGEST,4f208ec8-efa4-40e6-910c-53385978ad3a,86296,22380,0,0,22380,0
4000,P2_LARGEST,4f208ec8-efa4-40e6-910c-53385978ad3a,87225,23581,0,0,23581,0
4000,P2_LARGEST,4f208ec8-efa4-40e6-910c-53385978ad3a,90378,30343,6,6923,23420,0
4000,P2_LARGEST,4f208ec8-efa4-40e6-910c-53385978ad3a,92168,31244,3,8940,22304,0
4000,P2_LARGEST,4f208ec8-efa4-40e6-910c-53385978ad3a,92667,24109,0,0,24109,0
4000,P2_LARGEST,4f208ec8-efa4-40e6-910c-53385978ad3a,95062,28177,2,5804,22373,0
4000,P2_LARGEST,4f208ec8-efa4-40e6-910c-53385978ad3a,95651,29963,3,6887,23076,0
4000,P2_LARGEST,4f208ec8-efa4-40e6-910c-53385978ad3a,95744,23724,0,0,23724,0
4000,P2_LARGEST,4f208ec8-efa4-40e6-910c-53385978ad3a,96038,25910,1,3081,22829,0
4000,P2_LARGEST,4f208ec8-efa4-40e6-910c-53385978ad3a,97269,23158,0,0,23158,0
4000,P2_LARGEST,4f208ec8-efa4-40e6-910c-53385978ad3a,97502,27428,2,4105,23323,0
4000,P2_LARGEST,4f208ec8-efa4-40e6-910c-53385978ad3a,97590,23703,0,0,23703,0
4000,P2_LARGEST,4f208ec8-efa4-40e6-910c-53385978ad3a,97903,23902,0,0,23902,0
4000,P2_LARGEST,4f208ec8-efa4-40e6-910c-53385978ad3a,98817,24351,0,0,24351,0
4000,P2_LARGEST,4f208ec8-efa4-40e6-910c-53385978ad3a,99493,25406,1,2966,22440,0
4000,P2_LARGEST,4f208ec8-efa4-40e6-910c-53385978ad3a,100047,23162,0,0,23162,0
4000,P2_LARGEST,4f208ec8-efa4-40e6-910c-53385978ad3a,101153,24230,0,0,24230,0
4000,P2_LARGEST,4f208ec8-efa4-40e6-910c-53385978ad3a,101441,28266,7,5102,23164,0
4000,P2_LARGEST,4f208ec8-efa4-40e6-910c-53385978ad3a,101954,23624,0,0,23624,0
4000,P2_LARGEST,4f208ec8-efa4-40e6-910c-53385978ad3a,102109,24315,0,0,24315,0
4000,P2_LARGEST,4f208ec8-efa4-40e6-910c-53385978ad3a,102625,24492,0,0,24492,0
4000,P2_LARGEST,4f208ec8-efa4-40e6-910c-53385978ad3a,103447,26211,1,2695,23516,0
4000,P2_LARGEST,4f208ec8-efa4-40e6-910c-53385978ad3a,103647,25307,3,2218,23089,0
4000,P2_LARGEST,4f208ec8-efa4-40e6-910c-53385978ad3a,104558,24148,0,0,24148,0
4000,P2_LARGEST,4f208ec8-efa4-40e6-910c-53385978ad3a,105376,25332,2,2042,23290,0
4000,P2_LARGEST,4f208ec8-efa4-40e6-910c-53385978ad3a,107724,27972,7,4694,23278,0
4000,P2_LARGEST,4f208ec8-efa4-40e6-910c-53385978ad3a,110663,31413,11,7864,23549,0
4000,P2_LARGEST,4f208ec8-efa4-40e6-910c-53385978ad3a,112298,29698,6,6189,23509,0
4000,P2_LARGEST,4f208ec8-efa4-40e6-910c-53385978ad3a,112640,29536,2,6026,23510,0
4000,P2_LARGEST,4f208ec8-efa4-40e6-910c-53385978ad3a,113724,25241,1,3239,22002,0
4000,P2_LARGEST,4f208ec8-efa4-40e6-910c-53385978ad3a,114210,26723,3,3985,22738,0
4000,P2_LARGEST,4f208ec8-efa4-40e6-910c-53385978ad3a,115509,24455,0,0,24455,0
4000,P2_LARGEST,4f208ec8-efa4-40e6-910c-53385978ad3a,115905,26167,1,3408,22759,0
4000,P2_LARGEST,4f208ec8-efa4-40e6-910c-53385978ad3a,118396,23375,0,0,23375,0
4000,P2_LARGEST,4f208ec8-efa4-40e6-910c-53385978ad3a,118637,28222,6,4721,23501,0
4000,P2_LARGEST,4f208ec8-efa4-40e6-910c-53385978ad3a,118845,23787,0,0,23787,0
4000,P2_LARGEST,4f208ec8-efa4-40e6-910c-53385978ad3a,119321,24581,1,2520,22061,0
4000,P2_LARGEST,4f208ec8-efa4-40e6-910c-53385978ad3a,119995,22691,0,0,22691,0
4000,P2_LARGEST,4f208ec8-efa4-40e6-910c-53385978ad3a,120195,23406,0,0,23406,0
4000,P2_LARGEST,4f208ec8-efa4-40e6-910c-53385978ad3a,121078,24617,1,2244,22373,0
8000,P2_LARGEST,4f208ec8-efa4-40e6-910c-53385978ad3a,388,9745,0,0,9745,0
8000,P2_LARGEST,4f208ec8-efa4-40e6-910c-53385978ad3a,482,14620,0,0,14620,0
8000,P2_LARGEST,4f208ec8-efa4-40e6-910c-53385978ad3a,588,16679,0,0,16679,0
8000,P2_LARGEST,4f208ec8-efa4-40e6-910c-53385978ad3a,697,19705,0,0,19705,0
8000,P2_LARGEST,4f208ec8-efa4-40e6-910c-53385978ad3a,3941,23859,0,0,23859,0
8000,P2_LARGEST,4f208ec8-efa4-40e6-910c-53385978ad3a,4438,32431,3,10737,21694,0
8000,P2_LARGEST,4f208ec8-efa4-40e6-910c-53385978ad3a,4853,22330,0,0,22330,0
8000,P2_LARGEST,4f208ec8-efa4-40e6-910c-53385978ad3a,6356,23390,0,0,23390,0
8000,P2_LARGEST,4f208ec8-efa4-40e6-910c-53385978ad3a,6805,25520,1,2692,22828,0
8000,P2_LARGEST,4f208ec8-efa4-40e6-910c-53385978ad3a,9716,25983,2,4077,21906,0
8000,P2_LARGEST,4f208ec8-efa4-40e6-910c-53385978ad3a,13842,29955,3,7547,22408,0
8000,P2_LARGEST,4f208ec8-efa4-40e6-910c-53385978ad3a,16767,26922,2,4135,22787,0
8000,P2_LARGEST,4f208ec8-efa4-40e6-910c-53385978ad3a,16901,28218,2,5891,22327,0
8000,P2_LARGEST,4f208ec8-efa4-40e6-910c-53385978ad3a,17056,22474,0,0,22474,0
8000,P2_LARGEST,4f208ec8-efa4-40e6-910c-53385978ad3a,17118,22793,0,0,22793,0
8000,P2_LARGEST,4f208ec8-efa4-40e6-910c-53385978ad3a,17195,22875,0,0,22875,0
8000,P2_LARGEST,4f208ec8-efa4-40e6-910c-53385978ad3a,18322,23054,0,0,23054,0
8000,P2_LARGEST,4f208ec8-efa4-40e6-910c-53385978ad3a,18480,24268,0,0,24268,0
8000,P2_LARGEST,4f208ec8-efa4-40e6-910c-53385978ad3a,18701,24461,0,0,24461,0
8000,P2_LARGEST,4f208ec8-efa4-40e6-910c-53385978ad3a,18771,24717,1,3089,21628,0
8000,P2_LARGEST,4f208ec8-efa4-40e6-910c-53385978ad3a,19467,22442,0,0,22442,0
8000,P2_LARGEST,4f208ec8-efa4-40e6-910c-53385978ad3a,19742,23202,0,0,23202,0
8000,P2_LARGEST,4f208ec8-efa4-40e6-910c-53385978ad3a,19837,23823,0,0,23823,0
8000,P2_LARGEST,4f208ec8-efa4-40e6-910c-53385978ad3a,20584,23965,0,0,23965,0
8000,P2_LARGEST,4f208ec8-efa4-40e6-910c-53385978ad3a,21081,24733,1,2277,22456,0
8000,P2_LARGEST,4f208ec8-efa4-40e6-910c-53385978ad3a,21647,22977,0,0,22977,0
8000,P2_LARGEST,4f208ec8-efa4-40e6-910c-53385978ad3a,23087,23589,0,0,23589,0
8000,P2_LARGEST,4f208ec8-efa4-40e6-910c-53385978ad3a,23337,27903,5,4680,23223,0
8000,P2_LARGEST,4f208ec8-efa4-40e6-910c-53385978ad3a,23476,23794,0,0,23794,0
8000,P2_LARGEST,4f208ec8-efa4-40e6-910c-53385978ad3a,23632,23952,0,0,23952,0
8000,P2_LARGEST,4f208ec8-efa4-40e6-910c-53385978ad3a,23899,24215,0,0,24215,0
8000,P2_LARGEST,4f208ec8-efa4-40e6-910c-53385978ad3a,24072,24588,1,2819,21769,0
8000,P2_LARGEST,4f208ec8-efa4-40e6-910c-53385978ad3a,24212,22300,0,0,22300,0
8000,P2_LARGEST,4f208ec8-efa4-40e6-910c-53385978ad3a,25052,22753,0,0,22753,0
8000,P2_LARGEST,4f208ec8-efa4-40e6-910c-53385978ad3a,25863,23900,0,0,23900,0
8000,P2_LARGEST,4f208ec8-efa4-40e6-910c-53385978ad3a,26386,25726,2,2265,23461,0
8000,P2_LARGEST,4f208ec8-efa4-40e6-910c-53385978ad3a,26581,24108,0,0,24108,0
8000,P2_LARGEST,4f208ec8-efa4-40e6-910c-53385978ad3a,26920,27745,6,4399,23346,0
8000,P2_LARGEST,4f208ec8-efa4-40e6-910c-53385978ad3a,27445,23747,0,0,23747,0
8000,P2_LARGEST,4f208ec8-efa4-40e6-910c-53385978ad3a,27631,24529,0,0,24529,0
8000,P2_LARGEST,4f208ec8-efa4-40e6-910c-53385978ad3a,28689,25133,1,3173,21960,0
8000,P2_LARGEST,4f208ec8-efa4-40e6-910c-53385978ad3a,29232,23169,0,0,23169,0
8000,P2_LARGEST,4f208ec8-efa4-40e6-910c-53385978ad3a,29654,23912,0,0,23912,0
8000,P2_LARGEST,4f208ec8-efa4-40e6-910c-53385978ad3a,30178,25442,3,2169,23273,0
8000,P2_LARGEST,4f208ec8-efa4-40e6-910c-53385978ad3a,30593,23859,0,0,23859,0
8000,P2_LARGEST,4f208ec8-efa4-40e6-910c-53385978ad3a,31481,25081,2,1585,23496,0
8000,P2_LARGEST,4f208ec8-efa4-40e6-910c-53385978ad3a,31575,27738,9,4445,23293,0
8000,P2_LARGEST,4f208ec8-efa4-40e6-910c-53385978ad3a,32282,24637,1,3276,21361,0
8000,P2_LARGEST,4f208ec8-efa4-40e6-910c-53385978ad3a,32972,22234,0,0,22234,0
8000,P2_LARGEST,4f208ec8-efa4-40e6-910c-53385978ad3a,33162,23038,0,0,23038,0
8000,P2_LARGEST,4f208ec8-efa4-40e6-910c-53385978ad3a,33604,23496,0,0,23496,0
8000,P2_LARGEST,4f208ec8-efa4-40e6-910c-53385978ad3a,35082,24020,0,0,24020,0
8000,P2_LARGEST,4f208ec8-efa4-40e6-910c-53385978ad3a,35835,29956,13,6443,23513,0
8000,P2_LARGEST,4f208ec8-efa4-40e6-910c-53385978ad3a,35963,24291,0,0,24291,0
8000,P2_LARGEST,4f208ec8-efa4-40e6-910c-53385978ad3a,36859,24510,0,0,24510,0
8000,P2_LARGEST,4f208ec8-efa4-40e6-910c-53385978ad3a,37516,25569,1,3209,22360,0
8000,P2_LARGEST,4f208ec8-efa4-40e6-910c-53385978ad3a,38934,23365,0,0,23365,0
8000,P2_LARGEST,4f208ec8-efa4-40e6-910c-53385978ad3a,39745,28582,5,5034,23548,0
8000,P2_LARGEST,4f208ec8-efa4-40e6-910c-53385978ad3a,41400,24488,0,0,24488,0
8000,P2_LARGEST,4f208ec8-efa4-40e6-910c-53385978ad3a,43773,26798,1,3330,23468,0
8000,P2_LARGEST,4f208ec8-efa4-40e6-910c-53385978ad3a,44240,29841,11,6396,23445,0
8000,P2_LARGEST,4f208ec8-efa4-40e6-910c-53385978ad3a,44819,24251,0,0,24251,0
8000,P2_LARGEST,4f208ec8-efa4-40e6-910c-53385978ad3a,46729,25791,1,3593,22198,0
8000,P2_LARGEST,4f208ec8-efa4-40e6-910c-53385978ad3a,47809,24496,0,0,24496,0
8000,P2_LARGEST,4f208ec8-efa4-40e6-910c-53385978ad3a,49698,30191,7,6934,23257,0
8000,P2_LARGEST,4f208ec8-efa4-40e6-910c-53385978ad3a,50416,29844,3,7095,22749,0
8000,P2_LARGEST,4f208ec8-efa4-40e6-910c-53385978ad3a,51721,27385,1,4312,23073,0
8000,P2_LARGEST,4f208ec8-efa4-40e6-910c-53385978ad3a,52108,30834,8,7313,23521,0
8000,P2_LARGEST,4f208ec8-efa4-40e6-910c-53385978ad3a,52487,23936,0,0,23936,0
8000,P2_LARGEST,4f208ec8-efa4-40e6-910c-53385978ad3a,52746,25733,1,4195,21538,0
8000,P2_LARGEST,4f208ec8-efa4-40e6-910c-53385978ad3a,53621,24378,0,0,24378,0
8000,P2_LARGEST,4f208ec8-efa4-40e6-910c-53385978ad3a,56086,31474,11,7904,23570,0
8000,P2_LARGEST,4f208ec8-efa4-40e6-910c-53385978ad3a,59123,32530,4,9525,23005,0
8000,P2_LARGEST,4f208ec8-efa4-40e6-910c-53385978ad3a,59249,26052,1,5167,20885,0
8000,P2_LARGEST,4f208ec8-efa4-40e6-910c-53385978ad3a,59390,25674,1,3024,22650,0
8000,P2_LARGEST,4f208ec8-efa4-40e6-910c-53385978ad3a,59782,22786,0,0,22786,0
8000,P2_LARGEST,4f208ec8-efa4-40e6-910c-53385978ad3a,61722,23366,0,0,23366,0
8000,P2_LARGEST,4f208ec8-efa4-40e6-910c-53385978ad3a,61881,25401,1,4255,21146,0
8000,P2_LARGEST,4f208ec8-efa4-40e6-910c-53385978ad3a,62143,21464,0,0,21464,0
8000,P2_LARGEST,4f208ec8-efa4-40e6-910c-53385978ad3a,62385,21779,0,0,21779,0
8000,P2_LARGEST,4f208ec8-efa4-40e6-910c-53385978ad3a,62673,22210,0,0,22210,0
8000,P2_LARGEST,4f208ec8-efa4-40e6-910c-53385978ad3a,62920,22598,0,0,22598,0
8000,P2_LARGEST,4f208ec8-efa4-40e6-910c-53385978ad3a,64683,23375,0,0,23375,0
8000,P2_LARGEST,4f208ec8-efa4-40e6-910c-53385978ad3a,66909,29501,13,6016,23485,0
8000,P2_LARGEST,4f208ec8-efa4-40e6-910c-53385978ad3a,67057,25908,1,4273,21635,0
8000,P2_LARGEST,4f208ec8-efa4-40e6-910c-53385978ad3a,68487,21990,0,0,21990,0
8000,P2_LARGEST,4f208ec8-efa4-40e6-910c-53385978ad3a,68879,23663,0,0,23663,0
8000,P2_LARGEST,4f208ec8-efa4-40e6-910c-53385978ad3a,71856,31376,21,7823,23553,0
8000,P2_LARGEST,4f208ec8-efa4-40e6-910c-53385978ad3a,72232,31039,3,7653,23386,0
8000,P2_LARGEST,4f208ec8-efa4-40e6-910c-53385978ad3a,75432,24537,0,0,24537,0
8000,P2_LARGEST,4f208ec8-efa4-40e6-910c-53385978ad3a,77060,33541,26,10017,23524,0
8000,P2_LARGEST,4f208ec8-efa4-40e6-910c-53385978ad3a,79879,26080,1,3314,22766,0
8000,P2_LARGEST,4f208ec8-efa4-40e6-910c-53385978ad3a,80511,31360,4,8146,23214,0
8000,P2_LARGEST,4f208ec8-efa4-40e6-910c-53385978ad3a,80731,23983,0,0,23983,0
8000,P2_LARGEST,4f208ec8-efa4-40e6-910c-53385978ad3a,83092,24560,0,0,24560,0
8000,P2_LARGEST,4f208ec8-efa4-40e6-910c-53385978ad3a,83171,31407,3,8534,22873,0
8000,P2_LARGEST,4f208ec8-efa4-40e6-910c-53385978ad3a,84623,22943,0,0,22943,0
8000,P2_LARGEST,4f208ec8-efa4-40e6-910c-53385978ad3a,85622,24534,0,0,24534,0
8000,P2_LARGEST,4f208ec8-efa4-40e6-910c-53385978ad3a,85761,25664,1,3676,21988,0
8000,P2_LARGEST,4f208ec8-efa4-40e6-910c-53385978ad3a,86296,22380,0,0,22380,0
8000,P2_LARGEST,4f208ec8-efa4-40e6-910c-53385978ad3a,87225,23581,0,0,23581,0
8000,P2_LARGEST,4f208ec8-efa4-40e6-910c-53385978ad3a,90378,30343,6,6923,23420,0
8000,P2_LARGEST,4f208ec8-efa4-40e6-910c-53385978ad3a,92168,31244,3,8940,22304,0
8000,P2_LARGEST,4f208ec8-efa4-40e6-910c-53385978ad3a,92667,24109,0,0,24109,0
8000,P2_LARGEST,4f208ec8-efa4-40e6-910c-53385978ad3a,95062,28177,2,5804,22373,0
8000,P2_LARGEST,4f208ec8-efa4-40e6-910c-53385978ad3a,95651,29963,3,6887,23076,0
8000,P2_LARGEST,4f208ec8-efa4-40e6-910c-53385978ad3a,95744,23724,0,0,23724,0
8000,P2_LARGEST,4f208ec8-efa4-40e6-910c-53385978ad3a,96038,25910,1,3081,22829,0
8000,P2_LARGEST,4f208ec8-efa4-40e6-910c-53385978ad3a,97269,23158,0,0,23158,0
8000,P2_LARGEST,4f208ec8-efa4-40e6-910c-53385978ad3a,97502,27428,2,4105,23323,0
8000,P2_LARGEST,4f208ec8-efa4-40e6-910c-53385978ad3a,97590,23703,0,0,23703,0
8000,P2_LARGEST,4f208ec8-efa4-40e6-910c-53385978ad3a,97903,23902,0,0,23902,0
8000,P2_LARGEST,4f208ec8-efa4-40e6-910c-53385978ad3a,98817,24351,0,0,24351,0
8000,P2_LARGEST,4f208ec8-efa4-40e6-910c-53385978ad3a,99493,25406,1,2966,22440,0
8000,P2_LARGEST,4f208ec8-efa4-40e6-910c-53385978ad3a,100047,23162,0,0,23162,0
8000,P2_LARGEST,4f208ec8-efa4-40e6-910c-53385978ad3a,101153,24230,0,0,24230,0
8000,P2_LARGEST,4f208ec8-efa4-40e6-910c-53385978ad3a,101441,28266,7,5102,23164,0
8000,P2_LARGEST,4f208ec8-efa4-40e6-910c-53385978ad3a,101954,23624,0,0,23624,0
8000,P2_LARGEST,4f208ec8-efa4-40e6-910c-53385978ad3a,102109,24315,0,0,24315,0
8000,P2_LARGEST,4f208ec8-efa4-40e6-910c-53385978ad3a,102625,24492,0,0,24492,0
8000,P2_LARGEST,4f208ec8-efa4-40e6-910c-53385978ad3a,103447,26211,1,2695,23516,0
8000,P2_LARGEST,4f208ec8-efa4-40e6-910c-53385978ad3a,103647,25307,3,2218,23089,0
8000,P2_LARGEST,4f208ec8-efa4-40e6-910c-53385978ad3a,104558,24148,0,0,24148,0
8000,P2_LARGEST,4f208ec8-efa4-40e6-910c-53385978ad3a,105376,25332,2,2042,23290,0
8000,P2_LARGEST,4f208ec8-efa4-40e6-910c-53385978ad3a,107724,31861,36,8327,23534,0
8000,P2_LARGEST,4f208ec8-efa4-40e6-910c-53385978ad3a,110663,31669,3,9551,22118,0
8000,P2_LARGEST,4f208ec8-efa4-40e6-910c-53385978ad3a,112298,28267,2,5591,22676,0
8000,P2_LARGEST,4f208ec8-efa4-40e6-910c-53385978ad3a,112640,28703,2,6026,22677,0
8000,P2_LARGEST,4f208ec8-efa4-40e6-910c-53385978ad3a,113724,24408,0,0,24408,0
8000,P2_LARGEST,4f208ec8-efa4-40e6-910c-53385978ad3a,114210,29129,3,6346,22783,0
8000,P2_LARGEST,4f208ec8-efa4-40e6-910c-53385978ad3a,115509,24500,0,0,24500,0
8000,P2_LARGEST,4f208ec8-efa4-40e6-910c-53385978ad3a,115905,26212,1,3408,22804,0
8000,P2_LARGEST,4f208ec8-efa4-40e6-910c-53385978ad3a,118396,23420,0,0,23420,0
8000,P2_LARGEST,4f208ec8-efa4-40e6-910c-53385978ad3a,118637,28267,5,4879,23388,0
8000,P2_LARGEST,4f208ec8-efa4-40e6-910c-53385978ad3a,118845,23674,0,0,23674,0
8000,P2_LARGEST,4f208ec8-efa4-40e6-910c-53385978ad3a,119321,24468,0,0,24468,0
8000,P2_LARGEST,4f208ec8-efa4-40e6-910c-53385978ad3a,119995,25098,1,2520,22578,0
8000,P2_LARGEST,4f208ec8-efa4-40e6-910c-53385978ad3a,120195,23293,0,0,23293,0
8000,P2_LARGEST,4f208ec8-efa4-40e6-910c-53385978ad3a,121078,24504,0,0,24504,0
none,P2_LARGEST,4f208ec8-efa4-40e6-910c-53385978ad3a,388,9745,0,0,9745,0
none,P2_LARGEST,4f208ec8-efa4-40e6-910c-53385978ad3a,482,14620,0,0,14620,0
none,P2_LARGEST,4f208ec8-efa4-40e6-910c-53385978ad3a,588,16679,0,0,16679,0
none,P2_LARGEST,4f208ec8-efa4-40e6-910c-53385978ad3a,697,19705,0,0,19705,0
none,P2_LARGEST,4f208ec8-efa4-40e6-910c-53385978ad3a,3941,23859,0,0,23859,0
none,P2_LARGEST,4f208ec8-efa4-40e6-910c-53385978ad3a,4438,32431,3,10737,21694,0
none,P2_LARGEST,4f208ec8-efa4-40e6-910c-53385978ad3a,4853,22330,0,0,22330,0
none,P2_LARGEST,4f208ec8-efa4-40e6-910c-53385978ad3a,6356,23390,0,0,23390,0
none,P2_LARGEST,4f208ec8-efa4-40e6-910c-53385978ad3a,6805,25520,1,2692,22828,0
none,P2_LARGEST,4f208ec8-efa4-40e6-910c-53385978ad3a,9716,25983,2,4077,21906,0
none,P2_LARGEST,4f208ec8-efa4-40e6-910c-53385978ad3a,13842,29955,3,7547,22408,0
none,P2_LARGEST,4f208ec8-efa4-40e6-910c-53385978ad3a,16767,26922,2,4135,22787,0
none,P2_LARGEST,4f208ec8-efa4-40e6-910c-53385978ad3a,16901,28218,2,5891,22327,0
none,P2_LARGEST,4f208ec8-efa4-40e6-910c-53385978ad3a,17056,22474,0,0,22474,0
none,P2_LARGEST,4f208ec8-efa4-40e6-910c-53385978ad3a,17118,22793,0,0,22793,0
none,P2_LARGEST,4f208ec8-efa4-40e6-910c-53385978ad3a,17195,22875,0,0,22875,0
none,P2_LARGEST,4f208ec8-efa4-40e6-910c-53385978ad3a,18322,23054,0,0,23054,0
none,P2_LARGEST,4f208ec8-efa4-40e6-910c-53385978ad3a,18480,24268,0,0,24268,0
none,P2_LARGEST,4f208ec8-efa4-40e6-910c-53385978ad3a,18701,24461,0,0,24461,0
none,P2_LARGEST,4f208ec8-efa4-40e6-910c-53385978ad3a,18771,24717,1,3089,21628,0
none,P2_LARGEST,4f208ec8-efa4-40e6-910c-53385978ad3a,19467,22442,0,0,22442,0
none,P2_LARGEST,4f208ec8-efa4-40e6-910c-53385978ad3a,19742,23202,0,0,23202,0
none,P2_LARGEST,4f208ec8-efa4-40e6-910c-53385978ad3a,19837,23823,0,0,23823,0
none,P2_LARGEST,4f208ec8-efa4-40e6-910c-53385978ad3a,20584,23965,0,0,23965,0
none,P2_LARGEST,4f208ec8-efa4-40e6-910c-53385978ad3a,21081,24733,1,2277,22456,0
none,P2_LARGEST,4f208ec8-efa4-40e6-910c-53385978ad3a,21647,22977,0,0,22977,0
none,P2_LARGEST,4f208ec8-efa4-40e6-910c-53385978ad3a,23087,23589,0,0,23589,0
none,P2_LARGEST,4f208ec8-efa4-40e6-910c-53385978ad3a,23337,27903,5,4680,23223,0
none,P2_LARGEST,4f208ec8-efa4-40e6-910c-53385978ad3a,23476,23794,0,0,23794,0
none,P2_LARGEST,4f208ec8-efa4-40e6-910c-53385978ad3a,23632,23952,0,0,23952,0
none,P2_LARGEST,4f208ec8-efa4-40e6-910c-53385978ad3a,23899,24215,0,0,24215,0
none,P2_LARGEST,4f208ec8-efa4-40e6-910c-53385978ad3a,24072,24588,1,2819,21769,0
none,P2_LARGEST,4f208ec8-efa4-40e6-910c-53385978ad3a,24212,22300,0,0,22300,0
none,P2_LARGEST,4f208ec8-efa4-40e6-910c-53385978ad3a,25052,22753,0,0,22753,0
none,P2_LARGEST,4f208ec8-efa4-40e6-910c-53385978ad3a,25863,23900,0,0,23900,0
none,P2_LARGEST,4f208ec8-efa4-40e6-910c-53385978ad3a,26386,25726,2,2265,23461,0
none,P2_LARGEST,4f208ec8-efa4-40e6-910c-53385978ad3a,26581,24108,0,0,24108,0
none,P2_LARGEST,4f208ec8-efa4-40e6-910c-53385978ad3a,26920,27745,6,4399,23346,0
none,P2_LARGEST,4f208ec8-efa4-40e6-910c-53385978ad3a,27445,23747,0,0,23747,0
none,P2_LARGEST,4f208ec8-efa4-40e6-910c-53385978ad3a,27631,24529,0,0,24529,0
none,P2_LARGEST,4f208ec8-efa4-40e6-910c-53385978ad3a,28689,25133,1,3173,21960,0
none,P2_LARGEST,4f208ec8-efa4-40e6-910c-53385978ad3a,29232,23169,0,0,23169,0
none,P2_LARGEST,4f208ec8-efa4-40e6-910c-53385978ad3a,29654,23912,0,0,23912,0
none,P2_LARGEST,4f208ec8-efa4-40e6-910c-53385978ad3a,30178,25442,3,2169,23273,0
none,P2_LARGEST,4f208ec8-efa4-40e6-910c-53385978ad3a,30593,23859,0,0,23859,0
none,P2_LARGEST,4f208ec8-efa4-40e6-910c-53385978ad3a,31481,25081,2,1585,23496,0
none,P2_LARGEST,4f208ec8-efa4-40e6-910c-53385978ad3a,31575,27738,9,4445,23293,0
none,P2_LARGEST,4f208ec8-efa4-40e6-910c-53385978ad3a,32282,24637,1,3276,21361,0
none,P2_LARGEST,4f208ec8-efa4-40e6-910c-53385978ad3a,32972,22234,0,0,22234,0
none,P2_LARGEST,4f208ec8-efa4-40e6-910c-53385978ad3a,33162,23038,0,0,23038,0
none,P2_LARGEST,4f208ec8-efa4-40e6-910c-53385978ad3a,33604,23496,0,0,23496,0
none,P2_LARGEST,4f208ec8-efa4-40e6-910c-53385978ad3a,35082,24020,0,0,24020,0
none,P2_LARGEST,4f208ec8-efa4-40e6-910c-53385978ad3a,35835,29956,13,6443,23513,0
none,P2_LARGEST,4f208ec8-efa4-40e6-910c-53385978ad3a,35963,24291,0,0,24291,0
none,P2_LARGEST,4f208ec8-efa4-40e6-910c-53385978ad3a,36859,24510,0,0,24510,0
none,P2_LARGEST,4f208ec8-efa4-40e6-910c-53385978ad3a,37516,25569,1,3209,22360,0
none,P2_LARGEST,4f208ec8-efa4-40e6-910c-53385978ad3a,38934,23365,0,0,23365,0
none,P2_LARGEST,4f208ec8-efa4-40e6-910c-53385978ad3a,39745,28582,5,5034,23548,0
none,P2_LARGEST,4f208ec8-efa4-40e6-910c-53385978ad3a,41400,24488,0,0,24488,0
none,P2_LARGEST,4f208ec8-efa4-40e6-910c-53385978ad3a,43773,26798,1,3330,23468,0
none,P2_LARGEST,4f208ec8-efa4-40e6-910c-53385978ad3a,44240,29841,11,6396,23445,0
none,P2_LARGEST,4f208ec8-efa4-40e6-910c-53385978ad3a,44819,24251,0,0,24251,0
none,P2_LARGEST,4f208ec8-efa4-40e6-910c-53385978ad3a,46729,25791,1,3593,22198,0
none,P2_LARGEST,4f208ec8-efa4-40e6-910c-53385978ad3a,47809,24496,0,0,24496,0
none,P2_LARGEST,4f208ec8-efa4-40e6-910c-53385978ad3a,49698,30191,7,6934,23257,0
none,P2_LARGEST,4f208ec8-efa4-40e6-910c-53385978ad3a,50416,29844,3,7095,22749,0
none,P2_LARGEST,4f208ec8-efa4-40e6-910c-53385978ad3a,51721,27385,1,4312,23073,0
none,P2_LARGEST,4f208ec8-efa4-40e6-910c-53385978ad3a,52108,30834,8,7313,23521,0
none,P2_LARGEST,4f208ec8-efa4-40e6-910c-53385978ad3a,52487,23936,0,0,23936,0
none,P2_LARGEST,4f208ec8-efa4-40e6-910c-53385978ad3a,52746,25733,1,4195,21538,0
none,P2_LARGEST,4f208ec8-efa4-40e6-910c-53385978ad3a,53621,24378,0,0,24378,0
none,P2_LARGEST,4f208ec8-efa4-40e6-910c-53385978ad3a,56086,31474,11,7904,23570,0
none,P2_LARGEST,4f208ec8-efa4-40e6-910c-53385978ad3a,59123,32530,4,9525,23005,0
none,P2_LARGEST,4f208ec8-efa4-40e6-910c-53385978ad3a,59249,26052,1,5167,20885,0
none,P2_LARGEST,4f208ec8-efa4-40e6-910c-53385978ad3a,59390,25674,1,3024,22650,0
none,P2_LARGEST,4f208ec8-efa4-40e6-910c-53385978ad3a,59782,22786,0,0,22786,0
none,P2_LARGEST,4f208ec8-efa4-40e6-910c-53385978ad3a,61722,23366,0,0,23366,0
none,P2_LARGEST,4f208ec8-efa4-40e6-910c-53385978ad3a,61881,25401,1,4255,21146,0
none,P2_LARGEST,4f208ec8-efa4-40e6-910c-53385978ad3a,62143,21464,0,0,21464,0
none,P2_LARGEST,4f208ec8-efa4-40e6-910c-53385978ad3a,62385,21779,0,0,21779,0
none,P2_LARGEST,4f208ec8-efa4-40e6-910c-53385978ad3a,62673,22210,0,0,22210,0
none,P2_LARGEST,4f208ec8-efa4-40e6-910c-53385978ad3a,62920,22598,0,0,22598,0
none,P2_LARGEST,4f208ec8-efa4-40e6-910c-53385978ad3a,64683,23375,0,0,23375,0
none,P2_LARGEST,4f208ec8-efa4-40e6-910c-53385978ad3a,66909,29501,13,6016,23485,0
none,P2_LARGEST,4f208ec8-efa4-40e6-910c-53385978ad3a,67057,25908,1,4273,21635,0
none,P2_LARGEST,4f208ec8-efa4-40e6-910c-53385978ad3a,68487,21990,0,0,21990,0
none,P2_LARGEST,4f208ec8-efa4-40e6-910c-53385978ad3a,68879,23663,0,0,23663,0
none,P2_LARGEST,4f208ec8-efa4-40e6-910c-53385978ad3a,71856,31376,21,7823,23553,0
none,P2_LARGEST,4f208ec8-efa4-40e6-910c-53385978ad3a,72232,31039,3,7653,23386,0
none,P2_LARGEST,4f208ec8-efa4-40e6-910c-53385978ad3a,75432,24537,0,0,24537,0
none,P2_LARGEST,4f208ec8-efa4-40e6-910c-53385978ad3a,77060,33541,26,10017,23524,0
none,P2_LARGEST,4f208ec8-efa4-40e6-910c-53385978ad3a,79879,26080,1,3314,22766,0
none,P2_LARGEST,4f208ec8-efa4-40e6-910c-53385978ad3a,80511,31360,4,8146,23214,0
none,P2_LARGEST,4f208ec8-efa4-40e6-910c-53385978ad3a,80731,23983,0,0,23983,0
none,P2_LARGEST,4f208ec8-efa4-40e6-910c-53385978ad3a,83092,24560,0,0,24560,0
none,P2_LARGEST,4f208ec8-efa4-40e6-910c-53385978ad3a,83171,31407,3,8534,22873,0
none,P2_LARGEST,4f208ec8-efa4-40e6-910c-53385978ad3a,84623,22943,0,0,22943,0
none,P2_LARGEST,4f208ec8-efa4-40e6-910c-53385978ad3a,85622,24534,0,0,24534,0
none,P2_LARGEST,4f208ec8-efa4-40e6-910c-53385978ad3a,85761,25664,1,3676,21988,0
none,P2_LARGEST,4f208ec8-efa4-40e6-910c-53385978ad3a,86296,22380,0,0,22380,0
none,P2_LARGEST,4f208ec8-efa4-40e6-910c-53385978ad3a,87225,23581,0,0,23581,0
none,P2_LARGEST,4f208ec8-efa4-40e6-910c-53385978ad3a,90378,30343,6,6923,23420,0
none,P2_LARGEST,4f208ec8-efa4-40e6-910c-53385978ad3a,92168,31244,3,8940,22304,0
none,P2_LARGEST,4f208ec8-efa4-40e6-910c-53385978ad3a,92667,24109,0,0,24109,0
none,P2_LARGEST,4f208ec8-efa4-40e6-910c-53385978ad3a,95062,28177,2,5804,22373,0
none,P2_LARGEST,4f208ec8-efa4-40e6-910c-53385978ad3a,95651,29963,3,6887,23076,0
none,P2_LARGEST,4f208ec8-efa4-40e6-910c-53385978ad3a,95744,23724,0,0,23724,0
none,P2_LARGEST,4f208ec8-efa4-40e6-910c-53385978ad3a,96038,25910,1,3081,22829,0
none,P2_LARGEST,4f208ec8-efa4-40e6-910c-53385978ad3a,97269,23158,0,0,23158,0
none,P2_LARGEST,4f208ec8-efa4-40e6-910c-53385978ad3a,97502,27428,2,4105,23323,0
none,P2_LARGEST,4f208ec8-efa4-40e6-910c-53385978ad3a,97590,23703,0,0,23703,0
none,P2_LARGEST,4f208ec8-efa4-40e6-910c-53385978ad3a,97903,23902,0,0,23902,0
none,P2_LARGEST,4f208ec8-efa4-40e6-910c-53385978ad3a,98817,24351,0,0,24351,0
none,P2_LARGEST,4f208ec8-efa4-40e6-910c-53385978ad3a,99493,25406,1,2966,22440,0
none,P2_LARGEST,4f208ec8-efa4-40e6-910c-53385978ad3a,100047,23162,0,0,23162,0
none,P2_LARGEST,4f208ec8-efa4-40e6-910c-53385978ad3a,101153,24230,0,0,24230,0
none,P2_LARGEST,4f208ec8-efa4-40e6-910c-53385978ad3a,101441,28266,7,5102,23164,0
none,P2_LARGEST,4f208ec8-efa4-40e6-910c-53385978ad3a,101954,23624,0,0,23624,0
none,P2_LARGEST,4f208ec8-efa4-40e6-910c-53385978ad3a,102109,24315,0,0,24315,0
none,P2_LARGEST,4f208ec8-efa4-40e6-910c-53385978ad3a,102625,24492,0,0,24492,0
none,P2_LARGEST,4f208ec8-efa4-40e6-910c-53385978ad3a,103447,26211,1,2695,23516,0
none,P2_LARGEST,4f208ec8-efa4-40e6-910c-53385978ad3a,103647,25307,3,2218,23089,0
none,P2_LARGEST,4f208ec8-efa4-40e6-910c-53385978ad3a,104558,24148,0,0,24148,0
none,P2_LARGEST,4f208ec8-efa4-40e6-910c-53385978ad3a,105376,25332,2,2042,23290,0
none,P2_LARGEST,4f208ec8-efa4-40e6-910c-53385978ad3a,107724,45954,75,8853,37101,1
none,P2_LARGEST,4f208ec8-efa4-40e6-910c-53385978ad3a,110663,45236,3,21750,23486,0
none,P2_LARGEST,4f208ec8-efa4-40e6-910c-53385978ad3a,112298,29635,3,7985,21650,0
none,P2_LARGEST,4f208ec8-efa4-40e6-910c-53385978ad3a,112640,27677,2,6026,21651,0
none,P2_LARGEST,4f208ec8-efa4-40e6-910c-53385978ad3a,113724,23382,0,0,23382,0
none,P2_LARGEST,4f208ec8-efa4-40e6-910c-53385978ad3a,114210,28103,2,4958,23145,0
none,P2_LARGEST,4f208ec8-efa4-40e6-910c-53385978ad3a,115509,24862,1,3408,21454,0
none,P2_LARGEST,4f208ec8-efa4-40e6-910c-53385978ad3a,115905,23166,0,0,23166,0
none,P2_LARGEST,4f208ec8-efa4-40e6-910c-53385978ad3a,118396,23782,0,0,23782,0
none,P2_LARGEST,4f208ec8-efa4-40e6-910c-53385978ad3a,118637,28629,5,5767,22862,0
none,P2_LARGEST,4f208ec8-efa4-40e6-910c-53385978ad3a,118845,23148,0,0,23148,0
none,P2_LARGEST,4f208ec8-efa4-40e6-910c-53385978ad3a,119321,23942,0,0,23942,0
none,P2_LARGEST,4f208ec8-efa4-40e6-910c-53385978ad3a,119995,24572,0,0,24572,0
none,P2_LARGEST,4f208ec8-efa4-40e6-910c-53385978ad3a,120195,25287,1,2520,22767,0
none,P2_LARGEST,4f208ec8-efa4-40e6-910c-53385978ad3a,121078,23978,0,0,23978,0
2000,P2_LARGEST,505aceb5-00e2-4dec-9755-40b76af12880,88,6497,0,0,6497,0
2000,P2_LARGEST,505aceb5-00e2-4dec-9755-40b76af12880,288,6590,0,0,6590,0
4000,P2_LARGEST,505aceb5-00e2-4dec-9755-40b76af12880,88,6497,0,0,6497,0
4000,P2_LARGEST,505aceb5-00e2-4dec-9755-40b76af12880,288,6590,0,0,6590,0
8000,P2_LARGEST,505aceb5-00e2-4dec-9755-40b76af12880,88,6497,0,0,6497,0
8000,P2_LARGEST,505aceb5-00e2-4dec-9755-40b76af12880,288,6590,0,0,6590,0
none,P2_LARGEST,505aceb5-00e2-4dec-9755-40b76af12880,88,6497,0,0,6497,0
none,P2_LARGEST,505aceb5-00e2-4dec-9755-40b76af12880,288,6590,0,0,6590,0
2000,P2_LARGEST,527ff322-9c16-432d-b377-0bef48693e20,417,6853,0,0,6853,0
2000,P2_LARGEST,527ff322-9c16-432d-b377-0bef48693e20,785,7456,0,0,7456,0
2000,P2_LARGEST,527ff322-9c16-432d-b377-0bef48693e20,3443,9358,0,0,9358,0
2000,P2_LARGEST,527ff322-9c16-432d-b377-0bef48693e20,8093,13809,0,0,13809,0
2000,P2_LARGEST,527ff322-9c16-432d-b377-0bef48693e20,13303,21332,0,0,21332,0
2000,P2_LARGEST,527ff322-9c16-432d-b377-0bef48693e20,16142,27121,1,5181,21940,0
4000,P2_LARGEST,527ff322-9c16-432d-b377-0bef48693e20,417,6853,0,0,6853,0
4000,P2_LARGEST,527ff322-9c16-432d-b377-0bef48693e20,785,7456,0,0,7456,0
4000,P2_LARGEST,527ff322-9c16-432d-b377-0bef48693e20,3443,11229,0,0,11229,0
4000,P2_LARGEST,527ff322-9c16-432d-b377-0bef48693e20,8093,15680,0,0,15680,0
4000,P2_LARGEST,527ff322-9c16-432d-b377-0bef48693e20,13303,23203,0,0,23203,0
4000,P2_LARGEST,527ff322-9c16-432d-b377-0bef48693e20,16142,28992,2,9808,19184,0
8000,P2_LARGEST,527ff322-9c16-432d-b377-0bef48693e20,417,6853,0,0,6853,0
8000,P2_LARGEST,527ff322-9c16-432d-b377-0bef48693e20,785,7456,0,0,7456,0
8000,P2_LARGEST,527ff322-9c16-432d-b377-0bef48693e20,3443,11229,0,0,11229,0
8000,P2_LARGEST,527ff322-9c16-432d-b377-0bef48693e20,8093,15680,0,0,15680,0
8000,P2_LARGEST,527ff322-9c16-432d-b377-0bef48693e20,13303,23203,0,0,23203,0
8000,P2_LARGEST,527ff322-9c16-432d-b377-0bef48693e20,16142,28992,2,9808,19184,0
none,P2_LARGEST,527ff322-9c16-432d-b377-0bef48693e20,417,6853,0,0,6853,0
none,P2_LARGEST,527ff322-9c16-432d-b377-0bef48693e20,785,7456,0,0,7456,0
none,P2_LARGEST,527ff322-9c16-432d-b377-0bef48693e20,3443,11229,0,0,11229,0
none,P2_LARGEST,527ff322-9c16-432d-b377-0bef48693e20,8093,15680,0,0,15680,0
none,P2_LARGEST,527ff322-9c16-432d-b377-0bef48693e20,13303,23203,0,0,23203,0
none,P2_LARGEST,527ff322-9c16-432d-b377-0bef48693e20,16142,28992,2,9808,19184,0
2000,P2_LARGEST,528ba60c-6452-490f-aa70-c3cd751836a4,84,1192,0,0,1192,0
2000,P2_LARGEST,528ba60c-6452-490f-aa70-c3cd751836a4,143,1782,0,0,1782,0
2000,P2_LARGEST,528ba60c-6452-490f-aa70-c3cd751836a4,299,2011,0,0,2011,0
2000,P2_LARGEST,528ba60c-6452-490f-aa70-c3cd751836a4,363,4017,0,0,4017,0
2000,P2_LARGEST,528ba60c-6452-490f-aa70-c3cd751836a4,3367,5001,0,0,5001,0
4000,P2_LARGEST,528ba60c-6452-490f-aa70-c3cd751836a4,84,1192,0,0,1192,0
4000,P2_LARGEST,528ba60c-6452-490f-aa70-c3cd751836a4,143,1782,0,0,1782,0
4000,P2_LARGEST,528ba60c-6452-490f-aa70-c3cd751836a4,299,2011,0,0,2011,0
4000,P2_LARGEST,528ba60c-6452-490f-aa70-c3cd751836a4,363,4017,0,0,4017,0
4000,P2_LARGEST,528ba60c-6452-490f-aa70-c3cd751836a4,3367,5001,0,0,5001,0
8000,P2_LARGEST,528ba60c-6452-490f-aa70-c3cd751836a4,84,1192,0,0,1192,0
8000,P2_LARGEST,528ba60c-6452-490f-aa70-c3cd751836a4,143,7202,0,0,7202,0
8000,P2_LARGEST,528ba60c-6452-490f-aa70-c3cd751836a4,299,7431,0,0,7431,0
8000,P2_LARGEST,528ba60c-6452-490f-aa70-c3cd751836a4,363,9437,0,0,9437,0
8000,P2_LARGEST,528ba60c-6452-490f-aa70-c3cd751836a4,3367,10421,0,0,10421,0
none,P2_LARGEST,528ba60c-6452-490f-aa70-c3cd751836a4,84,1192,0,0,1192,0
none,P2_LARGEST,528ba60c-6452-490f-aa70-c3cd751836a4,143,7202,0,0,7202,0
none,P2_LARGEST,528ba60c-6452-490f-aa70-c3cd751836a4,299,7431,0,0,7431,0
none,P2_LARGEST,528ba60c-6452-490f-aa70-c3cd751836a4,363,9437,0,0,9437,0
none,P2_LARGEST,528ba60c-6452-490f-aa70-c3cd751836a4,3367,10421,0,0,10421,0
2000,P2_LARGEST,5457abbd-74d6-4949-a461-a6981ad50d4c,15,6847,0,0,6847,0
2000,P2_LARGEST,5457abbd-74d6-4949-a461-a6981ad50d4c,20,8031,0,0,8031,0
2000,P2_LARGEST,5457abbd-74d6-4949-a461-a6981ad50d4c,28,8336,0,0,8336,0
2000,P2_LARGEST,5457abbd-74d6-4949-a461-a6981ad50d4c,36,8627,0,0,8627,0
2000,P2_LARGEST,5457abbd-74d6-4949-a461-a6981ad50d4c,43,9341,0,0,9341,0
2000,P2_LARGEST,5457abbd-74d6-4949-a461-a6981ad50d4c,50,10234,0,0,10234,0
2000,P2_LARGEST,5457abbd-74d6-4949-a461-a6981ad50d4c,57,10876,0,0,10876,0
2000,P2_LARGEST,5457abbd-74d6-4949-a461-a6981ad50d4c,64,12095,0,0,12095,0
2000,P2_LARGEST,5457abbd-74d6-4949-a461-a6981ad50d4c,69,13986,0,0,13986,0
2000,P2_LARGEST,5457abbd-74d6-4949-a461-a6981ad50d4c,77,15408,0,0,15408,0
2000,P2_LARGEST,5457abbd-74d6-4949-a461-a6981ad50d4c,83,16397,0,0,16397,0
2000,P2_LARGEST,5457abbd-74d6-4949-a461-a6981ad50d4c,90,17410,0,0,17410,0
2000,P2_LARGEST,5457abbd-74d6-4949-a461-a6981ad50d4c,103,19237,0,0,19237,0
2000,P2_LARGEST,5457abbd-74d6-4949-a461-a6981ad50d4c,110,20016,0,0,20016,0
2000,P2_LARGEST,5457abbd-74d6-4949-a461-a6981ad50d4c,115,20241,0,0,20241,0
2000,P2_LARGEST,5457abbd-74d6-4949-a461-a6981ad50d4c,121,20718,1,1369,19349,0
2000,P2_LARGEST,5457abbd-74d6-4949-a461-a6981ad50d4c,129,19887,0,0,19887,0
2000,P2_LARGEST,5457abbd-74d6-4949-a461-a6981ad50d4c,136,20501,1,1338,19163,0
2000,P2_LARGEST,5457abbd-74d6-4949-a461-a6981ad50d4c,143,19966,0,0,19966,0
2000,P2_LARGEST,5457abbd-74d6-4949-a461-a6981ad50d4c,148,20579,1,1183,19396,0
2000,P2_LARGEST,5457abbd-74d6-4949-a461-a6981ad50d4c,159,22446,4,3601,18845,0
2000,P2_LARGEST,5457abbd-74d6-4949-a461-a6981ad50d4c,168,20045,0,0,20045,0
2000,P2_LARGEST,5457abbd-74d6-4949-a461-a6981ad50d4c,176,20402,0,0,20402,0
2000,P2_LARGEST,5457abbd-74d6-4949-a461-a6981ad50d4c,181,21127,1,1823,19304,0
2000,P2_LARGEST,5457abbd-74d6-4949-a461-a6981ad50d4c,191,21056,2,1743,19313,0
2000,P2_LARGEST,5457abbd-74d6-4949-a461-a6981ad50d4c,196,19680,0,0,19680,0
2000,P2_LARGEST,5457abbd-74d6-4949-a461-a6981ad50d4c,204,19987,0,0,19987,0
2000,P2_LARGEST,5457abbd-74d6-4949-a461-a6981ad50d4c,212,20185,0,0,20185,0
2000,P2_LARGEST,5457abbd-74d6-4949-a461-a6981ad50d4c,217,21740,2,2263,19477,0
2000,P2_LARGEST,5457abbd-74d6-4949-a461-a6981ad50d4c,225,20177,0,0,20177,0
2000,P2_LARGEST,5457abbd-74d6-4949-a461-a6981ad50d4c,230,20583,1,1381,19202,0
2000,P2_LARGEST,5457abbd-74d6-4949-a461-a6981ad50d4c,240,21479,4,2337,19142,0
2000,P2_LARGEST,5457abbd-74d6-4949-a461-a6981ad50d4c,245,19917,0,0,19917,0
2000,P2_LARGEST,5457abbd-74d6-4949-a461-a6981ad50d4c,255,20543,1,1804,18739,0
2000,P2_LARGEST,5457abbd-74d6-4949-a461-a6981ad50d4c,260,18900,0,0,18900,0
2000,P2_LARGEST,5457abbd-74d6-4949-a461-a6981ad50d4c,268,19136,0,0,19136,0
2000,P2_LARGEST,5457abbd-74d6-4949-a461-a6981ad50d4c,276,19545,0,0,19545,0
4000,P2_LARGEST,5457abbd-74d6-4949-a461-a6981ad50d4c,15,6847,0,0,6847,0
4000,P2_LARGEST,5457abbd-74d6-4949-a461-a6981ad50d4c,20,8031,0,0,8031,0
4000,P2_LARGEST,5457abbd-74d6-4949-a461-a6981ad50d4c,28,8336,0,0,8336,0
4000,P2_LARGEST,5457abbd-74d6-4949-a461-a6981ad50d4c,36,8627,0,0,8627,0
4000,P2_LARGEST,5457abbd-74d6-4949-a461-a6981ad50d4c,43,9341,0,0,9341,0
4000,P2_LARGEST,5457abbd-74d6-4949-a461-a6981ad50d4c,50,10234,0,0,10234,0
4000,P2_LARGEST,5457abbd-74d6-4949-a461-a6981ad50d4c,57,10876,0,0,10876,0
4000,P2_LARGEST,5457abbd-74d6-4949-a461-a6981ad50d4c,64,12095,0,0,12095,0
4000,P2_LARGEST,5457abbd-74d6-4949-a461-a6981ad50d4c,69,13986,0,0,13986,0
4000,P2_LARGEST,5457abbd-74d6-4949-a461-a6981ad50d4c,77,15408,0,0,15408,0
4000,P2_LARGEST,5457abbd-74d6-4949-a461-a6981ad50d4c,83,16397,0,0,16397,0
4000,P2_LARGEST,5457abbd-74d6-4949-a461-a6981ad50d4c,90,17410,0,0,17410,0
4000,P2_LARGEST,5457abbd-74d6-4949-a461-a6981ad50d4c,103,19237,0,0,19237,0
4000,P2_LARGEST,5457abbd-74d6-4949-a461-a6981ad50d4c,110,20016,0,0,20016,0
4000,P2_LARGEST,5457abbd-74d6-4949-a461-a6981ad50d4c,115,20241,0,0,20241,0
4000,P2_LARGEST,5457abbd-74d6-4949-a461-a6981ad50d4c,121,20718,1,1369,19349,0
4000,P2_LARGEST,5457abbd-74d6-4949-a461-a6981ad50d4c,129,19887,0,0,19887,0
4000,P2_LARGEST,5457abbd-74d6-4949-a461-a6981ad50d4c,136,20501,1,1338,19163,0
4000,P2_LARGEST,5457abbd-74d6-4949-a461-a6981ad50d4c,143,19966,0,0,19966,0
4000,P2_LARGEST,5457abbd-74d6-4949-a461-a6981ad50d4c,148,20579,1,1183,19396,0
4000,P2_LARGEST,5457abbd-74d6-4949-a461-a6981ad50d4c,159,22446,4,3601,18845,0
4000,P2_LARGEST,5457abbd-74d6-4949-a461-a6981ad50d4c,168,20045,0,0,20045,0
4000,P2_LARGEST,5457abbd-74d6-4949-a461-a6981ad50d4c,176,20402,0,0,20402,0
4000,P2_LARGEST,5457abbd-74d6-4949-a461-a6981ad50d4c,181,21127,1,1823,19304,0
4000,P2_LARGEST,5457abbd-74d6-4949-a461-a6981ad50d4c,191,21056,2,1743,19313,0
4000,P2_LARGEST,5457abbd-74d6-4949-a461-a6981ad50d4c,196,19680,0,0,19680,0
4000,P2_LARGEST,5457abbd-74d6-4949-a461-a6981ad50d4c,204,19987,0,0,19987,0
4000,P2_LARGEST,5457abbd-74d6-4949-a461-a6981ad50d4c,212,20185,0,0,20185,0
4000,P2_LARGEST,5457abbd-74d6-4949-a461-a6981ad50d4c,217,21740,2,2263,19477,0
4000,P2_LARGEST,5457abbd-74d6-4949-a461-a6981ad50d4c,225,20177,0,0,20177,0
4000,P2_LARGEST,5457abbd-74d6-4949-a461-a6981ad50d4c,230,20583,1,1381,19202,0
4000,P2_LARGEST,5457abbd-74d6-4949-a461-a6981ad50d4c,240,21479,4,2337,19142,0
4000,P2_LARGEST,5457abbd-74d6-4949-a461-a6981ad50d4c,245,19917,0,0,19917,0
4000,P2_LARGEST,5457abbd-74d6-4949-a461-a6981ad50d4c,255,22117,3,2803,19314,0
4000,P2_LARGEST,5457abbd-74d6-4949-a461-a6981ad50d4c,260,19475,0,0,19475,0
4000,P2_LARGEST,5457abbd-74d6-4949-a461-a6981ad50d4c,268,19711,0,0,19711,0
4000,P2_LARGEST,5457abbd-74d6-4949-a461-a6981ad50d4c,276,20120,0,0,20120,0
8000,P2_LARGEST,5457abbd-74d6-4949-a461-a6981ad50d4c,15,6847,0,0,6847,0
8000,P2_LARGEST,5457abbd-74d6-4949-a461-a6981ad50d4c,20,8031,0,0,8031,0
8000,P2_LARGEST,5457abbd-74d6-4949-a461-a6981ad50d4c,28,8336,0,0,8336,0
8000,P2_LARGEST,5457abbd-74d6-4949-a461-a6981ad50d4c,36,8627,0,0,8627,0
8000,P2_LARGEST,5457abbd-74d6-4949-a461-a6981ad50d4c,43,9341,0,0,9341,0
8000,P2_LARGEST,5457abbd-74d6-4949-a461-a6981ad50d4c,50,10234,0,0,10234,0
8000,P2_LARGEST,5457abbd-74d6-4949-a461-a6981ad50d4c,57,10876,0,0,10876,0
8000,P2_LARGEST,5457abbd-74d6-4949-a461-a6981ad50d4c,64,12095,0,0,12095,0
8000,P2_LARGEST,5457abbd-74d6-4949-a461-a6981ad50d4c,69,13986,0,0,13986,0
8000,P2_LARGEST,5457abbd-74d6-4949-a461-a6981ad50d4c,77,15408,0,0,15408,0
8000,P2_LARGEST,5457abbd-74d6-4949-a461-a6981ad50d4c,83,16397,0,0,16397,0
8000,P2_LARGEST,5457abbd-74d6-4949-a461-a6981ad50d4c,90,17410,0,0,17410,0
8000,P2_LARGEST,5457abbd-74d6-4949-a461-a6981ad50d4c,103,19237,0,0,19237,0
8000,P2_LARGEST,5457abbd-74d6-4949-a461-a6981ad50d4c,110,20016,0,0,20016,0
8000,P2_LARGEST,5457abbd-74d6-4949-a461-a6981ad50d4c,115,20241,0,0,20241,0
8000,P2_LARGEST,5457abbd-74d6-4949-a461-a6981ad50d4c,121,20718,1,1369,19349,0
8000,P2_LARGEST,5457abbd-74d6-4949-a461-a6981ad50d4c,129,19887,0,0,19887,0
8000,P2_LARGEST,5457abbd-74d6-4949-a461-a6981ad50d4c,136,20501,1,1338,19163,0
8000,P2_LARGEST,5457abbd-74d6-4949-a461-a6981ad50d4c,143,19966,0,0,19966,0
8000,P2_LARGEST,5457abbd-74d6-4949-a461-a6981ad50d4c,148,20579,1,1183,19396,0
8000,P2_LARGEST,5457abbd-74d6-4949-a461-a6981ad50d4c,159,22446,4,3601,18845,0
8000,P2_LARGEST,5457abbd-74d6-4949-a461-a6981ad50d4c,168,20045,0,0,20045,0
8000,P2_LARGEST,5457abbd-74d6-4949-a461-a6981ad50d4c,176,20402,0,0,20402,0
8000,P2_LARGEST,5457abbd-74d6-4949-a461-a6981ad50d4c,181,26988,12,7700,19288,0
8000,P2_LARGEST,5457abbd-74d6-4949-a461-a6981ad50d4c,191,21040,1,6361,14679,0
8000,P2_LARGEST,5457abbd-74d6-4949-a461-a6981ad50d4c,196,15046,0,0,15046,0
8000,P2_LARGEST,5457abbd-74d6-4949-a461-a6981ad50d4c,204,15353,0,0,15353,0
8000,P2_LARGEST,5457abbd-74d6-4949-a461-a6981ad50d4c,212,15551,0,0,15551,0
8000,P2_LARGEST,5457abbd-74d6-4949-a461-a6981ad50d4c,217,17106,0,0,17106,0
8000,P2_LARGEST,5457abbd-74d6-4949-a461-a6981ad50d4c,225,17806,0,0,17806,0
8000,P2_LARGEST,5457abbd-74d6-4949-a461-a6981ad50d4c,230,18212,0,0,18212,0
8000,P2_LARGEST,5457abbd-74d6-4949-a461-a6981ad50d4c,240,20489,1,1605,18884,0
8000,P2_LARGEST,5457abbd-74d6-4949-a461-a6981ad50d4c,245,19659,0,0,19659,0
8000,P2_LARGEST,5457abbd-74d6-4949-a461-a6981ad50d4c,255,21859,2,3185,18674,0
8000,P2_LARGEST,5457abbd-74d6-4949-a461-a6981ad50d4c,260,18835,0,0,18835,0
8000,P2_LARGEST,5457abbd-74d6-4949-a461-a6981ad50d4c,268,19071,0,0,19071,0
8000,P2_LARGEST,5457abbd-74d6-4949-a461-a6981ad50d4c,276,19480,0,0,19480,0
none,P2_LARGEST,5457abbd-74d6-4949-a461-a6981ad50d4c,15,6847,0,0,6847,0
none,P2_LARGEST,5457abbd-74d6-4949-a461-a6981ad50d4c,20,8031,0,0,8031,0
none,P2_LARGEST,5457abbd-74d6-4949-a461-a6981ad50d4c,28,8336,0,0,8336,0
none,P2_LARGEST,5457abbd-74d6-4949-a461-a6981ad50d4c,36,8627,0,0,8627,0
none,P2_LARGEST,5457abbd-74d6-4949-a461-a6981ad50d4c,43,9341,0,0,9341,0
none,P2_LARGEST,5457abbd-74d6-4949-a461-a6981ad50d4c,50,10234,0,0,10234,0
none,P2_LARGEST,5457abbd-74d6-4949-a461-a6981ad50d4c,57,10876,0,0,10876,0
none,P2_LARGEST,5457abbd-74d6-4949-a461-a6981ad50d4c,64,12095,0,0,12095,0
none,P2_LARGEST,5457abbd-74d6-4949-a461-a6981ad50d4c,69,13986,0,0,13986,0
none,P2_LARGEST,5457abbd-74d6-4949-a461-a6981ad50d4c,77,15408,0,0,15408,0
none,P2_LARGEST,5457abbd-74d6-4949-a461-a6981ad50d4c,83,16397,0,0,16397,0
none,P2_LARGEST,5457abbd-74d6-4949-a461-a6981ad50d4c,90,17410,0,0,17410,0
none,P2_LARGEST,5457abbd-74d6-4949-a461-a6981ad50d4c,103,19237,0,0,19237,0
none,P2_LARGEST,5457abbd-74d6-4949-a461-a6981ad50d4c,110,20016,0,0,20016,0
none,P2_LARGEST,5457abbd-74d6-4949-a461-a6981ad50d4c,115,20241,0,0,20241,0
none,P2_LARGEST,5457abbd-74d6-4949-a461-a6981ad50d4c,121,20718,1,1369,19349,0
none,P2_LARGEST,5457abbd-74d6-4949-a461-a6981ad50d4c,129,19887,0,0,19887,0
none,P2_LARGEST,5457abbd-74d6-4949-a461-a6981ad50d4c,136,20501,1,1338,19163,0
none,P2_LARGEST,5457abbd-74d6-4949-a461-a6981ad50d4c,143,19966,0,0,19966,0
none,P2_LARGEST,5457abbd-74d6-4949-a461-a6981ad50d4c,148,20579,1,1183,19396,0
none,P2_LARGEST,5457abbd-74d6-4949-a461-a6981ad50d4c,159,22446,4,3601,18845,0
none,P2_LARGEST,5457abbd-74d6-4949-a461-a6981ad50d4c,168,20045,0,0,20045,0
none,P2_LARGEST,5457abbd-74d6-4949-a461-a6981ad50d4c,176,20402,0,0,20402,0
none,P2_LARGEST,5457abbd-74d6-4949-a461-a6981ad50d4c,181,26988,12,7700,19288,0
none,P2_LARGEST,5457abbd-74d6-4949-a461-a6981ad50d4c,191,21040,1,6361,14679,0
none,P2_LARGEST,5457abbd-74d6-4949-a461-a6981ad50d4c,196,15046,0,0,15046,0
none,P2_LARGEST,5457abbd-74d6-4949-a461-a6981ad50d4c,204,15353,0,0,15353,0
none,P2_LARGEST,5457abbd-74d6-4949-a461-a6981ad50d4c,212,15551,0,0,15551,0
none,P2_LARGEST,5457abbd-74d6-4949-a461-a6981ad50d4c,217,17106,0,0,17106,0
none,P2_LARGEST,5457abbd-74d6-4949-a461-a6981ad50d4c,225,17806,0,0,17806,0
none,P2_LARGEST,5457abbd-74d6-4949-a461-a6981ad50d4c,230,18212,0,0,18212,0
none,P2_LARGEST,5457abbd-74d6-4949-a461-a6981ad50d4c,240,20489,1,1605,18884,0
none,P2_LARGEST,5457abbd-74d6-4949-a461-a6981ad50d4c,245,27655,30,8219,19436,0
none,P2_LARGEST,5457abbd-74d6-4949-a461-a6981ad50d4c,255,21636,1,8496,13140,0
none,P2_LARGEST,5457abbd-74d6-4949-a461-a6981ad50d4c,260,13301,0,0,13301,0
none,P2_LARGEST,5457abbd-74d6-4949-a461-a6981ad50d4c,268,13537,0,0,13537,0
none,P2_LARGEST,5457abbd-74d6-4949-a461-a6981ad50d4c,276,13946,0,0,13946,0
2000,P2_LARGEST,5539bf89-e59c-4e37-92c8-a3181269c8ad,166,9391,0,0,9391,0
2000,P2_LARGEST,5539bf89-e59c-4e37-92c8-a3181269c8ad,255,9567,0,0,9567,0
2000,P2_LARGEST,5539bf89-e59c-4e37-92c8-a3181269c8ad,414,11705,0,0,11705,0
2000,P2_LARGEST,5539bf89-e59c-4e37-92c8-a3181269c8ad,5349,14778,0,0,14778,0
2000,P2_LARGEST,5539bf89-e59c-4e37-92c8-a3181269c8ad,6104,19753,0,0,19753,0
2000,P2_LARGEST,5539bf89-e59c-4e37-92c8-a3181269c8ad,9175,21585,0,0,21585,0
2000,P2_LARGEST,5539bf89-e59c-4e37-92c8-a3181269c8ad,9319,25055,1,4903,20152,0
4000,P2_LARGEST,5539bf89-e59c-4e37-92c8-a3181269c8ad,166,9391,0,0,9391,0
4000,P2_LARGEST,5539bf89-e59c-4e37-92c8-a3181269c8ad,255,9567,0,0,9567,0
4000,P2_LARGEST,5539bf89-e59c-4e37-92c8-a3181269c8ad,414,14216,0,0,14216,0
4000,P2_LARGEST,5539bf89-e59c-4e37-92c8-a3181269c8ad,5349,17289,0,0,17289,0
4000,P2_LARGEST,5539bf89-e59c-4e37-92c8-a3181269c8ad,6104,22264,0,0,22264,0
4000,P2_LARGEST,5539bf89-e59c-4e37-92c8-a3181269c8ad,9175,25617,1,4903,20714,0
4000,P2_LARGEST,5539bf89-e59c-4e37-92c8-a3181269c8ad,9319,24184,0,0,24184,0
8000,P2_LARGEST,5539bf89-e59c-4e37-92c8-a3181269c8ad,166,9391,0,0,9391,0
8000,P2_LARGEST,5539bf89-e59c-4e37-92c8-a3181269c8ad,255,9567,0,0,9567,0
8000,P2_LARGEST,5539bf89-e59c-4e37-92c8-a3181269c8ad,414,17820,0,0,17820,0
8000,P2_LARGEST,5539bf89-e59c-4e37-92c8-a3181269c8ad,5349,20893,0,0,20893,0
8000,P2_LARGEST,5539bf89-e59c-4e37-92c8-a3181269c8ad,6104,25868,1,4104,21764,0
8000,P2_LARGEST,5539bf89-e59c-4e37-92c8-a3181269c8ad,9175,28760,2,7914,20846,0
8000,P2_LARGEST,5539bf89-e59c-4e37-92c8-a3181269c8ad,9319,24316,0,0,24316,0
none,P2_LARGEST,5539bf89-e59c-4e37-92c8-a3181269c8ad,166,9391,0,0,9391,0
none,P2_LARGEST,5539bf89-e59c-4e37-92c8-a3181269c8ad,255,9567,0,0,9567,0
none,P2_LARGEST,5539bf89-e59c-4e37-92c8-a3181269c8ad,414,17820,0,0,17820,0
none,P2_LARGEST,5539bf89-e59c-4e37-92c8-a3181269c8ad,5349,20893,0,0,20893,0
none,P2_LARGEST,5539bf89-e59c-4e37-92c8-a3181269c8ad,6104,25868,1,4104,21764,0
none,P2_LARGEST,5539bf89-e59c-4e37-92c8-a3181269c8ad,9175,28760,2,7914,20846,0
none,P2_LARGEST,5539bf89-e59c-4e37-92c8-a3181269c8ad,9319,24316,0,0,24316,0
2000,P2_LARGEST,574d27d8-1ff3-41a8-b2b6-4b5c7c4d2abc,71,6054,0,0,6054,0
2000,P2_LARGEST,574d27d8-1ff3-41a8-b2b6-4b5c7c4d2abc,494,7300,0,0,7300,0
4000,P2_LARGEST,574d27d8-1ff3-41a8-b2b6-4b5c7c4d2abc,71,6054,0,0,6054,0
4000,P2_LARGEST,574d27d8-1ff3-41a8-b2b6-4b5c7c4d2abc,494,7300,0,0,7300,0
8000,P2_LARGEST,574d27d8-1ff3-41a8-b2b6-4b5c7c4d2abc,71,6054,0,0,6054,0
8000,P2_LARGEST,574d27d8-1ff3-41a8-b2b6-4b5c7c4d2abc,494,7300,0,0,7300,0
none,P2_LARGEST,574d27d8-1ff3-41a8-b2b6-4b5c7c4d2abc,71,6054,0,0,6054,0
none,P2_LARGEST,574d27d8-1ff3-41a8-b2b6-4b5c7c4d2abc,494,7300,0,0,7300,0
2000,P2_LARGEST,5b2caf8f-2801-4108-afce-999f372517a6,15,6850,0,0,6850,0
2000,P2_LARGEST,5b2caf8f-2801-4108-afce-999f372517a6,20,7900,0,0,7900,0
4000,P2_LARGEST,5b2caf8f-2801-4108-afce-999f372517a6,15,6850,0,0,6850,0
4000,P2_LARGEST,5b2caf8f-2801-4108-afce-999f372517a6,20,7900,0,0,7900,0
8000,P2_LARGEST,5b2caf8f-2801-4108-afce-999f372517a6,15,6850,0,0,6850,0
8000,P2_LARGEST,5b2caf8f-2801-4108-afce-999f372517a6,20,7900,0,0,7900,0
none,P2_LARGEST,5b2caf8f-2801-4108-afce-999f372517a6,15,6850,0,0,6850,0
none,P2_LARGEST,5b2caf8f-2801-4108-afce-999f372517a6,20,7900,0,0,7900,0
2000,P2_LARGEST,60ebe272-351b-419a-9b35-a833c1ec36a5,106,1192,0,0,1192,0
2000,P2_LARGEST,60ebe272-351b-419a-9b35-a833c1ec36a5,208,1461,0,0,1461,0
2000,P2_LARGEST,60ebe272-351b-419a-9b35-a833c1ec36a5,277,3299,0,0,3299,0
2000,P2_LARGEST,60ebe272-351b-419a-9b35-a833c1ec36a5,1961,4138,0,0,4138,0
2000,P2_LARGEST,60ebe272-351b-419a-9b35-a833c1ec36a5,2688,6509,0,0,6509,0
2000,P2_LARGEST,60ebe272-351b-419a-9b35-a833c1ec36a5,3208,7232,0,0,7232,0
2000,P2_LARGEST,60ebe272-351b-419a-9b35-a833c1ec36a5,3350,7786,0,0,7786,0
2000,P2_LARGEST,60ebe272-351b-419a-9b35-a833c1ec36a5,3476,7920,0,0,7920,0
2000,P2_LARGEST,60ebe272-351b-419a-9b35-a833c1ec36a5,3604,8018,0,0,8018,0
4000,P2_LARGEST,60ebe272-351b-419a-9b35-a833c1ec36a5,106,1192,0,0,1192,0
4000,P2_LARGEST,60ebe272-351b-419a-9b35-a833c1ec36a5,208,1461,0,0,1461,0
4000,P2_LARGEST,60ebe272-351b-419a-9b35-a833c1ec36a5,277,3299,0,0,3299,0
4000,P2_LARGEST,60ebe272-351b-419a-9b35-a833c1ec36a5,1961,4138,0,0,4138,0
4000,P2_LARGEST,60ebe272-351b-419a-9b35-a833c1ec36a5,2688,6509,0,0,6509,0
4000,P2_LARGEST,60ebe272-351b-419a-9b35-a833c1ec36a5,3208,7232,0,0,7232,0
4000,P2_LARGEST,60ebe272-351b-419a-9b35-a833c1ec36a5,3350,7786,0,0,7786,0
4000,P2_LARGEST,60ebe272-351b-419a-9b35-a833c1ec36a5,3476,7920,0,0,7920,0
4000,P2_LARGEST,60ebe272-351b-419a-9b35-a833c1ec36a5,3604,8018,0,0,8018,0
8000,P2_LARGEST,60ebe272-351b-419a-9b35-a833c1ec36a5,106,1192,0,0,1192,0
8000,P2_LARGEST,60ebe272-351b-419a-9b35-a833c1ec36a5,208,1461,0,0,1461,0
8000,P2_LARGEST,60ebe272-351b-419a-9b35-a833c1ec36a5,277,3299,0,0,3299,0
8000,P2_LARGEST,60ebe272-351b-419a-9b35-a833c1ec36a5,1961,4138,0,0,4138,0
8000,P2_LARGEST,60ebe272-351b-419a-9b35-a833c1ec36a5,2688,6509,0,0,6509,0
8000,P2_LARGEST,60ebe272-351b-419a-9b35-a833c1ec36a5,3208,7232,0,0,7232,0
8000,P2_LARGEST,60ebe272-351b-419a-9b35-a833c1ec36a5,3350,7786,0,0,7786,0
8000,P2_LARGEST,60ebe272-351b-419a-9b35-a833c1ec36a5,3476,7920,0,0,7920,0
8000,P2_LARGEST,60ebe272-351b-419a-9b35-a833c1ec36a5,3604,8018,0,0,8018,0
none,P2_LARGEST,60ebe272-351b-419a-9b35-a833c1ec36a5,106,1192,0,0,1192,0
none,P2_LARGEST,60ebe272-351b-419a-9b35-a833c1ec36a5,208,1461,0,0,1461,0
none,P2_LARGEST,60ebe272-351b-419a-9b35-a833c1ec36a5,277,3299,0,0,3299,0
none,P2_LARGEST,60ebe272-351b-419a-9b35-a833c1ec36a5,1961,4138,0,0,4138,0
none,P2_LARGEST,60ebe272-351b-419a-9b35-a833c1ec36a5,2688,6509,0,0,6509,0
none,P2_LARGEST,60ebe272-351b-419a-9b35-a833c1ec36a5,3208,7232,0,0,7232,0
none,P2_LARGEST,60ebe272-351b-419a-9b35-a833c1ec36a5,3350,7786,0,0,7786,0
none,P2_LARGEST,60ebe272-351b-419a-9b35-a833c1ec36a5,3476,7920,0,0,7920,0
none,P2_LARGEST,60ebe272-351b-419a-9b35-a833c1ec36a5,3604,8018,0,0,8018,0
2000,P2_LARGEST,645ee3eb-2fa5-4ecd-b976-a206351e8a19,15,5380,0,0,5380,0
2000,P2_LARGEST,645ee3eb-2fa5-4ecd-b976-a206351e8a19,20,5498,0,0,5498,0
4000,P2_LARGEST,645ee3eb-2fa5-4ecd-b976-a206351e8a19,15,5380,0,0,5380,0
4000,P2_LARGEST,645ee3eb-2fa5-4ecd-b976-a206351e8a19,20,5498,0,0,5498,0
8000,P2_LARGEST,645ee3eb-2fa5-4ecd-b976-a206351e8a19,15,5380,0,0,5380,0
8000,P2_LARGEST,645ee3eb-2fa5-4ecd-b976-a206351e8a19,20,5498,0,0,5498,0
none,P2_LARGEST,645ee3eb-2fa5-4ecd-b976-a206351e8a19,15,5380,0,0,5380,0
none,P2_LARGEST,645ee3eb-2fa5-4ecd-b976-a206351e8a19,20,5498,0,0,5498,0
2000,P2_LARGEST,6619ff5a-c72c-472a-8ceb-fe55aa00bd08,151,9163,0,0,9163,0
2000,P2_LARGEST,6619ff5a-c72c-472a-8ceb-fe55aa00bd08,198,9817,0,0,9817,0
2000,P2_LARGEST,6619ff5a-c72c-472a-8ceb-fe55aa00bd08,257,10243,0,0,10243,0
2000,P2_LARGEST,6619ff5a-c72c-472a-8ceb-fe55aa00bd08,601,10636,0,0,10636,0
4000,P2_LARGEST,6619ff5a-c72c-472a-8ceb-fe55aa00bd08,151,9163,0,0,9163,0
4000,P2_LARGEST,6619ff5a-c72c-472a-8ceb-fe55aa00bd08,198,9817,0,0,9817,0
4000,P2_LARGEST,6619ff5a-c72c-472a-8ceb-fe55aa00bd08,257,10243,0,0,10243,0
4000,P2_LARGEST,6619ff5a-c72c-472a-8ceb-fe55aa00bd08,601,10636,0,0,10636,0
8000,P2_LARGEST,6619ff5a-c72c-472a-8ceb-fe55aa00bd08,151,9163,0,0,9163,0
8000,P2_LARGEST,6619ff5a-c72c-472a-8ceb-fe55aa00bd08,198,9817,0,0,9817,0
8000,P2_LARGEST,6619ff5a-c72c-472a-8ceb-fe55aa00bd08,257,10243,0,0,10243,0
8000,P2_LARGEST,6619ff5a-c72c-472a-8ceb-fe55aa00bd08,601,10636,0,0,10636,0
none,P2_LARGEST,6619ff5a-c72c-472a-8ceb-fe55aa00bd08,151,9163,0,0,9163,0
none,P2_LARGEST,6619ff5a-c72c-472a-8ceb-fe55aa00bd08,198,9817,0,0,9817,0
none,P2_LARGEST,6619ff5a-c72c-472a-8ceb-fe55aa00bd08,257,10243,0,0,10243,0
none,P2_LARGEST,6619ff5a-c72c-472a-8ceb-fe55aa00bd08,601,10636,0,0,10636,0
2000,P2_LARGEST,66207706-103d-4716-8605-26aefb01c335,464,6719,0,0,6719,0
2000,P2_LARGEST,66207706-103d-4716-8605-26aefb01c335,1904,8330,0,0,8330,0
2000,P2_LARGEST,66207706-103d-4716-8605-26aefb01c335,5695,11534,0,0,11534,0
2000,P2_LARGEST,66207706-103d-4716-8605-26aefb01c335,10754,18943,0,0,18943,0
2000,P2_LARGEST,66207706-103d-4716-8605-26aefb01c335,18202,28761,2,8840,19921,0
2000,P2_LARGEST,66207706-103d-4716-8605-26aefb01c335,26389,34438,3,11417,23021,0
2000,P2_LARGEST,66207706-103d-4716-8605-26aefb01c335,27615,30954,4,7576,23378,0
4000,P2_LARGEST,66207706-103d-4716-8605-26aefb01c335,464,6719,0,0,6719,0
4000,P2_LARGEST,66207706-103d-4716-8605-26aefb01c335,1904,10910,0,0,10910,0
4000,P2_LARGEST,66207706-103d-4716-8605-26aefb01c335,5695,18348,0,0,18348,0
4000,P2_LARGEST,66207706-103d-4716-8605-26aefb01c335,10754,27832,2,6865,20967,0
4000,P2_LARGEST,66207706-103d-4716-8605-26aefb01c335,18202,30785,2,7751,23034,0
4000,P2_LARGEST,66207706-103d-4716-8605-26aefb01c335,26389,43075,6,21496,21579,0
4000,P2_LARGEST,66207706-103d-4716-8605-26aefb01c335,27615,29512,3,6470,23042,0
8000,P2_LARGEST,66207706-103d-4716-8605-26aefb01c335,464,6719,0,0,6719,0
8000,P2_LARGEST,66207706-103d-4716-8605-26aefb01c335,1904,10910,0,0,10910,0
8000,P2_LARGEST,66207706-103d-4716-8605-26aefb01c335,5695,18348,0,0,18348,0
8000,P2_LARGEST,66207706-103d-4716-8605-26aefb01c335,10754,27832,2,6865,20967,0
8000,P2_LARGEST,66207706-103d-4716-8605-26aefb01c335,18202,30785,2,7751,23034,0
8000,P2_LARGEST,66207706-103d-4716-8605-26aefb01c335,26389,43075,6,21496,21579,0
8000,P2_LARGEST,66207706-103d-4716-8605-26aefb01c335,27615,29512,3,6470,23042,0
none,P2_LARGEST,66207706-103d-4716-8605-26aefb01c335,464,6719,0,0,6719,0
none,P2_LARGEST,66207706-103d-4716-8605-26aefb01c335,1904,21252,0,0,21252,0
none,P2_LARGEST,66207706-103d-4716-8605-26aefb01c335,5695,28690,1,10842,17848,0
none,P2_LARGEST,66207706-103d-4716-8605-26aefb01c335,10754,37526,2,14479,23047,0
none,P2_LARGEST,66207706-103d-4716-8605-26aefb01c335,18202,32865,3,10831,22034,0
none,P2_LARGEST,66207706-103d-4716-8605-26aefb01c335,26389,42075,5,19088,22987,0
none,P2_LARGEST,66207706-103d-4716-8605-26aefb01c335,27615,30920,4,8878,22042,0
2000,P2_LARGEST,6917975b-9b61-4930-940a-f82e62d42414,392,6703,0,0,6703,0
2000,P2_LARGEST,6917975b-9b61-4930-940a-f82e62d42414,847,9178,0,0,9178,0
4000,P2_LARGEST,6917975b-9b61-4930-940a-f82e62d42414,392,6703,0,0,6703,0
4000,P2_LARGEST,6917975b-9b61-4930-940a-f82e62d42414,847,9178,0,0,9178,0
8000,P2_LARGEST,6917975b-9b61-4930-940a-f82e62d42414,392,6703,0,0,6703,0
8000,P2_LARGEST,6917975b-9b61-4930-940a-f82e62d42414,847,9178,0,0,9178,0
none,P2_LARGEST,6917975b-9b61-4930-940a-f82e62d42414,392,6703,0,0,6703,0
none,P2_LARGEST,6917975b-9b61-4930-940a-f82e62d42414,847,9178,0,0,9178,0
2000,P2_LARGEST,6efbac01-0e49-4ee6-bb3f-3841e8acf7c2,182,6575,0,0,6575,0
2000,P2_LARGEST,6efbac01-0e49-4ee6-bb3f-3841e8acf7c2,349,6769,0,0,6769,0
4000,P2_LARGEST,6efbac01-0e49-4ee6-bb3f-3841e8acf7c2,182,6575,0,0,6575,0
4000,P2_LARGEST,6efbac01-0e49-4ee6-bb3f-3841e8acf7c2,349,6769,0,0,6769,0
8000,P2_LARGEST,6efbac01-0e49-4ee6-bb3f-3841e8acf7c2,182,6575,0,0,6575,0
8000,P2_LARGEST,6efbac01-0e49-4ee6-bb3f-3841e8acf7c2,349,6769,0,0,6769,0
none,P2_LARGEST,6efbac01-0e49-4ee6-bb3f-3841e8acf7c2,182,6575,0,0,6575,0
none,P2_LARGEST,6efbac01-0e49-4ee6-bb3f-3841e8acf7c2,349,6769,0,0,6769,0
2000,P2_LARGEST,6f94755c-55cd-4ae2-97f4-8895a7eab57d,34,8978,0,0,8978,0
2000,P2_LARGEST,6f94755c-55cd-4ae2-97f4-8895a7eab57d,55,9049,0,0,9049,0
2000,P2_LARGEST,6f94755c-55cd-4ae2-97f4-8895a7eab57d,81,9301,0,0,9301,0
2000,P2_LARGEST,6f94755c-55cd-4ae2-97f4-8895a7eab57d,105,9340,0,0,9340,0
2000,P2_LARGEST,6f94755c-55cd-4ae2-97f4-8895a7eab57d,134,9411,0,0,9411,0
2000,P2_LARGEST,6f94755c-55cd-4ae2-97f4-8895a7eab57d,164,9454,0,0,9454,0
2000,P2_LARGEST,6f94755c-55cd-4ae2-97f4-8895a7eab57d,194,9498,0,0,9498,0
2000,P2_LARGEST,6f94755c-55cd-4ae2-97f4-8895a7eab57d,221,9542,0,0,9542,0
2000,P2_LARGEST,6f94755c-55cd-4ae2-97f4-8895a7eab57d,246,9583,0,0,9583,0
2000,P2_LARGEST,6f94755c-55cd-4ae2-97f4-8895a7eab57d,274,9619,0,0,9619,0
2000,P2_LARGEST,6f94755c-55cd-4ae2-97f4-8895a7eab57d,302,9658,0,0,9658,0
2000,P2_LARGEST,6f94755c-55cd-4ae2-97f4-8895a7eab57d,330,9697,0,0,9697,0
2000,P2_LARGEST,6f94755c-55cd-4ae2-97f4-8895a7eab57d,443,9736,0,0,9736,0
2000,P2_LARGEST,6f94755c-55cd-4ae2-97f4-8895a7eab57d,585,9846,0,0,9846,0
2000,P2_LARGEST,6f94755c-55cd-4ae2-97f4-8895a7eab57d,742,11400,0,0,11400,0
2000,P2_LARGEST,6f94755c-55cd-4ae2-97f4-8895a7eab57d,872,11553,0,0,11553,0
2000,P2_LARGEST,6f94755c-55cd-4ae2-97f4-8895a7eab57d,1100,11701,0,0,11701,0
2000,P2_LARGEST,6f94755c-55cd-4ae2-97f4-8895a7eab57d,1392,11999,0,0,11999,0
2000,P2_LARGEST,6f94755c-55cd-4ae2-97f4-8895a7eab57d,1431,12306,0,0,12306,0
2000,P2_LARGEST,6f94755c-55cd-4ae2-97f4-8895a7eab57d,1533,12384,0,0,12384,0
2000,P2_LARGEST,6f94755c-55cd-4ae2-97f4-8895a7eab57d,1761,12487,0,0,12487,0
2000,P2_LARGEST,6f94755c-55cd-4ae2-97f4-8895a7eab57d,1899,12730,0,0,12730,0
2000,P2_LARGEST,6f94755c-55cd-4ae2-97f4-8895a7eab57d,2085,13678,0,0,13678,0
2000,P2_LARGEST,6f94755c-55cd-4ae2-97f4-8895a7eab57d,2290,13881,0,0,13881,0
2000,P2_LARGEST,6f94755c-55cd-4ae2-97f4-8895a7eab57d,2439,14747,0,0,14747,0
2000,P2_LARGEST,6f94755c-55cd-4ae2-97f4-8895a7eab57d,2586,15744,0,0,15744,0
2000,P2_LARGEST,6f94755c-55cd-4ae2-97f4-8895a7eab57d,2737,16763,0,0,16763,0
2000,P2_LARGEST,6f94755c-55cd-4ae2-97f4-8895a7eab57d,2887,17793,0,0,17793,0
2000,P2_LARGEST,6f94755c-55cd-4ae2-97f4-8895a7eab57d,3612,18588,0,0,18588,0
4000,P2_LARGEST,6f94755c-55cd-4ae2-97f4-8895a7eab57d,34,8978,0,0,8978,0
4000,P2_LARGEST,6f94755c-55cd-4ae2-97f4-8895a7eab57d,55,9049,0,0,9049,0
4000,P2_LARGEST,6f94755c-55cd-4ae2-97f4-8895a7eab57d,81,9301,0,0,9301,0
4000,P2_LARGEST,6f94755c-55cd-4ae2-97f4-8895a7eab57d,105,9340,0,0,9340,0
4000,P2_LARGEST,6f94755c-55cd-4ae2-97f4-8895a7eab57d,134,9411,0,0,9411,0
4000,P2_LARGEST,6f94755c-55cd-4ae2-97f4-8895a7eab57d,164,9454,0,0,9454,0
4000,P2_LARGEST,6f94755c-55cd-4ae2-97f4-8895a7eab57d,194,9498,0,0,9498,0
4000,P2_LARGEST,6f94755c-55cd-4ae2-97f4-8895a7eab57d,221,9542,0,0,9542,0
4000,P2_LARGEST,6f94755c-55cd-4ae2-97f4-8895a7eab57d,246,9583,0,0,9583,0
4000,P2_LARGEST,6f94755c-55cd-4ae2-97f4-8895a7eab57d,274,9619,0,0,9619,0
4000,P2_LARGEST,6f94755c-55cd-4ae2-97f4-8895a7eab57d,302,9658,0,0,9658,0
4000,P2_LARGEST,6f94755c-55cd-4ae2-97f4-8895a7eab57d,330,9697,0,0,9697,0
4000,P2_LARGEST,6f94755c-55cd-4ae2-97f4-8895a7eab57d,443,9736,0,0,9736,0
4000,P2_LARGEST,6f94755c-55cd-4ae2-97f4-8895a7eab57d,585,9846,0,0,9846,0
4000,P2_LARGEST,6f94755c-55cd-4ae2-97f4-8895a7eab57d,742,11400,0,0,11400,0
4000,P2_LARGEST,6f94755c-55cd-4ae2-97f4-8895a7eab57d,872,11553,0,0,11553,0
4000,P2_LARGEST,6f94755c-55cd-4ae2-97f4-8895a7eab57d,1100,11701,0,0,11701,0
4000,P2_LARGEST,6f94755c-55cd-4ae2-97f4-8895a7eab57d,1392,11999,0,0,11999,0
4000,P2_LARGEST,6f94755c-55cd-4ae2-97f4-8895a7eab57d,1431,12306,0,0,12306,0
4000,P2_LARGEST,6f94755c-55cd-4ae2-97f4-8895a7eab57d,1533,12384,0,0,12384,0
4000,P2_LARGEST,6f94755c-55cd-4ae2-97f4-8895a7eab57d,1761,12487,0,0,12487,0
4000,P2_LARGEST,6f94755c-55cd-4ae2-97f4-8895a7eab57d,1899,12730,0,0,12730,0
4000,P2_LARGEST,6f94755c-55cd-4ae2-97f4-8895a7eab57d,2085,13678,0,0,13678,0
4000,P2_LARGEST,6f94755c-55cd-4ae2-97f4-8895a7eab57d,2290,13881,0,0,13881,0
4000,P2_LARGEST,6f94755c-55cd-4ae2-97f4-8895a7eab57d,2439,14747,0,0,14747,0
4000,P2_LARGEST,6f94755c-55cd-4ae2-97f4-8895a7eab57d,2586,15744,0,0,15744,0
4000,P2_LARGEST,6f94755c-55cd-4ae2-97f4-8895a7eab57d,2737,16763,0,0,16763,0
4000,P2_LARGEST,6f94755c-55cd-4ae2-97f4-8895a7eab57d,2887,17793,0,0,17793,0
4000,P2_LARGEST,6f94755c-55cd-4ae2-97f4-8895a7eab57d,3612,18588,0,0,18588,0
8000,P2_LARGEST,6f94755c-55cd-4ae2-97f4-8895a7eab57d,34,8978,0,0,8978,0
8000,P2_LARGEST,6f94755c-55cd-4ae2-97f4-8895a7eab57d,55,9049,0,0,9049,0
8000,P2_LARGEST,6f94755c-55cd-4ae2-97f4-8895a7eab57d,81,9301,0,0,9301,0
8000,P2_LARGEST,6f94755c-55cd-4ae2-97f4-8895a7eab57d,105,9340,0,0,9340,0
8000,P2_LARGEST,6f94755c-55cd-4ae2-97f4-8895a7eab57d,134,9411,0,0,9411,0
8000,P2_LARGEST,6f94755c-55cd-4ae2-97f4-8895a7eab57d,164,9454,0,0,9454,0
8000,P2_LARGEST,6f94755c-55cd-4ae2-97f4-8895a7eab57d,194,9498,0,0,9498,0
8000,P2_LARGEST,6f94755c-55cd-4ae2-97f4-8895a7eab57d,221,9542,0,0,9542,0
8000,P2_LARGEST,6f94755c-55cd-4ae2-97f4-8895a7eab57d,246,9583,0,0,9583,0
8000,P2_LARGEST,6f94755c-55cd-4ae2-97f4-8895a7eab57d,274,9619,0,0,9619,0
8000,P2_LARGEST,6f94755c-55cd-4ae2-97f4-8895a7eab57d,302,9658,0,0,9658,0
8000,P2_LARGEST,6f94755c-55cd-4ae2-97f4-8895a7eab57d,330,9697,0,0,9697,0
8000,P2_LARGEST,6f94755c-55cd-4ae2-97f4-8895a7eab57d,443,9736,0,0,9736,0
8000,P2_LARGEST,6f94755c-55cd-4ae2-97f4-8895a7eab57d,585,9846,0,0,9846,0
8000,P2_LARGEST,6f94755c-55cd-4ae2-97f4-8895a7eab57d,742,11400,0,0,11400,0
8000,P2_LARGEST,6f94755c-55cd-4ae2-97f4-8895a7eab57d,872,11553,0,0,11553,0
8000,P2_LARGEST,6f94755c-55cd-4ae2-97f4-8895a7eab57d,1100,11701,0,0,11701,0
8000,P2_LARGEST,6f94755c-55cd-4ae2-97f4-8895a7eab57d,1392,11999,0,0,11999,0
8000,P2_LARGEST,6f94755c-55cd-4ae2-97f4-8895a7eab57d,1431,12306,0,0,12306,0
8000,P2_LARGEST,6f94755c-55cd-4ae2-97f4-8895a7eab57d,1533,12384,0,0,12384,0
8000,P2_LARGEST,6f94755c-55cd-4ae2-97f4-8895a7eab57d,1761,12487,0,0,12487,0
8000,P2_LARGEST,6f94755c-55cd-4ae2-97f4-8895a7eab57d,1899,12730,0,0,12730,0
8000,P2_LARGEST,6f94755c-55cd-4ae2-97f4-8895a7eab57d,2085,13678,0,0,13678,0
8000,P2_LARGEST,6f94755c-55cd-4ae2-97f4-8895a7eab57d,2290,13881,0,0,13881,0
8000,P2_LARGEST,6f94755c-55cd-4ae2-97f4-8895a7eab57d,2439,14747,0,0,14747,0
8000,P2_LARGEST,6f94755c-55cd-4ae2-97f4-8895a7eab57d,2586,15744,0,0,15744,0
8000,P2_LARGEST,6f94755c-55cd-4ae2-97f4-8895a7eab57d,2737,16763,0,0,16763,0
8000,P2_LARGEST,6f94755c-55cd-4ae2-97f4-8895a7eab57d,2887,17793,0,0,17793,0
8000,P2_LARGEST,6f94755c-55cd-4ae2-97f4-8895a7eab57d,3612,18588,0,0,18588,0
none,P2_LARGEST,6f94755c-55cd-4ae2-97f4-8895a7eab57d,34,8978,0,0,8978,0
none,P2_LARGEST,6f94755c-55cd-4ae2-97f4-8895a7eab57d,55,9049,0,0,9049,0
none,P2_LARGEST,6f94755c-55cd-4ae2-97f4-8895a7eab57d,81,9301,0,0,9301,0
none,P2_LARGEST,6f94755c-55cd-4ae2-97f4-8895a7eab57d,105,9340,0,0,9340,0
none,P2_LARGEST,6f94755c-55cd-4ae2-97f4-8895a7eab57d,134,9411,0,0,9411,0
none,P2_LARGEST,6f94755c-55cd-4ae2-97f4-8895a7eab57d,164,9454,0,0,9454,0
none,P2_LARGEST,6f94755c-55cd-4ae2-97f4-8895a7eab57d,194,9498,0,0,9498,0
none,P2_LARGEST,6f94755c-55cd-4ae2-97f4-8895a7eab57d,221,9542,0,0,9542,0
none,P2_LARGEST,6f94755c-55cd-4ae2-97f4-8895a7eab57d,246,9583,0,0,9583,0
none,P2_LARGEST,6f94755c-55cd-4ae2-97f4-8895a7eab57d,274,9619,0,0,9619,0
none,P2_LARGEST,6f94755c-55cd-4ae2-97f4-8895a7eab57d,302,9658,0,0,9658,0
none,P2_LARGEST,6f94755c-55cd-4ae2-97f4-8895a7eab57d,330,9697,0,0,9697,0
none,P2_LARGEST,6f94755c-55cd-4ae2-97f4-8895a7eab57d,443,9736,0,0,9736,0
none,P2_LARGEST,6f94755c-55cd-4ae2-97f4-8895a7eab57d,585,9846,0,0,9846,0
none,P2_LARGEST,6f94755c-55cd-4ae2-97f4-8895a7eab57d,742,11400,0,0,11400,0
none,P2_LARGEST,6f94755c-55cd-4ae2-97f4-8895a7eab57d,872,11553,0,0,11553,0
none,P2_LARGEST,6f94755c-55cd-4ae2-97f4-8895a7eab57d,1100,11701,0,0,11701,0
none,P2_LARGEST,6f94755c-55cd-4ae2-97f4-8895a7eab57d,1392,11999,0,0,11999,0
none,P2_LARGEST,6f94755c-55cd-4ae2-97f4-8895a7eab57d,1431,12306,0,0,12306,0
none,P2_LARGEST,6f94755c-55cd-4ae2-97f4-8895a7eab57d,1533,12384,0,0,12384,0
none,P2_LARGEST,6f94755c-55cd-4ae2-97f4-8895a7eab57d,1761,12487,0,0,12487,0
none,P2_LARGEST,6f94755c-55cd-4ae2-97f4-8895a7eab57d,1899,12730,0,0,12730,0
none,P2_LARGEST,6f94755c-55cd-4ae2-97f4-8895a7eab57d,2085,13678,0,0,13678,0
none,P2_LARGEST,6f94755c-55cd-4ae2-97f4-8895a7eab57d,2290,13881,0,0,13881,0
none,P2_LARGEST,6f94755c-55cd-4ae2-97f4-8895a7eab57d,2439,14747,0,0,14747,0
none,P2_LARGEST,6f94755c-55cd-4ae2-97f4-8895a7eab57d,2586,15744,0,0,15744,0
none,P2_LARGEST,6f94755c-55cd-4ae2-97f4-8895a7eab57d,2737,16763,0,0,16763,0
none,P2_LARGEST,6f94755c-55cd-4ae2-97f4-8895a7eab57d,2887,17793,0,0,17793,0
none,P2_LARGEST,6f94755c-55cd-4ae2-97f4-8895a7eab57d,3612,18588,0,0,18588,0
2000,P2_LARGEST,6fc2ec3e-69f2-4d06-ad18-97067528fcbb,476,9155,0,0,9155,0
2000,P2_LARGEST,6fc2ec3e-69f2-4d06-ad18-97067528fcbb,630,9632,0,0,9632,0
2000,P2_LARGEST,6fc2ec3e-69f2-4d06-ad18-97067528fcbb,727,9797,0,0,9797,0
2000,P2_LARGEST,6fc2ec3e-69f2-4d06-ad18-97067528fcbb,1390,9903,0,0,9903,0
4000,P2_LARGEST,6fc2ec3e-69f2-4d06-ad18-97067528fcbb,476,9155,0,0,9155,0
4000,P2_LARGEST,6fc2ec3e-69f2-4d06-ad18-97067528fcbb,630,9632,0,0,9632,0
4000,P2_LARGEST,6fc2ec3e-69f2-4d06-ad18-97067528fcbb,727,9797,0,0,9797,0
4000,P2_LARGEST,6fc2ec3e-69f2-4d06-ad18-97067528fcbb,1390,9903,0,0,9903,0
8000,P2_LARGEST,6fc2ec3e-69f2-4d06-ad18-97067528fcbb,476,9155,0,0,9155,0
8000,P2_LARGEST,6fc2ec3e-69f2-4d06-ad18-97067528fcbb,630,9632,0,0,9632,0
8000,P2_LARGEST,6fc2ec3e-69f2-4d06-ad18-97067528fcbb,727,9797,0,0,9797,0
8000,P2_LARGEST,6fc2ec3e-69f2-4d06-ad18-97067528fcbb,1390,9903,0,0,9903,0
none,P2_LARGEST,6fc2ec3e-69f2-4d06-ad18-97067528fcbb,476,9155,0,0,9155,0
none,P2_LARGEST,6fc2ec3e-69f2-4d06-ad18-97067528fcbb,630,9632,0,0,9632,0
none,P2_LARGEST,6fc2ec3e-69f2-4d06-ad18-97067528fcbb,727,9797,0,0,9797,0
none,P2_LARGEST,6fc2ec3e-69f2-4d06-ad18-97067528fcbb,1390,9903,0,0,9903,0
2000,P2_LARGEST,734d03f3-ebf7-4812-a6bc-7aa7076fbd2d,1109,7513,0,0,7513,0
4000,P2_LARGEST,734d03f3-ebf7-4812-a6bc-7aa7076fbd2d,1109,7513,0,0,7513,0
8000,P2_LARGEST,734d03f3-ebf7-4812-a6bc-7aa7076fbd2d,1109,7513,0,0,7513,0
none,P2_LARGEST,734d03f3-ebf7-4812-a6bc-7aa7076fbd2d,1109,7513,0,0,7513,0
2000,P2_LARGEST,74bd2620-7c51-474b-8a9d-e1c11064bc0f,229,11461,0,0,11461,0
2000,P2_LARGEST,74bd2620-7c51-474b-8a9d-e1c11064bc0f,374,13479,0,0,13479,0
2000,P2_LARGEST,74bd2620-7c51-474b-8a9d-e1c11064bc0f,601,13877,0,0,13877,0
2000,P2_LARGEST,74bd2620-7c51-474b-8a9d-e1c11064bc0f,898,14272,0,0,14272,0
2000,P2_LARGEST,74bd2620-7c51-474b-8a9d-e1c11064bc0f,957,14626,0,0,14626,0
2000,P2_LARGEST,74bd2620-7c51-474b-8a9d-e1c11064bc0f,1012,14736,0,0,14736,0
2000,P2_LARGEST,74bd2620-7c51-474b-8a9d-e1c11064bc0f,1079,14832,0,0,14832,0
2000,P2_LARGEST,74bd2620-7c51-474b-8a9d-e1c11064bc0f,1258,14996,0,0,14996,0
2000,P2_LARGEST,74bd2620-7c51-474b-8a9d-e1c11064bc0f,1876,15706,0,0,15706,0
2000,P2_LARGEST,74bd2620-7c51-474b-8a9d-e1c11064bc0f,2228,16313,0,0,16313,0
4000,P2_LARGEST,74bd2620-7c51-474b-8a9d-e1c11064bc0f,229,11461,0,0,11461,0
4000,P2_LARGEST,74bd2620-7c51-474b-8a9d-e1c11064bc0f,374,13479,0,0,13479,0
4000,P2_LARGEST,74bd2620-7c51-474b-8a9d-e1c11064bc0f,601,13877,0,0,13877,0
4000,P2_LARGEST,74bd2620-7c51-474b-8a9d-e1c11064bc0f,898,14272,0,0,14272,0
4000,P2_LARGEST,74bd2620-7c51-474b-8a9d-e1c11064bc0f,957,14626,0,0,14626,0
4000,P2_LARGEST,74bd2620-7c51-474b-8a9d-e1c11064bc0f,1012,14736,0,0,14736,0
4000,P2_LARGEST,74bd2620-7c51-474b-8a9d-e1c11064bc0f,1079,14832,0,0,14832,0
4000,P2_LARGEST,74bd2620-7c51-474b-8a9d-e1c11064bc0f,1258,14996,0,0,14996,0
4000,P2_LARGEST,74bd2620-7c51-474b-8a9d-e1c11064bc0f,1876,15706,0,0,15706,0
4000,P2_LARGEST,74bd2620-7c51-474b-8a9d-e1c11064bc0f,2228,16313,0,0,16313,0
8000,P2_LARGEST,74bd2620-7c51-474b-8a9d-e1c11064bc0f,229,11461,0,0,11461,0
8000,P2_LARGEST,74bd2620-7c51-474b-8a9d-e1c11064bc0f,374,13479,0,0,13479,0
8000,P2_LARGEST,74bd2620-7c51-474b-8a9d-e1c11064bc0f,601,13877,0,0,13877,0
8000,P2_LARGEST,74bd2620-7c51-474b-8a9d-e1c11064bc0f,898,14272,0,0,14272,0
8000,P2_LARGEST,74bd2620-7c51-474b-8a9d-e1c11064bc0f,957,14626,0,0,14626,0
8000,P2_LARGEST,74bd2620-7c51-474b-8a9d-e1c11064bc0f,1012,14736,0,0,14736,0
8000,P2_LARGEST,74bd2620-7c51-474b-8a9d-e1c11064bc0f,1079,14832,0,0,14832,0
8000,P2_LARGEST,74bd2620-7c51-474b-8a9d-e1c11064bc0f,1258,14996,0,0,14996,0
8000,P2_LARGEST,74bd2620-7c51-474b-8a9d-e1c11064bc0f,1876,19806,25,4123,15683,0
8000,P2_LARGEST,74bd2620-7c51-474b-8a9d-e1c11064bc0f,2228,16290,0,0,16290,0
none,P2_LARGEST,74bd2620-7c51-474b-8a9d-e1c11064bc0f,229,11461,0,0,11461,0
none,P2_LARGEST,74bd2620-7c51-474b-8a9d-e1c11064bc0f,374,13479,0,0,13479,0
none,P2_LARGEST,74bd2620-7c51-474b-8a9d-e1c11064bc0f,601,13877,0,0,13877,0
none,P2_LARGEST,74bd2620-7c51-474b-8a9d-e1c11064bc0f,898,14272,0,0,14272,0
none,P2_LARGEST,74bd2620-7c51-474b-8a9d-e1c11064bc0f,957,14626,0,0,14626,0
none,P2_LARGEST,74bd2620-7c51-474b-8a9d-e1c11064bc0f,1012,14736,0,0,14736,0
none,P2_LARGEST,74bd2620-7c51-474b-8a9d-e1c11064bc0f,1079,14832,0,0,14832,0
none,P2_LARGEST,74bd2620-7c51-474b-8a9d-e1c11064bc0f,1258,14996,0,0,14996,0
none,P2_LARGEST,74bd2620-7c51-474b-8a9d-e1c11064bc0f,1876,19806,25,4123,15683,0
none,P2_LARGEST,74bd2620-7c51-474b-8a9d-e1c11064bc0f,2228,16290,0,0,16290,0
2000,P2_LARGEST,769427df-7fa1-4431-b6d8-95479125d7d0,204,6841,0,0,6841,0
2000,P2_LARGEST,769427df-7fa1-4431-b6d8-95479125d7d0,684,7599,0,0,7599,0
2000,P2_LARGEST,769427df-7fa1-4431-b6d8-95479125d7d0,1448,9299,0,0,9299,0
2000,P2_LARGEST,769427df-7fa1-4431-b6d8-95479125d7d0,5011,12623,0,0,12623,0
2000,P2_LARGEST,769427df-7fa1-4431-b6d8-95479125d7d0,8634,20290,0,0,20290,0
2000,P2_LARGEST,769427df-7fa1-4431-b6d8-95479125d7d0,11101,28590,2,7111,21479,0
2000,P2_LARGEST,769427df-7fa1-4431-b6d8-95479125d7d0,13563,23929,0,0,23929,0
4000,P2_LARGEST,769427df-7fa1-4431-b6d8-95479125d7d0,204,6841,0,0,6841,0
4000,P2_LARGEST,769427df-7fa1-4431-b6d8-95479125d7d0,684,7599,0,0,7599,0
4000,P2_LARGEST,769427df-7fa1-4431-b6d8-95479125d7d0,1448,12750,0,0,12750,0
4000,P2_LARGEST,769427df-7fa1-4431-b6d8-95479125d7d0,5011,18796,0,0,18796,0
4000,P2_LARGEST,769427df-7fa1-4431-b6d8-95479125d7d0,8634,26463,1,3951,22512,0
4000,P2_LARGEST,769427df-7fa1-4431-b6d8-95479125d7d0,11101,32973,3,10333,22640,0
4000,P2_LARGEST,769427df-7fa1-4431-b6d8-95479125d7d0,13563,25090,1,2661,22429,0
8000,P2_LARGEST,769427df-7fa1-4431-b6d8-95479125d7d0,204,6841,0,0,6841,0
8000,P2_LARGEST,769427df-7fa1-4431-b6d8-95479125d7d0,684,7599,0,0,7599,0
8000,P2_LARGEST,769427df-7fa1-4431-b6d8-95479125d7d0,1448,12750,0,0,12750,0
8000,P2_LARGEST,769427df-7fa1-4431-b6d8-95479125d7d0,5011,18796,0,0,18796,0
8000,P2_LARGEST,769427df-7fa1-4431-b6d8-95479125d7d0,8634,26463,1,3951,22512,0
8000,P2_LARGEST,769427df-7fa1-4431-b6d8-95479125d7d0,11101,32973,3,10333,22640,0
8000,P2_LARGEST,769427df-7fa1-4431-b6d8-95479125d7d0,13563,25090,1,2661,22429,0
none,P2_LARGEST,769427df-7fa1-4431-b6d8-95479125d7d0,204,6841,0,0,6841,0
none,P2_LARGEST,769427df-7fa1-4431-b6d8-95479125d7d0,684,7599,0,0,7599,0
none,P2_LARGEST,769427df-7fa1-4431-b6d8-95479125d7d0,1448,12750,0,0,12750,0
none,P2_LARGEST,769427df-7fa1-4431-b6d8-95479125d7d0,5011,18796,0,0,18796,0
none,P2_LARGEST,769427df-7fa1-4431-b6d8-95479125d7d0,8634,26463,1,3951,22512,0
none,P2_LARGEST,769427df-7fa1-4431-b6d8-95479125d7d0,11101,32973,3,10333,22640,0
none,P2_LARGEST,769427df-7fa1-4431-b6d8-95479125d7d0,13563,25090,1,2661,22429,0
2000,P2_LARGEST,77c72c80-00cd-4d6d-b6bd-53c6bea41922,241,5906,0,0,5906,0
2000,P2_LARGEST,77c72c80-00cd-4d6d-b6bd-53c6bea41922,707,7104,0,0,7104,0
2000,P2_LARGEST,77c72c80-00cd-4d6d-b6bd-53c6bea41922,788,7564,0,0,7564,0
2000,P2_LARGEST,77c72c80-00cd-4d6d-b6bd-53c6bea41922,828,7633,0,0,7633,0
2000,P2_LARGEST,77c72c80-00cd-4d6d-b6bd-53c6bea41922,1158,7685,0,0,7685,0
4000,P2_LARGEST,77c72c80-00cd-4d6d-b6bd-53c6bea41922,241,5906,0,0,5906,0
4000,P2_LARGEST,77c72c80-00cd-4d6d-b6bd-53c6bea41922,707,7104,0,0,7104,0
4000,P2_LARGEST,77c72c80-00cd-4d6d-b6bd-53c6bea41922,788,7564,0,0,7564,0
4000,P2_LARGEST,77c72c80-00cd-4d6d-b6bd-53c6bea41922,828,7633,0,0,7633,0
4000,P2_LARGEST,77c72c80-00cd-4d6d-b6bd-53c6bea41922,1158,7685,0,0,7685,0
8000,P2_LARGEST,77c72c80-00cd-4d6d-b6bd-53c6bea41922,241,5906,0,0,5906,0
8000,P2_LARGEST,77c72c80-00cd-4d6d-b6bd-53c6bea41922,707,7104,0,0,7104,0
8000,P2_LARGEST,77c72c80-00cd-4d6d-b6bd-53c6bea41922,788,7564,0,0,7564,0
8000,P2_LARGEST,77c72c80-00cd-4d6d-b6bd-53c6bea41922,828,7633,0,0,7633,0
8000,P2_LARGEST,77c72c80-00cd-4d6d-b6bd-53c6bea41922,1158,7685,0,0,7685,0
none,P2_LARGEST,77c72c80-00cd-4d6d-b6bd-53c6bea41922,241,5906,0,0,5906,0
none,P2_LARGEST,77c72c80-00cd-4d6d-b6bd-53c6bea41922,707,7104,0,0,7104,0
none,P2_LARGEST,77c72c80-00cd-4d6d-b6bd-53c6bea41922,788,7564,0,0,7564,0
none,P2_LARGEST,77c72c80-00cd-4d6d-b6bd-53c6bea41922,828,7633,0,0,7633,0
none,P2_LARGEST,77c72c80-00cd-4d6d-b6bd-53c6bea41922,1158,7685,0,0,7685,0
2000,P2_LARGEST,79bb9b99-04ac-448b-b9ad-26c9c5f849a6,79,9281,0,0,9281,0
2000,P2_LARGEST,79bb9b99-04ac-448b-b9ad-26c9c5f849a6,155,9785,0,0,9785,0
2000,P2_LARGEST,79bb9b99-04ac-448b-b9ad-26c9c5f849a6,224,10316,0,0,10316,0
2000,P2_LARGEST,79bb9b99-04ac-448b-b9ad-26c9c5f849a6,288,10847,0,0,10847,0
2000,P2_LARGEST,79bb9b99-04ac-448b-b9ad-26c9c5f849a6,415,11746,0,0,11746,0
2000,P2_LARGEST,79bb9b99-04ac-448b-b9ad-26c9c5f849a6,491,11866,0,0,11866,0
2000,P2_LARGEST,79bb9b99-04ac-448b-b9ad-26c9c5f849a6,554,12548,0,0,12548,0
2000,P2_LARGEST,79bb9b99-04ac-448b-b9ad-26c9c5f849a6,625,12619,0,0,12619,0
2000,P2_LARGEST,79bb9b99-04ac-448b-b9ad-26c9c5f849a6,716,14532,0,0,14532,0
2000,P2_LARGEST,79bb9b99-04ac-448b-b9ad-26c9c5f849a6,898,16094,0,0,16094,0
2000,P2_LARGEST,79bb9b99-04ac-448b-b9ad-26c9c5f849a6,989,16799,2,1872,14927,0
2000,P2_LARGEST,79bb9b99-04ac-448b-b9ad-26c9c5f849a6,1181,16590,2,1472,15118,0
2000,P2_LARGEST,79bb9b99-04ac-448b-b9ad-26c9c5f849a6,1283,15948,0,0,15948,0
2000,P2_LARGEST,79bb9b99-04ac-448b-b9ad-26c9c5f849a6,1390,17923,4,2870,15053,0
2000,P2_LARGEST,79bb9b99-04ac-448b-b9ad-26c9c5f849a6,1482,17065,2,1941,15124,0
2000,P2_LARGEST,79bb9b99-04ac-448b-b9ad-26c9c5f849a6,2363,16579,1,1202,15377,0
2000,P2_LARGEST,79bb9b99-04ac-448b-b9ad-26c9c5f849a6,2470,16257,0,0,16257,0
2000,P2_LARGEST,79bb9b99-04ac-448b-b9ad-26c9c5f849a6,2636,17490,3,2235,15255,0
2000,P2_LARGEST,79bb9b99-04ac-448b-b9ad-26c9c5f849a6,2696,16065,0,0,16065,0
2000,P2_LARGEST,79bb9b99-04ac-448b-b9ad-26c9c5f849a6,3240,16222,0,0,16222,0
2000,P2_LARGEST,79bb9b99-04ac-448b-b9ad-26c9c5f849a6,3335,17379,4,2345,15034,0
2000,P2_LARGEST,79bb9b99-04ac-448b-b9ad-26c9c5f849a6,3876,16358,0,0,16358,0
2000,P2_LARGEST,79bb9b99-04ac-448b-b9ad-26c9c5f849a6,4173,18352,6,3307,15045,0
2000,P2_LARGEST,79bb9b99-04ac-448b-b9ad-26c9c5f849a6,5384,17097,3,1934,15163,0
2000,P2_LARGEST,79bb9b99-04ac-448b-b9ad-26c9c5f849a6,5548,16396,1,1280,15116,0
2000,P2_LARGEST,79bb9b99-04ac-448b-b9ad-26c9c5f849a6,5667,16564,1,1205,15359,0
2000,P2_LARGEST,79bb9b99-04ac-448b-b9ad-26c9c5f849a6,6060,17491,4,2159,15332,0
2000,P2_LARGEST,79bb9b99-04ac-448b-b9ad-26c9c5f849a6,7648,17447,4,2395,15052,0
4000,P2_LARGEST,79bb9b99-04ac-448b-b9ad-26c9c5f849a6,79,9281,0,0,9281,0
4000,P2_LARGEST,79bb9b99-04ac-448b-b9ad-26c9c5f849a6,155,9785,0,0,9785,0
4000,P2_LARGEST,79bb9b99-04ac-448b-b9ad-26c9c5f849a6,224,10316,0,0,10316,0
4000,P2_LARGEST,79bb9b99-04ac-448b-b9ad-26c9c5f849a6,288,10847,0,0,10847,0
4000,P2_LARGEST,79bb9b99-04ac-448b-b9ad-26c9c5f849a6,415,11746,0,0,11746,0
4000,P2_LARGEST,79bb9b99-04ac-448b-b9ad-26c9c5f849a6,491,11866,0,0,11866,0
4000,P2_LARGEST,79bb9b99-04ac-448b-b9ad-26c9c5f849a6,554,12548,0,0,12548,0
4000,P2_LARGEST,79bb9b99-04ac-448b-b9ad-26c9c5f849a6,625,12619,0,0,12619,0
4000,P2_LARGEST,79bb9b99-04ac-448b-b9ad-26c9c5f849a6,716,14532,0,0,14532,0
4000,P2_LARGEST,79bb9b99-04ac-448b-b9ad-26c9c5f849a6,898,16094,0,0,16094,0
4000,P2_LARGEST,79bb9b99-04ac-448b-b9ad-26c9c5f849a6,989,16799,2,1872,14927,0
4000,P2_LARGEST,79bb9b99-04ac-448b-b9ad-26c9c5f849a6,1181,16590,2,1472,15118,0
4000,P2_LARGEST,79bb9b99-04ac-448b-b9ad-26c9c5f849a6,1283,15948,0,0,15948,0
4000,P2_LARGEST,79bb9b99-04ac-448b-b9ad-26c9c5f849a6,1390,17923,4,2870,15053,0
4000,P2_LARGEST,79bb9b99-04ac-448b-b9ad-26c9c5f849a6,1482,17065,2,1941,15124,0
4000,P2_LARGEST,79bb9b99-04ac-448b-b9ad-26c9c5f849a6,2363,16579,1,1202,15377,0
4000,P2_LARGEST,79bb9b99-04ac-448b-b9ad-26c9c5f849a6,2470,16257,0,0,16257,0
4000,P2_LARGEST,79bb9b99-04ac-448b-b9ad-26c9c5f849a6,2636,17490,3,2235,15255,0
4000,P2_LARGEST,79bb9b99-04ac-448b-b9ad-26c9c5f849a6,2696,16065,0,0,16065,0
4000,P2_LARGEST,79bb9b99-04ac-448b-b9ad-26c9c5f849a6,3240,16222,0,0,16222,0
4000,P2_LARGEST,79bb9b99-04ac-448b-b9ad-26c9c5f849a6,3335,17379,4,2345,15034,0
4000,P2_LARGEST,79bb9b99-04ac-448b-b9ad-26c9c5f849a6,3876,16358,0,0,16358,0
4000,P2_LARGEST,79bb9b99-04ac-448b-b9ad-26c9c5f849a6,4173,18352,6,3307,15045,0
4000,P2_LARGEST,79bb9b99-04ac-448b-b9ad-26c9c5f849a6,5384,17097,3,1934,15163,0
4000,P2_LARGEST,79bb9b99-04ac-448b-b9ad-26c9c5f849a6,5548,16396,1,1280,15116,0
4000,P2_LARGEST,79bb9b99-04ac-448b-b9ad-26c9c5f849a6,5667,16564,1,1205,15359,0
4000,P2_LARGEST,79bb9b99-04ac-448b-b9ad-26c9c5f849a6,6060,17491,4,2159,15332,0
4000,P2_LARGEST,79bb9b99-04ac-448b-b9ad-26c9c5f849a6,7648,20273,22,4891,15382,0
8000,P2_LARGEST,79bb9b99-04ac-448b-b9ad-26c9c5f849a6,79,9281,0,0,9281,0
8000,P2_LARGEST,79bb9b99-04ac-448b-b9ad-26c9c5f849a6,155,9785,0,0,9785,0
8000,P2_LARGEST,79bb9b99-04ac-448b-b9ad-26c9c5f849a6,224,10316,0,0,10316,0
8000,P2_LARGEST,79bb9b99-04ac-448b-b9ad-26c9c5f849a6,288,10847,0,0,10847,0
8000,P2_LARGEST,79bb9b99-04ac-448b-b9ad-26c9c5f849a6,415,11746,0,0,11746,0
8000,P2_LARGEST,79bb9b99-04ac-448b-b9ad-26c9c5f849a6,491,11866,0,0,11866,0
8000,P2_LARGEST,79bb9b99-04ac-448b-b9ad-26c9c5f849a6,554,12548,0,0,12548,0
8000,P2_LARGEST,79bb9b99-04ac-448b-b9ad-26c9c5f849a6,625,12619,0,0,12619,0
8000,P2_LARGEST,79bb9b99-04ac-448b-b9ad-26c9c5f849a6,716,14532,0,0,14532,0
8000,P2_LARGEST,79bb9b99-04ac-448b-b9ad-26c9c5f849a6,898,16094,0,0,16094,0
8000,P2_LARGEST,79bb9b99-04ac-448b-b9ad-26c9c5f849a6,989,16799,2,1872,14927,0
8000,P2_LARGEST,79bb9b99-04ac-448b-b9ad-26c9c5f849a6,1181,16590,2,1472,15118,0
8000,P2_LARGEST,79bb9b99-04ac-448b-b9ad-26c9c5f849a6,1283,15948,0,0,15948,0
8000,P2_LARGEST,79bb9b99-04ac-448b-b9ad-26c9c5f849a6,1390,17923,4,2870,15053,0
8000,P2_LARGEST,79bb9b99-04ac-448b-b9ad-26c9c5f849a6,1482,17065,2,1941,15124,0
8000,P2_LARGEST,79bb9b99-04ac-448b-b9ad-26c9c5f849a6,2363,16579,1,1202,15377,0
8000,P2_LARGEST,79bb9b99-04ac-448b-b9ad-26c9c5f849a6,2470,16257,0,0,16257,0
8000,P2_LARGEST,79bb9b99-04ac-448b-b9ad-26c9c5f849a6,2636,17490,3,2235,15255,0
8000,P2_LARGEST,79bb9b99-04ac-448b-b9ad-26c9c5f849a6,2696,16065,0,0,16065,0
8000,P2_LARGEST,79bb9b99-04ac-448b-b9ad-26c9c5f849a6,3240,16222,0,0,16222,0
8000,P2_LARGEST,79bb9b99-04ac-448b-b9ad-26c9c5f849a6,3335,17379,4,2345,15034,0
8000,P2_LARGEST,79bb9b99-04ac-448b-b9ad-26c9c5f849a6,3876,16358,0,0,16358,0
8000,P2_LARGEST,79bb9b99-04ac-448b-b9ad-26c9c5f849a6,4173,18352,6,3307,15045,0
8000,P2_LARGEST,79bb9b99-04ac-448b-b9ad-26c9c5f849a6,5384,17097,3,1934,15163,0
8000,P2_LARGEST,79bb9b99-04ac-448b-b9ad-26c9c5f849a6,5548,16396,1,1280,15116,0
8000,P2_LARGEST,79bb9b99-04ac-448b-b9ad-26c9c5f849a6,5667,16564,1,1205,15359,0
8000,P2_LARGEST,79bb9b99-04ac-448b-b9ad-26c9c5f849a6,6060,17491,4,2159,15332,0
8000,P2_LARGEST,79bb9b99-04ac-448b-b9ad-26c9c5f849a6,7648,20273,22,4891,15382,0
none,P2_LARGEST,79bb9b99-04ac-448b-b9ad-26c9c5f849a6,79,9281,0,0,9281,0
none,P2_LARGEST,79bb9b99-04ac-448b-b9ad-26c9c5f849a6,155,9785,0,0,9785,0
none,P2_LARGEST,79bb9b99-04ac-448b-b9ad-26c9c5f849a6,224,10316,0,0,10316,0
none,P2_LARGEST,79bb9b99-04ac-448b-b9ad-26c9c5f849a6,288,10847,0,0,10847,0
none,P2_LARGEST,79bb9b99-04ac-448b-b9ad-26c9c5f849a6,415,11746,0,0,11746,0
none,P2_LARGEST,79bb9b99-04ac-448b-b9ad-26c9c5f849a6,491,11866,0,0,11866,0
none,P2_LARGEST,79bb9b99-04ac-448b-b9ad-26c9c5f849a6,554,12548,0,0,12548,0
none,P2_LARGEST,79bb9b99-04ac-448b-b9ad-26c9c5f849a6,625,12619,0,0,12619,0
none,P2_LARGEST,79bb9b99-04ac-448b-b9ad-26c9c5f849a6,716,14532,0,0,14532,0
none,P2_LARGEST,79bb9b99-04ac-448b-b9ad-26c9c5f849a6,898,16094,0,0,16094,0
none,P2_LARGEST,79bb9b99-04ac-448b-b9ad-26c9c5f849a6,989,16799,2,1872,14927,0
none,P2_LARGEST,79bb9b99-04ac-448b-b9ad-26c9c5f849a6,1181,16590,2,1472,15118,0
none,P2_LARGEST,79bb9b99-04ac-448b-b9ad-26c9c5f849a6,1283,15948,0,0,15948,0
none,P2_LARGEST,79bb9b99-04ac-448b-b9ad-26c9c5f849a6,1390,26186,25,6191,19995,1
none,P2_LARGEST,79bb9b99-04ac-448b-b9ad-26c9c5f849a6,1482,22007,1,8763,13244,0
none,P2_LARGEST,79bb9b99-04ac-448b-b9ad-26c9c5f849a6,2363,14699,0,0,14699,0
none,P2_LARGEST,79bb9b99-04ac-448b-b9ad-26c9c5f849a6,2470,15579,0,0,15579,0
none,P2_LARGEST,79bb9b99-04ac-448b-b9ad-26c9c5f849a6,2636,16812,2,2544,14268,0
none,P2_LARGEST,79bb9b99-04ac-448b-b9ad-26c9c5f849a6,2696,15078,0,0,15078,0
none,P2_LARGEST,79bb9b99-04ac-448b-b9ad-26c9c5f849a6,3240,15235,0,0,15235,0
none,P2_LARGEST,79bb9b99-04ac-448b-b9ad-26c9c5f849a6,3335,16392,2,1569,14823,0
none,P2_LARGEST,79bb9b99-04ac-448b-b9ad-26c9c5f849a6,3876,16147,0,0,16147,0
none,P2_LARGEST,79bb9b99-04ac-448b-b9ad-26c9c5f849a6,4173,18141,5,3101,15040,0
none,P2_LARGEST,79bb9b99-04ac-448b-b9ad-26c9c5f849a6,5384,17092,3,1987,15105,0
none,P2_LARGEST,79bb9b99-04ac-448b-b9ad-26c9c5f849a6,5548,16338,0,0,16338,0
none,P2_LARGEST,79bb9b99-04ac-448b-b9ad-26c9c5f849a6,5667,17786,2,2485,15301,0
none,P2_LARGEST,79bb9b99-04ac-448b-b9ad-26c9c5f849a6,6060,17433,4,2399,15034,0
none,P2_LARGEST,79bb9b99-04ac-448b-b9ad-26c9c5f849a6,7648,19975,14,4653,15322,0
2000,P2_LARGEST,7a77964b-365c-46be-a5d5-0194c1c4b311,349,11497,0,0,11497,0
2000,P2_LARGEST,7a77964b-365c-46be-a5d5-0194c1c4b311,586,11865,0,0,11865,0
2000,P2_LARGEST,7a77964b-365c-46be-a5d5-0194c1c4b311,676,12080,0,0,12080,0
2000,P2_LARGEST,7a77964b-365c-46be-a5d5-0194c1c4b311,863,12180,0,0,12180,0
2000,P2_LARGEST,7a77964b-365c-46be-a5d5-0194c1c4b311,1339,12907,0,0,12907,0
2000,P2_LARGEST,7a77964b-365c-46be-a5d5-0194c1c4b311,1842,13912,0,0,13912,0
2000,P2_LARGEST,7a77964b-365c-46be-a5d5-0194c1c4b311,2419,15092,0,0,15092,0
2000,P2_LARGEST,7a77964b-365c-46be-a5d5-0194c1c4b311,2528,16694,2,1765,14929,0
2000,P2_LARGEST,7a77964b-365c-46be-a5d5-0194c1c4b311,2602,15787,0,0,15787,0
2000,P2_LARGEST,7a77964b-365c-46be-a5d5-0194c1c4b311,2743,16276,0,0,16276,0
2000,P2_LARGEST,7a77964b-365c-46be-a5d5-0194c1c4b311,2796,16417,2,1273,15144,0
2000,P2_LARGEST,7a77964b-365c-46be-a5d5-0194c1c4b311,2851,15269,0,0,15269,0
2000,P2_LARGEST,7a77964b-365c-46be-a5d5-0194c1c4b311,2936,15424,0,0,15424,0
2000,P2_LARGEST,7a77964b-365c-46be-a5d5-0194c1c4b311,3019,15586,0,0,15586,0
2000,P2_LARGEST,7a77964b-365c-46be-a5d5-0194c1c4b311,3105,15759,0,0,15759,0
2000,P2_LARGEST,7a77964b-365c-46be-a5d5-0194c1c4b311,18335,15927,0,0,15927,0
4000,P2_LARGEST,7a77964b-365c-46be-a5d5-0194c1c4b311,349,11497,0,0,11497,0
4000,P2_LARGEST,7a77964b-365c-46be-a5d5-0194c1c4b311,586,11865,0,0,11865,0
4000,P2_LARGEST,7a77964b-365c-46be-a5d5-0194c1c4b311,676,12080,0,0,12080,0
4000,P2_LARGEST,7a77964b-365c-46be-a5d5-0194c1c4b311,863,12180,0,0,12180,0
4000,P2_LARGEST,7a77964b-365c-46be-a5d5-0194c1c4b311,1339,15933,0,0,15933,0
4000,P2_LARGEST,7a77964b-365c-46be-a5d5-0194c1c4b311,1842,18826,1,3526,15300,0
4000,P2_LARGEST,7a77964b-365c-46be-a5d5-0194c1c4b311,2419,16480,1,1102,15378,0
4000,P2_LARGEST,7a77964b-365c-46be-a5d5-0194c1c4b311,2528,16980,1,2388,14592,0
4000,P2_LARGEST,7a77964b-365c-46be-a5d5-0194c1c4b311,2602,15450,0,0,15450,0
4000,P2_LARGEST,7a77964b-365c-46be-a5d5-0194c1c4b311,2743,15939,0,0,15939,0
4000,P2_LARGEST,7a77964b-365c-46be-a5d5-0194c1c4b311,2796,16080,0,0,16080,0
4000,P2_LARGEST,7a77964b-365c-46be-a5d5-0194c1c4b311,2851,16205,0,0,16205,0
4000,P2_LARGEST,7a77964b-365c-46be-a5d5-0194c1c4b311,2936,16360,0,0,16360,0
4000,P2_LARGEST,7a77964b-365c-46be-a5d5-0194c1c4b311,3019,16522,2,1395,15127,0
4000,P2_LARGEST,7a77964b-365c-46be-a5d5-0194c1c4b311,3105,15300,0,0,15300,0
4000,P2_LARGEST,7a77964b-365c-46be-a5d5-0194c1c4b311,18335,15468,0,0,15468,0
8000,P2_LARGEST,7a77964b-365c-46be-a5d5-0194c1c4b311,349,11497,0,0,11497,0
8000,P2_LARGEST,7a77964b-365c-46be-a5d5-0194c1c4b311,586,11865,0,0,11865,0
8000,P2_LARGEST,7a77964b-365c-46be-a5d5-0194c1c4b311,676,12080,0,0,12080,0
8000,P2_LARGEST,7a77964b-365c-46be-a5d5-0194c1c4b311,863,12180,0,0,12180,0
8000,P2_LARGEST,7a77964b-365c-46be-a5d5-0194c1c4b311,1339,15933,0,0,15933,0
8000,P2_LARGEST,7a77964b-365c-46be-a5d5-0194c1c4b311,1842,18826,1,3526,15300,0
8000,P2_LARGEST,7a77964b-365c-46be-a5d5-0194c1c4b311,2419,16480,1,1102,15378,0
8000,P2_LARGEST,7a77964b-365c-46be-a5d5-0194c1c4b311,2528,16980,1,2388,14592,0
8000,P2_LARGEST,7a77964b-365c-46be-a5d5-0194c1c4b311,2602,15450,0,0,15450,0
8000,P2_LARGEST,7a77964b-365c-46be-a5d5-0194c1c4b311,2743,15939,0,0,15939,0
8000,P2_LARGEST,7a77964b-365c-46be-a5d5-0194c1c4b311,2796,16080,0,0,16080,0
8000,P2_LARGEST,7a77964b-365c-46be-a5d5-0194c1c4b311,2851,16205,0,0,16205,0
8000,P2_LARGEST,7a77964b-365c-46be-a5d5-0194c1c4b311,2936,16360,0,0,16360,0
8000,P2_LARGEST,7a77964b-365c-46be-a5d5-0194c1c4b311,3019,16522,2,1395,15127,0
8000,P2_LARGEST,7a77964b-365c-46be-a5d5-0194c1c4b311,3105,15300,0,0,15300,0
8000,P2_LARGEST,7a77964b-365c-46be-a5d5-0194c1c4b311,18335,15468,0,0,15468,0
none,P2_LARGEST,7a77964b-365c-46be-a5d5-0194c1c4b311,349,11497,0,0,11497,0
none,P2_LARGEST,7a77964b-365c-46be-a5d5-0194c1c4b311,586,11865,0,0,11865,0
none,P2_LARGEST,7a77964b-365c-46be-a5d5-0194c1c4b311,676,12080,0,0,12080,0
none,P2_LARGEST,7a77964b-365c-46be-a5d5-0194c1c4b311,863,12180,0,0,12180,0
none,P2_LARGEST,7a77964b-365c-46be-a5d5-0194c1c4b311,1339,15933,0,0,15933,0
none,P2_LARGEST,7a77964b-365c-46be-a5d5-0194c1c4b311,1842,18826,1,3526,15300,0
none,P2_LARGEST,7a77964b-365c-46be-a5d5-0194c1c4b311,2419,16480,1,1102,15378,0
none,P2_LARGEST,7a77964b-365c-46be-a5d5-0194c1c4b311,2528,16980,1,2388,14592,0
none,P2_LARGEST,7a77964b-365c-46be-a5d5-0194c1c4b311,2602,15450,0,0,15450,0
none,P2_LARGEST,7a77964b-365c-46be-a5d5-0194c1c4b311,2743,15939,0,0,15939,0
none,P2_LARGEST,7a77964b-365c-46be-a5d5-0194c1c4b311,2796,16080,0,0,16080,0
none,P2_LARGEST,7a77964b-365c-46be-a5d5-0194c1c4b311,2851,16205,0,0,16205,0
none,P2_LARGEST,7a77964b-365c-46be-a5d5-0194c1c4b311,2936,16360,0,0,16360,0
none,P2_LARGEST,7a77964b-365c-46be-a5d5-0194c1c4b311,3019,16522,2,1395,15127,0
none,P2_LARGEST,7a77964b-365c-46be-a5d5-0194c1c4b311,3105,15300,0,0,15300,0
none,P2_LARGEST,7a77964b-365c-46be-a5d5-0194c1c4b311,18335,15468,0,0,15468,0
2000,P2_LARGEST,7aefbabf-5975-43c0-a6ef-dd6162e8c8d2,58,9337,0,0,9337,0
2000,P2_LARGEST,7aefbabf-5975-43c0-a6ef-dd6162e8c8d2,109,9765,0,0,9765,0
2000,P2_LARGEST,7aefbabf-5975-43c0-a6ef-dd6162e8c8d2,159,10155,0,0,10155,0
2000,P2_LARGEST,7aefbabf-5975-43c0-a6ef-dd6162e8c8d2,338,10552,0,0,10552,0
2000,P2_LARGEST,7aefbabf-5975-43c0-a6ef-dd6162e8c8d2,469,10734,0,0,10734,0
2000,P2_LARGEST,7aefbabf-5975-43c0-a6ef-dd6162e8c8d2,526,11134,0,0,11134,0
2000,P2_LARGEST,7aefbabf-5975-43c0-a6ef-dd6162e8c8d2,1012,11790,0,0,11790,0
4000,P2_LARGEST,7aefbabf-5975-43c0-a6ef-dd6162e8c8d2,58,9337,0,0,9337,0
4000,P2_LARGEST,7aefbabf-5975-43c0-a6ef-dd6162e8c8d2,109,9765,0,0,9765,0
4000,P2_LARGEST,7aefbabf-5975-43c0-a6ef-dd6162e8c8d2,159,10155,0,0,10155,0
4000,P2_LARGEST,7aefbabf-5975-43c0-a6ef-dd6162e8c8d2,338,10552,0,0,10552,0
4000,P2_LARGEST,7aefbabf-5975-43c0-a6ef-dd6162e8c8d2,469,10734,0,0,10734,0
4000,P2_LARGEST,7aefbabf-5975-43c0-a6ef-dd6162e8c8d2,526,11134,0,0,11134,0
4000,P2_LARGEST,7aefbabf-5975-43c0-a6ef-dd6162e8c8d2,1012,11790,0,0,11790,0
8000,P2_LARGEST,7aefbabf-5975-43c0-a6ef-dd6162e8c8d2,58,9337,0,0,9337,0
8000,P2_LARGEST,7aefbabf-5975-43c0-a6ef-dd6162e8c8d2,109,9765,0,0,9765,0
8000,P2_LARGEST,7aefbabf-5975-43c0-a6ef-dd6162e8c8d2,159,10155,0,0,10155,0
8000,P2_LARGEST,7aefbabf-5975-43c0-a6ef-dd6162e8c8d2,338,10552,0,0,10552,0
8000,P2_LARGEST,7aefbabf-5975-43c0-a6ef-dd6162e8c8d2,469,10734,0,0,10734,0
8000,P2_LARGEST,7aefbabf-5975-43c0-a6ef-dd6162e8c8d2,526,11134,0,0,11134,0
8000,P2_LARGEST,7aefbabf-5975-43c0-a6ef-dd6162e8c8d2,1012,11790,0,0,11790,0
none,P2_LARGEST,7aefbabf-5975-43c0-a6ef-dd6162e8c8d2,58,9337,0,0,9337,0
none,P2_LARGEST,7aefbabf-5975-43c0-a6ef-dd6162e8c8d2,109,9765,0,0,9765,0
none,P2_LARGEST,7aefbabf-5975-43c0-a6ef-dd6162e8c8d2,159,10155,0,0,10155,0
none,P2_LARGEST,7aefbabf-5975-43c0-a6ef-dd6162e8c8d2,338,10552,0,0,10552,0
none,P2_LARGEST,7aefbabf-5975-43c0-a6ef-dd6162e8c8d2,469,10734,0,0,10734,0
none,P2_LARGEST,7aefbabf-5975-43c0-a6ef-dd6162e8c8d2,526,11134,0,0,11134,0
none,P2_LARGEST,7aefbabf-5975-43c0-a6ef-dd6162e8c8d2,1012,11790,0,0,11790,0
2000,P2_LARGEST,7ce22256-b88c-4c36-afb2-3e4eb4dc067b,99,9609,0,0,9609,0
2000,P2_LARGEST,7ce22256-b88c-4c36-afb2-3e4eb4dc067b,262,12329,0,0,12329,0
2000,P2_LARGEST,7ce22256-b88c-4c36-afb2-3e4eb4dc067b,1103,14827,0,0,14827,0
2000,P2_LARGEST,7ce22256-b88c-4c36-afb2-3e4eb4dc067b,1235,15759,0,0,15759,0
2000,P2_LARGEST,7ce22256-b88c-4c36-afb2-3e4eb4dc067b,1535,16586,0,0,16586,0
2000,P2_LARGEST,7ce22256-b88c-4c36-afb2-3e4eb4dc067b,3086,17423,0,0,17423,0
2000,P2_LARGEST,7ce22256-b88c-4c36-afb2-3e4eb4dc067b,4381,20010,0,0,20010,0
2000,P2_LARGEST,7ce22256-b88c-4c36-afb2-3e4eb4dc067b,4819,22094,0,0,22094,0
2000,P2_LARGEST,7ce22256-b88c-4c36-afb2-3e4eb4dc067b,8222,24985,1,1964,23021,0
2000,P2_LARGEST,7ce22256-b88c-4c36-afb2-3e4eb4dc067b,13487,27075,3,4737,22338,0
2000,P2_LARGEST,7ce22256-b88c-4c36-afb2-3e4eb4dc067b,13698,30334,5,6817,23517,0
2000,P2_LARGEST,7ce22256-b88c-4c36-afb2-3e4eb4dc067b,14624,26644,1,5552,21092,0
2000,P2_LARGEST,7ce22256-b88c-4c36-afb2-3e4eb4dc067b,14889,22068,0,0,22068,0
2000,P2_LARGEST,7ce22256-b88c-4c36-afb2-3e4eb4dc067b,15087,22371,0,0,22371,0
2000,P2_LARGEST,7ce22256-b88c-4c36-afb2-3e4eb4dc067b,15233,22590,0,0,22590,0
2000,P2_LARGEST,7ce22256-b88c-4c36-afb2-3e4eb4dc067b,15324,22748,0,0,22748,0
2000,P2_LARGEST,7ce22256-b88c-4c36-afb2-3e4eb4dc067b,16196,25425,1,2362,23063,0
2000,P2_LARGEST,7ce22256-b88c-4c36-afb2-3e4eb4dc067b,18081,24383,0,0,24383,0
2000,P2_LARGEST,7ce22256-b88c-4c36-afb2-3e4eb4dc067b,18221,26301,2,4395,21906,0
2000,P2_LARGEST,7ce22256-b88c-4c36-afb2-3e4eb4dc067b,19082,22081,0,0,22081,0
2000,P2_LARGEST,7ce22256-b88c-4c36-afb2-3e4eb4dc067b,19232,25975,2,2802,23173,0
2000,P2_LARGEST,7ce22256-b88c-4c36-afb2-3e4eb4dc067b,19309,23352,0,0,23352,0
2000,P2_LARGEST,7ce22256-b88c-4c36-afb2-3e4eb4dc067b,19727,23508,0,0,23508,0
2000,P2_LARGEST,7ce22256-b88c-4c36-afb2-3e4eb4dc067b,20105,24069,0,0,24069,0
2000,P2_LARGEST,7ce22256-b88c-4c36-afb2-3e4eb4dc067b,20426,24582,1,2942,21640,0
2000,P2_LARGEST,7ce22256-b88c-4c36-afb2-3e4eb4dc067b,20543,22152,0,0,22152,0
2000,P2_LARGEST,7ce22256-b88c-4c36-afb2-3e4eb4dc067b,20977,22416,0,0,22416,0
2000,P2_LARGEST,7ce22256-b88c-4c36-afb2-3e4eb4dc067b,22068,23356,0,0,23356,0
2000,P2_LARGEST,7ce22256-b88c-4c36-afb2-3e4eb4dc067b,23366,24657,2,1811,22846,0
2000,P2_LARGEST,7ce22256-b88c-4c36-afb2-3e4eb4dc067b,25759,27297,5,3973,23324,0
2000,P2_LARGEST,7ce22256-b88c-4c36-afb2-3e4eb4dc067b,26079,26195,2,3891,22304,0
2000,P2_LARGEST,7ce22256-b88c-4c36-afb2-3e4eb4dc067b,26919,23081,0,0,23081,0
2000,P2_LARGEST,7ce22256-b88c-4c36-afb2-3e4eb4dc067b,27175,23951,0,0,23951,0
2000,P2_LARGEST,7ce22256-b88c-4c36-afb2-3e4eb4dc067b,27334,24245,0,0,24245,0
2000,P2_LARGEST,7ce22256-b88c-4c36-afb2-3e4eb4dc067b,27675,24487,0,0,24487,0
2000,P2_LARGEST,7ce22256-b88c-4c36-afb2-3e4eb4dc067b,27858,24849,1,2406,22443,0
2000,P2_LARGEST,7ce22256-b88c-4c36-afb2-3e4eb4dc067b,28806,22654,0,0,22654,0
2000,P2_LARGEST,7ce22256-b88c-4c36-afb2-3e4eb4dc067b,29055,26997,7,3808,23189,0
2000,P2_LARGEST,7ce22256-b88c-4c36-afb2-3e4eb4dc067b,29215,23504,0,0,23504,0
2000,P2_LARGEST,7ce22256-b88c-4c36-afb2-3e4eb4dc067b,29378,23716,0,0,23716,0
2000,P2_LARGEST,7ce22256-b88c-4c36-afb2-3e4eb4dc067b,29491,23901,0,0,23901,0
2000,P2_LARGEST,7ce22256-b88c-4c36-afb2-3e4eb4dc067b,29673,24042,0,0,24042,0
2000,P2_LARGEST,7ce22256-b88c-4c36-afb2-3e4eb4dc067b,29912,24326,0,0,24326,0
2000,P2_LARGEST,7ce22256-b88c-4c36-afb2-3e4eb4dc067b,30347,24595,1,3272,21323,0
2000,P2_LARGEST,7ce22256-b88c-4c36-afb2-3e4eb4dc067b,31891,22146,0,0,22146,0
2000,P2_LARGEST,7ce22256-b88c-4c36-afb2-3e4eb4dc067b,32088,27101,8,3777,23324,0
2000,P2_LARGEST,7ce22256-b88c-4c36-afb2-3e4eb4dc067b,34420,23715,0,0,23715,0
2000,P2_LARGEST,7ce22256-b88c-4c36-afb2-3e4eb4dc067b,35353,26320,1,3285,23035,0
2000,P2_LARGEST,7ce22256-b88c-4c36-afb2-3e4eb4dc067b,36870,24171,0,0,24171,0
4000,P2_LARGEST,7ce22256-b88c-4c36-afb2-3e4eb4dc067b,99,9609,0,0,9609,0
4000,P2_LARGEST,7ce22256-b88c-4c36-afb2-3e4eb4dc067b,262,12329,0,0,12329,0
4000,P2_LARGEST,7ce22256-b88c-4c36-afb2-3e4eb4dc067b,1103,17158,0,0,17158,0
4000,P2_LARGEST,7ce22256-b88c-4c36-afb2-3e4eb4dc067b,1235,18090,0,0,18090,0
4000,P2_LARGEST,7ce22256-b88c-4c36-afb2-3e4eb4dc067b,1535,18917,0,0,18917,0
4000,P2_LARGEST,7ce22256-b88c-4c36-afb2-3e4eb4dc067b,3086,21440,0,0,21440,0
4000,P2_LARGEST,7ce22256-b88c-4c36-afb2-3e4eb4dc067b,4381,24027,0,0,24027,0
4000,P2_LARGEST,7ce22256-b88c-4c36-afb2-3e4eb4dc067b,4819,26111,1,2831,23280,0
4000,P2_LARGEST,7ce22256-b88c-4c36-afb2-3e4eb4dc067b,8222,26171,2,4150,22021,0
4000,P2_LARGEST,7ce22256-b88c-4c36-afb2-3e4eb4dc067b,13487,26075,2,3464,22611,0
4000,P2_LARGEST,7ce22256-b88c-4c36-afb2-3e4eb4dc067b,13698,30607,5,7322,23285,0
4000,P2_LARGEST,7ce22256-b88c-4c36-afb2-3e4eb4dc067b,14624,26412,1,5552,20860,0
4000,P2_LARGEST,7ce22256-b88c-4c36-afb2-3e4eb4dc067b,14889,21836,0,0,21836,0
4000,P2_LARGEST,7ce22256-b88c-4c36-afb2-3e4eb4dc067b,15087,22139,0,0,22139,0
4000,P2_LARGEST,7ce22256-b88c-4c36-afb2-3e4eb4dc067b,15233,22358,0,0,22358,0
4000,P2_LARGEST,7ce22256-b88c-4c36-afb2-3e4eb4dc067b,15324,22516,0,0,22516,0
4000,P2_LARGEST,7ce22256-b88c-4c36-afb2-3e4eb4dc067b,16196,25193,1,2362,22831,0
4000,P2_LARGEST,7ce22256-b88c-4c36-afb2-3e4eb4dc067b,18081,24151,0,0,24151,0
4000,P2_LARGEST,7ce22256-b88c-4c36-afb2-3e4eb4dc067b,18221,26069,2,4395,21674,0
4000,P2_LARGEST,7ce22256-b88c-4c36-afb2-3e4eb4dc067b,19082,21849,0,0,21849,0
4000,P2_LARGEST,7ce22256-b88c-4c36-afb2-3e4eb4dc067b,19232,25743,2,2802,22941,0
4000,P2_LARGEST,7ce22256-b88c-4c36-afb2-3e4eb4dc067b,19309,23120,0,0,23120,0
4000,P2_LARGEST,7ce22256-b88c-4c36-afb2-3e4eb4dc067b,19727,23276,0,0,23276,0
4000,P2_LARGEST,7ce22256-b88c-4c36-afb2-3e4eb4dc067b,20105,23837,0,0,23837,0
4000,P2_LARGEST,7ce22256-b88c-4c36-afb2-3e4eb4dc067b,20426,24350,0,0,24350,0
4000,P2_LARGEST,7ce22256-b88c-4c36-afb2-3e4eb4dc067b,20543,24862,1,2942,21920,0
4000,P2_LARGEST,7ce22256-b88c-4c36-afb2-3e4eb4dc067b,20977,22184,0,0,22184,0
4000,P2_LARGEST,7ce22256-b88c-4c36-afb2-3e4eb4dc067b,22068,23124,0,0,23124,0
4000,P2_LARGEST,7ce22256-b88c-4c36-afb2-3e4eb4dc067b,23366,24425,0,0,24425,0
4000,P2_LARGEST,7ce22256-b88c-4c36-afb2-3e4eb4dc067b,25759,31368,11,8036,23332,0
4000,P2_LARGEST,7ce22256-b88c-4c36-afb2-3e4eb4dc067b,26079,26203,1,2992,23211,0
4000,P2_LARGEST,7ce22256-b88c-4c36-afb2-3e4eb4dc067b,26919,23988,0,0,23988,0
4000,P2_LARGEST,7ce22256-b88c-4c36-afb2-3e4eb4dc067b,27175,24858,1,2611,22247,0
4000,P2_LARGEST,7ce22256-b88c-4c36-afb2-3e4eb4dc067b,27334,22541,0,0,22541,0
4000,P2_LARGEST,7ce22256-b88c-4c36-afb2-3e4eb4dc067b,27675,22783,0,0,22783,0
4000,P2_LARGEST,7ce22256-b88c-4c36-afb2-3e4eb4dc067b,27858,23145,0,0,23145,0
4000,P2_LARGEST,7ce22256-b88c-4c36-afb2-3e4eb4dc067b,28806,23356,0,0,23356,0
4000,P2_LARGEST,7ce22256-b88c-4c36-afb2-3e4eb4dc067b,29055,27699,3,4510,23189,0
4000,P2_LARGEST,7ce22256-b88c-4c36-afb2-3e4eb4dc067b,29215,23504,0,0,23504,0
4000,P2_LARGEST,7ce22256-b88c-4c36-afb2-3e4eb4dc067b,29378,23716,0,0,23716,0
4000,P2_LARGEST,7ce22256-b88c-4c36-afb2-3e4eb4dc067b,29491,23901,0,0,23901,0
4000,P2_LARGEST,7ce22256-b88c-4c36-afb2-3e4eb4dc067b,29673,24042,0,0,24042,0
4000,P2_LARGEST,7ce22256-b88c-4c36-afb2-3e4eb4dc067b,29912,24326,0,0,24326,0
4000,P2_LARGEST,7ce22256-b88c-4c36-afb2-3e4eb4dc067b,30347,24595,1,3272,21323,0
4000,P2_LARGEST,7ce22256-b88c-4c36-afb2-3e4eb4dc067b,31891,22146,0,0,22146,0
4000,P2_LARGEST,7ce22256-b88c-4c36-afb2-3e4eb4dc067b,32088,27101,8,3777,23324,0
4000,P2_LARGEST,7ce22256-b88c-4c36-afb2-3e4eb4dc067b,34420,23715,0,0,23715,0
4000,P2_LARGEST,7ce22256-b88c-4c36-afb2-3e4eb4dc067b,35353,26320,1,3285,23035,0
4000,P2_LARGEST,7ce22256-b88c-4c36-afb2-3e4eb4dc067b,36870,24171,0,0,24171,0
8000,P2_LARGEST,7ce22256-b88c-4c36-afb2-3e4eb4dc067b,99,9609,0,0,9609,0
8000,P2_LARGEST,7ce22256-b88c-4c36-afb2-3e4eb4dc067b,262,12329,0,0,12329,0
8000,P2_LARGEST,7ce22256-b88c-4c36-afb2-3e4eb4dc067b,1103,17158,0,0,17158,0
8000,P2_LARGEST,7ce22256-b88c-4c36-afb2-3e4eb4dc067b,1235,18090,0,0,18090,0
8000,P2_LARGEST,7ce22256-b88c-4c36-afb2-3e4eb4dc067b,1535,18917,0,0,18917,0
8000,P2_LARGEST,7ce22256-b88c-4c36-afb2-3e4eb4dc067b,3086,21440,0,0,21440,0
8000,P2_LARGEST,7ce22256-b88c-4c36-afb2-3e4eb4dc067b,4381,24027,0,0,24027,0
8000,P2_LARGEST,7ce22256-b88c-4c36-afb2-3e4eb4dc067b,4819,26111,1,2831,23280,0
8000,P2_LARGEST,7ce22256-b88c-4c36-afb2-3e4eb4dc067b,8222,26171,2,4150,22021,0
8000,P2_LARGEST,7ce22256-b88c-4c36-afb2-3e4eb4dc067b,13487,26075,2,3464,22611,0
8000,P2_LARGEST,7ce22256-b88c-4c36-afb2-3e4eb4dc067b,13698,30607,5,7322,23285,0
8000,P2_LARGEST,7ce22256-b88c-4c36-afb2-3e4eb4dc067b,14624,26412,1,5552,20860,0
8000,P2_LARGEST,7ce22256-b88c-4c36-afb2-3e4eb4dc067b,14889,21836,0,0,21836,0
8000,P2_LARGEST,7ce22256-b88c-4c36-afb2-3e4eb4dc067b,15087,22139,0,0,22139,0
8000,P2_LARGEST,7ce22256-b88c-4c36-afb2-3e4eb4dc067b,15233,22358,0,0,22358,0
8000,P2_LARGEST,7ce22256-b88c-4c36-afb2-3e4eb4dc067b,15324,22516,0,0,22516,0
8000,P2_LARGEST,7ce22256-b88c-4c36-afb2-3e4eb4dc067b,16196,25193,1,2362,22831,0
8000,P2_LARGEST,7ce22256-b88c-4c36-afb2-3e4eb4dc067b,18081,24151,0,0,24151,0
8000,P2_LARGEST,7ce22256-b88c-4c36-afb2-3e4eb4dc067b,18221,26069,2,4395,21674,0
8000,P2_LARGEST,7ce22256-b88c-4c36-afb2-3e4eb4dc067b,19082,21849,0,0,21849,0
8000,P2_LARGEST,7ce22256-b88c-4c36-afb2-3e4eb4dc067b,19232,25743,2,2802,22941,0
8000,P2_LARGEST,7ce22256-b88c-4c36-afb2-3e4eb4dc067b,19309,23120,0,0,23120,0
8000,P2_LARGEST,7ce22256-b88c-4c36-afb2-3e4eb4dc067b,19727,23276,0,0,23276,0
8000,P2_LARGEST,7ce22256-b88c-4c36-afb2-3e4eb4dc067b,20105,23837,0,0,23837,0
8000,P2_LARGEST,7ce22256-b88c-4c36-afb2-3e4eb4dc067b,20426,24350,0,0,24350,0
8000,P2_LARGEST,7ce22256-b88c-4c36-afb2-3e4eb4dc067b,20543,24862,1,2942,21920,0
8000,P2_LARGEST,7ce22256-b88c-4c36-afb2-3e4eb4dc067b,20977,22184,0,0,22184,0
8000,P2_LARGEST,7ce22256-b88c-4c36-afb2-3e4eb4dc067b,22068,23124,0,0,23124,0
8000,P2_LARGEST,7ce22256-b88c-4c36-afb2-3e4eb4dc067b,23366,24425,0,0,24425,0
8000,P2_LARGEST,7ce22256-b88c-4c36-afb2-3e4eb4dc067b,25759,31368,11,8036,23332,0
8000,P2_LARGEST,7ce22256-b88c-4c36-afb2-3e4eb4dc067b,26079,26203,1,2992,23211,0
8000,P2_LARGEST,7ce22256-b88c-4c36-afb2-3e4eb4dc067b,26919,23988,0,0,23988,0
8000,P2_LARGEST,7ce22256-b88c-4c36-afb2-3e4eb4dc067b,27175,24858,1,2611,22247,0
8000,P2_LARGEST,7ce22256-b88c-4c36-afb2-3e4eb4dc067b,27334,22541,0,0,22541,0
8000,P2_LARGEST,7ce22256-b88c-4c36-afb2-3e4eb4dc067b,27675,22783,0,0,22783,0
8000,P2_LARGEST,7ce22256-b88c-4c36-afb2-3e4eb4dc067b,27858,23145,0,0,23145,0
8000,P2_LARGEST,7ce22256-b88c-4c36-afb2-3e4eb4dc067b,28806,23356,0,0,23356,0
8000,P2_LARGEST,7ce22256-b88c-4c36-afb2-3e4eb4dc067b,29055,27699,3,4510,23189,0
8000,P2_LARGEST,7ce22256-b88c-4c36-afb2-3e4eb4dc067b,29215,23504,0,0,23504,0
8000,P2_LARGEST,7ce22256-b88c-4c36-afb2-3e4eb4dc067b,29378,23716,0,0,23716,0
8000,P2_LARGEST,7ce22256-b88c-4c36-afb2-3e4eb4dc067b,29491,23901,0,0,23901,0
8000,P2_LARGEST,7ce22256-b88c-4c36-afb2-3e4eb4dc067b,29673,24042,0,0,24042,0
8000,P2_LARGEST,7ce22256-b88c-4c36-afb2-3e4eb4dc067b,29912,24326,0,0,24326,0
8000,P2_LARGEST,7ce22256-b88c-4c36-afb2-3e4eb4dc067b,30347,24595,1,3272,21323,0
8000,P2_LARGEST,7ce22256-b88c-4c36-afb2-3e4eb4dc067b,31891,22146,0,0,22146,0
8000,P2_LARGEST,7ce22256-b88c-4c36-afb2-3e4eb4dc067b,32088,27101,8,3777,23324,0
8000,P2_LARGEST,7ce22256-b88c-4c36-afb2-3e4eb4dc067b,34420,23715,0,0,23715,0
8000,P2_LARGEST,7ce22256-b88c-4c36-afb2-3e4eb4dc067b,35353,26320,1,3285,23035,0
8000,P2_LARGEST,7ce22256-b88c-4c36-afb2-3e4eb4dc067b,36870,24171,0,0,24171,0
none,P2_LARGEST,7ce22256-b88c-4c36-afb2-3e4eb4dc067b,99,9609,0,0,9609,0
none,P2_LARGEST,7ce22256-b88c-4c36-afb2-3e4eb4dc067b,262,12329,0,0,12329,0
none,P2_LARGEST,7ce22256-b88c-4c36-afb2-3e4eb4dc067b,1103,17158,0,0,17158,0
none,P2_LARGEST,7ce22256-b88c-4c36-afb2-3e4eb4dc067b,1235,18090,0,0,18090,0
none,P2_LARGEST,7ce22256-b88c-4c36-afb2-3e4eb4dc067b,1535,18917,0,0,18917,0
none,P2_LARGEST,7ce22256-b88c-4c36-afb2-3e4eb4dc067b,3086,21440,0,0,21440,0
none,P2_LARGEST,7ce22256-b88c-4c36-afb2-3e4eb4dc067b,4381,24027,0,0,24027,0
none,P2_LARGEST,7ce22256-b88c-4c36-afb2-3e4eb4dc067b,4819,26111,1,2831,23280,0
none,P2_LARGEST,7ce22256-b88c-4c36-afb2-3e4eb4dc067b,8222,26171,2,4150,22021,0
none,P2_LARGEST,7ce22256-b88c-4c36-afb2-3e4eb4dc067b,13487,26075,2,3464,22611,0
none,P2_LARGEST,7ce22256-b88c-4c36-afb2-3e4eb4dc067b,13698,30607,5,7322,23285,0
none,P2_LARGEST,7ce22256-b88c-4c36-afb2-3e4eb4dc067b,14624,26412,1,5552,20860,0
none,P2_LARGEST,7ce22256-b88c-4c36-afb2-3e4eb4dc067b,14889,21836,0,0,21836,0
none,P2_LARGEST,7ce22256-b88c-4c36-afb2-3e4eb4dc067b,15087,22139,0,0,22139,0
none,P2_LARGEST,7ce22256-b88c-4c36-afb2-3e4eb4dc067b,15233,22358,0,0,22358,0
none,P2_LARGEST,7ce22256-b88c-4c36-afb2-3e4eb4dc067b,15324,22516,0,0,22516,0
none,P2_LARGEST,7ce22256-b88c-4c36-afb2-3e4eb4dc067b,16196,25193,1,2362,22831,0
none,P2_LARGEST,7ce22256-b88c-4c36-afb2-3e4eb4dc067b,18081,24151,0,0,24151,0
none,P2_LARGEST,7ce22256-b88c-4c36-afb2-3e4eb4dc067b,18221,26069,2,4395,21674,0
none,P2_LARGEST,7ce22256-b88c-4c36-afb2-3e4eb4dc067b,19082,21849,0,0,21849,0
none,P2_LARGEST,7ce22256-b88c-4c36-afb2-3e4eb4dc067b,19232,25743,2,2802,22941,0
none,P2_LARGEST,7ce22256-b88c-4c36-afb2-3e4eb4dc067b,19309,23120,0,0,23120,0
none,P2_LARGEST,7ce22256-b88c-4c36-afb2-3e4eb4dc067b,19727,23276,0,0,23276,0
none,P2_LARGEST,7ce22256-b88c-4c36-afb2-3e4eb4dc067b,20105,23837,0,0,23837,0
none,P2_LARGEST,7ce22256-b88c-4c36-afb2-3e4eb4dc067b,20426,24350,0,0,24350,0
none,P2_LARGEST,7ce22256-b88c-4c36-afb2-3e4eb4dc067b,20543,24862,1,2942,21920,0
none,P2_LARGEST,7ce22256-b88c-4c36-afb2-3e4eb4dc067b,20977,22184,0,0,22184,0
none,P2_LARGEST,7ce22256-b88c-4c36-afb2-3e4eb4dc067b,22068,23124,0,0,23124,0
none,P2_LARGEST,7ce22256-b88c-4c36-afb2-3e4eb4dc067b,23366,24425,0,0,24425,0
none,P2_LARGEST,7ce22256-b88c-4c36-afb2-3e4eb4dc067b,25759,31368,11,8036,23332,0
none,P2_LARGEST,7ce22256-b88c-4c36-afb2-3e4eb4dc067b,26079,26203,1,2992,23211,0
none,P2_LARGEST,7ce22256-b88c-4c36-afb2-3e4eb4dc067b,26919,23988,0,0,23988,0
none,P2_LARGEST,7ce22256-b88c-4c36-afb2-3e4eb4dc067b,27175,24858,1,2611,22247,0
none,P2_LARGEST,7ce22256-b88c-4c36-afb2-3e4eb4dc067b,27334,22541,0,0,22541,0
none,P2_LARGEST,7ce22256-b88c-4c36-afb2-3e4eb4dc067b,27675,22783,0,0,22783,0
none,P2_LARGEST,7ce22256-b88c-4c36-afb2-3e4eb4dc067b,27858,23145,0,0,23145,0
none,P2_LARGEST,7ce22256-b88c-4c36-afb2-3e4eb4dc067b,28806,23356,0,0,23356,0
none,P2_LARGEST,7ce22256-b88c-4c36-afb2-3e4eb4dc067b,29055,27699,3,4510,23189,0
none,P2_LARGEST,7ce22256-b88c-4c36-afb2-3e4eb4dc067b,29215,23504,0,0,23504,0
none,P2_LARGEST,7ce22256-b88c-4c36-afb2-3e4eb4dc067b,29378,23716,0,0,23716,0
none,P2_LARGEST,7ce22256-b88c-4c36-afb2-3e4eb4dc067b,29491,23901,0,0,23901,0
none,P2_LARGEST,7ce22256-b88c-4c36-afb2-3e4eb4dc067b,29673,24042,0,0,24042,0
none,P2_LARGEST,7ce22256-b88c-4c36-afb2-3e4eb4dc067b,29912,24326,0,0,24326,0
none,P2_LARGEST,7ce22256-b88c-4c36-afb2-3e4eb4dc067b,30347,24595,1,3272,21323,0
none,P2_LARGEST,7ce22256-b88c-4c36-afb2-3e4eb4dc067b,31891,22146,0,0,22146,0
none,P2_LARGEST,7ce22256-b88c-4c36-afb2-3e4eb4dc067b,32088,27101,8,3777,23324,0
none,P2_LARGEST,7ce22256-b88c-4c36-afb2-3e4eb4dc067b,34420,23715,0,0,23715,0
none,P2_LARGEST,7ce22256-b88c-4c36-afb2-3e4eb4dc067b,35353,26320,1,3285,23035,0
none,P2_LARGEST,7ce22256-b88c-4c36-afb2-3e4eb4dc067b,36870,24171,0,0,24171,0
2000,P2_LARGEST,7e128ce3-2160-4bfc-a4d4-95900b3ea7cd,15,6849,0,0,6849,0
2000,P2_LARGEST,7e128ce3-2160-4bfc-a4d4-95900b3ea7cd,20,8382,0,0,8382,0
4000,P2_LARGEST,7e128ce3-2160-4bfc-a4d4-95900b3ea7cd,15,6849,0,0,6849,0
4000,P2_LARGEST,7e128ce3-2160-4bfc-a4d4-95900b3ea7cd,20,8382,0,0,8382,0
8000,P2_LARGEST,7e128ce3-2160-4bfc-a4d4-95900b3ea7cd,15,6849,0,0,6849,0
8000,P2_LARGEST,7e128ce3-2160-4bfc-a4d4-95900b3ea7cd,20,8382,0,0,8382,0
none,P2_LARGEST,7e128ce3-2160-4bfc-a4d4-95900b3ea7cd,15,6849,0,0,6849,0
none,P2_LARGEST,7e128ce3-2160-4bfc-a4d4-95900b3ea7cd,20,8382,0,0,8382,0
2000,P2_LARGEST,8011dfd1-66f7-4126-86e4-02e35234af07,15,6853,0,0,6853,0
2000,P2_LARGEST,8011dfd1-66f7-4126-86e4-02e35234af07,20,7941,0,0,7941,0
4000,P2_LARGEST,8011dfd1-66f7-4126-86e4-02e35234af07,15,6853,0,0,6853,0
4000,P2_LARGEST,8011dfd1-66f7-4126-86e4-02e35234af07,20,7941,0,0,7941,0
8000,P2_LARGEST,8011dfd1-66f7-4126-86e4-02e35234af07,15,6853,0,0,6853,0
8000,P2_LARGEST,8011dfd1-66f7-4126-86e4-02e35234af07,20,7941,0,0,7941,0
none,P2_LARGEST,8011dfd1-66f7-4126-86e4-02e35234af07,15,6853,0,0,6853,0
none,P2_LARGEST,8011dfd1-66f7-4126-86e4-02e35234af07,20,7941,0,0,7941,0
2000,P2_LARGEST,82738181-1ed8-4c85-8d90-e075b2781d69,297,9000,0,0,9000,0
2000,P2_LARGEST,82738181-1ed8-4c85-8d90-e075b2781d69,382,9333,0,0,9333,0
2000,P2_LARGEST,82738181-1ed8-4c85-8d90-e075b2781d69,427,9427,0,0,9427,0
2000,P2_LARGEST,82738181-1ed8-4c85-8d90-e075b2781d69,460,9480,0,0,9480,0
2000,P2_LARGEST,82738181-1ed8-4c85-8d90-e075b2781d69,563,9731,0,0,9731,0
2000,P2_LARGEST,82738181-1ed8-4c85-8d90-e075b2781d69,1181,10990,0,0,10990,0
2000,P2_LARGEST,82738181-1ed8-4c85-8d90-e075b2781d69,1331,11620,0,0,11620,0
2000,P2_LARGEST,82738181-1ed8-4c85-8d90-e075b2781d69,1772,12441,0,0,12441,0
2000,P2_LARGEST,82738181-1ed8-4c85-8d90-e075b2781d69,2110,12878,0,0,12878,0
2000,P2_LARGEST,82738181-1ed8-4c85-8d90-e075b2781d69,2566,13228,0,0,13228,0
4000,P2_LARGEST,82738181-1ed8-4c85-8d90-e075b2781d69,297,9000,0,0,9000,0
4000,P2_LARGEST,82738181-1ed8-4c85-8d90-e075b2781d69,382,9333,0,0,9333,0
4000,P2_LARGEST,82738181-1ed8-4c85-8d90-e075b2781d69,427,9427,0,0,9427,0
4000,P2_LARGEST,82738181-1ed8-4c85-8d90-e075b2781d69,460,9480,0,0,9480,0
4000,P2_LARGEST,82738181-1ed8-4c85-8d90-e075b2781d69,563,9731,0,0,9731,0
4000,P2_LARGEST,82738181-1ed8-4c85-8d90-e075b2781d69,1181,10990,0,0,10990,0
4000,P2_LARGEST,82738181-1ed8-4c85-8d90-e075b2781d69,1331,11620,0,0,11620,0
4000,P2_LARGEST,82738181-1ed8-4c85-8d90-e075b2781d69,1772,12441,0,0,12441,0
4000,P2_LARGEST,82738181-1ed8-4c85-8d90-e075b2781d69,2110,12878,0,0,12878,0
4000,P2_LARGEST,82738181-1ed8-4c85-8d90-e075b2781d69,2566,13228,0,0,13228,0
8000,P2_LARGEST,82738181-1ed8-4c85-8d90-e075b2781d69,297,9000,0,0,9000,0
8000,P2_LARGEST,82738181-1ed8-4c85-8d90-e075b2781d69,382,9333,0,0,9333,0
8000,P2_LARGEST,82738181-1ed8-4c85-8d90-e075b2781d69,427,9427,0,0,9427,0
8000,P2_LARGEST,82738181-1ed8-4c85-8d90-e075b2781d69,460,9480,0,0,9480,0
8000,P2_LARGEST,82738181-1ed8-4c85-8d90-e075b2781d69,563,9731,0,0,9731,0
8000,P2_LARGEST,82738181-1ed8-4c85-8d90-e075b2781d69,1181,10990,0,0,10990,0
8000,P2_LARGEST,82738181-1ed8-4c85-8d90-e075b2781d69,1331,11620,0,0,11620,0
8000,P2_LARGEST,82738181-1ed8-4c85-8d90-e075b2781d69,1772,12441,0,0,12441,0
8000,P2_LARGEST,82738181-1ed8-4c85-8d90-e075b2781d69,2110,12878,0,0,12878,0
8000,P2_LARGEST,82738181-1ed8-4c85-8d90-e075b2781d69,2566,13228,0,0,13228,0
none,P2_LARGEST,82738181-1ed8-4c85-8d90-e075b2781d69,297,9000,0,0,9000,0
none,P2_LARGEST,82738181-1ed8-4c85-8d90-e075b2781d69,382,9333,0,0,9333,0
none,P2_LARGEST,82738181-1ed8-4c85-8d90-e075b2781d69,427,9427,0,0,9427,0
none,P2_LARGEST,82738181-1ed8-4c85-8d90-e075b2781d69,460,9480,0,0,9480,0
none,P2_LARGEST,82738181-1ed8-4c85-8d90-e075b2781d69,563,9731,0,0,9731,0
none,P2_LARGEST,82738181-1ed8-4c85-8d90-e075b2781d69,1181,10990,0,0,10990,0
none,P2_LARGEST,82738181-1ed8-4c85-8d90-e075b2781d69,1331,11620,0,0,11620,0
none,P2_LARGEST,82738181-1ed8-4c85-8d90-e075b2781d69,1772,12441,0,0,12441,0
none,P2_LARGEST,82738181-1ed8-4c85-8d90-e075b2781d69,2110,12878,0,0,12878,0
none,P2_LARGEST,82738181-1ed8-4c85-8d90-e075b2781d69,2566,13228,0,0,13228,0
2000,P2_LARGEST,83065097-f116-43fa-93a0-bcaaccbcfc66,1715,11120,0,0,11120,0
2000,P2_LARGEST,83065097-f116-43fa-93a0-bcaaccbcfc66,2647,12816,0,0,12816,0
4000,P2_LARGEST,83065097-f116-43fa-93a0-bcaaccbcfc66,1715,11120,0,0,11120,0
4000,P2_LARGEST,83065097-f116-43fa-93a0-bcaaccbcfc66,2647,12816,0,0,12816,0
8000,P2_LARGEST,83065097-f116-43fa-93a0-bcaaccbcfc66,1715,11120,0,0,11120,0
8000,P2_LARGEST,83065097-f116-43fa-93a0-bcaaccbcfc66,2647,12816,0,0,12816,0
none,P2_LARGEST,83065097-f116-43fa-93a0-bcaaccbcfc66,1715,11120,0,0,11120,0
none,P2_LARGEST,83065097-f116-43fa-93a0-bcaaccbcfc66,2647,12816,0,0,12816,0
2000,P2_LARGEST,8449232f-54a1-4646-bd43-6e19bef308a4,438,7877,0,0,7877,0
4000,P2_LARGEST,8449232f-54a1-4646-bd43-6e19bef308a4,438,7877,0,0,7877,0
8000,P2_LARGEST,8449232f-54a1-4646-bd43-6e19bef308a4,438,7877,0,0,7877,0
none,P2_LARGEST,8449232f-54a1-4646-bd43-6e19bef308a4,438,7877,0,0,7877,0
2000,P2_LARGEST,85c2ab22-dcdb-4945-bfab-464310e63791,84,6521,0,0,6521,0
2000,P2_LARGEST,85c2ab22-dcdb-4945-bfab-464310e63791,263,6613,0,0,6613,0
4000,P2_LARGEST,85c2ab22-dcdb-4945-bfab-464310e63791,84,6521,0,0,6521,0
4000,P2_LARGEST,85c2ab22-dcdb-4945-bfab-464310e63791,263,6613,0,0,6613,0
8000,P2_LARGEST,85c2ab22-dcdb-4945-bfab-464310e63791,84,6521,0,0,6521,0
8000,P2_LARGEST,85c2ab22-dcdb-4945-bfab-464310e63791,263,6613,0,0,6613,0
none,P2_LARGEST,85c2ab22-dcdb-4945-bfab-464310e63791,84,6521,0,0,6521,0
none,P2_LARGEST,85c2ab22-dcdb-4945-bfab-464310e63791,263,6613,0,0,6613,0
2000,P2_LARGEST,85c826e4-e999-403d-8077-35a068f3719c,132,9002,0,0,9002,0
2000,P2_LARGEST,85c826e4-e999-403d-8077-35a068f3719c,242,9170,0,0,9170,0
2000,P2_LARGEST,85c826e4-e999-403d-8077-35a068f3719c,318,9325,0,0,9325,0
2000,P2_LARGEST,85c826e4-e999-403d-8077-35a068f3719c,889,9902,0,0,9902,0
2000,P2_LARGEST,85c826e4-e999-403d-8077-35a068f3719c,1638,10468,0,0,10468,0
2000,P2_LARGEST,85c826e4-e999-403d-8077-35a068f3719c,2000,11210,0,0,11210,0
2000,P2_LARGEST,85c826e4-e999-403d-8077-35a068f3719c,2684,11569,0,0,11569,0
2000,P2_LARGEST,85c826e4-e999-403d-8077-35a068f3719c,3039,12631,0,0,12631,0
2000,P2_LARGEST,85c826e4-e999-403d-8077-35a068f3719c,3266,13495,0,0,13495,0
2000,P2_LARGEST,85c826e4-e999-403d-8077-35a068f3719c,3568,14349,0,0,14349,0
2000,P2_LARGEST,85c826e4-e999-403d-8077-35a068f3719c,4029,15163,0,0,15163,0
4000,P2_LARGEST,85c826e4-e999-403d-8077-35a068f3719c,132,9002,0,0,9002,0
4000,P2_LARGEST,85c826e4-e999-403d-8077-35a068f3719c,242,9170,0,0,9170,0
4000,P2_LARGEST,85c826e4-e999-403d-8077-35a068f3719c,318,9325,0,0,9325,0
4000,P2_LARGEST,85c826e4-e999-403d-8077-35a068f3719c,889,9902,0,0,9902,0
4000,P2_LARGEST,85c826e4-e999-403d-8077-35a068f3719c,1638,10468,0,0,10468,0
4000,P2_LARGEST,85c826e4-e999-403d-8077-35a068f3719c,2000,11210,0,0,11210,0
4000,P2_LARGEST,85c826e4-e999-403d-8077-35a068f3719c,2684,11569,0,0,11569,0
4000,P2_LARGEST,85c826e4-e999-403d-8077-35a068f3719c,3039,12631,0,0,12631,0
4000,P2_LARGEST,85c826e4-e999-403d-8077-35a068f3719c,3266,13495,0,0,13495,0
4000,P2_LARGEST,85c826e4-e999-403d-8077-35a068f3719c,3568,14349,0,0,14349,0
4000,P2_LARGEST,85c826e4-e999-403d-8077-35a068f3719c,4029,15163,0,0,15163,0
8000,P2_LARGEST,85c826e4-e999-403d-8077-35a068f3719c,132,9002,0,0,9002,0
8000,P2_LARGEST,85c826e4-e999-403d-8077-35a068f3719c,242,9170,0,0,9170,0
8000,P2_LARGEST,85c826e4-e999-403d-8077-35a068f3719c,318,9325,0,0,9325,0
8000,P2_LARGEST,85c826e4-e999-403d-8077-35a068f3719c,889,9902,0,0,9902,0
8000,P2_LARGEST,85c826e4-e999-403d-8077-35a068f3719c,1638,10468,0,0,10468,0
8000,P2_LARGEST,85c826e4-e999-403d-8077-35a068f3719c,2000,11210,0,0,11210,0
8000,P2_LARGEST,85c826e4-e999-403d-8077-35a068f3719c,2684,11569,0,0,11569,0
8000,P2_LARGEST,85c826e4-e999-403d-8077-35a068f3719c,3039,12631,0,0,12631,0
8000,P2_LARGEST,85c826e4-e999-403d-8077-35a068f3719c,3266,13495,0,0,13495,0
8000,P2_LARGEST,85c826e4-e999-403d-8077-35a068f3719c,3568,14349,0,0,14349,0
8000,P2_LARGEST,85c826e4-e999-403d-8077-35a068f3719c,4029,15163,0,0,15163,0
none,P2_LARGEST,85c826e4-e999-403d-8077-35a068f3719c,132,9002,0,0,9002,0
none,P2_LARGEST,85c826e4-e999-403d-8077-35a068f3719c,242,9170,0,0,9170,0
none,P2_LARGEST,85c826e4-e999-403d-8077-35a068f3719c,318,9325,0,0,9325,0
none,P2_LARGEST,85c826e4-e999-403d-8077-35a068f3719c,889,9902,0,0,9902,0
none,P2_LARGEST,85c826e4-e999-403d-8077-35a068f3719c,1638,10468,0,0,10468,0
none,P2_LARGEST,85c826e4-e999-403d-8077-35a068f3719c,2000,11210,0,0,11210,0
none,P2_LARGEST,85c826e4-e999-403d-8077-35a068f3719c,2684,11569,0,0,11569,0
none,P2_LARGEST,85c826e4-e999-403d-8077-35a068f3719c,3039,12631,0,0,12631,0
none,P2_LARGEST,85c826e4-e999-403d-8077-35a068f3719c,3266,13495,0,0,13495,0
none,P2_LARGEST,85c826e4-e999-403d-8077-35a068f3719c,3568,14349,0,0,14349,0
none,P2_LARGEST,85c826e4-e999-403d-8077-35a068f3719c,4029,15163,0,0,15163,0
2000,P2_LARGEST,878c34bb-316b-47d5-bc56-a342248d09f7,83,1196,0,0,1196,0
2000,P2_LARGEST,878c34bb-316b-47d5-bc56-a342248d09f7,357,1435,0,0,1435,0
2000,P2_LARGEST,878c34bb-316b-47d5-bc56-a342248d09f7,1243,3641,0,0,3641,0
2000,P2_LARGEST,878c34bb-316b-47d5-bc56-a342248d09f7,2134,4815,0,0,4815,0
4000,P2_LARGEST,878c34bb-316b-47d5-bc56-a342248d09f7,83,1196,0,0,1196,0
4000,P2_LARGEST,878c34bb-316b-47d5-bc56-a342248d09f7,357,1435,0,0,1435,0
4000,P2_LARGEST,878c34bb-316b-47d5-bc56-a342248d09f7,1243,3641,0,0,3641,0
4000,P2_LARGEST,878c34bb-316b-47d5-bc56-a342248d09f7,2134,4815,0,0,4815,0
8000,P2_LARGEST,878c34bb-316b-47d5-bc56-a342248d09f7,83,1196,0,0,1196,0
8000,P2_LARGEST,878c34bb-316b-47d5-bc56-a342248d09f7,357,1435,0,0,1435,0
8000,P2_LARGEST,878c34bb-316b-47d5-bc56-a342248d09f7,1243,3641,0,0,3641,0
8000,P2_LARGEST,878c34bb-316b-47d5-bc56-a342248d09f7,2134,4815,0,0,4815,0
none,P2_LARGEST,878c34bb-316b-47d5-bc56-a342248d09f7,83,1196,0,0,1196,0
none,P2_LARGEST,878c34bb-316b-47d5-bc56-a342248d09f7,357,1435,0,0,1435,0
none,P2_LARGEST,878c34bb-316b-47d5-bc56-a342248d09f7,1243,3641,0,0,3641,0
none,P2_LARGEST,878c34bb-316b-47d5-bc56-a342248d09f7,2134,4815,0,0,4815,0
2000,P2_LARGEST,87c9c6a5-3262-49e1-9685-29214b3beea9,68,9000,0,0,9000,0
2000,P2_LARGEST,87c9c6a5-3262-49e1-9685-29214b3beea9,115,9104,0,0,9104,0
2000,P2_LARGEST,87c9c6a5-3262-49e1-9685-29214b3beea9,166,9161,0,0,9161,0
2000,P2_LARGEST,87c9c6a5-3262-49e1-9685-29214b3beea9,228,9223,0,0,9223,0
2000,P2_LARGEST,87c9c6a5-3262-49e1-9685-29214b3beea9,362,9516,0,0,9516,0
2000,P2_LARGEST,87c9c6a5-3262-49e1-9685-29214b3beea9,524,9695,0,0,9695,0
2000,P2_LARGEST,87c9c6a5-3262-49e1-9685-29214b3beea9,836,9869,0,0,9869,0
2000,P2_LARGEST,87c9c6a5-3262-49e1-9685-29214b3beea9,988,10175,0,0,10175,0
2000,P2_LARGEST,87c9c6a5-3262-49e1-9685-29214b3beea9,1078,10328,0,0,10328,0
2000,P2_LARGEST,87c9c6a5-3262-49e1-9685-29214b3beea9,1243,10447,0,0,10447,0
2000,P2_LARGEST,87c9c6a5-3262-49e1-9685-29214b3beea9,1333,10613,0,0,10613,0
2000,P2_LARGEST,87c9c6a5-3262-49e1-9685-29214b3beea9,1592,10859,0,0,10859,0
2000,P2_LARGEST,87c9c6a5-3262-49e1-9685-29214b3beea9,1927,12751,0,0,12751,0
2000,P2_LARGEST,87c9c6a5-3262-49e1-9685-29214b3beea9,2422,13626,0,0,13626,0
2000,P2_LARGEST,87c9c6a5-3262-49e1-9685-29214b3beea9,2930,15481,0,0,15481,0
2000,P2_LARGEST,87c9c6a5-3262-49e1-9685-29214b3beea9,3146,15990,0,0,15990,0
2000,P2_LARGEST,87c9c6a5-3262-49e1-9685-29214b3beea9,3444,16207,0,0,16207,0
2000,P2_LARGEST,87c9c6a5-3262-49e1-9685-29214b3beea9,3632,16545,0,0,16545,0
2000,P2_LARGEST,87c9c6a5-3262-49e1-9685-29214b3beea9,4096,16767,0,0,16767,0
2000,P2_LARGEST,87c9c6a5-3262-49e1-9685-29214b3beea9,4309,17327,0,0,17327,0
2000,P2_LARGEST,87c9c6a5-3262-49e1-9685-29214b3beea9,4457,17624,0,0,17624,0
2000,P2_LARGEST,87c9c6a5-3262-49e1-9685-29214b3beea9,4564,18021,0,0,18021,0
2000,P2_LARGEST,87c9c6a5-3262-49e1-9685-29214b3beea9,4690,18157,0,0,18157,0
2000,P2_LARGEST,87c9c6a5-3262-49e1-9685-29214b3beea9,4903,18327,0,0,18327,0
2000,P2_LARGEST,87c9c6a5-3262-49e1-9685-29214b3beea9,5057,19749,0,0,19749,0
2000,P2_LARGEST,87c9c6a5-3262-49e1-9685-29214b3beea9,5222,21628,0,0,21628,0
2000,P2_LARGEST,87c9c6a5-3262-49e1-9685-29214b3beea9,5382,21789,0,0,21789,0
2000,P2_LARGEST,87c9c6a5-3262-49e1-9685-29214b3beea9,6005,23240,0,0,23240,0
2000,P2_LARGEST,87c9c6a5-3262-49e1-9685-29214b3beea9,6339,23911,0,0,23911,0
2000,P2_LARGEST,87c9c6a5-3262-49e1-9685-29214b3beea9,6949,24786,0,0,24786,0
2000,P2_LARGEST,87c9c6a5-3262-49e1-9685-29214b3beea9,7267,30230,0,0,30230,0
2000,P2_LARGEST,87c9c6a5-3262-49e1-9685-29214b3beea9,7758,31487,0,0,31487,0
2000,P2_LARGEST,87c9c6a5-3262-49e1-9685-29214b3beea9,8508,32815,0,0,32815,0
2000,P2_LARGEST,87c9c6a5-3262-49e1-9685-29214b3beea9,9400,34707,0,0,34707,0
2000,P2_LARGEST,87c9c6a5-3262-49e1-9685-29214b3beea9,9688,35604,0,0,35604,0
2000,P2_LARGEST,87c9c6a5-3262-49e1-9685-29214b3beea9,10426,36125,0,0,36125,0
2000,P2_LARGEST,87c9c6a5-3262-49e1-9685-29214b3beea9,11286,36893,0,0,36893,0
2000,P2_LARGEST,87c9c6a5-3262-49e1-9685-29214b3beea9,11436,38288,0,0,38288,0
2000,P2_LARGEST,87c9c6a5-3262-49e1-9685-29214b3beea9,12290,38495,0,0,38495,0
2000,P2_LARGEST,87c9c6a5-3262-49e1-9685-29214b3beea9,12425,39574,0,0,39574,0
2000,P2_LARGEST,87c9c6a5-3262-49e1-9685-29214b3beea9,12662,40169,0,0,40169,0
2000,P2_LARGEST,87c9c6a5-3262-49e1-9685-29214b3beea9,13130,41951,0,0,41951,0
2000,P2_LARGEST,87c9c6a5-3262-49e1-9685-29214b3beea9,13370,42702,0,0,42702,0
2000,P2_LARGEST,87c9c6a5-3262-49e1-9685-29214b3beea9,13649,43746,0,0,43746,0
2000,P2_LARGEST,87c9c6a5-3262-49e1-9685-29214b3beea9,14338,44153,0,0,44153,0
2000,P2_LARGEST,87c9c6a5-3262-49e1-9685-29214b3beea9,15156,45196,0,0,45196,0
2000,P2_LARGEST,87c9c6a5-3262-49e1-9685-29214b3beea9,15835,47304,0,0,47304,0
4000,P2_LARGEST,87c9c6a5-3262-49e1-9685-29214b3beea9,68,9000,0,0,9000,0
4000,P2_LARGEST,87c9c6a5-3262-49e1-9685-29214b3beea9,115,9104,0,0,9104,0
4000,P2_LARGEST,87c9c6a5-3262-49e1-9685-29214b3beea9,166,9161,0,0,9161,0
4000,P2_LARGEST,87c9c6a5-3262-49e1-9685-29214b3beea9,228,9223,0,0,9223,0
4000,P2_LARGEST,87c9c6a5-3262-49e1-9685-29214b3beea9,362,9516,0,0,9516,0
4000,P2_LARGEST,87c9c6a5-3262-49e1-9685-29214b3beea9,524,9695,0,0,9695,0
4000,P2_LARGEST,87c9c6a5-3262-49e1-9685-29214b3beea9,836,9869,0,0,9869,0
4000,P2_LARGEST,87c9c6a5-3262-49e1-9685-29214b3beea9,988,10175,0,0,10175,0
4000,P2_LARGEST,87c9c6a5-3262-49e1-9685-29214b3beea9,1078,10328,0,0,10328,0
4000,P2_LARGEST,87c9c6a5-3262-49e1-9685-29214b3beea9,1243,10447,0,0,10447,0
4000,P2_LARGEST,87c9c6a5-3262-49e1-9685-29214b3beea9,1333,10613,0,0,10613,0
4000,P2_LARGEST,87c9c6a5-3262-49e1-9685-29214b3beea9,1592,10859,0,0,10859,0
4000,P2_LARGEST,87c9c6a5-3262-49e1-9685-29214b3beea9,1927,12751,0,0,12751,0
4000,P2_LARGEST,87c9c6a5-3262-49e1-9685-29214b3beea9,2422,15575,0,0,15575,0
4000,P2_LARGEST,87c9c6a5-3262-49e1-9685-29214b3beea9,2930,17430,0,0,17430,0
4000,P2_LARGEST,87c9c6a5-3262-49e1-9685-29214b3beea9,3146,17939,0,0,17939,0
4000,P2_LARGEST,87c9c6a5-3262-49e1-9685-29214b3beea9,3444,18156,0,0,18156,0
4000,P2_LARGEST,87c9c6a5-3262-49e1-9685-29214b3beea9,3632,18494,0,0,18494,0
4000,P2_LARGEST,87c9c6a5-3262-49e1-9685-29214b3beea9,4096,18716,0,0,18716,0
4000,P2_LARGEST,87c9c6a5-3262-49e1-9685-29214b3beea9,4309,19276,0,0,19276,0
4000,P2_LARGEST,87c9c6a5-3262-49e1-9685-29214b3beea9,4457,19573,0,0,19573,0
4000,P2_LARGEST,87c9c6a5-3262-49e1-9685-29214b3beea9,4564,19970,0,0,19970,0
4000,P2_LARGEST,87c9c6a5-3262-49e1-9685-29214b3beea9,4690,20106,0,0,20106,0
4000,P2_LARGEST,87c9c6a5-3262-49e1-9685-29214b3beea9,4903,20276,0,0,20276,0
4000,P2_LARGEST,87c9c6a5-3262-49e1-9685-29214b3beea9,5057,21698,0,0,21698,0
4000,P2_LARGEST,87c9c6a5-3262-49e1-9685-29214b3beea9,5222,23577,0,0,23577,0
4000,P2_LARGEST,87c9c6a5-3262-49e1-9685-29214b3beea9,5382,23738,0,0,23738,0
4000,P2_LARGEST,87c9c6a5-3262-49e1-9685-29214b3beea9,6005,25189,0,0,25189,0
4000,P2_LARGEST,87c9c6a5-3262-49e1-9685-29214b3beea9,6339,25860,0,0,25860,0
4000,P2_LARGEST,87c9c6a5-3262-49e1-9685-29214b3beea9,6949,29565,0,0,29565,0
4000,P2_LARGEST,87c9c6a5-3262-49e1-9685-29214b3beea9,7267,35009,0,0,35009,0
4000,P2_LARGEST,87c9c6a5-3262-49e1-9685-29214b3beea9,7758,36266,0,0,36266,0
4000,P2_LARGEST,87c9c6a5-3262-49e1-9685-29214b3beea9,8508,37594,0,0,37594,0
4000,P2_LARGEST,87c9c6a5-3262-49e1-9685-29214b3beea9,9400,39486,0,0,39486,0
4000,P2_LARGEST,87c9c6a5-3262-49e1-9685-29214b3beea9,9688,40383,0,0,40383,0
4000,P2_LARGEST,87c9c6a5-3262-49e1-9685-29214b3beea9,10426,40904,0,0,40904,0
4000,P2_LARGEST,87c9c6a5-3262-49e1-9685-29214b3beea9,11286,41672,0,0,41672,0
4000,P2_LARGEST,87c9c6a5-3262-49e1-9685-29214b3beea9,11436,43067,0,0,43067,0
4000,P2_LARGEST,87c9c6a5-3262-49e1-9685-29214b3beea9,12290,43274,0,0,43274,0
4000,P2_LARGEST,87c9c6a5-3262-49e1-9685-29214b3beea9,12425,44353,0,0,44353,0
4000,P2_LARGEST,87c9c6a5-3262-49e1-9685-29214b3beea9,12662,44948,0,0,44948,0
4000,P2_LARGEST,87c9c6a5-3262-49e1-9685-29214b3beea9,13130,46730,0,0,46730,0
4000,P2_LARGEST,87c9c6a5-3262-49e1-9685-29214b3beea9,13370,47481,0,0,47481,0
4000,P2_LARGEST,87c9c6a5-3262-49e1-9685-29214b3beea9,13649,48525,0,0,48525,0
4000,P2_LARGEST,87c9c6a5-3262-49e1-9685-29214b3beea9,14338,48932,0,0,48932,0
4000,P2_LARGEST,87c9c6a5-3262-49e1-9685-29214b3beea9,15156,49975,0,0,49975,0
4000,P2_LARGEST,87c9c6a5-3262-49e1-9685-29214b3beea9,15835,52083,0,0,52083,0
8000,P2_LARGEST,87c9c6a5-3262-49e1-9685-29214b3beea9,68,9000,0,0,9000,0
8000,P2_LARGEST,87c9c6a5-3262-49e1-9685-29214b3beea9,115,9104,0,0,9104,0
8000,P2_LARGEST,87c9c6a5-3262-49e1-9685-29214b3beea9,166,9161,0,0,9161,0
8000,P2_LARGEST,87c9c6a5-3262-49e1-9685-29214b3beea9,228,9223,0,0,9223,0
8000,P2_LARGEST,87c9c6a5-3262-49e1-9685-29214b3beea9,362,9516,0,0,9516,0
8000,P2_LARGEST,87c9c6a5-3262-49e1-9685-29214b3beea9,524,9695,0,0,9695,0
8000,P2_LARGEST,87c9c6a5-3262-49e1-9685-29214b3beea9,836,9869,0,0,9869,0
8000,P2_LARGEST,87c9c6a5-3262-49e1-9685-29214b3beea9,988,10175,0,0,10175,0
8000,P2_LARGEST,87c9c6a5-3262-49e1-9685-29214b3beea9,1078,10328,0,0,10328,0
8000,P2_LARGEST,87c9c6a5-3262-49e1-9685-29214b3beea9,1243,10447,0,0,10447,0
8000,P2_LARGEST,87c9c6a5-3262-49e1-9685-29214b3beea9,1333,10613,0,0,10613,0
8000,P2_LARGEST,87c9c6a5-3262-49e1-9685-29214b3beea9,1592,10859,0,0,10859,0
8000,P2_LARGEST,87c9c6a5-3262-49e1-9685-29214b3beea9,1927,12751,0,0,12751,0
8000,P2_LARGEST,87c9c6a5-3262-49e1-9685-29214b3beea9,2422,15575,0,0,15575,0
8000,P2_LARGEST,87c9c6a5-3262-49e1-9685-29214b3beea9,2930,17430,0,0,17430,0
8000,P2_LARGEST,87c9c6a5-3262-49e1-9685-29214b3beea9,3146,17939,0,0,17939,0
8000,P2_LARGEST,87c9c6a5-3262-49e1-9685-29214b3beea9,3444,18156,0,0,18156,0
8000,P2_LARGEST,87c9c6a5-3262-49e1-9685-29214b3beea9,3632,18494,0,0,18494,0
8000,P2_LARGEST,87c9c6a5-3262-49e1-9685-29214b3beea9,4096,18716,0,0,18716,0
8000,P2_LARGEST,87c9c6a5-3262-49e1-9685-29214b3beea9,4309,19276,0,0,19276,0
8000,P2_LARGEST,87c9c6a5-3262-49e1-9685-29214b3beea9,4457,19573,0,0,19573,0
8000,P2_LARGEST,87c9c6a5-3262-49e1-9685-29214b3beea9,4564,19970,0,0,19970,0
8000,P2_LARGEST,87c9c6a5-3262-49e1-9685-29214b3beea9,4690,20106,0,0,20106,0
8000,P2_LARGEST,87c9c6a5-3262-49e1-9685-29214b3beea9,4903,20276,0,0,20276,0
8000,P2_LARGEST,87c9c6a5-3262-49e1-9685-29214b3beea9,5057,21698,0,0,21698,0
8000,P2_LARGEST,87c9c6a5-3262-49e1-9685-29214b3beea9,5222,23577,0,0,23577,0
8000,P2_LARGEST,87c9c6a5-3262-49e1-9685-29214b3beea9,5382,23738,0,0,23738,0
8000,P2_LARGEST,87c9c6a5-3262-49e1-9685-29214b3beea9,6005,25189,0,0,25189,0
8000,P2_LARGEST,87c9c6a5-3262-49e1-9685-29214b3beea9,6339,25860,0,0,25860,0
8000,P2_LARGEST,87c9c6a5-3262-49e1-9685-29214b3beea9,6949,29565,0,0,29565,0
8000,P2_LARGEST,87c9c6a5-3262-49e1-9685-29214b3beea9,7267,35009,0,0,35009,0
8000,P2_LARGEST,87c9c6a5-3262-49e1-9685-29214b3beea9,7758,36266,0,0,36266,0
8000,P2_LARGEST,87c9c6a5-3262-49e1-9685-29214b3beea9,8508,37594,0,0,37594,0
8000,P2_LARGEST,87c9c6a5-3262-49e1-9685-29214b3beea9,9400,39486,0,0,39486,0
8000,P2_LARGEST,87c9c6a5-3262-49e1-9685-29214b3beea9,9688,40383,0,0,40383,0
8000,P2_LARGEST,87c9c6a5-3262-49e1-9685-29214b3beea9,10426,40904,0,0,40904,0
8000,P2_LARGEST,87c9c6a5-3262-49e1-9685-29214b3beea9,11286,41672,0,0,41672,0
8000,P2_LARGEST,87c9c6a5-3262-49e1-9685-29214b3beea9,11436,43067,0,0,43067,0
8000,P2_LARGEST,87c9c6a5-3262-49e1-9685-29214b3beea9,12290,43274,0,0,43274,0
8000,P2_LARGEST,87c9c6a5-3262-49e1-9685-29214b3beea9,12425,44353,0,0,44353,0
8000,P2_LARGEST,87c9c6a5-3262-49e1-9685-29214b3beea9,12662,44948,0,0,44948,0
8000,P2_LARGEST,87c9c6a5-3262-49e1-9685-29214b3beea9,13130,46730,0,0,46730,0
8000,P2_LARGEST,87c9c6a5-3262-49e1-9685-29214b3beea9,13370,47481,0,0,47481,0
8000,P2_LARGEST,87c9c6a5-3262-49e1-9685-29214b3beea9,13649,48525,0,0,48525,0
8000,P2_LARGEST,87c9c6a5-3262-49e1-9685-29214b3beea9,14338,48932,0,0,48932,0
8000,P2_LARGEST,87c9c6a5-3262-49e1-9685-29214b3beea9,15156,49975,0,0,49975,0
8000,P2_LARGEST,87c9c6a5-3262-49e1-9685-29214b3beea9,15835,52083,0,0,52083,0
none,P2_LARGEST,87c9c6a5-3262-49e1-9685-29214b3beea9,68,9000,0,0,9000,0
none,P2_LARGEST,87c9c6a5-3262-49e1-9685-29214b3beea9,115,9104,0,0,9104,0
none,P2_LARGEST,87c9c6a5-3262-49e1-9685-29214b3beea9,166,9161,0,0,9161,0
none,P2_LARGEST,87c9c6a5-3262-49e1-9685-29214b3beea9,228,9223,0,0,9223,0
none,P2_LARGEST,87c9c6a5-3262-49e1-9685-29214b3beea9,362,9516,0,0,9516,0
none,P2_LARGEST,87c9c6a5-3262-49e1-9685-29214b3beea9,524,9695,0,0,9695,0
none,P2_LARGEST,87c9c6a5-3262-49e1-9685-29214b3beea9,836,9869,0,0,9869,0
none,P2_LARGEST,87c9c6a5-3262-49e1-9685-29214b3beea9,988,10175,0,0,10175,0
none,P2_LARGEST,87c9c6a5-3262-49e1-9685-29214b3beea9,1078,10328,0,0,10328,0
none,P2_LARGEST,87c9c6a5-3262-49e1-9685-29214b3beea9,1243,10447,0,0,10447,0
none,P2_LARGEST,87c9c6a5-3262-49e1-9685-29214b3beea9,1333,10613,0,0,10613,0
none,P2_LARGEST,87c9c6a5-3262-49e1-9685-29214b3beea9,1592,10859,0,0,10859,0
none,P2_LARGEST,87c9c6a5-3262-49e1-9685-29214b3beea9,1927,12751,0,0,12751,0
none,P2_LARGEST,87c9c6a5-3262-49e1-9685-29214b3beea9,2422,15575,0,0,15575,0
none,P2_LARGEST,87c9c6a5-3262-49e1-9685-29214b3beea9,2930,17430,0,0,17430,0
none,P2_LARGEST,87c9c6a5-3262-49e1-9685-29214b3beea9,3146,17939,0,0,17939,0
none,P2_LARGEST,87c9c6a5-3262-49e1-9685-29214b3beea9,3444,18156,0,0,18156,0
none,P2_LARGEST,87c9c6a5-3262-49e1-9685-29214b3beea9,3632,18494,0,0,18494,0
none,P2_LARGEST,87c9c6a5-3262-49e1-9685-29214b3beea9,4096,18716,0,0,18716,0
none,P2_LARGEST,87c9c6a5-3262-49e1-9685-29214b3beea9,4309,19276,0,0,19276,0
none,P2_LARGEST,87c9c6a5-3262-49e1-9685-29214b3beea9,4457,19573,0,0,19573,0
none,P2_LARGEST,87c9c6a5-3262-49e1-9685-29214b3beea9,4564,19970,0,0,19970,0
none,P2_LARGEST,87c9c6a5-3262-49e1-9685-29214b3beea9,4690,20106,0,0,20106,0
none,P2_LARGEST,87c9c6a5-3262-49e1-9685-29214b3beea9,4903,20276,0,0,20276,0
none,P2_LARGEST,87c9c6a5-3262-49e1-9685-29214b3beea9,5057,21698,0,0,21698,0
none,P2_LARGEST,87c9c6a5-3262-49e1-9685-29214b3beea9,5222,23577,0,0,23577,0
none,P2_LARGEST,87c9c6a5-3262-49e1-9685-29214b3beea9,5382,23738,0,0,23738,0
none,P2_LARGEST,87c9c6a5-3262-49e1-9685-29214b3beea9,6005,25189,0,0,25189,0
none,P2_LARGEST,87c9c6a5-3262-49e1-9685-29214b3beea9,6339,25860,0,0,25860,0
none,P2_LARGEST,87c9c6a5-3262-49e1-9685-29214b3beea9,6949,29565,0,0,29565,0
none,P2_LARGEST,87c9c6a5-3262-49e1-9685-29214b3beea9,7267,35009,0,0,35009,0
none,P2_LARGEST,87c9c6a5-3262-49e1-9685-29214b3beea9,7758,36266,0,0,36266,0
none,P2_LARGEST,87c9c6a5-3262-49e1-9685-29214b3beea9,8508,37594,0,0,37594,0
none,P2_LARGEST,87c9c6a5-3262-49e1-9685-29214b3beea9,9400,39486,0,0,39486,0
none,P2_LARGEST,87c9c6a5-3262-49e1-9685-29214b3beea9,9688,40383,0,0,40383,0
none,P2_LARGEST,87c9c6a5-3262-49e1-9685-29214b3beea9,10426,40904,0,0,40904,0
none,P2_LARGEST,87c9c6a5-3262-49e1-9685-29214b3beea9,11286,41672,0,0,41672,0
none,P2_LARGEST,87c9c6a5-3262-49e1-9685-29214b3beea9,11436,43067,0,0,43067,0
none,P2_LARGEST,87c9c6a5-3262-49e1-9685-29214b3beea9,12290,43274,0,0,43274,0
none,P2_LARGEST,87c9c6a5-3262-49e1-9685-29214b3beea9,12425,44353,0,0,44353,0
none,P2_LARGEST,87c9c6a5-3262-49e1-9685-29214b3beea9,12662,44948,0,0,44948,0
none,P2_LARGEST,87c9c6a5-3262-49e1-9685-29214b3beea9,13130,46730,0,0,46730,0
none,P2_LARGEST,87c9c6a5-3262-49e1-9685-29214b3beea9,13370,47481,0,0,47481,0
none,P2_LARGEST,87c9c6a5-3262-49e1-9685-29214b3beea9,13649,48525,0,0,48525,0
none,P2_LARGEST,87c9c6a5-3262-49e1-9685-29214b3beea9,14338,48932,0,0,48932,0
none,P2_LARGEST,87c9c6a5-3262-49e1-9685-29214b3beea9,15156,49975,0,0,49975,0
none,P2_LARGEST,87c9c6a5-3262-49e1-9685-29214b3beea9,15835,52083,0,0,52083,0
2000,P2_LARGEST,89f153b0-3227-491c-95bc-a3566c93d8fb,163,6667,0,0,6667,0
2000,P2_LARGEST,89f153b0-3227-491c-95bc-a3566c93d8fb,710,7540,0,0,7540,0
2000,P2_LARGEST,89f153b0-3227-491c-95bc-a3566c93d8fb,2872,8537,0,0,8537,0
4000,P2_LARGEST,89f153b0-3227-491c-95bc-a3566c93d8fb,163,6667,0,0,6667,0
4000,P2_LARGEST,89f153b0-3227-491c-95bc-a3566c93d8fb,710,7540,0,0,7540,0
4000,P2_LARGEST,89f153b0-3227-491c-95bc-a3566c93d8fb,2872,8537,0,0,8537,0
8000,P2_LARGEST,89f153b0-3227-491c-95bc-a3566c93d8fb,163,6667,0,0,6667,0
8000,P2_LARGEST,89f153b0-3227-491c-95bc-a3566c93d8fb,710,7540,0,0,7540,0
8000,P2_LARGEST,89f153b0-3227-491c-95bc-a3566c93d8fb,2872,8537,0,0,8537,0
none,P2_LARGEST,89f153b0-3227-491c-95bc-a3566c93d8fb,163,6667,0,0,6667,0
none,P2_LARGEST,89f153b0-3227-491c-95bc-a3566c93d8fb,710,7540,0,0,7540,0
none,P2_LARGEST,89f153b0-3227-491c-95bc-a3566c93d8fb,2872,8537,0,0,8537,0
2000,P2_LARGEST,8bcbeaa9-7894-4b4e-acd1-a617e93494a9,138,9379,0,0,9379,0
2000,P2_LARGEST,8bcbeaa9-7894-4b4e-acd1-a617e93494a9,424,10276,0,0,10276,0
2000,P2_LARGEST,8bcbeaa9-7894-4b4e-acd1-a617e93494a9,560,10562,0,0,10562,0
2000,P2_LARGEST,8bcbeaa9-7894-4b4e-acd1-a617e93494a9,614,11122,0,0,11122,0
2000,P2_LARGEST,8bcbeaa9-7894-4b4e-acd1-a617e93494a9,664,11436,0,0,11436,0
2000,P2_LARGEST,8bcbeaa9-7894-4b4e-acd1-a617e93494a9,803,11961,0,0,11961,0
2000,P2_LARGEST,8bcbeaa9-7894-4b4e-acd1-a617e93494a9,1267,12608,0,0,12608,0
4000,P2_LARGEST,8bcbeaa9-7894-4b4e-acd1-a617e93494a9,138,9379,0,0,9379,0
4000,P2_LARGEST,8bcbeaa9-7894-4b4e-acd1-a617e93494a9,424,10276,0,0,10276,0
4000,P2_LARGEST,8bcbeaa9-7894-4b4e-acd1-a617e93494a9,560,10562,0,0,10562,0
4000,P2_LARGEST,8bcbeaa9-7894-4b4e-acd1-a617e93494a9,614,11122,0,0,11122,0
4000,P2_LARGEST,8bcbeaa9-7894-4b4e-acd1-a617e93494a9,664,11436,0,0,11436,0
4000,P2_LARGEST,8bcbeaa9-7894-4b4e-acd1-a617e93494a9,803,11961,0,0,11961,0
4000,P2_LARGEST,8bcbeaa9-7894-4b4e-acd1-a617e93494a9,1267,12608,0,0,12608,0
8000,P2_LARGEST,8bcbeaa9-7894-4b4e-acd1-a617e93494a9,138,9379,0,0,9379,0
8000,P2_LARGEST,8bcbeaa9-7894-4b4e-acd1-a617e93494a9,424,10276,0,0,10276,0
8000,P2_LARGEST,8bcbeaa9-7894-4b4e-acd1-a617e93494a9,560,10562,0,0,10562,0
8000,P2_LARGEST,8bcbeaa9-7894-4b4e-acd1-a617e93494a9,614,11122,0,0,11122,0
8000,P2_LARGEST,8bcbeaa9-7894-4b4e-acd1-a617e93494a9,664,11436,0,0,11436,0
8000,P2_LARGEST,8bcbeaa9-7894-4b4e-acd1-a617e93494a9,803,11961,0,0,11961,0
8000,P2_LARGEST,8bcbeaa9-7894-4b4e-acd1-a617e93494a9,1267,12608,0,0,12608,0
none,P2_LARGEST,8bcbeaa9-7894-4b4e-acd1-a617e93494a9,138,9379,0,0,9379,0
none,P2_LARGEST,8bcbeaa9-7894-4b4e-acd1-a617e93494a9,424,10276,0,0,10276,0
none,P2_LARGEST,8bcbeaa9-7894-4b4e-acd1-a617e93494a9,560,10562,0,0,10562,0
none,P2_LARGEST,8bcbeaa9-7894-4b4e-acd1-a617e93494a9,614,11122,0,0,11122,0
none,P2_LARGEST,8bcbeaa9-7894-4b4e-acd1-a617e93494a9,664,11436,0,0,11436,0
none,P2_LARGEST,8bcbeaa9-7894-4b4e-acd1-a617e93494a9,803,11961,0,0,11961,0
none,P2_LARGEST,8bcbeaa9-7894-4b4e-acd1-a617e93494a9,1267,12608,0,0,12608,0
2000,P2_LARGEST,8c63ac15-deff-446e-a7bd-168262aabb9f,1424,11184,0,0,11184,0
4000,P2_LARGEST,8c63ac15-deff-446e-a7bd-168262aabb9f,1424,11184,0,0,11184,0
8000,P2_LARGEST,8c63ac15-deff-446e-a7bd-168262aabb9f,1424,11184,0,0,11184,0
none,P2_LARGEST,8c63ac15-deff-446e-a7bd-168262aabb9f,1424,11184,0,0,11184,0
2000,P2_LARGEST,8f3c44b2-7909-41ec-adb7-1452cd93029f,61,1802,0,0,1802,0
2000,P2_LARGEST,8f3c44b2-7909-41ec-adb7-1452cd93029f,420,2565,0,0,2565,0
2000,P2_LARGEST,8f3c44b2-7909-41ec-adb7-1452cd93029f,710,3391,0,0,3391,0
2000,P2_LARGEST,8f3c44b2-7909-41ec-adb7-1452cd93029f,1035,4525,0,0,4525,0
2000,P2_LARGEST,8f3c44b2-7909-41ec-adb7-1452cd93029f,1283,4860,0,0,4860,0
2000,P2_LARGEST,8f3c44b2-7909-41ec-adb7-1452cd93029f,1465,5137,0,0,5137,0
2000,P2_LARGEST,8f3c44b2-7909-41ec-adb7-1452cd93029f,1747,5796,0,0,5796,0
4000,P2_LARGEST,8f3c44b2-7909-41ec-adb7-1452cd93029f,61,1802,0,0,1802,0
4000,P2_LARGEST,8f3c44b2-7909-41ec-adb7-1452cd93029f,420,2565,0,0,2565,0
4000,P2_LARGEST,8f3c44b2-7909-41ec-adb7-1452cd93029f,710,3391,0,0,3391,0
4000,P2_LARGEST,8f3c44b2-7909-41ec-adb7-1452cd93029f,1035,4525,0,0,4525,0
4000,P2_LARGEST,8f3c44b2-7909-41ec-adb7-1452cd93029f,1283,4860,0,0,4860,0
4000,P2_LARGEST,8f3c44b2-7909-41ec-adb7-1452cd93029f,1465,5137,0,0,5137,0
4000,P2_LARGEST,8f3c44b2-7909-41ec-adb7-1452cd93029f,1747,5796,0,0,5796,0
8000,P2_LARGEST,8f3c44b2-7909-41ec-adb7-1452cd93029f,61,1802,0,0,1802,0
8000,P2_LARGEST,8f3c44b2-7909-41ec-adb7-1452cd93029f,420,2565,0,0,2565,0
8000,P2_LARGEST,8f3c44b2-7909-41ec-adb7-1452cd93029f,710,3391,0,0,3391,0
8000,P2_LARGEST,8f3c44b2-7909-41ec-adb7-1452cd93029f,1035,4525,0,0,4525,0
8000,P2_LARGEST,8f3c44b2-7909-41ec-adb7-1452cd93029f,1283,4860,0,0,4860,0
8000,P2_LARGEST,8f3c44b2-7909-41ec-adb7-1452cd93029f,1465,5137,0,0,5137,0
8000,P2_LARGEST,8f3c44b2-7909-41ec-adb7-1452cd93029f,1747,5796,0,0,5796,0
none,P2_LARGEST,8f3c44b2-7909-41ec-adb7-1452cd93029f,61,1802,0,0,1802,0
none,P2_LARGEST,8f3c44b2-7909-41ec-adb7-1452cd93029f,420,2565,0,0,2565,0
none,P2_LARGEST,8f3c44b2-7909-41ec-adb7-1452cd93029f,710,3391,0,0,3391,0
none,P2_LARGEST,8f3c44b2-7909-41ec-adb7-1452cd93029f,1035,4525,0,0,4525,0
none,P2_LARGEST,8f3c44b2-7909-41ec-adb7-1452cd93029f,1283,4860,0,0,4860,0
none,P2_LARGEST,8f3c44b2-7909-41ec-adb7-1452cd93029f,1465,5137,0,0,5137,0
none,P2_LARGEST,8f3c44b2-7909-41ec-adb7-1452cd93029f,1747,5796,0,0,5796,0
2000,P2_LARGEST,90b3b221-7c8d-445a-ae9e-320b02397235,61,9159,0,0,9159,0
2000,P2_LARGEST,90b3b221-7c8d-445a-ae9e-320b02397235,111,9836,0,0,9836,0
2000,P2_LARGEST,90b3b221-7c8d-445a-ae9e-320b02397235,157,10596,0,0,10596,0
2000,P2_LARGEST,90b3b221-7c8d-445a-ae9e-320b02397235,228,11233,0,0,11233,0
2000,P2_LARGEST,90b3b221-7c8d-445a-ae9e-320b02397235,293,12421,0,0,12421,0
2000,P2_LARGEST,90b3b221-7c8d-445a-ae9e-320b02397235,361,12851,0,0,12851,0
2000,P2_LARGEST,90b3b221-7c8d-445a-ae9e-320b02397235,437,12945,0,0,12945,0
2000,P2_LARGEST,90b3b221-7c8d-445a-ae9e-320b02397235,1099,14479,0,0,14479,0
2000,P2_LARGEST,90b3b221-7c8d-445a-ae9e-320b02397235,1175,15137,0,0,15137,0
2000,P2_LARGEST,90b3b221-7c8d-445a-ae9e-320b02397235,1228,16199,0,0,16199,0
2000,P2_LARGEST,90b3b221-7c8d-445a-ae9e-320b02397235,1271,17029,0,0,17029,0
2000,P2_LARGEST,90b3b221-7c8d-445a-ae9e-320b02397235,1545,17081,0,0,17081,0
4000,P2_LARGEST,90b3b221-7c8d-445a-ae9e-320b02397235,61,9159,0,0,9159,0
4000,P2_LARGEST,90b3b221-7c8d-445a-ae9e-320b02397235,111,9836,0,0,9836,0
4000,P2_LARGEST,90b3b221-7c8d-445a-ae9e-320b02397235,157,10596,0,0,10596,0
4000,P2_LARGEST,90b3b221-7c8d-445a-ae9e-320b02397235,228,11233,0,0,11233,0
4000,P2_LARGEST,90b3b221-7c8d-445a-ae9e-320b02397235,293,12421,0,0,12421,0
4000,P2_LARGEST,90b3b221-7c8d-445a-ae9e-320b02397235,361,12851,0,0,12851,0
4000,P2_LARGEST,90b3b221-7c8d-445a-ae9e-320b02397235,437,12945,0,0,12945,0
4000,P2_LARGEST,90b3b221-7c8d-445a-ae9e-320b02397235,1099,14479,0,0,14479,0
4000,P2_LARGEST,90b3b221-7c8d-445a-ae9e-320b02397235,1175,15137,0,0,15137,0
4000,P2_LARGEST,90b3b221-7c8d-445a-ae9e-320b02397235,1228,16199,0,0,16199,0
4000,P2_LARGEST,90b3b221-7c8d-445a-ae9e-320b02397235,1271,17029,0,0,17029,0
4000,P2_LARGEST,90b3b221-7c8d-445a-ae9e-320b02397235,1545,17081,0,0,17081,0
8000,P2_LARGEST,90b3b221-7c8d-445a-ae9e-320b02397235,61,9159,0,0,9159,0
8000,P2_LARGEST,90b3b221-7c8d-445a-ae9e-320b02397235,111,9836,0,0,9836,0
8000,P2_LARGEST,90b3b221-7c8d-445a-ae9e-320b02397235,157,10596,0,0,10596,0
8000,P2_LARGEST,90b3b221-7c8d-445a-ae9e-320b02397235,228,11233,0,0,11233,0
8000,P2_LARGEST,90b3b221-7c8d-445a-ae9e-320b02397235,293,12421,0,0,12421,0
8000,P2_LARGEST,90b3b221-7c8d-445a-ae9e-320b02397235,361,12851,0,0,12851,0
8000,P2_LARGEST,90b3b221-7c8d-445a-ae9e-320b02397235,437,12945,0,0,12945,0
8000,P2_LARGEST,90b3b221-7c8d-445a-ae9e-320b02397235,1099,14479,0,0,14479,0
8000,P2_LARGEST,90b3b221-7c8d-445a-ae9e-320b02397235,1175,15137,0,0,15137,0
8000,P2_LARGEST,90b3b221-7c8d-445a-ae9e-320b02397235,1228,16199,0,0,16199,0
8000,P2_LARGEST,90b3b221-7c8d-445a-ae9e-320b02397235,1271,17029,0,0,17029,0
8000,P2_LARGEST,90b3b221-7c8d-445a-ae9e-320b02397235,1545,17081,0,0,17081,0
none,P2_LARGEST,90b3b221-7c8d-445a-ae9e-320b02397235,61,9159,0,0,9159,0
none,P2_LARGEST,90b3b221-7c8d-445a-ae9e-320b02397235,111,9836,0,0,9836,0
none,P2_LARGEST,90b3b221-7c8d-445a-ae9e-320b02397235,157,10596,0,0,10596,0
none,P2_LARGEST,90b3b221-7c8d-445a-ae9e-320b02397235,228,11233,0,0,11233,0
none,P2_LARGEST,90b3b221-7c8d-445a-ae9e-320b02397235,293,12421,0,0,12421,0
none,P2_LARGEST,90b3b221-7c8d-445a-ae9e-320b02397235,361,12851,0,0,12851,0
none,P2_LARGEST,90b3b221-7c8d-445a-ae9e-320b02397235,437,12945,0,0,12945,0
none,P2_LARGEST,90b3b221-7c8d-445a-ae9e-320b02397235,1099,14479,0,0,14479,0
none,P2_LARGEST,90b3b221-7c8d-445a-ae9e-320b02397235,1175,15137,0,0,15137,0
none,P2_LARGEST,90b3b221-7c8d-445a-ae9e-320b02397235,1228,16199,0,0,16199,0
none,P2_LARGEST,90b3b221-7c8d-445a-ae9e-320b02397235,1271,17029,0,0,17029,0
none,P2_LARGEST,90b3b221-7c8d-445a-ae9e-320b02397235,1545,17081,0,0,17081,0
2000,P2_LARGEST,90d66f64-c29a-4faf-9ab1-7802980b3c3f,343,9171,0,0,9171,0
2000,P2_LARGEST,90d66f64-c29a-4faf-9ab1-7802980b3c3f,432,10129,0,0,10129,0
2000,P2_LARGEST,90d66f64-c29a-4faf-9ab1-7802980b3c3f,584,11266,0,0,11266,0
2000,P2_LARGEST,90d66f64-c29a-4faf-9ab1-7802980b3c3f,1103,12498,0,0,12498,0
2000,P2_LARGEST,90d66f64-c29a-4faf-9ab1-7802980b3c3f,1320,13018,0,0,13018,0
2000,P2_LARGEST,90d66f64-c29a-4faf-9ab1-7802980b3c3f,1783,15078,0,0,15078,0
2000,P2_LARGEST,90d66f64-c29a-4faf-9ab1-7802980b3c3f,2143,15527,0,0,15527,0
2000,P2_LARGEST,90d66f64-c29a-4faf-9ab1-7802980b3c3f,3593,17795,0,0,17795,0
4000,P2_LARGEST,90d66f64-c29a-4faf-9ab1-7802980b3c3f,343,9171,0,0,9171,0
4000,P2_LARGEST,90d66f64-c29a-4faf-9ab1-7802980b3c3f,432,10129,0,0,10129,0
4000,P2_LARGEST,90d66f64-c29a-4faf-9ab1-7802980b3c3f,584,11266,0,0,11266,0
4000,P2_LARGEST,90d66f64-c29a-4faf-9ab1-7802980b3c3f,1103,12498,0,0,12498,0
4000,P2_LARGEST,90d66f64-c29a-4faf-9ab1-7802980b3c3f,1320,13018,0,0,13018,0
4000,P2_LARGEST,90d66f64-c29a-4faf-9ab1-7802980b3c3f,1783,15078,0,0,15078,0
4000,P2_LARGEST,90d66f64-c29a-4faf-9ab1-7802980b3c3f,2143,15527,0,0,15527,0
4000,P2_LARGEST,90d66f64-c29a-4faf-9ab1-7802980b3c3f,3593,17795,0,0,17795,0
8000,P2_LARGEST,90d66f64-c29a-4faf-9ab1-7802980b3c3f,343,9171,0,0,9171,0
8000,P2_LARGEST,90d66f64-c29a-4faf-9ab1-7802980b3c3f,432,10129,0,0,10129,0
8000,P2_LARGEST,90d66f64-c29a-4faf-9ab1-7802980b3c3f,584,11266,0,0,11266,0
8000,P2_LARGEST,90d66f64-c29a-4faf-9ab1-7802980b3c3f,1103,12498,0,0,12498,0
8000,P2_LARGEST,90d66f64-c29a-4faf-9ab1-7802980b3c3f,1320,13018,0,0,13018,0
8000,P2_LARGEST,90d66f64-c29a-4faf-9ab1-7802980b3c3f,1783,15078,0,0,15078,0
8000,P2_LARGEST,90d66f64-c29a-4faf-9ab1-7802980b3c3f,2143,15527,0,0,15527,0
8000,P2_LARGEST,90d66f64-c29a-4faf-9ab1-7802980b3c3f,3593,17795,0,0,17795,0
none,P2_LARGEST,90d66f64-c29a-4faf-9ab1-7802980b3c3f,343,9171,0,0,9171,0
none,P2_LARGEST,90d66f64-c29a-4faf-9ab1-7802980b3c3f,432,10129,0,0,10129,0
none,P2_LARGEST,90d66f64-c29a-4faf-9ab1-7802980b3c3f,584,11266,0,0,11266,0
none,P2_LARGEST,90d66f64-c29a-4faf-9ab1-7802980b3c3f,1103,12498,0,0,12498,0
none,P2_LARGEST,90d66f64-c29a-4faf-9ab1-7802980b3c3f,1320,13018,0,0,13018,0
none,P2_LARGEST,90d66f64-c29a-4faf-9ab1-7802980b3c3f,1783,15078,0,0,15078,0
none,P2_LARGEST,90d66f64-c29a-4faf-9ab1-7802980b3c3f,2143,15527,0,0,15527,0
none,P2_LARGEST,90d66f64-c29a-4faf-9ab1-7802980b3c3f,3593,17795,0,0,17795,0
2000,P2_LARGEST,9158f65f-70c9-4462-a68e-6183defa47eb,62,9297,0,0,9297,0
2000,P2_LARGEST,9158f65f-70c9-4462-a68e-6183defa47eb,101,9857,0,0,9857,0
2000,P2_LARGEST,9158f65f-70c9-4462-a68e-6183defa47eb,153,10152,0,0,10152,0
2000,P2_LARGEST,9158f65f-70c9-4462-a68e-6183defa47eb,449,10583,0,0,10583,0
2000,P2_LARGEST,9158f65f-70c9-4462-a68e-6183defa47eb,483,10872,0,0,10872,0
2000,P2_LARGEST,9158f65f-70c9-4462-a68e-6183defa47eb,551,10919,0,0,10919,0
2000,P2_LARGEST,9158f65f-70c9-4462-a68e-6183defa47eb,706,10987,0,0,10987,0
2000,P2_LARGEST,9158f65f-70c9-4462-a68e-6183defa47eb,755,11484,0,0,11484,0
2000,P2_LARGEST,9158f65f-70c9-4462-a68e-6183defa47eb,805,12236,0,0,12236,0
2000,P2_LARGEST,9158f65f-70c9-4462-a68e-6183defa47eb,872,12313,0,0,12313,0
2000,P2_LARGEST,9158f65f-70c9-4462-a68e-6183defa47eb,1007,13057,0,0,13057,0
2000,P2_LARGEST,9158f65f-70c9-4462-a68e-6183defa47eb,1397,13525,0,0,13525,0
4000,P2_LARGEST,9158f65f-70c9-4462-a68e-6183defa47eb,62,9297,0,0,9297,0
4000,P2_LARGEST,9158f65f-70c9-4462-a68e-6183defa47eb,101,9857,0,0,9857,0
4000,P2_LARGEST,9158f65f-70c9-4462-a68e-6183defa47eb,153,10152,0,0,10152,0
4000,P2_LARGEST,9158f65f-70c9-4462-a68e-6183defa47eb,449,10583,0,0,10583,0
4000,P2_LARGEST,9158f65f-70c9-4462-a68e-6183defa47eb,483,10872,0,0,10872,0
4000,P2_LARGEST,9158f65f-70c9-4462-a68e-6183defa47eb,551,10919,0,0,10919,0
4000,P2_LARGEST,9158f65f-70c9-4462-a68e-6183defa47eb,706,10987,0,0,10987,0
4000,P2_LARGEST,9158f65f-70c9-4462-a68e-6183defa47eb,755,11484,0,0,11484,0
4000,P2_LARGEST,9158f65f-70c9-4462-a68e-6183defa47eb,805,12236,0,0,12236,0
4000,P2_LARGEST,9158f65f-70c9-4462-a68e-6183defa47eb,872,12313,0,0,12313,0
4000,P2_LARGEST,9158f65f-70c9-4462-a68e-6183defa47eb,1007,13057,0,0,13057,0
4000,P2_LARGEST,9158f65f-70c9-4462-a68e-6183defa47eb,1397,13525,0,0,13525,0
8000,P2_LARGEST,9158f65f-70c9-4462-a68e-6183defa47eb,62,9297,0,0,9297,0
8000,P2_LARGEST,9158f65f-70c9-4462-a68e-6183defa47eb,101,9857,0,0,9857,0
8000,P2_LARGEST,9158f65f-70c9-4462-a68e-6183defa47eb,153,10152,0,0,10152,0
8000,P2_LARGEST,9158f65f-70c9-4462-a68e-6183defa47eb,449,10583,0,0,10583,0
8000,P2_LARGEST,9158f65f-70c9-4462-a68e-6183defa47eb,483,10872,0,0,10872,0
8000,P2_LARGEST,9158f65f-70c9-4462-a68e-6183defa47eb,551,10919,0,0,10919,0
8000,P2_LARGEST,9158f65f-70c9-4462-a68e-6183defa47eb,706,10987,0,0,10987,0
8000,P2_LARGEST,9158f65f-70c9-4462-a68e-6183defa47eb,755,11484,0,0,11484,0
8000,P2_LARGEST,9158f65f-70c9-4462-a68e-6183defa47eb,805,12236,0,0,12236,0
8000,P2_LARGEST,9158f65f-70c9-4462-a68e-6183defa47eb,872,12313,0,0,12313,0
8000,P2_LARGEST,9158f65f-70c9-4462-a68e-6183defa47eb,1007,13057,0,0,13057,0
8000,P2_LARGEST,9158f65f-70c9-4462-a68e-6183defa47eb,1397,13525,0,0,13525,0
none,P2_LARGEST,9158f65f-70c9-4462-a68e-6183defa47eb,62,9297,0,0,9297,0
none,P2_LARGEST,9158f65f-70c9-4462-a68e-6183defa47eb,101,9857,0,0,9857,0
none,P2_LARGEST,9158f65f-70c9-4462-a68e-6183defa47eb,153,10152,0,0,10152,0
none,P2_LARGEST,9158f65f-70c9-4462-a68e-6183defa47eb,449,10583,0,0,10583,0
none,P2_LARGEST,9158f65f-70c9-4462-a68e-6183defa47eb,483,10872,0,0,10872,0
none,P2_LARGEST,9158f65f-70c9-4462-a68e-6183defa47eb,551,10919,0,0,10919,0
none,P2_LARGEST,9158f65f-70c9-4462-a68e-6183defa47eb,706,10987,0,0,10987,0
none,P2_LARGEST,9158f65f-70c9-4462-a68e-6183defa47eb,755,11484,0,0,11484,0
none,P2_LARGEST,9158f65f-70c9-4462-a68e-6183defa47eb,805,12236,0,0,12236,0
none,P2_LARGEST,9158f65f-70c9-4462-a68e-6183defa47eb,872,12313,0,0,12313,0
none,P2_LARGEST,9158f65f-70c9-4462-a68e-6183defa47eb,1007,13057,0,0,13057,0
none,P2_LARGEST,9158f65f-70c9-4462-a68e-6183defa47eb,1397,13525,0,0,13525,0
2000,P2_LARGEST,93645130-6cc5-47bc-a78a-03945ea5f05e,73,6038,0,0,6038,0
2000,P2_LARGEST,93645130-6cc5-47bc-a78a-03945ea5f05e,119,6098,0,0,6098,0
2000,P2_LARGEST,93645130-6cc5-47bc-a78a-03945ea5f05e,352,6344,0,0,6344,0
2000,P2_LARGEST,93645130-6cc5-47bc-a78a-03945ea5f05e,1501,7463,0,0,7463,0
2000,P2_LARGEST,93645130-6cc5-47bc-a78a-03945ea5f05e,1599,8628,0,0,8628,0
2000,P2_LARGEST,93645130-6cc5-47bc-a78a-03945ea5f05e,1761,8944,0,0,8944,0
4000,P2_LARGEST,93645130-6cc5-47bc-a78a-03945ea5f05e,73,6038,0,0,6038,0
4000,P2_LARGEST,93645130-6cc5-47bc-a78a-03945ea5f05e,119,6098,0,0,6098,0
4000,P2_LARGEST,93645130-6cc5-47bc-a78a-03945ea5f05e,352,6344,0,0,6344,0
4000,P2_LARGEST,93645130-6cc5-47bc-a78a-03945ea5f05e,1501,7463,0,0,7463,0
4000,P2_LARGEST,93645130-6cc5-47bc-a78a-03945ea5f05e,1599,8628,0,0,8628,0
4000,P2_LARGEST,93645130-6cc5-47bc-a78a-03945ea5f05e,1761,8944,0,0,8944,0
8000,P2_LARGEST,93645130-6cc5-47bc-a78a-03945ea5f05e,73,6038,0,0,6038,0
8000,P2_LARGEST,93645130-6cc5-47bc-a78a-03945ea5f05e,119,6098,0,0,6098,0
8000,P2_LARGEST,93645130-6cc5-47bc-a78a-03945ea5f05e,352,6344,0,0,6344,0
8000,P2_LARGEST,93645130-6cc5-47bc-a78a-03945ea5f05e,1501,7463,0,0,7463,0
8000,P2_LARGEST,93645130-6cc5-47bc-a78a-03945ea5f05e,1599,8628,0,0,8628,0
8000,P2_LARGEST,93645130-6cc5-47bc-a78a-03945ea5f05e,1761,8944,0,0,8944,0
none,P2_LARGEST,93645130-6cc5-47bc-a78a-03945ea5f05e,73,6038,0,0,6038,0
none,P2_LARGEST,93645130-6cc5-47bc-a78a-03945ea5f05e,119,6098,0,0,6098,0
none,P2_LARGEST,93645130-6cc5-47bc-a78a-03945ea5f05e,352,6344,0,0,6344,0
none,P2_LARGEST,93645130-6cc5-47bc-a78a-03945ea5f05e,1501,7463,0,0,7463,0
none,P2_LARGEST,93645130-6cc5-47bc-a78a-03945ea5f05e,1599,8628,0,0,8628,0
none,P2_LARGEST,93645130-6cc5-47bc-a78a-03945ea5f05e,1761,8944,0,0,8944,0
2000,P2_LARGEST,94078a4b-3145-4c61-b055-b24494df9007,15,6855,0,0,6855,0
2000,P2_LARGEST,94078a4b-3145-4c61-b055-b24494df9007,20,8110,0,0,8110,0
2000,P2_LARGEST,94078a4b-3145-4c61-b055-b24494df9007,25,9774,0,0,9774,0
2000,P2_LARGEST,94078a4b-3145-4c61-b055-b24494df9007,33,10521,0,0,10521,0
2000,P2_LARGEST,94078a4b-3145-4c61-b055-b24494df9007,38,11814,0,0,11814,0
4000,P2_LARGEST,94078a4b-3145-4c61-b055-b24494df9007,15,6855,0,0,6855,0
4000,P2_LARGEST,94078a4b-3145-4c61-b055-b24494df9007,20,8110,0,0,8110,0
4000,P2_LARGEST,94078a4b-3145-4c61-b055-b24494df9007,25,9774,0,0,9774,0
4000,P2_LARGEST,94078a4b-3145-4c61-b055-b24494df9007,33,10521,0,0,10521,0
4000,P2_LARGEST,94078a4b-3145-4c61-b055-b24494df9007,38,11814,0,0,11814,0
8000,P2_LARGEST,94078a4b-3145-4c61-b055-b24494df9007,15,6855,0,0,6855,0
8000,P2_LARGEST,94078a4b-3145-4c61-b055-b24494df9007,20,8110,0,0,8110,0
8000,P2_LARGEST,94078a4b-3145-4c61-b055-b24494df9007,25,9774,0,0,9774,0
8000,P2_LARGEST,94078a4b-3145-4c61-b055-b24494df9007,33,10521,0,0,10521,0
8000,P2_LARGEST,94078a4b-3145-4c61-b055-b24494df9007,38,11814,0,0,11814,0
none,P2_LARGEST,94078a4b-3145-4c61-b055-b24494df9007,15,6855,0,0,6855,0
none,P2_LARGEST,94078a4b-3145-4c61-b055-b24494df9007,20,8110,0,0,8110,0
none,P2_LARGEST,94078a4b-3145-4c61-b055-b24494df9007,25,9774,0,0,9774,0
none,P2_LARGEST,94078a4b-3145-4c61-b055-b24494df9007,33,10521,0,0,10521,0
none,P2_LARGEST,94078a4b-3145-4c61-b055-b24494df9007,38,11814,0,0,11814,0
2000,P2_LARGEST,944f0a48-5476-4229-88fa-38c14a2e2ae3,83,7873,0,0,7873,0
2000,P2_LARGEST,944f0a48-5476-4229-88fa-38c14a2e2ae3,221,7971,0,0,7971,0
4000,P2_LARGEST,944f0a48-5476-4229-88fa-38c14a2e2ae3,83,7873,0,0,7873,0
4000,P2_LARGEST,944f0a48-5476-4229-88fa-38c14a2e2ae3,221,7971,0,0,7971,0
8000,P2_LARGEST,944f0a48-5476-4229-88fa-38c14a2e2ae3,83,7873,0,0,7873,0
8000,P2_LARGEST,944f0a48-5476-4229-88fa-38c14a2e2ae3,221,7971,0,0,7971,0
none,P2_LARGEST,944f0a48-5476-4229-88fa-38c14a2e2ae3,83,7873,0,0,7873,0
none,P2_LARGEST,944f0a48-5476-4229-88fa-38c14a2e2ae3,221,7971,0,0,7971,0
2000,P2_LARGEST,960c2dbf-428a-4ade-8f18-dfab33a44f7e,65,9957,0,0,9957,0
2000,P2_LARGEST,960c2dbf-428a-4ade-8f18-dfab33a44f7e,312,11019,0,0,11019,0
2000,P2_LARGEST,960c2dbf-428a-4ade-8f18-dfab33a44f7e,626,12700,0,0,12700,0
2000,P2_LARGEST,960c2dbf-428a-4ade-8f18-dfab33a44f7e,752,13646,0,0,13646,0
2000,P2_LARGEST,960c2dbf-428a-4ade-8f18-dfab33a44f7e,903,13981,0,0,13981,0
2000,P2_LARGEST,960c2dbf-428a-4ade-8f18-dfab33a44f7e,1166,14242,0,0,14242,0
2000,P2_LARGEST,960c2dbf-428a-4ade-8f18-dfab33a44f7e,3951,14790,0,0,14790,0
2000,P2_LARGEST,960c2dbf-428a-4ade-8f18-dfab33a44f7e,4033,17728,0,0,17728,0
2000,P2_LARGEST,960c2dbf-428a-4ade-8f18-dfab33a44f7e,4103,17915,0,0,17915,0
2000,P2_LARGEST,960c2dbf-428a-4ade-8f18-dfab33a44f7e,4803,18000,0,0,18000,0
4000,P2_LARGEST,960c2dbf-428a-4ade-8f18-dfab33a44f7e,65,9957,0,0,9957,0
4000,P2_LARGEST,960c2dbf-428a-4ade-8f18-dfab33a44f7e,312,11019,0,0,11019,0
4000,P2_LARGEST,960c2dbf-428a-4ade-8f18-dfab33a44f7e,626,19545,0,0,19545,0
4000,P2_LARGEST,960c2dbf-428a-4ade-8f18-dfab33a44f7e,752,20491,0,0,20491,0
4000,P2_LARGEST,960c2dbf-428a-4ade-8f18-dfab33a44f7e,903,20826,0,0,20826,0
4000,P2_LARGEST,960c2dbf-428a-4ade-8f18-dfab33a44f7e,1166,21087,0,0,21087,0
4000,P2_LARGEST,960c2dbf-428a-4ade-8f18-dfab33a44f7e,3951,21635,0,0,21635,0
4000,P2_LARGEST,960c2dbf-428a-4ade-8f18-dfab33a44f7e,4033,24573,0,0,24573,0
4000,P2_LARGEST,960c2dbf-428a-4ade-8f18-dfab33a44f7e,4103,24760,0,0,24760,0
4000,P2_LARGEST,960c2dbf-428a-4ade-8f18-dfab33a44f7e,4803,24845,0,0,24845,0
8000,P2_LARGEST,960c2dbf-428a-4ade-8f18-dfab33a44f7e,65,9957,0,0,9957,0
8000,P2_LARGEST,960c2dbf-428a-4ade-8f18-dfab33a44f7e,312,11019,0,0,11019,0
8000,P2_LARGEST,960c2dbf-428a-4ade-8f18-dfab33a44f7e,626,19545,0,0,19545,0
8000,P2_LARGEST,960c2dbf-428a-4ade-8f18-dfab33a44f7e,752,20491,0,0,20491,0
8000,P2_LARGEST,960c2dbf-428a-4ade-8f18-dfab33a44f7e,903,20826,0,0,20826,0
8000,P2_LARGEST,960c2dbf-428a-4ade-8f18-dfab33a44f7e,1166,21087,0,0,21087,0
8000,P2_LARGEST,960c2dbf-428a-4ade-8f18-dfab33a44f7e,3951,21635,0,0,21635,0
8000,P2_LARGEST,960c2dbf-428a-4ade-8f18-dfab33a44f7e,4033,24573,0,0,24573,0
8000,P2_LARGEST,960c2dbf-428a-4ade-8f18-dfab33a44f7e,4103,24760,0,0,24760,0
8000,P2_LARGEST,960c2dbf-428a-4ade-8f18-dfab33a44f7e,4803,24845,0,0,24845,0
none,P2_LARGEST,960c2dbf-428a-4ade-8f18-dfab33a44f7e,65,9957,0,0,9957,0
none,P2_LARGEST,960c2dbf-428a-4ade-8f18-dfab33a44f7e,312,11019,0,0,11019,0
none,P2_LARGEST,960c2dbf-428a-4ade-8f18-dfab33a44f7e,626,19545,0,0,19545,0
none,P2_LARGEST,960c2dbf-428a-4ade-8f18-dfab33a44f7e,752,20491,0,0,20491,0
none,P2_LARGEST,960c2dbf-428a-4ade-8f18-dfab33a44f7e,903,20826,0,0,20826,0
none,P2_LARGEST,960c2dbf-428a-4ade-8f18-dfab33a44f7e,1166,21087,0,0,21087,0
none,P2_LARGEST,960c2dbf-428a-4ade-8f18-dfab33a44f7e,3951,21635,0,0,21635,0
none,P2_LARGEST,960c2dbf-428a-4ade-8f18-dfab33a44f7e,4033,24573,0,0,24573,0
none,P2_LARGEST,960c2dbf-428a-4ade-8f18-dfab33a44f7e,4103,24760,0,0,24760,0
none,P2_LARGEST,960c2dbf-428a-4ade-8f18-dfab33a44f7e,4803,24845,0,0,24845,0
2000,P2_LARGEST,9902f5e4-2bff-4798-9f30-16131308c3b2,85,10027,0,0,10027,0
2000,P2_LARGEST,9902f5e4-2bff-4798-9f30-16131308c3b2,558,10408,0,0,10408,0
2000,P2_LARGEST,9902f5e4-2bff-4798-9f30-16131308c3b2,6185,12049,0,0,12049,0
2000,P2_LARGEST,9902f5e4-2bff-4798-9f30-16131308c3b2,6297,18085,5,1239,16846,1
2000,P2_LARGEST,9902f5e4-2bff-4798-9f30-16131308c3b2,6728,16976,1,5977,10999,0
2000,P2_LARGEST,9902f5e4-2bff-4798-9f30-16131308c3b2,6830,11475,0,0,11475,0
2000,P2_LARGEST,9902f5e4-2bff-4798-9f30-16131308c3b2,7152,11673,0,0,11673,0
2000,P2_LARGEST,9902f5e4-2bff-4798-9f30-16131308c3b2,7470,12044,0,0,12044,0
2000,P2_LARGEST,9902f5e4-2bff-4798-9f30-16131308c3b2,7526,12402,0,0,12402,0
2000,P2_LARGEST,9902f5e4-2bff-4798-9f30-16131308c3b2,7590,12530,0,0,12530,0
2000,P2_LARGEST,9902f5e4-2bff-4798-9f30-16131308c3b2,7683,12605,0,0,12605,0
2000,P2_LARGEST,9902f5e4-2bff-4798-9f30-16131308c3b2,7933,12712,0,0,12712,0
2000,P2_LARGEST,9902f5e4-2bff-4798-9f30-16131308c3b2,8040,12963,0,0,12963,0
2000,P2_LARGEST,9902f5e4-2bff-4798-9f30-16131308c3b2,8916,13293,0,0,13293,0
2000,P2_LARGEST,9902f5e4-2bff-4798-9f30-16131308c3b2,8999,18350,5,3130,15220,0
2000,P2_LARGEST,9902f5e4-2bff-4798-9f30-16131308c3b2,10042,16362,0,0,16362,0
2000,P2_LARGEST,9902f5e4-2bff-4798-9f30-16131308c3b2,10216,19518,3,4852,14666,0
2000,P2_LARGEST,9902f5e4-2bff-4798-9f30-16131308c3b2,11154,18233,2,3110,15123,0
2000,P2_LARGEST,9902f5e4-2bff-4798-9f30-16131308c3b2,11255,16150,0,0,16150,0
2000,P2_LARGEST,9902f5e4-2bff-4798-9f30-16131308c3b2,14424,17217,1,2499,14718,0
2000,P2_LARGEST,9902f5e4-2bff-4798-9f30-16131308c3b2,15024,20398,32,4186,16212,0
2000,P2_LARGEST,9902f5e4-2bff-4798-9f30-16131308c3b2,16586,17009,1,3168,13841,0
2000,P2_LARGEST,9902f5e4-2bff-4798-9f30-16131308c3b2,18353,19531,3,4441,15090,0
2000,P2_LARGEST,9902f5e4-2bff-4798-9f30-16131308c3b2,19628,20880,6,4358,16522,1
2000,P2_LARGEST,9902f5e4-2bff-4798-9f30-16131308c3b2,19786,17977,2,2713,15264,0
2000,P2_LARGEST,9902f5e4-2bff-4798-9f30-16131308c3b2,20975,15547,0,0,15547,0
2000,P2_LARGEST,9902f5e4-2bff-4798-9f30-16131308c3b2,23835,20064,5,4675,15389,0
2000,P2_LARGEST,9902f5e4-2bff-4798-9f30-16131308c3b2,25193,18347,1,3100,15247,0
2000,P2_LARGEST,9902f5e4-2bff-4798-9f30-16131308c3b2,25959,17583,1,2837,14746,0
2000,P2_LARGEST,9902f5e4-2bff-4798-9f30-16131308c3b2,28053,15824,0,0,15824,0
2000,P2_LARGEST,9902f5e4-2bff-4798-9f30-16131308c3b2,33499,22808,8,4752,18056,1
2000,P2_LARGEST,9902f5e4-2bff-4798-9f30-16131308c3b2,33566,26717,4,12710,14007,0
2000,P2_LARGEST,9902f5e4-2bff-4798-9f30-16131308c3b2,35999,16052,0,0,16052,0
2000,P2_LARGEST,9902f5e4-2bff-4798-9f30-16131308c3b2,36062,18714,4,2833,15881,0
2000,P2_LARGEST,9902f5e4-2bff-4798-9f30-16131308c3b2,36233,21391,4,4625,16766,1
2000,P2_LARGEST,9902f5e4-2bff-4798-9f30-16131308c3b2,36329,16953,1,2702,14251,0
2000,P2_LARGEST,9902f5e4-2bff-4798-9f30-16131308c3b2,36461,18817,4,2839,15978,0
2000,P2_LARGEST,9902f5e4-2bff-4798-9f30-16131308c3b2,37073,16355,0,0,16355,0
2000,P2_LARGEST,9902f5e4-2bff-4798-9f30-16131308c3b2,38229,17204,1,2493,14711,0
2000,P2_LARGEST,9902f5e4-2bff-4798-9f30-16131308c3b2,38708,19013,7,3139,15874,0
2000,P2_LARGEST,9902f5e4-2bff-4798-9f30-16131308c3b2,40008,16889,2,1244,15645,0
2000,P2_LARGEST,9902f5e4-2bff-4798-9f30-16131308c3b2,45167,20725,3,3973,16752,1
2000,P2_LARGEST,9902f5e4-2bff-4798-9f30-16131308c3b2,45594,25019,3,5020,19999,1
2000,P2_LARGEST,9902f5e4-2bff-4798-9f30-16131308c3b2,48773,21011,2,8187,12824,0
2000,P2_LARGEST,9902f5e4-2bff-4798-9f30-16131308c3b2,49716,23711,9,5891,17820,1
2000,P2_LARGEST,9902f5e4-2bff-4798-9f30-16131308c3b2,49995,25174,7,7715,17459,1
2000,P2_LARGEST,9902f5e4-2bff-4798-9f30-16131308c3b2,50391,18774,2,5237,13537,0
2000,P2_LARGEST,9902f5e4-2bff-4798-9f30-16131308c3b2,50734,17118,3,1345,15773,0
2000,P2_LARGEST,9902f5e4-2bff-4798-9f30-16131308c3b2,50988,17014,1,2588,14426,0
2000,P2_LARGEST,9902f5e4-2bff-4798-9f30-16131308c3b2,51397,19039,6,2336,16703,1
2000,P2_LARGEST,9902f5e4-2bff-4798-9f30-16131308c3b2,52378,18422,1,3301,15121,0
2000,P2_LARGEST,9902f5e4-2bff-4798-9f30-16131308c3b2,53830,20499,6,3619,16880,1
2000,P2_LARGEST,9902f5e4-2bff-4798-9f30-16131308c3b2,55211,18939,1,3626,15313,0
2000,P2_LARGEST,9902f5e4-2bff-4798-9f30-16131308c3b2,55322,20371,7,2681,17690,1
2000,P2_LARGEST,9902f5e4-2bff-4798-9f30-16131308c3b2,57411,18253,2,1325,16928,1
2000,P2_LARGEST,9902f5e4-2bff-4798-9f30-16131308c3b2,57579,21189,3,4196,16993,1
2000,P2_LARGEST,9902f5e4-2bff-4798-9f30-16131308c3b2,57841,21996,4,4338,17658,1
2000,P2_LARGEST,9902f5e4-2bff-4798-9f30-16131308c3b2,63423,18346,1,3786,14560,0
2000,P2_LARGEST,9902f5e4-2bff-4798-9f30-16131308c3b2,63542,20209,4,1558,18651,1
2000,P2_LARGEST,9902f5e4-2bff-4798-9f30-16131308c3b2,64150,19299,1,5605,13694,0
4000,P2_LARGEST,9902f5e4-2bff-4798-9f30-16131308c3b2,85,10027,0,0,10027,0
4000,P2_LARGEST,9902f5e4-2bff-4798-9f30-16131308c3b2,558,10408,0,0,10408,0
4000,P2_LARGEST,9902f5e4-2bff-4798-9f30-16131308c3b2,6185,12049,0,0,12049,0
4000,P2_LARGEST,9902f5e4-2bff-4798-9f30-16131308c3b2,6297,18085,5,1239,16846,1
4000,P2_LARGEST,9902f5e4-2bff-4798-9f30-16131308c3b2,6728,16976,1,5977,10999,0
4000,P2_LARGEST,9902f5e4-2bff-4798-9f30-16131308c3b2,6830,11475,0,0,11475,0
4000,P2_LARGEST,9902f5e4-2bff-4798-9f30-16131308c3b2,7152,11673,0,0,11673,0
4000,P2_LARGEST,9902f5e4-2bff-4798-9f30-16131308c3b2,7470,12044,0,0,12044,0
4000,P2_LARGEST,9902f5e4-2bff-4798-9f30-16131308c3b2,7526,12402,0,0,12402,0
4000,P2_LARGEST,9902f5e4-2bff-4798-9f30-16131308c3b2,7590,12530,0,0,12530,0
4000,P2_LARGEST,9902f5e4-2bff-4798-9f30-16131308c3b2,7683,12605,0,0,12605,0
4000,P2_LARGEST,9902f5e4-2bff-4798-9f30-16131308c3b2,7933,12712,0,0,12712,0
4000,P2_LARGEST,9902f5e4-2bff-4798-9f30-16131308c3b2,8040,12963,0,0,12963,0
4000,P2_LARGEST,9902f5e4-2bff-4798-9f30-16131308c3b2,8916,13293,0,0,13293,0
4000,P2_LARGEST,9902f5e4-2bff-4798-9f30-16131308c3b2,8999,18350,5,3130,15220,0
4000,P2_LARGEST,9902f5e4-2bff-4798-9f30-16131308c3b2,10042,16362,0,0,16362,0
4000,P2_LARGEST,9902f5e4-2bff-4798-9f30-16131308c3b2,10216,19518,3,4852,14666,0
4000,P2_LARGEST,9902f5e4-2bff-4798-9f30-16131308c3b2,11154,18233,2,3110,15123,0
4000,P2_LARGEST,9902f5e4-2bff-4798-9f30-16131308c3b2,11255,16150,0,0,16150,0
4000,P2_LARGEST,9902f5e4-2bff-4798-9f30-16131308c3b2,14424,17217,1,2499,14718,0
4000,P2_LARGEST,9902f5e4-2bff-4798-9f30-16131308c3b2,15024,20398,32,4186,16212,0
4000,P2_LARGEST,9902f5e4-2bff-4798-9f30-16131308c3b2,16586,17009,1,3168,13841,0
4000,P2_LARGEST,9902f5e4-2bff-4798-9f30-16131308c3b2,18353,19531,3,4441,15090,0
4000,P2_LARGEST,9902f5e4-2bff-4798-9f30-16131308c3b2,19628,20880,6,4358,16522,1
4000,P2_LARGEST,9902f5e4-2bff-4798-9f30-16131308c3b2,19786,17977,2,2713,15264,0
4000,P2_LARGEST,9902f5e4-2bff-4798-9f30-16131308c3b2,20975,15547,0,0,15547,0
4000,P2_LARGEST,9902f5e4-2bff-4798-9f30-16131308c3b2,23835,20064,5,4675,15389,0
4000,P2_LARGEST,9902f5e4-2bff-4798-9f30-16131308c3b2,25193,18347,1,3100,15247,0
4000,P2_LARGEST,9902f5e4-2bff-4798-9f30-16131308c3b2,25959,17583,1,2837,14746,0
4000,P2_LARGEST,9902f5e4-2bff-4798-9f30-16131308c3b2,28053,15824,0,0,15824,0
4000,P2_LARGEST,9902f5e4-2bff-4798-9f30-16131308c3b2,33499,22808,8,4752,18056,1
4000,P2_LARGEST,9902f5e4-2bff-4798-9f30-16131308c3b2,33566,26717,4,12710,14007,0
4000,P2_LARGEST,9902f5e4-2bff-4798-9f30-16131308c3b2,35999,16052,0,0,16052,0
4000,P2_LARGEST,9902f5e4-2bff-4798-9f30-16131308c3b2,36062,18714,4,2833,15881,0
4000,P2_LARGEST,9902f5e4-2bff-4798-9f30-16131308c3b2,36233,21391,4,4625,16766,1
4000,P2_LARGEST,9902f5e4-2bff-4798-9f30-16131308c3b2,36329,16953,1,2702,14251,0
4000,P2_LARGEST,9902f5e4-2bff-4798-9f30-16131308c3b2,36461,18817,4,2839,15978,0
4000,P2_LARGEST,9902f5e4-2bff-4798-9f30-16131308c3b2,37073,16355,0,0,16355,0
4000,P2_LARGEST,9902f5e4-2bff-4798-9f30-16131308c3b2,38229,17204,1,2493,14711,0
4000,P2_LARGEST,9902f5e4-2bff-4798-9f30-16131308c3b2,38708,19013,7,3139,15874,0
4000,P2_LARGEST,9902f5e4-2bff-4798-9f30-16131308c3b2,40008,16889,2,1244,15645,0
4000,P2_LARGEST,9902f5e4-2bff-4798-9f30-16131308c3b2,45167,20725,3,3973,16752,1
4000,P2_LARGEST,9902f5e4-2bff-4798-9f30-16131308c3b2,45594,25019,3,5020,19999,1
4000,P2_LARGEST,9902f5e4-2bff-4798-9f30-16131308c3b2,48773,21011,2,8187,12824,0
4000,P2_LARGEST,9902f5e4-2bff-4798-9f30-16131308c3b2,49716,28907,9,11087,17820,1
4000,P2_LARGEST,9902f5e4-2bff-4798-9f30-16131308c3b2,49995,25174,7,7715,17459,1
4000,P2_LARGEST,9902f5e4-2bff-4798-9f30-16131308c3b2,50391,18774,2,5237,13537,0
4000,P2_LARGEST,9902f5e4-2bff-4798-9f30-16131308c3b2,50734,17118,3,1345,15773,0
4000,P2_LARGEST,9902f5e4-2bff-4798-9f30-16131308c3b2,50988,17014,1,2588,14426,0
4000,P2_LARGEST,9902f5e4-2bff-4798-9f30-16131308c3b2,51397,19039,6,2336,16703,1
4000,P2_LARGEST,9902f5e4-2bff-4798-9f30-16131308c3b2,52378,18422,1,3301,15121,0
4000,P2_LARGEST,9902f5e4-2bff-4798-9f30-16131308c3b2,53830,20499,6,3619,16880,1
4000,P2_LARGEST,9902f5e4-2bff-4798-9f30-16131308c3b2,55211,18939,1,3626,15313,0
4000,P2_LARGEST,9902f5e4-2bff-4798-9f30-16131308c3b2,55322,20371,7,2681,17690,1
4000,P2_LARGEST,9902f5e4-2bff-4798-9f30-16131308c3b2,57411,18253,2,1325,16928,1
4000,P2_LARGEST,9902f5e4-2bff-4798-9f30-16131308c3b2,57579,24327,3,4196,20131,1
4000,P2_LARGEST,9902f5e4-2bff-4798-9f30-16131308c3b2,57841,28835,4,7476,21359,1
4000,P2_LARGEST,9902f5e4-2bff-4798-9f30-16131308c3b2,63423,22047,3,8487,13560,0
4000,P2_LARGEST,9902f5e4-2bff-4798-9f30-16131308c3b2,63542,19209,2,558,18651,1
4000,P2_LARGEST,9902f5e4-2bff-4798-9f30-16131308c3b2,64150,19299,1,5605,13694,0
8000,P2_LARGEST,9902f5e4-2bff-4798-9f30-16131308c3b2,85,10027,0,0,10027,0
8000,P2_LARGEST,9902f5e4-2bff-4798-9f30-16131308c3b2,558,10408,0,0,10408,0
8000,P2_LARGEST,9902f5e4-2bff-4798-9f30-16131308c3b2,6185,12049,0,0,12049,0
8000,P2_LARGEST,9902f5e4-2bff-4798-9f30-16131308c3b2,6297,18085,5,1239,16846,1
8000,P2_LARGEST,9902f5e4-2bff-4798-9f30-16131308c3b2,6728,16976,1,5977,10999,0
8000,P2_LARGEST,9902f5e4-2bff-4798-9f30-16131308c3b2,6830,11475,0,0,11475,0
8000,P2_LARGEST,9902f5e4-2bff-4798-9f30-16131308c3b2,7152,11673,0,0,11673,0
8000,P2_LARGEST,9902f5e4-2bff-4798-9f30-16131308c3b2,7470,12044,0,0,12044,0
8000,P2_LARGEST,9902f5e4-2bff-4798-9f30-16131308c3b2,7526,12402,0,0,12402,0
8000,P2_LARGEST,9902f5e4-2bff-4798-9f30-16131308c3b2,7590,12530,0,0,12530,0
8000,P2_LARGEST,9902f5e4-2bff-4798-9f30-16131308c3b2,7683,12605,0,0,12605,0
8000,P2_LARGEST,9902f5e4-2bff-4798-9f30-16131308c3b2,7933,12712,0,0,12712,0
8000,P2_LARGEST,9902f5e4-2bff-4798-9f30-16131308c3b2,8040,12963,0,0,12963,0
8000,P2_LARGEST,9902f5e4-2bff-4798-9f30-16131308c3b2,8916,13293,0,0,13293,0
8000,P2_LARGEST,9902f5e4-2bff-4798-9f30-16131308c3b2,8999,18350,5,3130,15220,0
8000,P2_LARGEST,9902f5e4-2bff-4798-9f30-16131308c3b2,10042,16362,0,0,16362,0
8000,P2_LARGEST,9902f5e4-2bff-4798-9f30-16131308c3b2,10216,19518,3,4852,14666,0
8000,P2_LARGEST,9902f5e4-2bff-4798-9f30-16131308c3b2,11154,18233,2,3110,15123,0
8000,P2_LARGEST,9902f5e4-2bff-4798-9f30-16131308c3b2,11255,16150,0,0,16150,0
8000,P2_LARGEST,9902f5e4-2bff-4798-9f30-16131308c3b2,14424,17217,1,2499,14718,0
8000,P2_LARGEST,9902f5e4-2bff-4798-9f30-16131308c3b2,15024,20398,32,4186,16212,0
8000,P2_LARGEST,9902f5e4-2bff-4798-9f30-16131308c3b2,16586,17009,1,3168,13841,0
8000,P2_LARGEST,9902f5e4-2bff-4798-9f30-16131308c3b2,18353,19531,3,4441,15090,0
8000,P2_LARGEST,9902f5e4-2bff-4798-9f30-16131308c3b2,19628,20880,6,4358,16522,1
8000,P2_LARGEST,9902f5e4-2bff-4798-9f30-16131308c3b2,19786,17977,2,2713,15264,0
8000,P2_LARGEST,9902f5e4-2bff-4798-9f30-16131308c3b2,20975,15547,0,0,15547,0
8000,P2_LARGEST,9902f5e4-2bff-4798-9f30-16131308c3b2,23835,20064,5,4675,15389,0
8000,P2_LARGEST,9902f5e4-2bff-4798-9f30-16131308c3b2,25193,18347,1,3100,15247,0
8000,P2_LARGEST,9902f5e4-2bff-4798-9f30-16131308c3b2,25959,17583,1,2837,14746,0
8000,P2_LARGEST,9902f5e4-2bff-4798-9f30-16131308c3b2,28053,15824,0,0,15824,0
8000,P2_LARGEST,9902f5e4-2bff-4798-9f30-16131308c3b2,33499,22808,8,4752,18056,1
8000,P2_LARGEST,9902f5e4-2bff-4798-9f30-16131308c3b2,33566,26717,4,12710,14007,0
8000,P2_LARGEST,9902f5e4-2bff-4798-9f30-16131308c3b2,35999,16052,0,0,16052,0
8000,P2_LARGEST,9902f5e4-2bff-4798-9f30-16131308c3b2,36062,18714,4,2833,15881,0
8000,P2_LARGEST,9902f5e4-2bff-4798-9f30-16131308c3b2,36233,21391,4,4625,16766,1
8000,P2_LARGEST,9902f5e4-2bff-4798-9f30-16131308c3b2,36329,16953,1,2702,14251,0
8000,P2_LARGEST,9902f5e4-2bff-4798-9f30-16131308c3b2,36461,18817,4,2839,15978,0
8000,P2_LARGEST,9902f5e4-2bff-4798-9f30-16131308c3b2,37073,16355,0,0,16355,0
8000,P2_LARGEST,9902f5e4-2bff-4798-9f30-16131308c3b2,38229,17204,1,2493,14711,0
8000,P2_LARGEST,9902f5e4-2bff-4798-9f30-16131308c3b2,38708,19013,7,3139,15874,0
8000,P2_LARGEST,9902f5e4-2bff-4798-9f30-16131308c3b2,40008,16889,2,1244,15645,0
8000,P2_LARGEST,9902f5e4-2bff-4798-9f30-16131308c3b2,45167,20725,3,3973,16752,1
8000,P2_LARGEST,9902f5e4-2bff-4798-9f30-16131308c3b2,45594,25019,3,5020,19999,1
8000,P2_LARGEST,9902f5e4-2bff-4798-9f30-16131308c3b2,48773,21011,2,8187,12824,0
8000,P2_LARGEST,9902f5e4-2bff-4798-9f30-16131308c3b2,49716,32417,9,14597,17820,1
8000,P2_LARGEST,9902f5e4-2bff-4798-9f30-16131308c3b2,49995,25174,7,7715,17459,1
8000,P2_LARGEST,9902f5e4-2bff-4798-9f30-16131308c3b2,50391,18774,2,5237,13537,0
8000,P2_LARGEST,9902f5e4-2bff-4798-9f30-16131308c3b2,50734,17118,3,1345,15773,0
8000,P2_LARGEST,9902f5e4-2bff-4798-9f30-16131308c3b2,50988,17014,1,2588,14426,0
8000,P2_LARGEST,9902f5e4-2bff-4798-9f30-16131308c3b2,51397,19039,6,2336,16703,1
8000,P2_LARGEST,9902f5e4-2bff-4798-9f30-16131308c3b2,52378,18422,1,3301,15121,0
8000,P2_LARGEST,9902f5e4-2bff-4798-9f30-16131308c3b2,53830,20499,6,3619,16880,1
8000,P2_LARGEST,9902f5e4-2bff-4798-9f30-16131308c3b2,55211,18939,1,3626,15313,0
8000,P2_LARGEST,9902f5e4-2bff-4798-9f30-16131308c3b2,55322,20371,7,2681,17690,1
8000,P2_LARGEST,9902f5e4-2bff-4798-9f30-16131308c3b2,57411,18253,2,1325,16928,1
8000,P2_LARGEST,9902f5e4-2bff-4798-9f30-16131308c3b2,57579,24327,3,4196,20131,1
8000,P2_LARGEST,9902f5e4-2bff-4798-9f30-16131308c3b2,57841,28835,4,7476,21359,1
8000,P2_LARGEST,9902f5e4-2bff-4798-9f30-16131308c3b2,63423,22047,3,8487,13560,0
8000,P2_LARGEST,9902f5e4-2bff-4798-9f30-16131308c3b2,63542,19209,2,558,18651,1
8000,P2_LARGEST,9902f5e4-2bff-4798-9f30-16131308c3b2,64150,19299,1,5605,13694,0
none,P2_LARGEST,9902f5e4-2bff-4798-9f30-16131308c3b2,85,10027,0,0,10027,0
none,P2_LARGEST,9902f5e4-2bff-4798-9f30-16131308c3b2,558,10408,0,0,10408,0
none,P2_LARGEST,9902f5e4-2bff-4798-9f30-16131308c3b2,6185,12049,0,0,12049,0
none,P2_LARGEST,9902f5e4-2bff-4798-9f30-16131308c3b2,6297,18085,5,1239,16846,1
none,P2_LARGEST,9902f5e4-2bff-4798-9f30-16131308c3b2,6728,16976,1,5977,10999,0
none,P2_LARGEST,9902f5e4-2bff-4798-9f30-16131308c3b2,6830,11475,0,0,11475,0
none,P2_LARGEST,9902f5e4-2bff-4798-9f30-16131308c3b2,7152,11673,0,0,11673,0
none,P2_LARGEST,9902f5e4-2bff-4798-9f30-16131308c3b2,7470,12044,0,0,12044,0
none,P2_LARGEST,9902f5e4-2bff-4798-9f30-16131308c3b2,7526,12402,0,0,12402,0
none,P2_LARGEST,9902f5e4-2bff-4798-9f30-16131308c3b2,7590,12530,0,0,12530,0
none,P2_LARGEST,9902f5e4-2bff-4798-9f30-16131308c3b2,7683,12605,0,0,12605,0
none,P2_LARGEST,9902f5e4-2bff-4798-9f30-16131308c3b2,7933,12712,0,0,12712,0
none,P2_LARGEST,9902f5e4-2bff-4798-9f30-16131308c3b2,8040,12963,0,0,12963,0
none,P2_LARGEST,9902f5e4-2bff-4798-9f30-16131308c3b2,8916,13293,0,0,13293,0
none,P2_LARGEST,9902f5e4-2bff-4798-9f30-16131308c3b2,8999,18350,5,3130,15220,0
none,P2_LARGEST,9902f5e4-2bff-4798-9f30-16131308c3b2,10042,16362,0,0,16362,0
none,P2_LARGEST,9902f5e4-2bff-4798-9f30-16131308c3b2,10216,19518,3,4852,14666,0
none,P2_LARGEST,9902f5e4-2bff-4798-9f30-16131308c3b2,11154,18233,2,3110,15123,0
none,P2_LARGEST,9902f5e4-2bff-4798-9f30-16131308c3b2,11255,16150,0,0,16150,0
none,P2_LARGEST,9902f5e4-2bff-4798-9f30-16131308c3b2,14424,17217,1,2499,14718,0
none,P2_LARGEST,9902f5e4-2bff-4798-9f30-16131308c3b2,15024,20398,32,4186,16212,0
none,P2_LARGEST,9902f5e4-2bff-4798-9f30-16131308c3b2,16586,17009,1,3168,13841,0
none,P2_LARGEST,9902f5e4-2bff-4798-9f30-16131308c3b2,18353,19531,3,4441,15090,0
none,P2_LARGEST,9902f5e4-2bff-4798-9f30-16131308c3b2,19628,20880,6,4358,16522,1
none,P2_LARGEST,9902f5e4-2bff-4798-9f30-16131308c3b2,19786,17977,2,2713,15264,0
none,P2_LARGEST,9902f5e4-2bff-4798-9f30-16131308c3b2,20975,15547,0,0,15547,0
none,P2_LARGEST,9902f5e4-2bff-4798-9f30-16131308c3b2,23835,20064,5,4675,15389,0
none,P2_LARGEST,9902f5e4-2bff-4798-9f30-16131308c3b2,25193,18347,1,3100,15247,0
none,P2_LARGEST,9902f5e4-2bff-4798-9f30-16131308c3b2,25959,17583,1,2837,14746,0
none,P2_LARGEST,9902f5e4-2bff-4798-9f30-16131308c3b2,28053,15824,0,0,15824,0
none,P2_LARGEST,9902f5e4-2bff-4798-9f30-16131308c3b2,33499,22808,8,4752,18056,1
none,P2_LARGEST,9902f5e4-2bff-4798-9f30-16131308c3b2,33566,26717,4,12710,14007,0
none,P2_LARGEST,9902f5e4-2bff-4798-9f30-16131308c3b2,35999,16052,0,0,16052,0
none,P2_LARGEST,9902f5e4-2bff-4798-9f30-16131308c3b2,36062,18714,4,2833,15881,0
none,P2_LARGEST,9902f5e4-2bff-4798-9f30-16131308c3b2,36233,21391,4,4625,16766,1
none,P2_LARGEST,9902f5e4-2bff-4798-9f30-16131308c3b2,36329,16953,1,2702,14251,0
none,P2_LARGEST,9902f5e4-2bff-4798-9f30-16131308c3b2,36461,18817,4,2839,15978,0
none,P2_LARGEST,9902f5e4-2bff-4798-9f30-16131308c3b2,37073,16355,0,0,16355,0
none,P2_LARGEST,9902f5e4-2bff-4798-9f30-16131308c3b2,38229,17204,1,2493,14711,0
none,P2_LARGEST,9902f5e4-2bff-4798-9f30-16131308c3b2,38708,19013,7,3139,15874,0
none,P2_LARGEST,9902f5e4-2bff-4798-9f30-16131308c3b2,40008,16889,2,1244,15645,0
none,P2_LARGEST,9902f5e4-2bff-4798-9f30-16131308c3b2,45167,20725,3,3973,16752,1
none,P2_LARGEST,9902f5e4-2bff-4798-9f30-16131308c3b2,45594,25019,3,5020,19999,1
none,P2_LARGEST,9902f5e4-2bff-4798-9f30-16131308c3b2,48773,21011,2,8187,12824,0
none,P2_LARGEST,9902f5e4-2bff-4798-9f30-16131308c3b2,49716,32417,9,14597,17820,1
none,P2_LARGEST,9902f5e4-2bff-4798-9f30-16131308c3b2,49995,25174,7,7715,17459,1
none,P2_LARGEST,9902f5e4-2bff-4798-9f30-16131308c3b2,50391,18774,2,5237,13537,0
none,P2_LARGEST,9902f5e4-2bff-4798-9f30-16131308c3b2,50734,17118,3,1345,15773,0
none,P2_LARGEST,9902f5e4-2bff-4798-9f30-16131308c3b2,50988,17014,1,2588,14426,0
none,P2_LARGEST,9902f5e4-2bff-4798-9f30-16131308c3b2,51397,19039,6,2336,16703,1
none,P2_LARGEST,9902f5e4-2bff-4798-9f30-16131308c3b2,52378,18422,1,3301,15121,0
none,P2_LARGEST,9902f5e4-2bff-4798-9f30-16131308c3b2,53830,20499,6,3619,16880,1
none,P2_LARGEST,9902f5e4-2bff-4798-9f30-16131308c3b2,55211,18939,1,3626,15313,0
none,P2_LARGEST,9902f5e4-2bff-4798-9f30-16131308c3b2,55322,20371,7,2681,17690,1
none,P2_LARGEST,9902f5e4-2bff-4798-9f30-16131308c3b2,57411,18253,2,1325,16928,1
none,P2_LARGEST,9902f5e4-2bff-4798-9f30-16131308c3b2,57579,24327,3,4196,20131,1
none,P2_LARGEST,9902f5e4-2bff-4798-9f30-16131308c3b2,57841,28835,4,7476,21359,1
none,P2_LARGEST,9902f5e4-2bff-4798-9f30-16131308c3b2,63423,22047,3,8487,13560,0
none,P2_LARGEST,9902f5e4-2bff-4798-9f30-16131308c3b2,63542,19209,2,558,18651,1
none,P2_LARGEST,9902f5e4-2bff-4798-9f30-16131308c3b2,64150,19299,1,5605,13694,0
2000,P2_LARGEST,9b4eb3e3-bfe6-452c-83d7-877c97c2c5e7,170,9157,0,0,9157,0
4000,P2_LARGEST,9b4eb3e3-bfe6-452c-83d7-877c97c2c5e7,170,9157,0,0,9157,0
8000,P2_LARGEST,9b4eb3e3-bfe6-452c-83d7-877c97c2c5e7,170,9157,0,0,9157,0
none,P2_LARGEST,9b4eb3e3-bfe6-452c-83d7-877c97c2c5e7,170,9157,0,0,9157,0
2000,P2_LARGEST,9b86d89d-83e0-477c-ac5c-e6376cf9f22e,134,9153,0,0,9153,0
2000,P2_LARGEST,9b86d89d-83e0-477c-ac5c-e6376cf9f22e,273,9753,0,0,9753,0
2000,P2_LARGEST,9b86d89d-83e0-477c-ac5c-e6376cf9f22e,327,9886,0,0,9886,0
2000,P2_LARGEST,9b86d89d-83e0-477c-ac5c-e6376cf9f22e,383,9952,0,0,9952,0
2000,P2_LARGEST,9b86d89d-83e0-477c-ac5c-e6376cf9f22e,711,10000,0,0,10000,0
2000,P2_LARGEST,9b86d89d-83e0-477c-ac5c-e6376cf9f22e,918,10326,0,0,10326,0
2000,P2_LARGEST,9b86d89d-83e0-477c-ac5c-e6376cf9f22e,1031,11075,0,0,11075,0
2000,P2_LARGEST,9b86d89d-83e0-477c-ac5c-e6376cf9f22e,1678,12216,0,0,12216,0
4000,P2_LARGEST,9b86d89d-83e0-477c-ac5c-e6376cf9f22e,134,9153,0,0,9153,0
4000,P2_LARGEST,9b86d89d-83e0-477c-ac5c-e6376cf9f22e,273,9753,0,0,9753,0
4000,P2_LARGEST,9b86d89d-83e0-477c-ac5c-e6376cf9f22e,327,9886,0,0,9886,0
4000,P2_LARGEST,9b86d89d-83e0-477c-ac5c-e6376cf9f22e,383,9952,0,0,9952,0
4000,P2_LARGEST,9b86d89d-83e0-477c-ac5c-e6376cf9f22e,711,10000,0,0,10000,0
4000,P2_LARGEST,9b86d89d-83e0-477c-ac5c-e6376cf9f22e,918,10326,0,0,10326,0
4000,P2_LARGEST,9b86d89d-83e0-477c-ac5c-e6376cf9f22e,1031,11075,0,0,11075,0
4000,P2_LARGEST,9b86d89d-83e0-477c-ac5c-e6376cf9f22e,1678,12216,0,0,12216,0
8000,P2_LARGEST,9b86d89d-83e0-477c-ac5c-e6376cf9f22e,134,9153,0,0,9153,0
8000,P2_LARGEST,9b86d89d-83e0-477c-ac5c-e6376cf9f22e,273,9753,0,0,9753,0
8000,P2_LARGEST,9b86d89d-83e0-477c-ac5c-e6376cf9f22e,327,9886,0,0,9886,0
8000,P2_LARGEST,9b86d89d-83e0-477c-ac5c-e6376cf9f22e,383,9952,0,0,9952,0
8000,P2_LARGEST,9b86d89d-83e0-477c-ac5c-e6376cf9f22e,711,10000,0,0,10000,0
8000,P2_LARGEST,9b86d89d-83e0-477c-ac5c-e6376cf9f22e,918,10326,0,0,10326,0
8000,P2_LARGEST,9b86d89d-83e0-477c-ac5c-e6376cf9f22e,1031,11075,0,0,11075,0
8000,P2_LARGEST,9b86d89d-83e0-477c-ac5c-e6376cf9f22e,1678,12216,0,0,12216,0
none,P2_LARGEST,9b86d89d-83e0-477c-ac5c-e6376cf9f22e,134,9153,0,0,9153,0
none,P2_LARGEST,9b86d89d-83e0-477c-ac5c-e6376cf9f22e,273,9753,0,0,9753,0
none,P2_LARGEST,9b86d89d-83e0-477c-ac5c-e6376cf9f22e,327,9886,0,0,9886,0
none,P2_LARGEST,9b86d89d-83e0-477c-ac5c-e6376cf9f22e,383,9952,0,0,9952,0
none,P2_LARGEST,9b86d89d-83e0-477c-ac5c-e6376cf9f22e,711,10000,0,0,10000,0
none,P2_LARGEST,9b86d89d-83e0-477c-ac5c-e6376cf9f22e,918,10326,0,0,10326,0
none,P2_LARGEST,9b86d89d-83e0-477c-ac5c-e6376cf9f22e,1031,11075,0,0,11075,0
none,P2_LARGEST,9b86d89d-83e0-477c-ac5c-e6376cf9f22e,1678,12216,0,0,12216,0
2000,P2_LARGEST,9c93a1ca-edc3-4850-9f3e-79e6bf010e7a,86,9467,0,0,9467,0
2000,P2_LARGEST,9c93a1ca-edc3-4850-9f3e-79e6bf010e7a,162,9611,0,0,9611,0
2000,P2_LARGEST,9c93a1ca-edc3-4850-9f3e-79e6bf010e7a,186,10202,0,0,10202,0
2000,P2_LARGEST,9c93a1ca-edc3-4850-9f3e-79e6bf010e7a,318,11277,0,0,11277,0
2000,P2_LARGEST,9c93a1ca-edc3-4850-9f3e-79e6bf010e7a,432,12467,0,0,12467,0
2000,P2_LARGEST,9c93a1ca-edc3-4850-9f3e-79e6bf010e7a,460,12757,0,0,12757,0
2000,P2_LARGEST,9c93a1ca-edc3-4850-9f3e-79e6bf010e7a,550,12839,0,0,12839,0
2000,P2_LARGEST,9c93a1ca-edc3-4850-9f3e-79e6bf010e7a,691,13638,0,0,13638,0
2000,P2_LARGEST,9c93a1ca-edc3-4850-9f3e-79e6bf010e7a,785,13848,0,0,13848,0
2000,P2_LARGEST,9c93a1ca-edc3-4850-9f3e-79e6bf010e7a,837,14782,0,0,14782,0
4000,P2_LARGEST,9c93a1ca-edc3-4850-9f3e-79e6bf010e7a,86,9467,0,0,9467,0
4000,P2_LARGEST,9c93a1ca-edc3-4850-9f3e-79e6bf010e7a,162,9611,0,0,9611,0
4000,P2_LARGEST,9c93a1ca-edc3-4850-9f3e-79e6bf010e7a,186,10202,0,0,10202,0
4000,P2_LARGEST,9c93a1ca-edc3-4850-9f3e-79e6bf010e7a,318,11277,0,0,11277,0
4000,P2_LARGEST,9c93a1ca-edc3-4850-9f3e-79e6bf010e7a,432,12467,0,0,12467,0
4000,P2_LARGEST,9c93a1ca-edc3-4850-9f3e-79e6bf010e7a,460,12757,0,0,12757,0
4000,P2_LARGEST,9c93a1ca-edc3-4850-9f3e-79e6bf010e7a,550,12839,0,0,12839,0
4000,P2_LARGEST,9c93a1ca-edc3-4850-9f3e-79e6bf010e7a,691,13638,0,0,13638,0
4000,P2_LARGEST,9c93a1ca-edc3-4850-9f3e-79e6bf010e7a,785,13848,0,0,13848,0
4000,P2_LARGEST,9c93a1ca-edc3-4850-9f3e-79e6bf010e7a,837,14782,0,0,14782,0
8000,P2_LARGEST,9c93a1ca-edc3-4850-9f3e-79e6bf010e7a,86,9467,0,0,9467,0
8000,P2_LARGEST,9c93a1ca-edc3-4850-9f3e-79e6bf010e7a,162,9611,0,0,9611,0
8000,P2_LARGEST,9c93a1ca-edc3-4850-9f3e-79e6bf010e7a,186,14274,0,0,14274,0
8000,P2_LARGEST,9c93a1ca-edc3-4850-9f3e-79e6bf010e7a,318,15349,0,0,15349,0
8000,P2_LARGEST,9c93a1ca-edc3-4850-9f3e-79e6bf010e7a,432,16539,1,4572,11967,0
8000,P2_LARGEST,9c93a1ca-edc3-4850-9f3e-79e6bf010e7a,460,12257,0,0,12257,0
8000,P2_LARGEST,9c93a1ca-edc3-4850-9f3e-79e6bf010e7a,550,12339,0,0,12339,0
8000,P2_LARGEST,9c93a1ca-edc3-4850-9f3e-79e6bf010e7a,691,13138,0,0,13138,0
8000,P2_LARGEST,9c93a1ca-edc3-4850-9f3e-79e6bf010e7a,785,13348,0,0,13348,0
8000,P2_LARGEST,9c93a1ca-edc3-4850-9f3e-79e6bf010e7a,837,14282,0,0,14282,0
none,P2_LARGEST,9c93a1ca-edc3-4850-9f3e-79e6bf010e7a,86,9467,0,0,9467,0
none,P2_LARGEST,9c93a1ca-edc3-4850-9f3e-79e6bf010e7a,162,9611,0,0,9611,0
none,P2_LARGEST,9c93a1ca-edc3-4850-9f3e-79e6bf010e7a,186,14274,0,0,14274,0
none,P2_LARGEST,9c93a1ca-edc3-4850-9f3e-79e6bf010e7a,318,15349,0,0,15349,0
none,P2_LARGEST,9c93a1ca-edc3-4850-9f3e-79e6bf010e7a,432,16539,1,4572,11967,0
none,P2_LARGEST,9c93a1ca-edc3-4850-9f3e-79e6bf010e7a,460,12257,0,0,12257,0
none,P2_LARGEST,9c93a1ca-edc3-4850-9f3e-79e6bf010e7a,550,12339,0,0,12339,0
none,P2_LARGEST,9c93a1ca-edc3-4850-9f3e-79e6bf010e7a,691,13138,0,0,13138,0
none,P2_LARGEST,9c93a1ca-edc3-4850-9f3e-79e6bf010e7a,785,13348,0,0,13348,0
none,P2_LARGEST,9c93a1ca-edc3-4850-9f3e-79e6bf010e7a,837,14282,0,0,14282,0
2000,P2_LARGEST,9e3d494d-c3a6-4cff-90b2-e827c35564cd,67,9305,0,0,9305,0
2000,P2_LARGEST,9e3d494d-c3a6-4cff-90b2-e827c35564cd,136,9367,0,0,9367,0
2000,P2_LARGEST,9e3d494d-c3a6-4cff-90b2-e827c35564cd,246,9436,0,0,9436,0
2000,P2_LARGEST,9e3d494d-c3a6-4cff-90b2-e827c35564cd,447,9977,0,0,9977,0
2000,P2_LARGEST,9e3d494d-c3a6-4cff-90b2-e827c35564cd,536,10641,0,0,10641,0
2000,P2_LARGEST,9e3d494d-c3a6-4cff-90b2-e827c35564cd,964,12040,0,0,12040,0
4000,P2_LARGEST,9e3d494d-c3a6-4cff-90b2-e827c35564cd,67,9305,0,0,9305,0
4000,P2_LARGEST,9e3d494d-c3a6-4cff-90b2-e827c35564cd,136,9367,0,0,9367,0
4000,P2_LARGEST,9e3d494d-c3a6-4cff-90b2-e827c35564cd,246,9436,0,0,9436,0
4000,P2_LARGEST,9e3d494d-c3a6-4cff-90b2-e827c35564cd,447,9977,0,0,9977,0
4000,P2_LARGEST,9e3d494d-c3a6-4cff-90b2-e827c35564cd,536,10641,0,0,10641,0
4000,P2_LARGEST,9e3d494d-c3a6-4cff-90b2-e827c35564cd,964,12040,0,0,12040,0
8000,P2_LARGEST,9e3d494d-c3a6-4cff-90b2-e827c35564cd,67,9305,0,0,9305,0
8000,P2_LARGEST,9e3d494d-c3a6-4cff-90b2-e827c35564cd,136,9367,0,0,9367,0
8000,P2_LARGEST,9e3d494d-c3a6-4cff-90b2-e827c35564cd,246,9436,0,0,9436,0
8000,P2_LARGEST,9e3d494d-c3a6-4cff-90b2-e827c35564cd,447,9977,0,0,9977,0
8000,P2_LARGEST,9e3d494d-c3a6-4cff-90b2-e827c35564cd,536,10641,0,0,10641,0
8000,P2_LARGEST,9e3d494d-c3a6-4cff-90b2-e827c35564cd,964,12040,0,0,12040,0
none,P2_LARGEST,9e3d494d-c3a6-4cff-90b2-e827c35564cd,67,9305,0,0,9305,0
none,P2_LARGEST,9e3d494d-c3a6-4cff-90b2-e827c35564cd,136,9367,0,0,9367,0
none,P2_LARGEST,9e3d494d-c3a6-4cff-90b2-e827c35564cd,246,9436,0,0,9436,0
none,P2_LARGEST,9e3d494d-c3a6-4cff-90b2-e827c35564cd,447,9977,0,0,9977,0
none,P2_LARGEST,9e3d494d-c3a6-4cff-90b2-e827c35564cd,536,10641,0,0,10641,0
none,P2_LARGEST,9e3d494d-c3a6-4cff-90b2-e827c35564cd,964,12040,0,0,12040,0
2000,P2_LARGEST,9ff74c9b-85d3-479b-af23-7ac0e0dc64d0,75,1756,0,0,1756,0
2000,P2_LARGEST,9ff74c9b-85d3-479b-af23-7ac0e0dc64d0,420,1987,0,0,1987,0
2000,P2_LARGEST,9ff74c9b-85d3-479b-af23-7ac0e0dc64d0,529,2324,0,0,2324,0
2000,P2_LARGEST,9ff74c9b-85d3-479b-af23-7ac0e0dc64d0,826,2545,0,0,2545,0
2000,P2_LARGEST,9ff74c9b-85d3-479b-af23-7ac0e0dc64d0,1107,2856,0,0,2856,0
2000,P2_LARGEST,9ff74c9b-85d3-479b-af23-7ac0e0dc64d0,1387,3169,0,0,3169,0
2000,P2_LARGEST,9ff74c9b-85d3-479b-af23-7ac0e0dc64d0,1637,3866,0,0,3866,0
4000,P2_LARGEST,9ff74c9b-85d3-479b-af23-7ac0e0dc64d0,75,1756,0,0,1756,0
4000,P2_LARGEST,9ff74c9b-85d3-479b-af23-7ac0e0dc64d0,420,1987,0,0,1987,0
4000,P2_LARGEST,9ff74c9b-85d3-479b-af23-7ac0e0dc64d0,529,2324,0,0,2324,0
4000,P2_LARGEST,9ff74c9b-85d3-479b-af23-7ac0e0dc64d0,826,2545,0,0,2545,0
4000,P2_LARGEST,9ff74c9b-85d3-479b-af23-7ac0e0dc64d0,1107,2856,0,0,2856,0
4000,P2_LARGEST,9ff74c9b-85d3-479b-af23-7ac0e0dc64d0,1387,3169,0,0,3169,0
4000,P2_LARGEST,9ff74c9b-85d3-479b-af23-7ac0e0dc64d0,1637,3866,0,0,3866,0
8000,P2_LARGEST,9ff74c9b-85d3-479b-af23-7ac0e0dc64d0,75,1756,0,0,1756,0
8000,P2_LARGEST,9ff74c9b-85d3-479b-af23-7ac0e0dc64d0,420,1987,0,0,1987,0
8000,P2_LARGEST,9ff74c9b-85d3-479b-af23-7ac0e0dc64d0,529,2324,0,0,2324,0
8000,P2_LARGEST,9ff74c9b-85d3-479b-af23-7ac0e0dc64d0,826,2545,0,0,2545,0
8000,P2_LARGEST,9ff74c9b-85d3-479b-af23-7ac0e0dc64d0,1107,2856,0,0,2856,0
8000,P2_LARGEST,9ff74c9b-85d3-479b-af23-7ac0e0dc64d0,1387,3169,0,0,3169,0
8000,P2_LARGEST,9ff74c9b-85d3-479b-af23-7ac0e0dc64d0,1637,3866,0,0,3866,0
none,P2_LARGEST,9ff74c9b-85d3-479b-af23-7ac0e0dc64d0,75,1756,0,0,1756,0
none,P2_LARGEST,9ff74c9b-85d3-479b-af23-7ac0e0dc64d0,420,1987,0,0,1987,0
none,P2_LARGEST,9ff74c9b-85d3-479b-af23-7ac0e0dc64d0,529,2324,0,0,2324,0
none,P2_LARGEST,9ff74c9b-85d3-479b-af23-7ac0e0dc64d0,826,2545,0,0,2545,0
none,P2_LARGEST,9ff74c9b-85d3-479b-af23-7ac0e0dc64d0,1107,2856,0,0,2856,0
none,P2_LARGEST,9ff74c9b-85d3-479b-af23-7ac0e0dc64d0,1387,3169,0,0,3169,0
none,P2_LARGEST,9ff74c9b-85d3-479b-af23-7ac0e0dc64d0,1637,3866,0,0,3866,0
2000,P2_LARGEST,a1f6d183-2067-4623-b281-2854e4028d5e,35,8964,0,0,8964,0
2000,P2_LARGEST,a1f6d183-2067-4623-b281-2854e4028d5e,56,9036,0,0,9036,0
2000,P2_LARGEST,a1f6d183-2067-4623-b281-2854e4028d5e,132,9067,0,0,9067,0
2000,P2_LARGEST,a1f6d183-2067-4623-b281-2854e4028d5e,226,9451,0,0,9451,0
2000,P2_LARGEST,a1f6d183-2067-4623-b281-2854e4028d5e,364,10577,0,0,10577,0
2000,P2_LARGEST,a1f6d183-2067-4623-b281-2854e4028d5e,498,11180,0,0,11180,0
2000,P2_LARGEST,a1f6d183-2067-4623-b281-2854e4028d5e,707,12229,0,0,12229,0
4000,P2_LARGEST,a1f6d183-2067-4623-b281-2854e4028d5e,35,8964,0,0,8964,0
4000,P2_LARGEST,a1f6d183-2067-4623-b281-2854e4028d5e,56,9036,0,0,9036,0
4000,P2_LARGEST,a1f6d183-2067-4623-b281-2854e4028d5e,132,9067,0,0,9067,0
4000,P2_LARGEST,a1f6d183-2067-4623-b281-2854e4028d5e,226,9451,0,0,9451,0
4000,P2_LARGEST,a1f6d183-2067-4623-b281-2854e4028d5e,364,10577,0,0,10577,0
4000,P2_LARGEST,a1f6d183-2067-4623-b281-2854e4028d5e,498,11180,0,0,11180,0
4000,P2_LARGEST,a1f6d183-2067-4623-b281-2854e4028d5e,707,12229,0,0,12229,0
8000,P2_LARGEST,a1f6d183-2067-4623-b281-2854e4028d5e,35,8964,0,0,8964,0
8000,P2_LARGEST,a1f6d183-2067-4623-b281-2854e4028d5e,56,9036,0,0,9036,0
8000,P2_LARGEST,a1f6d183-2067-4623-b281-2854e4028d5e,132,9067,0,0,9067,0
8000,P2_LARGEST,a1f6d183-2067-4623-b281-2854e4028d5e,226,9451,0,0,9451,0
8000,P2_LARGEST,a1f6d183-2067-4623-b281-2854e4028d5e,364,10577,0,0,10577,0
8000,P2_LARGEST,a1f6d183-2067-4623-b281-2854e4028d5e,498,11180,0,0,11180,0
8000,P2_LARGEST,a1f6d183-2067-4623-b281-2854e4028d5e,707,12229,0,0,12229,0
none,P2_LARGEST,a1f6d183-2067-4623-b281-2854e4028d5e,35,8964,0,0,8964,0
none,P2_LARGEST,a1f6d183-2067-4623-b281-2854e4028d5e,56,9036,0,0,9036,0
none,P2_LARGEST,a1f6d183-2067-4623-b281-2854e4028d5e,132,9067,0,0,9067,0
none,P2_LARGEST,a1f6d183-2067-4623-b281-2854e4028d5e,226,9451,0,0,9451,0
none,P2_LARGEST,a1f6d183-2067-4623-b281-2854e4028d5e,364,10577,0,0,10577,0
none,P2_LARGEST,a1f6d183-2067-4623-b281-2854e4028d5e,498,11180,0,0,11180,0
none,P2_LARGEST,a1f6d183-2067-4623-b281-2854e4028d5e,707,12229,0,0,12229,0
2000,P2_LARGEST,a2c2fa1b-5eeb-4a99-89a0-827401b2937f,274,10435,0,0,10435,0
2000,P2_LARGEST,a2c2fa1b-5eeb-4a99-89a0-827401b2937f,593,11270,0,0,11270,0
2000,P2_LARGEST,a2c2fa1b-5eeb-4a99-89a0-827401b2937f,880,11997,0,0,11997,0
2000,P2_LARGEST,a2c2fa1b-5eeb-4a99-89a0-827401b2937f,1218,12454,0,0,12454,0
2000,P2_LARGEST,a2c2fa1b-5eeb-4a99-89a0-827401b2937f,1418,12813,0,0,12813,0
2000,P2_LARGEST,a2c2fa1b-5eeb-4a99-89a0-827401b2937f,1614,13421,0,0,13421,0
2000,P2_LARGEST,a2c2fa1b-5eeb-4a99-89a0-827401b2937f,4720,15468,0,0,15468,0
2000,P2_LARGEST,a2c2fa1b-5eeb-4a99-89a0-827401b2937f,5320,18722,0,0,18722,0
2000,P2_LARGEST,a2c2fa1b-5eeb-4a99-89a0-827401b2937f,5536,19305,0,0,19305,0
2000,P2_LARGEST,a2c2fa1b-5eeb-4a99-89a0-827401b2937f,5845,21557,0,0,21557,0
2000,P2_LARGEST,a2c2fa1b-5eeb-4a99-89a0-827401b2937f,9094,23410,0,0,23410,0
2000,P2_LARGEST,a2c2fa1b-5eeb-4a99-89a0-827401b2937f,12739,30352,4,7922,22430,0
2000,P2_LARGEST,a2c2fa1b-5eeb-4a99-89a0-827401b2937f,12983,26318,1,3336,22982,0
2000,P2_LARGEST,a2c2fa1b-5eeb-4a99-89a0-827401b2937f,16677,23652,0,0,23652,0
2000,P2_LARGEST,a2c2fa1b-5eeb-4a99-89a0-827401b2937f,17438,29587,2,6995,22592,0
2000,P2_LARGEST,a2c2fa1b-5eeb-4a99-89a0-827401b2937f,17628,23457,0,0,23457,0
2000,P2_LARGEST,a2c2fa1b-5eeb-4a99-89a0-827401b2937f,18625,24794,1,3640,21154,0
2000,P2_LARGEST,a2c2fa1b-5eeb-4a99-89a0-827401b2937f,18812,22173,0,0,22173,0
2000,P2_LARGEST,a2c2fa1b-5eeb-4a99-89a0-827401b2937f,19584,23226,0,0,23226,0
2000,P2_LARGEST,a2c2fa1b-5eeb-4a99-89a0-827401b2937f,19651,24073,0,0,24073,0
2000,P2_LARGEST,a2c2fa1b-5eeb-4a99-89a0-827401b2937f,20167,24235,0,0,24235,0
2000,P2_LARGEST,a2c2fa1b-5eeb-4a99-89a0-827401b2937f,20438,25166,1,2238,22928,0
2000,P2_LARGEST,a2c2fa1b-5eeb-4a99-89a0-827401b2937f,20892,26286,3,2935,23351,0
2000,P2_LARGEST,a2c2fa1b-5eeb-4a99-89a0-827401b2937f,21704,25176,1,2604,22572,0
2000,P2_LARGEST,a2c2fa1b-5eeb-4a99-89a0-827401b2937f,21771,23460,0,0,23460,0
2000,P2_LARGEST,a2c2fa1b-5eeb-4a99-89a0-827401b2937f,22474,23716,0,0,23716,0
2000,P2_LARGEST,a2c2fa1b-5eeb-4a99-89a0-827401b2937f,23051,24497,0,0,24497,0
2000,P2_LARGEST,a2c2fa1b-5eeb-4a99-89a0-827401b2937f,23112,25153,2,1635,23518,0
2000,P2_LARGEST,a2c2fa1b-5eeb-4a99-89a0-827401b2937f,23468,23666,0,0,23666,0
2000,P2_LARGEST,a2c2fa1b-5eeb-4a99-89a0-827401b2937f,23615,24005,0,0,24005,0
2000,P2_LARGEST,a2c2fa1b-5eeb-4a99-89a0-827401b2937f,24378,24269,0,0,24269,0
2000,P2_LARGEST,a2c2fa1b-5eeb-4a99-89a0-827401b2937f,24601,25144,3,2176,22968,0
2000,P2_LARGEST,a2c2fa1b-5eeb-4a99-89a0-827401b2937f,25430,23372,0,0,23372,0
2000,P2_LARGEST,a2c2fa1b-5eeb-4a99-89a0-827401b2937f,26378,26594,6,3500,23094,0
2000,P2_LARGEST,a2c2fa1b-5eeb-4a99-89a0-827401b2937f,27072,24877,1,1672,23205,0
2000,P2_LARGEST,a2c2fa1b-5eeb-4a99-89a0-827401b2937f,27851,24204,0,0,24204,0
2000,P2_LARGEST,a2c2fa1b-5eeb-4a99-89a0-827401b2937f,28704,25490,3,2482,23008,0
4000,P2_LARGEST,a2c2fa1b-5eeb-4a99-89a0-827401b2937f,274,10435,0,0,10435,0
4000,P2_LARGEST,a2c2fa1b-5eeb-4a99-89a0-827401b2937f,593,14376,0,0,14376,0
4000,P2_LARGEST,a2c2fa1b-5eeb-4a99-89a0-827401b2937f,880,15103,0,0,15103,0
4000,P2_LARGEST,a2c2fa1b-5eeb-4a99-89a0-827401b2937f,1218,15560,0,0,15560,0
4000,P2_LARGEST,a2c2fa1b-5eeb-4a99-89a0-827401b2937f,1418,15919,0,0,15919,0
4000,P2_LARGEST,a2c2fa1b-5eeb-4a99-89a0-827401b2937f,1614,16527,0,0,16527,0
4000,P2_LARGEST,a2c2fa1b-5eeb-4a99-89a0-827401b2937f,4720,18574,0,0,18574,0
4000,P2_LARGEST,a2c2fa1b-5eeb-4a99-89a0-827401b2937f,5320,21828,0,0,21828,0
4000,P2_LARGEST,a2c2fa1b-5eeb-4a99-89a0-827401b2937f,5536,22411,0,0,22411,0
4000,P2_LARGEST,a2c2fa1b-5eeb-4a99-89a0-827401b2937f,5845,24663,1,3606,21057,0
4000,P2_LARGEST,a2c2fa1b-5eeb-4a99-89a0-827401b2937f,9094,22910,0,0,22910,0
4000,P2_LARGEST,a2c2fa1b-5eeb-4a99-89a0-827401b2937f,12739,29852,3,6442,23410,0
4000,P2_LARGEST,a2c2fa1b-5eeb-4a99-89a0-827401b2937f,12983,27298,2,6594,20704,0
4000,P2_LARGEST,a2c2fa1b-5eeb-4a99-89a0-827401b2937f,16677,21374,0,0,21374,0
4000,P2_LARGEST,a2c2fa1b-5eeb-4a99-89a0-827401b2937f,17438,27309,1,3737,23572,0
4000,P2_LARGEST,a2c2fa1b-5eeb-4a99-89a0-827401b2937f,17628,24437,0,0,24437,0
4000,P2_LARGEST,a2c2fa1b-5eeb-4a99-89a0-827401b2937f,18625,25774,1,3640,22134,0
4000,P2_LARGEST,a2c2fa1b-5eeb-4a99-89a0-827401b2937f,18812,23153,0,0,23153,0
4000,P2_LARGEST,a2c2fa1b-5eeb-4a99-89a0-827401b2937f,19584,24206,0,0,24206,0
4000,P2_LARGEST,a2c2fa1b-5eeb-4a99-89a0-827401b2937f,19651,25053,1,2238,22815,0
4000,P2_LARGEST,a2c2fa1b-5eeb-4a99-89a0-827401b2937f,20167,22977,0,0,22977,0
4000,P2_LARGEST,a2c2fa1b-5eeb-4a99-89a0-827401b2937f,20438,23908,0,0,23908,0
4000,P2_LARGEST,a2c2fa1b-5eeb-4a99-89a0-827401b2937f,20892,27266,4,4415,22851,0
4000,P2_LARGEST,a2c2fa1b-5eeb-4a99-89a0-827401b2937f,21704,24676,1,2604,22072,0
4000,P2_LARGEST,a2c2fa1b-5eeb-4a99-89a0-827401b2937f,21771,22960,0,0,22960,0
4000,P2_LARGEST,a2c2fa1b-5eeb-4a99-89a0-827401b2937f,22474,23216,0,0,23216,0
4000,P2_LARGEST,a2c2fa1b-5eeb-4a99-89a0-827401b2937f,23051,23997,0,0,23997,0
4000,P2_LARGEST,a2c2fa1b-5eeb-4a99-89a0-827401b2937f,23112,24653,2,1635,23018,0
4000,P2_LARGEST,a2c2fa1b-5eeb-4a99-89a0-827401b2937f,23468,23166,0,0,23166,0
4000,P2_LARGEST,a2c2fa1b-5eeb-4a99-89a0-827401b2937f,23615,23505,0,0,23505,0
4000,P2_LARGEST,a2c2fa1b-5eeb-4a99-89a0-827401b2937f,24378,23769,0,0,23769,0
4000,P2_LARGEST,a2c2fa1b-5eeb-4a99-89a0-827401b2937f,24601,24644,2,1486,23158,0
4000,P2_LARGEST,a2c2fa1b-5eeb-4a99-89a0-827401b2937f,25430,23562,0,0,23562,0
4000,P2_LARGEST,a2c2fa1b-5eeb-4a99-89a0-827401b2937f,26378,26784,6,3690,23094,0
4000,P2_LARGEST,a2c2fa1b-5eeb-4a99-89a0-827401b2937f,27072,24877,1,1672,23205,0
4000,P2_LARGEST,a2c2fa1b-5eeb-4a99-89a0-827401b2937f,27851,24204,0,0,24204,0
4000,P2_LARGEST,a2c2fa1b-5eeb-4a99-89a0-827401b2937f,28704,27078,5,3827,23251,0
8000,P2_LARGEST,a2c2fa1b-5eeb-4a99-89a0-827401b2937f,274,10435,0,0,10435,0
8000,P2_LARGEST,a2c2fa1b-5eeb-4a99-89a0-827401b2937f,593,14376,0,0,14376,0
8000,P2_LARGEST,a2c2fa1b-5eeb-4a99-89a0-827401b2937f,880,15103,0,0,15103,0
8000,P2_LARGEST,a2c2fa1b-5eeb-4a99-89a0-827401b2937f,1218,15560,0,0,15560,0
8000,P2_LARGEST,a2c2fa1b-5eeb-4a99-89a0-827401b2937f,1418,15919,0,0,15919,0
8000,P2_LARGEST,a2c2fa1b-5eeb-4a99-89a0-827401b2937f,1614,16527,0,0,16527,0
8000,P2_LARGEST,a2c2fa1b-5eeb-4a99-89a0-827401b2937f,4720,18574,0,0,18574,0
8000,P2_LARGEST,a2c2fa1b-5eeb-4a99-89a0-827401b2937f,5320,21828,0,0,21828,0
8000,P2_LARGEST,a2c2fa1b-5eeb-4a99-89a0-827401b2937f,5536,22411,0,0,22411,0
8000,P2_LARGEST,a2c2fa1b-5eeb-4a99-89a0-827401b2937f,5845,29480,2,6694,22786,0
8000,P2_LARGEST,a2c2fa1b-5eeb-4a99-89a0-827401b2937f,9094,24639,1,5317,19322,0
8000,P2_LARGEST,a2c2fa1b-5eeb-4a99-89a0-827401b2937f,12739,26264,2,3354,22910,0
8000,P2_LARGEST,a2c2fa1b-5eeb-4a99-89a0-827401b2937f,12983,26798,1,3336,23462,0
8000,P2_LARGEST,a2c2fa1b-5eeb-4a99-89a0-827401b2937f,16677,24132,0,0,24132,0
8000,P2_LARGEST,a2c2fa1b-5eeb-4a99-89a0-827401b2937f,17438,30067,2,6995,23072,0
8000,P2_LARGEST,a2c2fa1b-5eeb-4a99-89a0-827401b2937f,17628,23937,0,0,23937,0
8000,P2_LARGEST,a2c2fa1b-5eeb-4a99-89a0-827401b2937f,18625,25274,1,3640,21634,0
8000,P2_LARGEST,a2c2fa1b-5eeb-4a99-89a0-827401b2937f,18812,22653,0,0,22653,0
8000,P2_LARGEST,a2c2fa1b-5eeb-4a99-89a0-827401b2937f,19584,23706,0,0,23706,0
8000,P2_LARGEST,a2c2fa1b-5eeb-4a99-89a0-827401b2937f,19651,24553,0,0,24553,0
8000,P2_LARGEST,a2c2fa1b-5eeb-4a99-89a0-827401b2937f,20167,24715,1,2238,22477,0
8000,P2_LARGEST,a2c2fa1b-5eeb-4a99-89a0-827401b2937f,20438,23408,0,0,23408,0
8000,P2_LARGEST,a2c2fa1b-5eeb-4a99-89a0-827401b2937f,20892,26766,3,3577,23189,0
8000,P2_LARGEST,a2c2fa1b-5eeb-4a99-89a0-827401b2937f,21704,25014,1,2604,22410,0
8000,P2_LARGEST,a2c2fa1b-5eeb-4a99-89a0-827401b2937f,21771,23298,0,0,23298,0
8000,P2_LARGEST,a2c2fa1b-5eeb-4a99-89a0-827401b2937f,22474,23554,0,0,23554,0
8000,P2_LARGEST,a2c2fa1b-5eeb-4a99-89a0-827401b2937f,23051,24335,0,0,24335,0
8000,P2_LARGEST,a2c2fa1b-5eeb-4a99-89a0-827401b2937f,23112,24991,2,1665,23326,0
8000,P2_LARGEST,a2c2fa1b-5eeb-4a99-89a0-827401b2937f,23468,23474,0,0,23474,0
8000,P2_LARGEST,a2c2fa1b-5eeb-4a99-89a0-827401b2937f,23615,23813,0,0,23813,0
8000,P2_LARGEST,a2c2fa1b-5eeb-4a99-89a0-827401b2937f,24378,24077,0,0,24077,0
8000,P2_LARGEST,a2c2fa1b-5eeb-4a99-89a0-827401b2937f,24601,24952,2,1595,23357,0
8000,P2_LARGEST,a2c2fa1b-5eeb-4a99-89a0-827401b2937f,25430,23761,0,0,23761,0
8000,P2_LARGEST,a2c2fa1b-5eeb-4a99-89a0-827401b2937f,26378,26983,6,3843,23140,0
8000,P2_LARGEST,a2c2fa1b-5eeb-4a99-89a0-827401b2937f,27072,24923,1,1672,23251,0
8000,P2_LARGEST,a2c2fa1b-5eeb-4a99-89a0-827401b2937f,27851,24250,0,0,24250,0
8000,P2_LARGEST,a2c2fa1b-5eeb-4a99-89a0-827401b2937f,28704,27124,5,3827,23297,0
none,P2_LARGEST,a2c2fa1b-5eeb-4a99-89a0-827401b2937f,274,10435,0,0,10435,0
none,P2_LARGEST,a2c2fa1b-5eeb-4a99-89a0-827401b2937f,593,14376,0,0,14376,0
none,P2_LARGEST,a2c2fa1b-5eeb-4a99-89a0-827401b2937f,880,15103,0,0,15103,0
none,P2_LARGEST,a2c2fa1b-5eeb-4a99-89a0-827401b2937f,1218,15560,0,0,15560,0
none,P2_LARGEST,a2c2fa1b-5eeb-4a99-89a0-827401b2937f,1418,15919,0,0,15919,0
none,P2_LARGEST,a2c2fa1b-5eeb-4a99-89a0-827401b2937f,1614,16527,0,0,16527,0
none,P2_LARGEST,a2c2fa1b-5eeb-4a99-89a0-827401b2937f,4720,18574,0,0,18574,0
none,P2_LARGEST,a2c2fa1b-5eeb-4a99-89a0-827401b2937f,5320,21828,0,0,21828,0
none,P2_LARGEST,a2c2fa1b-5eeb-4a99-89a0-827401b2937f,5536,22411,0,0,22411,0
none,P2_LARGEST,a2c2fa1b-5eeb-4a99-89a0-827401b2937f,5845,29480,2,6694,22786,0
none,P2_LARGEST,a2c2fa1b-5eeb-4a99-89a0-827401b2937f,9094,24639,1,5317,19322,0
none,P2_LARGEST,a2c2fa1b-5eeb-4a99-89a0-827401b2937f,12739,26264,2,3354,22910,0
none,P2_LARGEST,a2c2fa1b-5eeb-4a99-89a0-827401b2937f,12983,26798,1,3336,23462,0
none,P2_LARGEST,a2c2fa1b-5eeb-4a99-89a0-827401b2937f,16677,24132,0,0,24132,0
none,P2_LARGEST,a2c2fa1b-5eeb-4a99-89a0-827401b2937f,17438,30067,2,6995,23072,0
none,P2_LARGEST,a2c2fa1b-5eeb-4a99-89a0-827401b2937f,17628,23937,0,0,23937,0
none,P2_LARGEST,a2c2fa1b-5eeb-4a99-89a0-827401b2937f,18625,25274,1,3640,21634,0
none,P2_LARGEST,a2c2fa1b-5eeb-4a99-89a0-827401b2937f,18812,22653,0,0,22653,0
none,P2_LARGEST,a2c2fa1b-5eeb-4a99-89a0-827401b2937f,19584,23706,0,0,23706,0
none,P2_LARGEST,a2c2fa1b-5eeb-4a99-89a0-827401b2937f,19651,24553,0,0,24553,0
none,P2_LARGEST,a2c2fa1b-5eeb-4a99-89a0-827401b2937f,20167,24715,1,2238,22477,0
none,P2_LARGEST,a2c2fa1b-5eeb-4a99-89a0-827401b2937f,20438,23408,0,0,23408,0
none,P2_LARGEST,a2c2fa1b-5eeb-4a99-89a0-827401b2937f,20892,26766,3,3577,23189,0
none,P2_LARGEST,a2c2fa1b-5eeb-4a99-89a0-827401b2937f,21704,25014,1,2604,22410,0
none,P2_LARGEST,a2c2fa1b-5eeb-4a99-89a0-827401b2937f,21771,23298,0,0,23298,0
none,P2_LARGEST,a2c2fa1b-5eeb-4a99-89a0-827401b2937f,22474,23554,0,0,23554,0
none,P2_LARGEST,a2c2fa1b-5eeb-4a99-89a0-827401b2937f,23051,24335,0,0,24335,0
none,P2_LARGEST,a2c2fa1b-5eeb-4a99-89a0-827401b2937f,23112,24991,2,1665,23326,0
none,P2_LARGEST,a2c2fa1b-5eeb-4a99-89a0-827401b2937f,23468,23474,0,0,23474,0
none,P2_LARGEST,a2c2fa1b-5eeb-4a99-89a0-827401b2937f,23615,23813,0,0,23813,0
none,P2_LARGEST,a2c2fa1b-5eeb-4a99-89a0-827401b2937f,24378,24077,0,0,24077,0
none,P2_LARGEST,a2c2fa1b-5eeb-4a99-89a0-827401b2937f,24601,24952,2,1595,23357,0
none,P2_LARGEST,a2c2fa1b-5eeb-4a99-89a0-827401b2937f,25430,23761,0,0,23761,0
none,P2_LARGEST,a2c2fa1b-5eeb-4a99-89a0-827401b2937f,26378,26983,6,3843,23140,0
none,P2_LARGEST,a2c2fa1b-5eeb-4a99-89a0-827401b2937f,27072,24923,1,1672,23251,0
none,P2_LARGEST,a2c2fa1b-5eeb-4a99-89a0-827401b2937f,27851,24250,0,0,24250,0
none,P2_LARGEST,a2c2fa1b-5eeb-4a99-89a0-827401b2937f,28704,27124,5,3827,23297,0
2000,P2_LARGEST,a3550fac-7a9c-4315-bd78-1819e2cbe480,122,7861,0,0,7861,0
2000,P2_LARGEST,a3550fac-7a9c-4315-bd78-1819e2cbe480,340,8019,0,0,8019,0
4000,P2_LARGEST,a3550fac-7a9c-4315-bd78-1819e2cbe480,122,7861,0,0,7861,0
4000,P2_LARGEST,a3550fac-7a9c-4315-bd78-1819e2cbe480,340,8019,0,0,8019,0
8000,P2_LARGEST,a3550fac-7a9c-4315-bd78-1819e2cbe480,122,7861,0,0,7861,0
8000,P2_LARGEST,a3550fac-7a9c-4315-bd78-1819e2cbe480,340,8019,0,0,8019,0
none,P2_LARGEST,a3550fac-7a9c-4315-bd78-1819e2cbe480,122,7861,0,0,7861,0
none,P2_LARGEST,a3550fac-7a9c-4315-bd78-1819e2cbe480,340,8019,0,0,8019,0
2000,P2_LARGEST,a5ca3e46-5cdb-47ec-9d60-a4d101bf79ec,138,9151,0,0,9151,0
2000,P2_LARGEST,a5ca3e46-5cdb-47ec-9d60-a4d101bf79ec,241,9899,0,0,9899,0
2000,P2_LARGEST,a5ca3e46-5cdb-47ec-9d60-a4d101bf79ec,412,11193,0,0,11193,0
2000,P2_LARGEST,a5ca3e46-5cdb-47ec-9d60-a4d101bf79ec,827,12781,0,0,12781,0
2000,P2_LARGEST,a5ca3e46-5cdb-47ec-9d60-a4d101bf79ec,1186,13195,0,0,13195,0
2000,P2_LARGEST,a5ca3e46-5cdb-47ec-9d60-a4d101bf79ec,1456,13547,0,0,13547,0
4000,P2_LARGEST,a5ca3e46-5cdb-47ec-9d60-a4d101bf79ec,138,9151,0,0,9151,0
4000,P2_LARGEST,a5ca3e46-5cdb-47ec-9d60-a4d101bf79ec,241,9899,0,0,9899,0
4000,P2_LARGEST,a5ca3e46-5cdb-47ec-9d60-a4d101bf79ec,412,11193,0,0,11193,0
4000,P2_LARGEST,a5ca3e46-5cdb-47ec-9d60-a4d101bf79ec,827,12781,0,0,12781,0
4000,P2_LARGEST,a5ca3e46-5cdb-47ec-9d60-a4d101bf79ec,1186,13195,0,0,13195,0
4000,P2_LARGEST,a5ca3e46-5cdb-47ec-9d60-a4d101bf79ec,1456,13547,0,0,13547,0
8000,P2_LARGEST,a5ca3e46-5cdb-47ec-9d60-a4d101bf79ec,138,9151,0,0,9151,0
8000,P2_LARGEST,a5ca3e46-5cdb-47ec-9d60-a4d101bf79ec,241,9899,0,0,9899,0
8000,P2_LARGEST,a5ca3e46-5cdb-47ec-9d60-a4d101bf79ec,412,11193,0,0,11193,0
8000,P2_LARGEST,a5ca3e46-5cdb-47ec-9d60-a4d101bf79ec,827,12781,0,0,12781,0
8000,P2_LARGEST,a5ca3e46-5cdb-47ec-9d60-a4d101bf79ec,1186,13195,0,0,13195,0
8000,P2_LARGEST,a5ca3e46-5cdb-47ec-9d60-a4d101bf79ec,1456,13547,0,0,13547,0
none,P2_LARGEST,a5ca3e46-5cdb-47ec-9d60-a4d101bf79ec,138,9151,0,0,9151,0
none,P2_LARGEST,a5ca3e46-5cdb-47ec-9d60-a4d101bf79ec,241,9899,0,0,9899,0
none,P2_LARGEST,a5ca3e46-5cdb-47ec-9d60-a4d101bf79ec,412,11193,0,0,11193,0
none,P2_LARGEST,a5ca3e46-5cdb-47ec-9d60-a4d101bf79ec,827,12781,0,0,12781,0
none,P2_LARGEST,a5ca3e46-5cdb-47ec-9d60-a4d101bf79ec,1186,13195,0,0,13195,0
none,P2_LARGEST,a5ca3e46-5cdb-47ec-9d60-a4d101bf79ec,1456,13547,0,0,13547,0
2000,P2_LARGEST,a64ab3b1-1a1a-4afc-88cb-e298228fe8c1,298,7861,0,0,7861,0
2000,P2_LARGEST,a64ab3b1-1a1a-4afc-88cb-e298228fe8c1,366,8195,0,0,8195,0
4000,P2_LARGEST,a64ab3b1-1a1a-4afc-88cb-e298228fe8c1,298,7861,0,0,7861,0
4000,P2_LARGEST,a64ab3b1-1a1a-4afc-88cb-e298228fe8c1,366,8195,0,0,8195,0
8000,P2_LARGEST,a64ab3b1-1a1a-4afc-88cb-e298228fe8c1,298,7861,0,0,7861,0
8000,P2_LARGEST,a64ab3b1-1a1a-4afc-88cb-e298228fe8c1,366,8195,0,0,8195,0
none,P2_LARGEST,a64ab3b1-1a1a-4afc-88cb-e298228fe8c1,298,7861,0,0,7861,0
none,P2_LARGEST,a64ab3b1-1a1a-4afc-88cb-e298228fe8c1,366,8195,0,0,8195,0
2000,P2_LARGEST,a7d452b8-8c79-47ad-b52d-dc82d1deeea1,228,6311,0,0,6311,0
2000,P2_LARGEST,a7d452b8-8c79-47ad-b52d-dc82d1deeea1,941,7041,0,0,7041,0
4000,P2_LARGEST,a7d452b8-8c79-47ad-b52d-dc82d1deeea1,228,6311,0,0,6311,0
4000,P2_LARGEST,a7d452b8-8c79-47ad-b52d-dc82d1deeea1,941,7041,0,0,7041,0
8000,P2_LARGEST,a7d452b8-8c79-47ad-b52d-dc82d1deeea1,228,6311,0,0,6311,0
8000,P2_LARGEST,a7d452b8-8c79-47ad-b52d-dc82d1deeea1,941,14349,0,0,14349,0
none,P2_LARGEST,a7d452b8-8c79-47ad-b52d-dc82d1deeea1,228,6311,0,0,6311,0
none,P2_LARGEST,a7d452b8-8c79-47ad-b52d-dc82d1deeea1,941,14349,0,0,14349,0
2000,P2_LARGEST,ad56f482-dee1-4097-a8c0-147a0cda05bc,435,11455,0,0,11455,0
2000,P2_LARGEST,ad56f482-dee1-4097-a8c0-147a0cda05bc,610,12171,0,0,12171,0
2000,P2_LARGEST,ad56f482-dee1-4097-a8c0-147a0cda05bc,734,13095,0,0,13095,0
2000,P2_LARGEST,ad56f482-dee1-4097-a8c0-147a0cda05bc,866,13241,0,0,13241,0
2000,P2_LARGEST,ad56f482-dee1-4097-a8c0-147a0cda05bc,930,13569,0,0,13569,0
2000,P2_LARGEST,ad56f482-dee1-4097-a8c0-147a0cda05bc,1525,14352,0,0,14352,0
2000,P2_LARGEST,ad56f482-dee1-4097-a8c0-147a0cda05bc,1699,14935,0,0,14935,0
2000,P2_LARGEST,ad56f482-dee1-4097-a8c0-147a0cda05bc,2504,15120,0,0,15120,0
4000,P2_LARGEST,ad56f482-dee1-4097-a8c0-147a0cda05bc,435,11455,0,0,11455,0
4000,P2_LARGEST,ad56f482-dee1-4097-a8c0-147a0cda05bc,610,12171,0,0,12171,0
4000,P2_LARGEST,ad56f482-dee1-4097-a8c0-147a0cda05bc,734,13095,0,0,13095,0
4000,P2_LARGEST,ad56f482-dee1-4097-a8c0-147a0cda05bc,866,13241,0,0,13241,0
4000,P2_LARGEST,ad56f482-dee1-4097-a8c0-147a0cda05bc,930,13569,0,0,13569,0
4000,P2_LARGEST,ad56f482-dee1-4097-a8c0-147a0cda05bc,1525,14352,0,0,14352,0
4000,P2_LARGEST,ad56f482-dee1-4097-a8c0-147a0cda05bc,1699,14935,0,0,14935,0
4000,P2_LARGEST,ad56f482-dee1-4097-a8c0-147a0cda05bc,2504,15120,0,0,15120,0
8000,P2_LARGEST,ad56f482-dee1-4097-a8c0-147a0cda05bc,435,11455,0,0,11455,0
8000,P2_LARGEST,ad56f482-dee1-4097-a8c0-147a0cda05bc,610,12171,0,0,12171,0
8000,P2_LARGEST,ad56f482-dee1-4097-a8c0-147a0cda05bc,734,13095,0,0,13095,0
8000,P2_LARGEST,ad56f482-dee1-4097-a8c0-147a0cda05bc,866,13241,0,0,13241,0
8000,P2_LARGEST,ad56f482-dee1-4097-a8c0-147a0cda05bc,930,13569,0,0,13569,0
8000,P2_LARGEST,ad56f482-dee1-4097-a8c0-147a0cda05bc,1525,14352,0,0,14352,0
8000,P2_LARGEST,ad56f482-dee1-4097-a8c0-147a0cda05bc,1699,14935,0,0,14935,0
8000,P2_LARGEST,ad56f482-dee1-4097-a8c0-147a0cda05bc,2504,15120,0,0,15120,0
none,P2_LARGEST,ad56f482-dee1-4097-a8c0-147a0cda05bc,435,11455,0,0,11455,0
none,P2_LARGEST,ad56f482-dee1-4097-a8c0-147a0cda05bc,610,12171,0,0,12171,0
none,P2_LARGEST,ad56f482-dee1-4097-a8c0-147a0cda05bc,734,13095,0,0,13095,0
none,P2_LARGEST,ad56f482-dee1-4097-a8c0-147a0cda05bc,866,13241,0,0,13241,0
none,P2_LARGEST,ad56f482-dee1-4097-a8c0-147a0cda05bc,930,13569,0,0,13569,0
none,P2_LARGEST,ad56f482-dee1-4097-a8c0-147a0cda05bc,1525,14352,0,0,14352,0
none,P2_LARGEST,ad56f482-dee1-4097-a8c0-147a0cda05bc,1699,14935,0,0,14935,0
none,P2_LARGEST,ad56f482-dee1-4097-a8c0-147a0cda05bc,2504,15120,0,0,15120,0
2000,P2_LARGEST,adace016-7ab1-45ff-998a-e4fa53408d0b,77,9145,0,0,9145,0
2000,P2_LARGEST,adace016-7ab1-45ff-998a-e4fa53408d0b,119,9754,0,0,9754,0
2000,P2_LARGEST,adace016-7ab1-45ff-998a-e4fa53408d0b,164,10432,0,0,10432,0
2000,P2_LARGEST,adace016-7ab1-45ff-998a-e4fa53408d0b,210,11057,0,0,11057,0
2000,P2_LARGEST,adace016-7ab1-45ff-998a-e4fa53408d0b,299,11373,0,0,11373,0
2000,P2_LARGEST,adace016-7ab1-45ff-998a-e4fa53408d0b,360,11897,0,0,11897,0
2000,P2_LARGEST,adace016-7ab1-45ff-998a-e4fa53408d0b,561,12437,0,0,12437,0
2000,P2_LARGEST,adace016-7ab1-45ff-998a-e4fa53408d0b,611,12632,0,0,12632,0
2000,P2_LARGEST,adace016-7ab1-45ff-998a-e4fa53408d0b,658,12694,0,0,12694,0
2000,P2_LARGEST,adace016-7ab1-45ff-998a-e4fa53408d0b,819,12736,0,0,12736,0
2000,P2_LARGEST,adace016-7ab1-45ff-998a-e4fa53408d0b,860,13696,0,0,13696,0
2000,P2_LARGEST,adace016-7ab1-45ff-998a-e4fa53408d0b,918,14373,0,0,14373,0
2000,P2_LARGEST,adace016-7ab1-45ff-998a-e4fa53408d0b,1096,15054,0,0,15054,0
4000,P2_LARGEST,adace016-7ab1-45ff-998a-e4fa53408d0b,77,9145,0,0,9145,0
4000,P2_LARGEST,adace016-7ab1-45ff-998a-e4fa53408d0b,119,9754,0,0,9754,0
4000,P2_LARGEST,adace016-7ab1-45ff-998a-e4fa53408d0b,164,10432,0,0,10432,0
4000,P2_LARGEST,adace016-7ab1-45ff-998a-e4fa53408d0b,210,11057,0,0,11057,0
4000,P2_LARGEST,adace016-7ab1-45ff-998a-e4fa53408d0b,299,11373,0,0,11373,0
4000,P2_LARGEST,adace016-7ab1-45ff-998a-e4fa53408d0b,360,11897,0,0,11897,0
4000,P2_LARGEST,adace016-7ab1-45ff-998a-e4fa53408d0b,561,12437,0,0,12437,0
4000,P2_LARGEST,adace016-7ab1-45ff-998a-e4fa53408d0b,611,12632,0,0,12632,0
4000,P2_LARGEST,adace016-7ab1-45ff-998a-e4fa53408d0b,658,12694,0,0,12694,0
4000,P2_LARGEST,adace016-7ab1-45ff-998a-e4fa53408d0b,819,12736,0,0,12736,0
4000,P2_LARGEST,adace016-7ab1-45ff-998a-e4fa53408d0b,860,13696,0,0,13696,0
4000,P2_LARGEST,adace016-7ab1-45ff-998a-e4fa53408d0b,918,14373,0,0,14373,0
4000,P2_LARGEST,adace016-7ab1-45ff-998a-e4fa53408d0b,1096,15054,0,0,15054,0
8000,P2_LARGEST,adace016-7ab1-45ff-998a-e4fa53408d0b,77,9145,0,0,9145,0
8000,P2_LARGEST,adace016-7ab1-45ff-998a-e4fa53408d0b,119,9754,0,0,9754,0
8000,P2_LARGEST,adace016-7ab1-45ff-998a-e4fa53408d0b,164,10432,0,0,10432,0
8000,P2_LARGEST,adace016-7ab1-45ff-998a-e4fa53408d0b,210,11057,0,0,11057,0
8000,P2_LARGEST,adace016-7ab1-45ff-998a-e4fa53408d0b,299,11373,0,0,11373,0
8000,P2_LARGEST,adace016-7ab1-45ff-998a-e4fa53408d0b,360,11897,0,0,11897,0
8000,P2_LARGEST,adace016-7ab1-45ff-998a-e4fa53408d0b,561,12437,0,0,12437,0
8000,P2_LARGEST,adace016-7ab1-45ff-998a-e4fa53408d0b,611,12632,0,0,12632,0
8000,P2_LARGEST,adace016-7ab1-45ff-998a-e4fa53408d0b,658,12694,0,0,12694,0
8000,P2_LARGEST,adace016-7ab1-45ff-998a-e4fa53408d0b,819,12736,0,0,12736,0
8000,P2_LARGEST,adace016-7ab1-45ff-998a-e4fa53408d0b,860,13696,0,0,13696,0
8000,P2_LARGEST,adace016-7ab1-45ff-998a-e4fa53408d0b,918,14373,0,0,14373,0
8000,P2_LARGEST,adace016-7ab1-45ff-998a-e4fa53408d0b,1096,15054,0,0,15054,0
none,P2_LARGEST,adace016-7ab1-45ff-998a-e4fa53408d0b,77,9145,0,0,9145,0
none,P2_LARGEST,adace016-7ab1-45ff-998a-e4fa53408d0b,119,9754,0,0,9754,0
none,P2_LARGEST,adace016-7ab1-45ff-998a-e4fa53408d0b,164,10432,0,0,10432,0
none,P2_LARGEST,adace016-7ab1-45ff-998a-e4fa53408d0b,210,11057,0,0,11057,0
none,P2_LARGEST,adace016-7ab1-45ff-998a-e4fa53408d0b,299,11373,0,0,11373,0
none,P2_LARGEST,adace016-7ab1-45ff-998a-e4fa53408d0b,360,11897,0,0,11897,0
none,P2_LARGEST,adace016-7ab1-45ff-998a-e4fa53408d0b,561,12437,0,0,12437,0
none,P2_LARGEST,adace016-7ab1-45ff-998a-e4fa53408d0b,611,12632,0,0,12632,0
none,P2_LARGEST,adace016-7ab1-45ff-998a-e4fa53408d0b,658,12694,0,0,12694,0
none,P2_LARGEST,adace016-7ab1-45ff-998a-e4fa53408d0b,819,12736,0,0,12736,0
none,P2_LARGEST,adace016-7ab1-45ff-998a-e4fa53408d0b,860,13696,0,0,13696,0
none,P2_LARGEST,adace016-7ab1-45ff-998a-e4fa53408d0b,918,14373,0,0,14373,0
none,P2_LARGEST,adace016-7ab1-45ff-998a-e4fa53408d0b,1096,15054,0,0,15054,0
2000,P2_LARGEST,ae7fac63-bce7-4e6f-811c-4951b4d13910,145,5908,0,0,5908,0
2000,P2_LARGEST,ae7fac63-bce7-4e6f-811c-4951b4d13910,500,6982,0,0,6982,0
2000,P2_LARGEST,ae7fac63-bce7-4e6f-811c-4951b4d13910,773,7332,0,0,7332,0
2000,P2_LARGEST,ae7fac63-bce7-4e6f-811c-4951b4d13910,1748,8683,0,0,8683,0
4000,P2_LARGEST,ae7fac63-bce7-4e6f-811c-4951b4d13910,145,5908,0,0,5908,0
4000,P2_LARGEST,ae7fac63-bce7-4e6f-811c-4951b4d13910,500,6982,0,0,6982,0
4000,P2_LARGEST,ae7fac63-bce7-4e6f-811c-4951b4d13910,773,7332,0,0,7332,0
4000,P2_LARGEST,ae7fac63-bce7-4e6f-811c-4951b4d13910,1748,8683,0,0,8683,0
8000,P2_LARGEST,ae7fac63-bce7-4e6f-811c-4951b4d13910,145,5908,0,0,5908,0
8000,P2_LARGEST,ae7fac63-bce7-4e6f-811c-4951b4d13910,500,6982,0,0,6982,0
8000,P2_LARGEST,ae7fac63-bce7-4e6f-811c-4951b4d13910,773,7332,0,0,7332,0
8000,P2_LARGEST,ae7fac63-bce7-4e6f-811c-4951b4d13910,1748,8683,0,0,8683,0
none,P2_LARGEST,ae7fac63-bce7-4e6f-811c-4951b4d13910,145,5908,0,0,5908,0
none,P2_LARGEST,ae7fac63-bce7-4e6f-811c-4951b4d13910,500,6982,0,0,6982,0
none,P2_LARGEST,ae7fac63-bce7-4e6f-811c-4951b4d13910,773,7332,0,0,7332,0
none,P2_LARGEST,ae7fac63-bce7-4e6f-811c-4951b4d13910,1748,8683,0,0,8683,0
2000,P2_LARGEST,b1aa41de-cb54-43b4-ab36-5d3625a03995,2543,10215,0,0,10215,0
4000,P2_LARGEST,b1aa41de-cb54-43b4-ab36-5d3625a03995,2543,10215,0,0,10215,0
8000,P2_LARGEST,b1aa41de-cb54-43b4-ab36-5d3625a03995,2543,10215,0,0,10215,0
none,P2_LARGEST,b1aa41de-cb54-43b4-ab36-5d3625a03995,2543,10215,0,0,10215,0
2000,P2_LARGEST,b35166c1-a8ea-437c-aac9-11ac557ea4ad,15,6861,0,0,6861,0
2000,P2_LARGEST,b35166c1-a8ea-437c-aac9-11ac557ea4ad,20,8230,0,0,8230,0
2000,P2_LARGEST,b35166c1-a8ea-437c-aac9-11ac557ea4ad,28,8811,0,0,8811,0
2000,P2_LARGEST,b35166c1-a8ea-437c-aac9-11ac557ea4ad,33,10078,0,0,10078,0
2000,P2_LARGEST,b35166c1-a8ea-437c-aac9-11ac557ea4ad,38,11803,0,0,11803,0
2000,P2_LARGEST,b35166c1-a8ea-437c-aac9-11ac557ea4ad,43,12592,0,0,12592,0
2000,P2_LARGEST,b35166c1-a8ea-437c-aac9-11ac557ea4ad,48,14771,0,0,14771,0
2000,P2_LARGEST,b35166c1-a8ea-437c-aac9-11ac557ea4ad,53,16278,0,0,16278,0
4000,P2_LARGEST,b35166c1-a8ea-437c-aac9-11ac557ea4ad,15,6861,0,0,6861,0
4000,P2_LARGEST,b35166c1-a8ea-437c-aac9-11ac557ea4ad,20,8230,0,0,8230,0
4000,P2_LARGEST,b35166c1-a8ea-437c-aac9-11ac557ea4ad,28,8811,0,0,8811,0
4000,P2_LARGEST,b35166c1-a8ea-437c-aac9-11ac557ea4ad,33,10078,0,0,10078,0
4000,P2_LARGEST,b35166c1-a8ea-437c-aac9-11ac557ea4ad,38,11803,0,0,11803,0
4000,P2_LARGEST,b35166c1-a8ea-437c-aac9-11ac557ea4ad,43,14445,0,0,14445,0
4000,P2_LARGEST,b35166c1-a8ea-437c-aac9-11ac557ea4ad,48,16624,0,0,16624,0
4000,P2_LARGEST,b35166c1-a8ea-437c-aac9-11ac557ea4ad,53,19962,0,0,19962,0
8000,P2_LARGEST,b35166c1-a8ea-437c-aac9-11ac557ea4ad,15,6861,0,0,6861,0
8000,P2_LARGEST,b35166c1-a8ea-437c-aac9-11ac557ea4ad,20,8230,0,0,8230,0
8000,P2_LARGEST,b35166c1-a8ea-437c-aac9-11ac557ea4ad,28,8811,0,0,8811,0
8000,P2_LARGEST,b35166c1-a8ea-437c-aac9-11ac557ea4ad,33,10078,0,0,10078,0
8000,P2_LARGEST,b35166c1-a8ea-437c-aac9-11ac557ea4ad,38,11803,0,0,11803,0
8000,P2_LARGEST,b35166c1-a8ea-437c-aac9-11ac557ea4ad,43,14445,0,0,14445,0
8000,P2_LARGEST,b35166c1-a8ea-437c-aac9-11ac557ea4ad,48,16624,0,0,16624,0
8000,P2_LARGEST,b35166c1-a8ea-437c-aac9-11ac557ea4ad,53,19962,0,0,19962,0
none,P2_LARGEST,b35166c1-a8ea-437c-aac9-11ac557ea4ad,15,6861,0,0,6861,0
none,P2_LARGEST,b35166c1-a8ea-437c-aac9-11ac557ea4ad,20,8230,0,0,8230,0
none,P2_LARGEST,b35166c1-a8ea-437c-aac9-11ac557ea4ad,28,8811,0,0,8811,0
none,P2_LARGEST,b35166c1-a8ea-437c-aac9-11ac557ea4ad,33,10078,0,0,10078,0
none,P2_LARGEST,b35166c1-a8ea-437c-aac9-11ac557ea4ad,38,11803,0,0,11803,0
none,P2_LARGEST,b35166c1-a8ea-437c-aac9-11ac557ea4ad,43,14445,0,0,14445,0
none,P2_LARGEST,b35166c1-a8ea-437c-aac9-11ac557ea4ad,48,16624,0,0,16624,0
none,P2_LARGEST,b35166c1-a8ea-437c-aac9-11ac557ea4ad,53,19962,0,0,19962,0
2000,P2_LARGEST,b37184b5-55ea-418e-9d1d-21545014d4d6,194,6229,0,0,6229,0
2000,P2_LARGEST,b37184b5-55ea-418e-9d1d-21545014d4d6,478,7765,0,0,7765,0
2000,P2_LARGEST,b37184b5-55ea-418e-9d1d-21545014d4d6,568,8045,0,0,8045,0
2000,P2_LARGEST,b37184b5-55ea-418e-9d1d-21545014d4d6,1621,9666,0,0,9666,0
2000,P2_LARGEST,b37184b5-55ea-418e-9d1d-21545014d4d6,1682,10715,0,0,10715,0
2000,P2_LARGEST,b37184b5-55ea-418e-9d1d-21545014d4d6,2827,12233,0,0,12233,0
2000,P2_LARGEST,b37184b5-55ea-418e-9d1d-21545014d4d6,2908,13375,0,0,13375,0
2000,P2_LARGEST,b37184b5-55ea-418e-9d1d-21545014d4d6,3226,14867,0,0,14867,0
2000,P2_LARGEST,b37184b5-55ea-418e-9d1d-21545014d4d6,4578,16565,1,1525,15040,0
4000,P2_LARGEST,b37184b5-55ea-418e-9d1d-21545014d4d6,194,6229,0,0,6229,0
4000,P2_LARGEST,b37184b5-55ea-418e-9d1d-21545014d4d6,478,7765,0,0,7765,0
4000,P2_LARGEST,b37184b5-55ea-418e-9d1d-21545014d4d6,568,8045,0,0,8045,0
4000,P2_LARGEST,b37184b5-55ea-418e-9d1d-21545014d4d6,1621,9666,0,0,9666,0
4000,P2_LARGEST,b37184b5-55ea-418e-9d1d-21545014d4d6,1682,10715,0,0,10715,0
4000,P2_LARGEST,b37184b5-55ea-418e-9d1d-21545014d4d6,2827,12233,0,0,12233,0
4000,P2_LARGEST,b37184b5-55ea-418e-9d1d-21545014d4d6,2908,13375,0,0,13375,0
4000,P2_LARGEST,b37184b5-55ea-418e-9d1d-21545014d4d6,3226,14867,0,0,14867,0
4000,P2_LARGEST,b37184b5-55ea-418e-9d1d-21545014d4d6,4578,16565,1,1525,15040,0
8000,P2_LARGEST,b37184b5-55ea-418e-9d1d-21545014d4d6,194,6229,0,0,6229,0
8000,P2_LARGEST,b37184b5-55ea-418e-9d1d-21545014d4d6,478,7765,0,0,7765,0
8000,P2_LARGEST,b37184b5-55ea-418e-9d1d-21545014d4d6,568,8045,0,0,8045,0
8000,P2_LARGEST,b37184b5-55ea-418e-9d1d-21545014d4d6,1621,9666,0,0,9666,0
8000,P2_LARGEST,b37184b5-55ea-418e-9d1d-21545014d4d6,1682,10715,0,0,10715,0
8000,P2_LARGEST,b37184b5-55ea-418e-9d1d-21545014d4d6,2827,12233,0,0,12233,0
8000,P2_LARGEST,b37184b5-55ea-418e-9d1d-21545014d4d6,2908,13375,0,0,13375,0
8000,P2_LARGEST,b37184b5-55ea-418e-9d1d-21545014d4d6,3226,14867,0,0,14867,0
8000,P2_LARGEST,b37184b5-55ea-418e-9d1d-21545014d4d6,4578,16565,1,1525,15040,0
none,P2_LARGEST,b37184b5-55ea-418e-9d1d-21545014d4d6,194,6229,0,0,6229,0
none,P2_LARGEST,b37184b5-55ea-418e-9d1d-21545014d4d6,478,7765,0,0,7765,0
none,P2_LARGEST,b37184b5-55ea-418e-9d1d-21545014d4d6,568,8045,0,0,8045,0
none,P2_LARGEST,b37184b5-55ea-418e-9d1d-21545014d4d6,1621,9666,0,0,9666,0
none,P2_LARGEST,b37184b5-55ea-418e-9d1d-21545014d4d6,1682,10715,0,0,10715,0
none,P2_LARGEST,b37184b5-55ea-418e-9d1d-21545014d4d6,2827,12233,0,0,12233,0
none,P2_LARGEST,b37184b5-55ea-418e-9d1d-21545014d4d6,2908,13375,0,0,13375,0
none,P2_LARGEST,b37184b5-55ea-418e-9d1d-21545014d4d6,3226,14867,0,0,14867,0
none,P2_LARGEST,b37184b5-55ea-418e-9d1d-21545014d4d6,4578,16565,1,1525,15040,0
2000,P2_LARGEST,b3fc8714-3853-4e20-a8ad-1ba39299547e,85,1776,0,0,1776,0
2000,P2_LARGEST,b3fc8714-3853-4e20-a8ad-1ba39299547e,401,2017,0,0,2017,0
2000,P2_LARGEST,b3fc8714-3853-4e20-a8ad-1ba39299547e,636,2447,0,0,2447,0
2000,P2_LARGEST,b3fc8714-3853-4e20-a8ad-1ba39299547e,732,2696,0,0,2696,0
2000,P2_LARGEST,b3fc8714-3853-4e20-a8ad-1ba39299547e,986,2898,0,0,2898,0
2000,P2_LARGEST,b3fc8714-3853-4e20-a8ad-1ba39299547e,1334,3187,0,0,3187,0
2000,P2_LARGEST,b3fc8714-3853-4e20-a8ad-1ba39299547e,1943,3714,0,0,3714,0
2000,P2_LARGEST,b3fc8714-3853-4e20-a8ad-1ba39299547e,2331,4609,0,0,4609,0
4000,P2_LARGEST,b3fc8714-3853-4e20-a8ad-1ba39299547e,85,1776,0,0,1776,0
4000,P2_LARGEST,b3fc8714-3853-4e20-a8ad-1ba39299547e,401,2017,0,0,2017,0
4000,P2_LARGEST,b3fc8714-3853-4e20-a8ad-1ba39299547e,636,2447,0,0,2447,0
4000,P2_LARGEST,b3fc8714-3853-4e20-a8ad-1ba39299547e,732,2696,0,0,2696,0
4000,P2_LARGEST,b3fc8714-3853-4e20-a8ad-1ba39299547e,986,2898,0,0,2898,0
4000,P2_LARGEST,b3fc8714-3853-4e20-a8ad-1ba39299547e,1334,3187,0,0,3187,0
4000,P2_LARGEST,b3fc8714-3853-4e20-a8ad-1ba39299547e,1943,3714,0,0,3714,0
4000,P2_LARGEST,b3fc8714-3853-4e20-a8ad-1ba39299547e,2331,4609,0,0,4609,0
8000,P2_LARGEST,b3fc8714-3853-4e20-a8ad-1ba39299547e,85,1776,0,0,1776,0
8000,P2_LARGEST,b3fc8714-3853-4e20-a8ad-1ba39299547e,401,2017,0,0,2017,0
8000,P2_LARGEST,b3fc8714-3853-4e20-a8ad-1ba39299547e,636,2447,0,0,2447,0
8000,P2_LARGEST,b3fc8714-3853-4e20-a8ad-1ba39299547e,732,2696,0,0,2696,0
8000,P2_LARGEST,b3fc8714-3853-4e20-a8ad-1ba39299547e,986,2898,0,0,2898,0
8000,P2_LARGEST,b3fc8714-3853-4e20-a8ad-1ba39299547e,1334,3187,0,0,3187,0
8000,P2_LARGEST,b3fc8714-3853-4e20-a8ad-1ba39299547e,1943,3714,0,0,3714,0
8000,P2_LARGEST,b3fc8714-3853-4e20-a8ad-1ba39299547e,2331,4609,0,0,4609,0
none,P2_LARGEST,b3fc8714-3853-4e20-a8ad-1ba39299547e,85,1776,0,0,1776,0
none,P2_LARGEST,b3fc8714-3853-4e20-a8ad-1ba39299547e,401,2017,0,0,2017,0
none,P2_LARGEST,b3fc8714-3853-4e20-a8ad-1ba39299547e,636,2447,0,0,2447,0
none,P2_LARGEST,b3fc8714-3853-4e20-a8ad-1ba39299547e,732,2696,0,0,2696,0
none,P2_LARGEST,b3fc8714-3853-4e20-a8ad-1ba39299547e,986,2898,0,0,2898,0
none,P2_LARGEST,b3fc8714-3853-4e20-a8ad-1ba39299547e,1334,3187,0,0,3187,0
none,P2_LARGEST,b3fc8714-3853-4e20-a8ad-1ba39299547e,1943,3714,0,0,3714,0
none,P2_LARGEST,b3fc8714-3853-4e20-a8ad-1ba39299547e,2331,4609,0,0,4609,0
2000,P2_LARGEST,b6597692-75d9-4525-a684-1b77f912ce37,258,8976,0,0,8976,0
2000,P2_LARGEST,b6597692-75d9-4525-a684-1b77f912ce37,328,9270,0,0,9270,0
2000,P2_LARGEST,b6597692-75d9-4525-a684-1b77f912ce37,823,9349,0,0,9349,0
2000,P2_LARGEST,b6597692-75d9-4525-a684-1b77f912ce37,1170,9889,0,0,9889,0
4000,P2_LARGEST,b6597692-75d9-4525-a684-1b77f912ce37,258,8976,0,0,8976,0
4000,P2_LARGEST,b6597692-75d9-4525-a684-1b77f912ce37,328,9270,0,0,9270,0
4000,P2_LARGEST,b6597692-75d9-4525-a684-1b77f912ce37,823,9349,0,0,9349,0
4000,P2_LARGEST,b6597692-75d9-4525-a684-1b77f912ce37,1170,9889,0,0,9889,0
8000,P2_LARGEST,b6597692-75d9-4525-a684-1b77f912ce37,258,8976,0,0,8976,0
8000,P2_LARGEST,b6597692-75d9-4525-a684-1b77f912ce37,328,9270,0,0,9270,0
8000,P2_LARGEST,b6597692-75d9-4525-a684-1b77f912ce37,823,9349,0,0,9349,0
8000,P2_LARGEST,b6597692-75d9-4525-a684-1b77f912ce37,1170,9889,0,0,9889,0
none,P2_LARGEST,b6597692-75d9-4525-a684-1b77f912ce37,258,8976,0,0,8976,0
none,P2_LARGEST,b6597692-75d9-4525-a684-1b77f912ce37,328,9270,0,0,9270,0
none,P2_LARGEST,b6597692-75d9-4525-a684-1b77f912ce37,823,9349,0,0,9349,0
none,P2_LARGEST,b6597692-75d9-4525-a684-1b77f912ce37,1170,9889,0,0,9889,0
2000,P2_LARGEST,b8c0ad1c-f3b3-4e4f-be3c-f9f96ea25c38,15,6847,0,0,6847,0
2000,P2_LARGEST,b8c0ad1c-f3b3-4e4f-be3c-f9f96ea25c38,20,7962,0,0,7962,0
2000,P2_LARGEST,b8c0ad1c-f3b3-4e4f-be3c-f9f96ea25c38,28,8358,0,0,8358,0
4000,P2_LARGEST,b8c0ad1c-f3b3-4e4f-be3c-f9f96ea25c38,15,6847,0,0,6847,0
4000,P2_LARGEST,b8c0ad1c-f3b3-4e4f-be3c-f9f96ea25c38,20,7962,0,0,7962,0
4000,P2_LARGEST,b8c0ad1c-f3b3-4e4f-be3c-f9f96ea25c38,28,8358,0,0,8358,0
8000,P2_LARGEST,b8c0ad1c-f3b3-4e4f-be3c-f9f96ea25c38,15,6847,0,0,6847,0
8000,P2_LARGEST,b8c0ad1c-f3b3-4e4f-be3c-f9f96ea25c38,20,7962,0,0,7962,0
8000,P2_LARGEST,b8c0ad1c-f3b3-4e4f-be3c-f9f96ea25c38,28,8358,0,0,8358,0
none,P2_LARGEST,b8c0ad1c-f3b3-4e4f-be3c-f9f96ea25c38,15,6847,0,0,6847,0
none,P2_LARGEST,b8c0ad1c-f3b3-4e4f-be3c-f9f96ea25c38,20,7962,0,0,7962,0
none,P2_LARGEST,b8c0ad1c-f3b3-4e4f-be3c-f9f96ea25c38,28,8358,0,0,8358,0
2000,P2_LARGEST,b9716a57-e638-4a3f-9149-80d5caa38802,228,6957,0,0,6957,0
2000,P2_LARGEST,b9716a57-e638-4a3f-9149-80d5caa38802,486,7778,0,0,7778,0
2000,P2_LARGEST,b9716a57-e638-4a3f-9149-80d5caa38802,913,10184,0,0,10184,0
2000,P2_LARGEST,b9716a57-e638-4a3f-9149-80d5caa38802,3799,12179,0,0,12179,0
2000,P2_LARGEST,b9716a57-e638-4a3f-9149-80d5caa38802,6855,16068,0,0,16068,0
2000,P2_LARGEST,b9716a57-e638-4a3f-9149-80d5caa38802,7299,20133,0,0,20133,0
2000,P2_LARGEST,b9716a57-e638-4a3f-9149-80d5caa38802,8940,23590,0,0,23590,0
2000,P2_LARGEST,b9716a57-e638-4a3f-9149-80d5caa38802,9240,27636,2,5887,21749,0
2000,P2_LARGEST,b9716a57-e638-4a3f-9149-80d5caa38802,11543,22275,0,0,22275,0
2000,P2_LARGEST,b9716a57-e638-4a3f-9149-80d5caa38802,12182,27292,3,5315,21977,0
2000,P2_LARGEST,b9716a57-e638-4a3f-9149-80d5caa38802,12769,22707,0,0,22707,0
2000,P2_LARGEST,b9716a57-e638-4a3f-9149-80d5caa38802,14424,23335,0,0,23335,0
2000,P2_LARGEST,b9716a57-e638-4a3f-9149-80d5caa38802,15683,28085,2,4943,23142,0
2000,P2_LARGEST,b9716a57-e638-4a3f-9149-80d5caa38802,19290,25008,1,2705,22303,0
2000,P2_LARGEST,b9716a57-e638-4a3f-9149-80d5caa38802,20400,29674,3,6473,23201,0
2000,P2_LARGEST,b9716a57-e638-4a3f-9149-80d5caa38802,23412,24873,1,2935,21938,0
2000,P2_LARGEST,b9716a57-e638-4a3f-9149-80d5caa38802,28669,26335,3,3150,23185,0
4000,P2_LARGEST,b9716a57-e638-4a3f-9149-80d5caa38802,228,6957,0,0,6957,0
4000,P2_LARGEST,b9716a57-e638-4a3f-9149-80d5caa38802,486,9934,0,0,9934,0
4000,P2_LARGEST,b9716a57-e638-4a3f-9149-80d5caa38802,913,14207,0,0,14207,0
4000,P2_LARGEST,b9716a57-e638-4a3f-9149-80d5caa38802,3799,16202,0,0,16202,0
4000,P2_LARGEST,b9716a57-e638-4a3f-9149-80d5caa38802,6855,20091,0,0,20091,0
4000,P2_LARGEST,b9716a57-e638-4a3f-9149-80d5caa38802,7299,24156,0,0,24156,0
4000,P2_LARGEST,b9716a57-e638-4a3f-9149-80d5caa38802,8940,27613,2,5887,21726,0
4000,P2_LARGEST,b9716a57-e638-4a3f-9149-80d5caa38802,9240,25772,1,2656,23116,0
4000,P2_LARGEST,b9716a57-e638-4a3f-9149-80d5caa38802,11543,23642,0,0,23642,0
4000,P2_LARGEST,b9716a57-e638-4a3f-9149-80d5caa38802,12182,28659,3,6077,22582,0
4000,P2_LARGEST,b9716a57-e638-4a3f-9149-80d5caa38802,12769,23312,0,0,23312,0
4000,P2_LARGEST,b9716a57-e638-4a3f-9149-80d5caa38802,14424,23940,0,0,23940,0
4000,P2_LARGEST,b9716a57-e638-4a3f-9149-80d5caa38802,15683,28690,3,6581,22109,0
4000,P2_LARGEST,b9716a57-e638-4a3f-9149-80d5caa38802,19290,25604,1,2705,22899,0
4000,P2_LARGEST,b9716a57-e638-4a3f-9149-80d5caa38802,20400,30270,3,7333,22937,0
4000,P2_LARGEST,b9716a57-e638-4a3f-9149-80d5caa38802,23412,24609,1,2935,21674,0
4000,P2_LARGEST,b9716a57-e638-4a3f-9149-80d5caa38802,28669,26071,3,3386,22685,0
8000,P2_LARGEST,b9716a57-e638-4a3f-9149-80d5caa38802,228,6957,0,0,6957,0
8000,P2_LARGEST,b9716a57-e638-4a3f-9149-80d5caa38802,486,9934,0,0,9934,0
8000,P2_LARGEST,b9716a57-e638-4a3f-9149-80d5caa38802,913,14207,0,0,14207,0
8000,P2_LARGEST,b9716a57-e638-4a3f-9149-80d5caa38802,3799,16202,0,0,16202,0
8000,P2_LARGEST,b9716a57-e638-4a3f-9149-80d5caa38802,6855,20091,0,0,20091,0
8000,P2_LARGEST,b9716a57-e638-4a3f-9149-80d5caa38802,7299,24156,0,0,24156,0
8000,P2_LARGEST,b9716a57-e638-4a3f-9149-80d5caa38802,8940,31611,3,8543,23068,0
8000,P2_LARGEST,b9716a57-e638-4a3f-9149-80d5caa38802,9240,27114,1,4498,22616,0
8000,P2_LARGEST,b9716a57-e638-4a3f-9149-80d5caa38802,11543,23142,0,0,23142,0
8000,P2_LARGEST,b9716a57-e638-4a3f-9149-80d5caa38802,12182,28159,3,6077,22082,0
8000,P2_LARGEST,b9716a57-e638-4a3f-9149-80d5caa38802,12769,22812,0,0,22812,0
8000,P2_LARGEST,b9716a57-e638-4a3f-9149-80d5caa38802,14424,23440,0,0,23440,0
8000,P2_LARGEST,b9716a57-e638-4a3f-9149-80d5caa38802,15683,28190,2,4943,23247,0
8000,P2_LARGEST,b9716a57-e638-4a3f-9149-80d5caa38802,19290,26742,2,4343,22399,0
8000,P2_LARGEST,b9716a57-e638-4a3f-9149-80d5caa38802,20400,29770,3,7333,22437,0
8000,P2_LARGEST,b9716a57-e638-4a3f-9149-80d5caa38802,23412,24109,0,0,24109,0
8000,P2_LARGEST,b9716a57-e638-4a3f-9149-80d5caa38802,28669,28506,3,5259,23247,0
none,P2_LARGEST,b9716a57-e638-4a3f-9149-80d5caa38802,228,6957,0,0,6957,0
none,P2_LARGEST,b9716a57-e638-4a3f-9149-80d5caa38802,486,9934,0,0,9934,0
none,P2_LARGEST,b9716a57-e638-4a3f-9149-80d5caa38802,913,14207,0,0,14207,0
none,P2_LARGEST,b9716a57-e638-4a3f-9149-80d5caa38802,3799,16202,0,0,16202,0
none,P2_LARGEST,b9716a57-e638-4a3f-9149-80d5caa38802,6855,20091,0,0,20091,0
none,P2_LARGEST,b9716a57-e638-4a3f-9149-80d5caa38802,7299,24156,0,0,24156,0
none,P2_LARGEST,b9716a57-e638-4a3f-9149-80d5caa38802,8940,75521,4,52953,22568,0
none,P2_LARGEST,b9716a57-e638-4a3f-9149-80d5caa38802,9240,26614,1,4498,22116,0
none,P2_LARGEST,b9716a57-e638-4a3f-9149-80d5caa38802,11543,22642,0,0,22642,0
none,P2_LARGEST,b9716a57-e638-4a3f-9149-80d5caa38802,12182,27659,2,4389,23270,0
none,P2_LARGEST,b9716a57-e638-4a3f-9149-80d5caa38802,12769,24000,0,0,24000,0
none,P2_LARGEST,b9716a57-e638-4a3f-9149-80d5caa38802,14424,24628,1,2669,21959,0
none,P2_LARGEST,b9716a57-e638-4a3f-9149-80d5caa38802,15683,26709,2,3962,22747,0
none,P2_LARGEST,b9716a57-e638-4a3f-9149-80d5caa38802,19290,26242,1,2705,23537,0
none,P2_LARGEST,b9716a57-e638-4a3f-9149-80d5caa38802,20400,30908,3,7366,23542,0
none,P2_LARGEST,b9716a57-e638-4a3f-9149-80d5caa38802,23412,25214,1,2935,22279,0
none,P2_LARGEST,b9716a57-e638-4a3f-9149-80d5caa38802,28669,26676,3,3929,22747,0
2000,P2_LARGEST,b9fbfd1b-9629-4435-aeca-de1a756129b4,449,8978,0,0,8978,0
2000,P2_LARGEST,b9fbfd1b-9629-4435-aeca-de1a756129b4,512,9463,0,0,9463,0
2000,P2_LARGEST,b9fbfd1b-9629-4435-aeca-de1a756129b4,975,9538,0,0,9538,0
4000,P2_LARGEST,b9fbfd1b-9629-4435-aeca-de1a756129b4,449,8978,0,0,8978,0
4000,P2_LARGEST,b9fbfd1b-9629-4435-aeca-de1a756129b4,512,9463,0,0,9463,0
4000,P2_LARGEST,b9fbfd1b-9629-4435-aeca-de1a756129b4,975,9538,0,0,9538,0
8000,P2_LARGEST,b9fbfd1b-9629-4435-aeca-de1a756129b4,449,8978,0,0,8978,0
8000,P2_LARGEST,b9fbfd1b-9629-4435-aeca-de1a756129b4,512,9463,0,0,9463,0
8000,P2_LARGEST,b9fbfd1b-9629-4435-aeca-de1a756129b4,975,9538,0,0,9538,0
none,P2_LARGEST,b9fbfd1b-9629-4435-aeca-de1a756129b4,449,8978,0,0,8978,0
none,P2_LARGEST,b9fbfd1b-9629-4435-aeca-de1a756129b4,512,9463,0,0,9463,0
none,P2_LARGEST,b9fbfd1b-9629-4435-aeca-de1a756129b4,975,9538,0,0,9538,0
2000,P2_LARGEST,bbb2ec54-010d-4ca7-8b87-0807bc61f12e,344,11775,0,0,11775,0
2000,P2_LARGEST,bbb2ec54-010d-4ca7-8b87-0807bc61f12e,569,14279,0,0,14279,0
2000,P2_LARGEST,bbb2ec54-010d-4ca7-8b87-0807bc61f12e,902,15560,0,0,15560,0
2000,P2_LARGEST,bbb2ec54-010d-4ca7-8b87-0807bc61f12e,2465,15892,0,0,15892,0
2000,P2_LARGEST,bbb2ec54-010d-4ca7-8b87-0807bc61f12e,6512,15963,0,0,15963,0
2000,P2_LARGEST,bbb2ec54-010d-4ca7-8b87-0807bc61f12e,6571,20443,7,5124,15319,0
2000,P2_LARGEST,bbb2ec54-010d-4ca7-8b87-0807bc61f12e,11147,15398,0,0,15398,0
2000,P2_LARGEST,bbb2ec54-010d-4ca7-8b87-0807bc61f12e,11209,20431,9,4625,15806,0
2000,P2_LARGEST,bbb2ec54-010d-4ca7-8b87-0807bc61f12e,11446,15982,0,0,15982,0
2000,P2_LARGEST,bbb2ec54-010d-4ca7-8b87-0807bc61f12e,11510,16239,0,0,16239,0
2000,P2_LARGEST,bbb2ec54-010d-4ca7-8b87-0807bc61f12e,11724,16400,1,4977,11423,0
2000,P2_LARGEST,bbb2ec54-010d-4ca7-8b87-0807bc61f12e,11784,11663,0,0,11663,0
2000,P2_LARGEST,bbb2ec54-010d-4ca7-8b87-0807bc61f12e,11852,11839,0,0,11839,0
2000,P2_LARGEST,bbb2ec54-010d-4ca7-8b87-0807bc61f12e,11902,11920,0,0,11920,0
2000,P2_LARGEST,bbb2ec54-010d-4ca7-8b87-0807bc61f12e,12008,12239,0,0,12239,0
2000,P2_LARGEST,bbb2ec54-010d-4ca7-8b87-0807bc61f12e,12068,12366,0,0,12366,0
2000,P2_LARGEST,bbb2ec54-010d-4ca7-8b87-0807bc61f12e,15632,12445,0,0,12445,0
2000,P2_LARGEST,bbb2ec54-010d-4ca7-8b87-0807bc61f12e,15696,17358,20,1281,16077,0
2000,P2_LARGEST,bbb2ec54-010d-4ca7-8b87-0807bc61f12e,15789,16245,0,0,16245,0
2000,P2_LARGEST,bbb2ec54-010d-4ca7-8b87-0807bc61f12e,15969,16371,0,0,16371,0
2000,P2_LARGEST,bbb2ec54-010d-4ca7-8b87-0807bc61f12e,16446,17871,1,3845,14026,0
2000,P2_LARGEST,bbb2ec54-010d-4ca7-8b87-0807bc61f12e,16550,14498,0,0,14498,0
4000,P2_LARGEST,bbb2ec54-010d-4ca7-8b87-0807bc61f12e,344,11775,0,0,11775,0
4000,P2_LARGEST,bbb2ec54-010d-4ca7-8b87-0807bc61f12e,569,14279,0,0,14279,0
4000,P2_LARGEST,bbb2ec54-010d-4ca7-8b87-0807bc61f12e,902,15560,0,0,15560,0
4000,P2_LARGEST,bbb2ec54-010d-4ca7-8b87-0807bc61f12e,2465,15892,0,0,15892,0
4000,P2_LARGEST,bbb2ec54-010d-4ca7-8b87-0807bc61f12e,6512,15963,0,0,15963,0
4000,P2_LARGEST,bbb2ec54-010d-4ca7-8b87-0807bc61f12e,6571,20443,7,5124,15319,0
4000,P2_LARGEST,bbb2ec54-010d-4ca7-8b87-0807bc61f12e,11147,15398,0,0,15398,0
4000,P2_LARGEST,bbb2ec54-010d-4ca7-8b87-0807bc61f12e,11209,20431,9,4625,15806,0
4000,P2_LARGEST,bbb2ec54-010d-4ca7-8b87-0807bc61f12e,11446,15982,0,0,15982,0
4000,P2_LARGEST,bbb2ec54-010d-4ca7-8b87-0807bc61f12e,11510,16239,0,0,16239,0
4000,P2_LARGEST,bbb2ec54-010d-4ca7-8b87-0807bc61f12e,11724,16400,1,4977,11423,0
4000,P2_LARGEST,bbb2ec54-010d-4ca7-8b87-0807bc61f12e,11784,11663,0,0,11663,0
4000,P2_LARGEST,bbb2ec54-010d-4ca7-8b87-0807bc61f12e,11852,11839,0,0,11839,0
4000,P2_LARGEST,bbb2ec54-010d-4ca7-8b87-0807bc61f12e,11902,11920,0,0,11920,0
4000,P2_LARGEST,bbb2ec54-010d-4ca7-8b87-0807bc61f12e,12008,12239,0,0,12239,0
4000,P2_LARGEST,bbb2ec54-010d-4ca7-8b87-0807bc61f12e,12068,12366,0,0,12366,0
4000,P2_LARGEST,bbb2ec54-010d-4ca7-8b87-0807bc61f12e,15632,12445,0,0,12445,0
4000,P2_LARGEST,bbb2ec54-010d-4ca7-8b87-0807bc61f12e,15696,17358,20,1281,16077,0
4000,P2_LARGEST,bbb2ec54-010d-4ca7-8b87-0807bc61f12e,15789,16245,0,0,16245,0
4000,P2_LARGEST,bbb2ec54-010d-4ca7-8b87-0807bc61f12e,15969,16371,0,0,16371,0
4000,P2_LARGEST,bbb2ec54-010d-4ca7-8b87-0807bc61f12e,16446,17871,1,3845,14026,0
4000,P2_LARGEST,bbb2ec54-010d-4ca7-8b87-0807bc61f12e,16550,14498,0,0,14498,0
8000,P2_LARGEST,bbb2ec54-010d-4ca7-8b87-0807bc61f12e,344,11775,0,0,11775,0
8000,P2_LARGEST,bbb2ec54-010d-4ca7-8b87-0807bc61f12e,569,14279,0,0,14279,0
8000,P2_LARGEST,bbb2ec54-010d-4ca7-8b87-0807bc61f12e,902,15560,0,0,15560,0
8000,P2_LARGEST,bbb2ec54-010d-4ca7-8b87-0807bc61f12e,2465,15892,0,0,15892,0
8000,P2_LARGEST,bbb2ec54-010d-4ca7-8b87-0807bc61f12e,6512,15963,0,0,15963,0
8000,P2_LARGEST,bbb2ec54-010d-4ca7-8b87-0807bc61f12e,6571,20443,7,5124,15319,0
8000,P2_LARGEST,bbb2ec54-010d-4ca7-8b87-0807bc61f12e,11147,15398,0,0,15398,0
8000,P2_LARGEST,bbb2ec54-010d-4ca7-8b87-0807bc61f12e,11209,20431,9,4625,15806,0
8000,P2_LARGEST,bbb2ec54-010d-4ca7-8b87-0807bc61f12e,11446,15982,0,0,15982,0
8000,P2_LARGEST,bbb2ec54-010d-4ca7-8b87-0807bc61f12e,11510,16239,0,0,16239,0
8000,P2_LARGEST,bbb2ec54-010d-4ca7-8b87-0807bc61f12e,11724,16400,1,4977,11423,0
8000,P2_LARGEST,bbb2ec54-010d-4ca7-8b87-0807bc61f12e,11784,11663,0,0,11663,0
8000,P2_LARGEST,bbb2ec54-010d-4ca7-8b87-0807bc61f12e,11852,11839,0,0,11839,0
8000,P2_LARGEST,bbb2ec54-010d-4ca7-8b87-0807bc61f12e,11902,11920,0,0,11920,0
8000,P2_LARGEST,bbb2ec54-010d-4ca7-8b87-0807bc61f12e,12008,12239,0,0,12239,0
8000,P2_LARGEST,bbb2ec54-010d-4ca7-8b87-0807bc61f12e,12068,12366,0,0,12366,0
8000,P2_LARGEST,bbb2ec54-010d-4ca7-8b87-0807bc61f12e,15632,12445,0,0,12445,0
8000,P2_LARGEST,bbb2ec54-010d-4ca7-8b87-0807bc61f12e,15696,17358,20,1281,16077,0
8000,P2_LARGEST,bbb2ec54-010d-4ca7-8b87-0807bc61f12e,15789,16245,0,0,16245,0
8000,P2_LARGEST,bbb2ec54-010d-4ca7-8b87-0807bc61f12e,15969,16371,0,0,16371,0
8000,P2_LARGEST,bbb2ec54-010d-4ca7-8b87-0807bc61f12e,16446,17871,1,3845,14026,0
8000,P2_LARGEST,bbb2ec54-010d-4ca7-8b87-0807bc61f12e,16550,14498,0,0,14498,0
none,P2_LARGEST,bbb2ec54-010d-4ca7-8b87-0807bc61f12e,344,11775,0,0,11775,0
none,P2_LARGEST,bbb2ec54-010d-4ca7-8b87-0807bc61f12e,569,14279,0,0,14279,0
none,P2_LARGEST,bbb2ec54-010d-4ca7-8b87-0807bc61f12e,902,15560,0,0,15560,0
none,P2_LARGEST,bbb2ec54-010d-4ca7-8b87-0807bc61f12e,2465,15892,0,0,15892,0
none,P2_LARGEST,bbb2ec54-010d-4ca7-8b87-0807bc61f12e,6512,15963,0,0,15963,0
none,P2_LARGEST,bbb2ec54-010d-4ca7-8b87-0807bc61f12e,6571,20443,7,5124,15319,0
none,P2_LARGEST,bbb2ec54-010d-4ca7-8b87-0807bc61f12e,11147,15398,0,0,15398,0
none,P2_LARGEST,bbb2ec54-010d-4ca7-8b87-0807bc61f12e,11209,20431,9,4625,15806,0
none,P2_LARGEST,bbb2ec54-010d-4ca7-8b87-0807bc61f12e,11446,15982,0,0,15982,0
none,P2_LARGEST,bbb2ec54-010d-4ca7-8b87-0807bc61f12e,11510,16239,0,0,16239,0
none,P2_LARGEST,bbb2ec54-010d-4ca7-8b87-0807bc61f12e,11724,16400,1,4977,11423,0
none,P2_LARGEST,bbb2ec54-010d-4ca7-8b87-0807bc61f12e,11784,11663,0,0,11663,0
none,P2_LARGEST,bbb2ec54-010d-4ca7-8b87-0807bc61f12e,11852,11839,0,0,11839,0
none,P2_LARGEST,bbb2ec54-010d-4ca7-8b87-0807bc61f12e,11902,11920,0,0,11920,0
none,P2_LARGEST,bbb2ec54-010d-4ca7-8b87-0807bc61f12e,12008,12239,0,0,12239,0
none,P2_LARGEST,bbb2ec54-010d-4ca7-8b87-0807bc61f12e,12068,12366,0,0,12366,0
none,P2_LARGEST,bbb2ec54-010d-4ca7-8b87-0807bc61f12e,15632,12445,0,0,12445,0
none,P2_LARGEST,bbb2ec54-010d-4ca7-8b87-0807bc61f12e,15696,17358,20,1281,16077,0
none,P2_LARGEST,bbb2ec54-010d-4ca7-8b87-0807bc61f12e,15789,16245,0,0,16245,0
none,P2_LARGEST,bbb2ec54-010d-4ca7-8b87-0807bc61f12e,15969,16371,0,0,16371,0
none,P2_LARGEST,bbb2ec54-010d-4ca7-8b87-0807bc61f12e,16446,17871,1,3845,14026,0
none,P2_LARGEST,bbb2ec54-010d-4ca7-8b87-0807bc61f12e,16550,14498,0,0,14498,0
2000,P2_LARGEST,be4c5fef-bff9-4412-810e-be23e3b4a27b,2718,11289,0,0,11289,0
2000,P2_LARGEST,be4c5fef-bff9-4412-810e-be23e3b4a27b,3906,13988,0,0,13988,0
4000,P2_LARGEST,be4c5fef-bff9-4412-810e-be23e3b4a27b,2718,11289,0,0,11289,0
4000,P2_LARGEST,be4c5fef-bff9-4412-810e-be23e3b4a27b,3906,13988,0,0,13988,0
8000,P2_LARGEST,be4c5fef-bff9-4412-810e-be23e3b4a27b,2718,11289,0,0,11289,0
8000,P2_LARGEST,be4c5fef-bff9-4412-810e-be23e3b4a27b,3906,13988,0,0,13988,0
none,P2_LARGEST,be4c5fef-bff9-4412-810e-be23e3b4a27b,2718,11289,0,0,11289,0
none,P2_LARGEST,be4c5fef-bff9-4412-810e-be23e3b4a27b,3906,13988,0,0,13988,0
2000,P2_LARGEST,c01ddea5-7ea6-4f98-ae7d-0cf5c0b5599e,874,9597,0,0,9597,0
4000,P2_LARGEST,c01ddea5-7ea6-4f98-ae7d-0cf5c0b5599e,874,9597,0,0,9597,0
8000,P2_LARGEST,c01ddea5-7ea6-4f98-ae7d-0cf5c0b5599e,874,9597,0,0,9597,0
none,P2_LARGEST,c01ddea5-7ea6-4f98-ae7d-0cf5c0b5599e,874,9597,0,0,9597,0
2000,P2_LARGEST,c033051a-2b95-4253-91ab-8805c6853aab,272,9439,0,0,9439,0
2000,P2_LARGEST,c033051a-2b95-4253-91ab-8805c6853aab,685,10227,0,0,10227,0
2000,P2_LARGEST,c033051a-2b95-4253-91ab-8805c6853aab,1734,11177,0,0,11177,0
2000,P2_LARGEST,c033051a-2b95-4253-91ab-8805c6853aab,3895,12406,0,0,12406,0
2000,P2_LARGEST,c033051a-2b95-4253-91ab-8805c6853aab,5683,14686,0,0,14686,0
2000,P2_LARGEST,c033051a-2b95-4253-91ab-8805c6853aab,8482,16630,0,0,16630,0
2000,P2_LARGEST,c033051a-2b95-4253-91ab-8805c6853aab,9450,19722,0,0,19722,0
2000,P2_LARGEST,c033051a-2b95-4253-91ab-8805c6853aab,12811,20875,0,0,20875,0
2000,P2_LARGEST,c033051a-2b95-4253-91ab-8805c6853aab,12932,25740,1,2871,22869,0
2000,P2_LARGEST,c033051a-2b95-4253-91ab-8805c6853aab,13143,23243,0,0,23243,0
2000,P2_LARGEST,c033051a-2b95-4253-91ab-8805c6853aab,13332,28306,2,5501,22805,0
2000,P2_LARGEST,c033051a-2b95-4253-91ab-8805c6853aab,17377,25569,2,3203,22366,0
4000,P2_LARGEST,c033051a-2b95-4253-91ab-8805c6853aab,272,9439,0,0,9439,0
4000,P2_LARGEST,c033051a-2b95-4253-91ab-8805c6853aab,685,10227,0,0,10227,0
4000,P2_LARGEST,c033051a-2b95-4253-91ab-8805c6853aab,1734,13164,0,0,13164,0
4000,P2_LARGEST,c033051a-2b95-4253-91ab-8805c6853aab,3895,14393,0,0,14393,0
4000,P2_LARGEST,c033051a-2b95-4253-91ab-8805c6853aab,5683,16673,0,0,16673,0
4000,P2_LARGEST,c033051a-2b95-4253-91ab-8805c6853aab,8482,18617,0,0,18617,0
4000,P2_LARGEST,c033051a-2b95-4253-91ab-8805c6853aab,9450,21709,0,0,21709,0
4000,P2_LARGEST,c033051a-2b95-4253-91ab-8805c6853aab,12811,22862,0,0,22862,0
4000,P2_LARGEST,c033051a-2b95-4253-91ab-8805c6853aab,12932,27727,2,5358,22369,0
4000,P2_LARGEST,c033051a-2b95-4253-91ab-8805c6853aab,13143,22743,0,0,22743,0
4000,P2_LARGEST,c033051a-2b95-4253-91ab-8805c6853aab,13332,31838,3,8512,23326,0
4000,P2_LARGEST,c033051a-2b95-4253-91ab-8805c6853aab,17377,27973,3,5224,22749,0
8000,P2_LARGEST,c033051a-2b95-4253-91ab-8805c6853aab,272,9439,0,0,9439,0
8000,P2_LARGEST,c033051a-2b95-4253-91ab-8805c6853aab,685,10227,0,0,10227,0
8000,P2_LARGEST,c033051a-2b95-4253-91ab-8805c6853aab,1734,13164,0,0,13164,0
8000,P2_LARGEST,c033051a-2b95-4253-91ab-8805c6853aab,3895,14393,0,0,14393,0
8000,P2_LARGEST,c033051a-2b95-4253-91ab-8805c6853aab,5683,16673,0,0,16673,0
8000,P2_LARGEST,c033051a-2b95-4253-91ab-8805c6853aab,8482,18617,0,0,18617,0
8000,P2_LARGEST,c033051a-2b95-4253-91ab-8805c6853aab,9450,21709,0,0,21709,0
8000,P2_LARGEST,c033051a-2b95-4253-91ab-8805c6853aab,12811,22862,0,0,22862,0
8000,P2_LARGEST,c033051a-2b95-4253-91ab-8805c6853aab,12932,27727,2,5358,22369,0
8000,P2_LARGEST,c033051a-2b95-4253-91ab-8805c6853aab,13143,22743,0,0,22743,0
8000,P2_LARGEST,c033051a-2b95-4253-91ab-8805c6853aab,13332,35442,4,12616,22826,0
8000,P2_LARGEST,c033051a-2b95-4253-91ab-8805c6853aab,17377,27473,3,5224,22249,0
none,P2_LARGEST,c033051a-2b95-4253-91ab-8805c6853aab,272,9439,0,0,9439,0
none,P2_LARGEST,c033051a-2b95-4253-91ab-8805c6853aab,685,10227,0,0,10227,0
none,P2_LARGEST,c033051a-2b95-4253-91ab-8805c6853aab,1734,13164,0,0,13164,0
none,P2_LARGEST,c033051a-2b95-4253-91ab-8805c6853aab,3895,14393,0,0,14393,0
none,P2_LARGEST,c033051a-2b95-4253-91ab-8805c6853aab,5683,16673,0,0,16673,0
none,P2_LARGEST,c033051a-2b95-4253-91ab-8805c6853aab,8482,18617,0,0,18617,0
none,P2_LARGEST,c033051a-2b95-4253-91ab-8805c6853aab,9450,21709,0,0,21709,0
none,P2_LARGEST,c033051a-2b95-4253-91ab-8805c6853aab,12811,22862,0,0,22862,0
none,P2_LARGEST,c033051a-2b95-4253-91ab-8805c6853aab,12932,27727,2,5358,22369,0
none,P2_LARGEST,c033051a-2b95-4253-91ab-8805c6853aab,13143,22743,0,0,22743,0
none,P2_LARGEST,c033051a-2b95-4253-91ab-8805c6853aab,13332,35442,4,12616,22826,0
none,P2_LARGEST,c033051a-2b95-4253-91ab-8805c6853aab,17377,27473,3,5224,22249,0
2000,P2_LARGEST,c05b01f7-cf52-48e0-a02f-2cc5fde766eb,157,6402,0,0,6402,0
2000,P2_LARGEST,c05b01f7-cf52-48e0-a02f-2cc5fde766eb,249,6628,0,0,6628,0
2000,P2_LARGEST,c05b01f7-cf52-48e0-a02f-2cc5fde766eb,645,6997,0,0,6997,0
2000,P2_LARGEST,c05b01f7-cf52-48e0-a02f-2cc5fde766eb,794,7409,0,0,7409,0
2000,P2_LARGEST,c05b01f7-cf52-48e0-a02f-2cc5fde766eb,1032,7705,0,0,7705,0
2000,P2_LARGEST,c05b01f7-cf52-48e0-a02f-2cc5fde766eb,1188,8697,0,0,8697,0
2000,P2_LARGEST,c05b01f7-cf52-48e0-a02f-2cc5fde766eb,1284,9364,0,0,9364,0
2000,P2_LARGEST,c05b01f7-cf52-48e0-a02f-2cc5fde766eb,1410,9452,0,0,9452,0
2000,P2_LARGEST,c05b01f7-cf52-48e0-a02f-2cc5fde766eb,1649,10495,0,0,10495,0
2000,P2_LARGEST,c05b01f7-cf52-48e0-a02f-2cc5fde766eb,2016,11934,0,0,11934,0
2000,P2_LARGEST,c05b01f7-cf52-48e0-a02f-2cc5fde766eb,2440,12295,0,0,12295,0
2000,P2_LARGEST,c05b01f7-cf52-48e0-a02f-2cc5fde766eb,2589,12719,0,0,12719,0
2000,P2_LARGEST,c05b01f7-cf52-48e0-a02f-2cc5fde766eb,3166,12957,0,0,12957,0
2000,P2_LARGEST,c05b01f7-cf52-48e0-a02f-2cc5fde766eb,3365,13750,0,0,13750,0
2000,P2_LARGEST,c05b01f7-cf52-48e0-a02f-2cc5fde766eb,3664,14542,0,0,14542,0
2000,P2_LARGEST,c05b01f7-cf52-48e0-a02f-2cc5fde766eb,5747,15057,0,0,15057,0
2000,P2_LARGEST,c05b01f7-cf52-48e0-a02f-2cc5fde766eb,6119,17179,0,0,17179,0
4000,P2_LARGEST,c05b01f7-cf52-48e0-a02f-2cc5fde766eb,157,6402,0,0,6402,0
4000,P2_LARGEST,c05b01f7-cf52-48e0-a02f-2cc5fde766eb,249,6628,0,0,6628,0
4000,P2_LARGEST,c05b01f7-cf52-48e0-a02f-2cc5fde766eb,645,6997,0,0,6997,0
4000,P2_LARGEST,c05b01f7-cf52-48e0-a02f-2cc5fde766eb,794,7409,0,0,7409,0
4000,P2_LARGEST,c05b01f7-cf52-48e0-a02f-2cc5fde766eb,1032,7705,0,0,7705,0
4000,P2_LARGEST,c05b01f7-cf52-48e0-a02f-2cc5fde766eb,1188,8697,0,0,8697,0
4000,P2_LARGEST,c05b01f7-cf52-48e0-a02f-2cc5fde766eb,1284,9364,0,0,9364,0
4000,P2_LARGEST,c05b01f7-cf52-48e0-a02f-2cc5fde766eb,1410,9452,0,0,9452,0
4000,P2_LARGEST,c05b01f7-cf52-48e0-a02f-2cc5fde766eb,1649,10495,0,0,10495,0
4000,P2_LARGEST,c05b01f7-cf52-48e0-a02f-2cc5fde766eb,2016,11934,0,0,11934,0
4000,P2_LARGEST,c05b01f7-cf52-48e0-a02f-2cc5fde766eb,2440,12295,0,0,12295,0
4000,P2_LARGEST,c05b01f7-cf52-48e0-a02f-2cc5fde766eb,2589,12719,0,0,12719,0
4000,P2_LARGEST,c05b01f7-cf52-48e0-a02f-2cc5fde766eb,3166,12957,0,0,12957,0
4000,P2_LARGEST,c05b01f7-cf52-48e0-a02f-2cc5fde766eb,3365,13750,0,0,13750,0
4000,P2_LARGEST,c05b01f7-cf52-48e0-a02f-2cc5fde766eb,3664,14542,0,0,14542,0
4000,P2_LARGEST,c05b01f7-cf52-48e0-a02f-2cc5fde766eb,5747,15057,0,0,15057,0
4000,P2_LARGEST,c05b01f7-cf52-48e0-a02f-2cc5fde766eb,6119,17179,0,0,17179,0
8000,P2_LARGEST,c05b01f7-cf52-48e0-a02f-2cc5fde766eb,157,6402,0,0,6402,0
8000,P2_LARGEST,c05b01f7-cf52-48e0-a02f-2cc5fde766eb,249,6628,0,0,6628,0
8000,P2_LARGEST,c05b01f7-cf52-48e0-a02f-2cc5fde766eb,645,6997,0,0,6997,0
8000,P2_LARGEST,c05b01f7-cf52-48e0-a02f-2cc5fde766eb,794,7409,0,0,7409,0
8000,P2_LARGEST,c05b01f7-cf52-48e0-a02f-2cc5fde766eb,1032,7705,0,0,7705,0
8000,P2_LARGEST,c05b01f7-cf52-48e0-a02f-2cc5fde766eb,1188,8697,0,0,8697,0
8000,P2_LARGEST,c05b01f7-cf52-48e0-a02f-2cc5fde766eb,1284,9364,0,0,9364,0
8000,P2_LARGEST,c05b01f7-cf52-48e0-a02f-2cc5fde766eb,1410,9452,0,0,9452,0
8000,P2_LARGEST,c05b01f7-cf52-48e0-a02f-2cc5fde766eb,1649,10495,0,0,10495,0
8000,P2_LARGEST,c05b01f7-cf52-48e0-a02f-2cc5fde766eb,2016,11934,0,0,11934,0
8000,P2_LARGEST,c05b01f7-cf52-48e0-a02f-2cc5fde766eb,2440,12295,0,0,12295,0
8000,P2_LARGEST,c05b01f7-cf52-48e0-a02f-2cc5fde766eb,2589,12719,0,0,12719,0
8000,P2_LARGEST,c05b01f7-cf52-48e0-a02f-2cc5fde766eb,3166,12957,0,0,12957,0
8000,P2_LARGEST,c05b01f7-cf52-48e0-a02f-2cc5fde766eb,3365,13750,0,0,13750,0
8000,P2_LARGEST,c05b01f7-cf52-48e0-a02f-2cc5fde766eb,3664,14542,0,0,14542,0
8000,P2_LARGEST,c05b01f7-cf52-48e0-a02f-2cc5fde766eb,5747,15057,0,0,15057,0
8000,P2_LARGEST,c05b01f7-cf52-48e0-a02f-2cc5fde766eb,6119,17179,0,0,17179,0
none,P2_LARGEST,c05b01f7-cf52-48e0-a02f-2cc5fde766eb,157,6402,0,0,6402,0
none,P2_LARGEST,c05b01f7-cf52-48e0-a02f-2cc5fde766eb,249,6628,0,0,6628,0
none,P2_LARGEST,c05b01f7-cf52-48e0-a02f-2cc5fde766eb,645,6997,0,0,6997,0
none,P2_LARGEST,c05b01f7-cf52-48e0-a02f-2cc5fde766eb,794,7409,0,0,7409,0
none,P2_LARGEST,c05b01f7-cf52-48e0-a02f-2cc5fde766eb,1032,7705,0,0,7705,0
none,P2_LARGEST,c05b01f7-cf52-48e0-a02f-2cc5fde766eb,1188,8697,0,0,8697,0
none,P2_LARGEST,c05b01f7-cf52-48e0-a02f-2cc5fde766eb,1284,9364,0,0,9364,0
none,P2_LARGEST,c05b01f7-cf52-48e0-a02f-2cc5fde766eb,1410,9452,0,0,9452,0
none,P2_LARGEST,c05b01f7-cf52-48e0-a02f-2cc5fde766eb,1649,10495,0,0,10495,0
none,P2_LARGEST,c05b01f7-cf52-48e0-a02f-2cc5fde766eb,2016,11934,0,0,11934,0
none,P2_LARGEST,c05b01f7-cf52-48e0-a02f-2cc5fde766eb,2440,12295,0,0,12295,0
none,P2_LARGEST,c05b01f7-cf52-48e0-a02f-2cc5fde766eb,2589,12719,0,0,12719,0
none,P2_LARGEST,c05b01f7-cf52-48e0-a02f-2cc5fde766eb,3166,12957,0,0,12957,0
none,P2_LARGEST,c05b01f7-cf52-48e0-a02f-2cc5fde766eb,3365,13750,0,0,13750,0
none,P2_LARGEST,c05b01f7-cf52-48e0-a02f-2cc5fde766eb,3664,14542,0,0,14542,0
none,P2_LARGEST,c05b01f7-cf52-48e0-a02f-2cc5fde766eb,5747,15057,0,0,15057,0
none,P2_LARGEST,c05b01f7-cf52-48e0-a02f-2cc5fde766eb,6119,17179,0,0,17179,0
2000,P2_LARGEST,c1e0a631-6e5f-499e-a6f9-2b043bda926e,921,7263,0,0,7263,0
2000,P2_LARGEST,c1e0a631-6e5f-499e-a6f9-2b043bda926e,3956,8376,0,0,8376,0
2000,P2_LARGEST,c1e0a631-6e5f-499e-a6f9-2b043bda926e,5406,11415,0,0,11415,0
2000,P2_LARGEST,c1e0a631-6e5f-499e-a6f9-2b043bda926e,6561,12870,0,0,12870,0
2000,P2_LARGEST,c1e0a631-6e5f-499e-a6f9-2b043bda926e,6786,14100,0,0,14100,0
2000,P2_LARGEST,c1e0a631-6e5f-499e-a6f9-2b043bda926e,7842,15194,0,0,15194,0
2000,P2_LARGEST,c1e0a631-6e5f-499e-a6f9-2b043bda926e,7901,16279,0,0,16279,0
2000,P2_LARGEST,c1e0a631-6e5f-499e-a6f9-2b043bda926e,8906,16621,1,3010,13611,0
2000,P2_LARGEST,c1e0a631-6e5f-499e-a6f9-2b043bda926e,8978,14638,0,0,14638,0
2000,P2_LARGEST,c1e0a631-6e5f-499e-a6f9-2b043bda926e,9751,14825,0,0,14825,0
2000,P2_LARGEST,c1e0a631-6e5f-499e-a6f9-2b043bda926e,10844,16812,2,2550,14262,0
2000,P2_LARGEST,c1e0a631-6e5f-499e-a6f9-2b043bda926e,10944,16390,1,1206,15184,0
2000,P2_LARGEST,c1e0a631-6e5f-499e-a6f9-2b043bda926e,16633,15626,0,0,15626,0
2000,P2_LARGEST,c1e0a631-6e5f-499e-a6f9-2b043bda926e,19505,22008,9,6883,15125,0
2000,P2_LARGEST,c1e0a631-6e5f-499e-a6f9-2b043bda926e,19644,19262,1,5658,13604,0
2000,P2_LARGEST,c1e0a631-6e5f-499e-a6f9-2b043bda926e,19818,14893,0,0,14893,0
2000,P2_LARGEST,c1e0a631-6e5f-499e-a6f9-2b043bda926e,19926,16666,0,0,16666,0
2000,P2_LARGEST,c1e0a631-6e5f-499e-a6f9-2b043bda926e,27645,18326,0,0,18326,0
2000,P2_LARGEST,c1e0a631-6e5f-499e-a6f9-2b043bda926e,27726,26077,6,6649,19428,0
4000,P2_LARGEST,c1e0a631-6e5f-499e-a6f9-2b043bda926e,921,7263,0,0,7263,0
4000,P2_LARGEST,c1e0a631-6e5f-499e-a6f9-2b043bda926e,3956,8376,0,0,8376,0
4000,P2_LARGEST,c1e0a631-6e5f-499e-a6f9-2b043bda926e,5406,11415,0,0,11415,0
4000,P2_LARGEST,c1e0a631-6e5f-499e-a6f9-2b043bda926e,6561,12870,0,0,12870,0
4000,P2_LARGEST,c1e0a631-6e5f-499e-a6f9-2b043bda926e,6786,14100,0,0,14100,0
4000,P2_LARGEST,c1e0a631-6e5f-499e-a6f9-2b043bda926e,7842,15194,0,0,15194,0
4000,P2_LARGEST,c1e0a631-6e5f-499e-a6f9-2b043bda926e,7901,16279,0,0,16279,0
4000,P2_LARGEST,c1e0a631-6e5f-499e-a6f9-2b043bda926e,8906,16621,1,3010,13611,0
4000,P2_LARGEST,c1e0a631-6e5f-499e-a6f9-2b043bda926e,8978,14638,0,0,14638,0
4000,P2_LARGEST,c1e0a631-6e5f-499e-a6f9-2b043bda926e,9751,14825,0,0,14825,0
4000,P2_LARGEST,c1e0a631-6e5f-499e-a6f9-2b043bda926e,10844,16812,2,2550,14262,0
4000,P2_LARGEST,c1e0a631-6e5f-499e-a6f9-2b043bda926e,10944,16390,1,1206,15184,0
4000,P2_LARGEST,c1e0a631-6e5f-499e-a6f9-2b043bda926e,16633,15626,0,0,15626,0
4000,P2_LARGEST,c1e0a631-6e5f-499e-a6f9-2b043bda926e,19505,22008,9,6883,15125,0
4000,P2_LARGEST,c1e0a631-6e5f-499e-a6f9-2b043bda926e,19644,19262,1,5658,13604,0
4000,P2_LARGEST,c1e0a631-6e5f-499e-a6f9-2b043bda926e,19818,14893,0,0,14893,0
4000,P2_LARGEST,c1e0a631-6e5f-499e-a6f9-2b043bda926e,19926,16666,0,0,16666,0
4000,P2_LARGEST,c1e0a631-6e5f-499e-a6f9-2b043bda926e,27645,18326,0,0,18326,0
4000,P2_LARGEST,c1e0a631-6e5f-499e-a6f9-2b043bda926e,27726,26077,6,6649,19428,0
8000,P2_LARGEST,c1e0a631-6e5f-499e-a6f9-2b043bda926e,921,7263,0,0,7263,0
8000,P2_LARGEST,c1e0a631-6e5f-499e-a6f9-2b043bda926e,3956,8376,0,0,8376,0
8000,P2_LARGEST,c1e0a631-6e5f-499e-a6f9-2b043bda926e,5406,11415,0,0,11415,0
8000,P2_LARGEST,c1e0a631-6e5f-499e-a6f9-2b043bda926e,6561,12870,0,0,12870,0
8000,P2_LARGEST,c1e0a631-6e5f-499e-a6f9-2b043bda926e,6786,14100,0,0,14100,0
8000,P2_LARGEST,c1e0a631-6e5f-499e-a6f9-2b043bda926e,7842,15194,0,0,15194,0
8000,P2_LARGEST,c1e0a631-6e5f-499e-a6f9-2b043bda926e,7901,16279,0,0,16279,0
8000,P2_LARGEST,c1e0a631-6e5f-499e-a6f9-2b043bda926e,8906,16621,1,3010,13611,0
8000,P2_LARGEST,c1e0a631-6e5f-499e-a6f9-2b043bda926e,8978,14638,0,0,14638,0
8000,P2_LARGEST,c1e0a631-6e5f-499e-a6f9-2b043bda926e,9751,14825,0,0,14825,0
8000,P2_LARGEST,c1e0a631-6e5f-499e-a6f9-2b043bda926e,10844,16812,2,2550,14262,0
8000,P2_LARGEST,c1e0a631-6e5f-499e-a6f9-2b043bda926e,10944,16390,1,1206,15184,0
8000,P2_LARGEST,c1e0a631-6e5f-499e-a6f9-2b043bda926e,16633,15626,0,0,15626,0
8000,P2_LARGEST,c1e0a631-6e5f-499e-a6f9-2b043bda926e,19505,22008,9,6883,15125,0
8000,P2_LARGEST,c1e0a631-6e5f-499e-a6f9-2b043bda926e,19644,19262,1,5658,13604,0
8000,P2_LARGEST,c1e0a631-6e5f-499e-a6f9-2b043bda926e,19818,14893,0,0,14893,0
8000,P2_LARGEST,c1e0a631-6e5f-499e-a6f9-2b043bda926e,19926,21080,1,2879,18201,0
8000,P2_LARGEST,c1e0a631-6e5f-499e-a6f9-2b043bda926e,27645,19861,0,0,19861,0
8000,P2_LARGEST,c1e0a631-6e5f-499e-a6f9-2b043bda926e,27726,27612,5,8184,19428,0
none,P2_LARGEST,c1e0a631-6e5f-499e-a6f9-2b043bda926e,921,7263,0,0,7263,0
none,P2_LARGEST,c1e0a631-6e5f-499e-a6f9-2b043bda926e,3956,8376,0,0,8376,0
none,P2_LARGEST,c1e0a631-6e5f-499e-a6f9-2b043bda926e,5406,11415,0,0,11415,0
none,P2_LARGEST,c1e0a631-6e5f-499e-a6f9-2b043bda926e,6561,12870,0,0,12870,0
none,P2_LARGEST,c1e0a631-6e5f-499e-a6f9-2b043bda926e,6786,14100,0,0,14100,0
none,P2_LARGEST,c1e0a631-6e5f-499e-a6f9-2b043bda926e,7842,15194,0,0,15194,0
none,P2_LARGEST,c1e0a631-6e5f-499e-a6f9-2b043bda926e,7901,16279,0,0,16279,0
none,P2_LARGEST,c1e0a631-6e5f-499e-a6f9-2b043bda926e,8906,16621,1,3010,13611,0
none,P2_LARGEST,c1e0a631-6e5f-499e-a6f9-2b043bda926e,8978,14638,0,0,14638,0
none,P2_LARGEST,c1e0a631-6e5f-499e-a6f9-2b043bda926e,9751,14825,0,0,14825,0
none,P2_LARGEST,c1e0a631-6e5f-499e-a6f9-2b043bda926e,10844,16812,2,2550,14262,0
none,P2_LARGEST,c1e0a631-6e5f-499e-a6f9-2b043bda926e,10944,16390,1,1206,15184,0
none,P2_LARGEST,c1e0a631-6e5f-499e-a6f9-2b043bda926e,16633,15626,0,0,15626,0
none,P2_LARGEST,c1e0a631-6e5f-499e-a6f9-2b043bda926e,19505,22008,9,6883,15125,0
none,P2_LARGEST,c1e0a631-6e5f-499e-a6f9-2b043bda926e,19644,19262,1,5658,13604,0
none,P2_LARGEST,c1e0a631-6e5f-499e-a6f9-2b043bda926e,19818,14893,0,0,14893,0
none,P2_LARGEST,c1e0a631-6e5f-499e-a6f9-2b043bda926e,19926,21080,1,2879,18201,0
none,P2_LARGEST,c1e0a631-6e5f-499e-a6f9-2b043bda926e,27645,19861,0,0,19861,0
none,P2_LARGEST,c1e0a631-6e5f-499e-a6f9-2b043bda926e,27726,27612,5,8184,19428,0
2000,P2_LARGEST,c1f97e8a-330d-4d19-904b-a456753a93dd,85,8992,0,0,8992,0
2000,P2_LARGEST,c1f97e8a-330d-4d19-904b-a456753a93dd,144,9071,0,0,9071,0
2000,P2_LARGEST,c1f97e8a-330d-4d19-904b-a456753a93dd,308,9128,0,0,9128,0
2000,P2_LARGEST,c1f97e8a-330d-4d19-904b-a456753a93dd,431,9334,0,0,9334,0
2000,P2_LARGEST,c1f97e8a-330d-4d19-904b-a456753a93dd,736,10173,0,0,10173,0
4000,P2_LARGEST,c1f97e8a-330d-4d19-904b-a456753a93dd,85,8992,0,0,8992,0
4000,P2_LARGEST,c1f97e8a-330d-4d19-904b-a456753a93dd,144,9071,0,0,9071,0
4000,P2_LARGEST,c1f97e8a-330d-4d19-904b-a456753a93dd,308,9128,0,0,9128,0
4000,P2_LARGEST,c1f97e8a-330d-4d19-904b-a456753a93dd,431,9334,0,0,9334,0
4000,P2_LARGEST,c1f97e8a-330d-4d19-904b-a456753a93dd,736,10173,0,0,10173,0
8000,P2_LARGEST,c1f97e8a-330d-4d19-904b-a456753a93dd,85,8992,0,0,8992,0
8000,P2_LARGEST,c1f97e8a-330d-4d19-904b-a456753a93dd,144,9071,0,0,9071,0
8000,P2_LARGEST,c1f97e8a-330d-4d19-904b-a456753a93dd,308,9128,0,0,9128,0
8000,P2_LARGEST,c1f97e8a-330d-4d19-904b-a456753a93dd,431,9334,0,0,9334,0
8000,P2_LARGEST,c1f97e8a-330d-4d19-904b-a456753a93dd,736,10173,0,0,10173,0
none,P2_LARGEST,c1f97e8a-330d-4d19-904b-a456753a93dd,85,8992,0,0,8992,0
none,P2_LARGEST,c1f97e8a-330d-4d19-904b-a456753a93dd,144,9071,0,0,9071,0
none,P2_LARGEST,c1f97e8a-330d-4d19-904b-a456753a93dd,308,9128,0,0,9128,0
none,P2_LARGEST,c1f97e8a-330d-4d19-904b-a456753a93dd,431,9334,0,0,9334,0
none,P2_LARGEST,c1f97e8a-330d-4d19-904b-a456753a93dd,736,10173,0,0,10173,0
2000,P2_LARGEST,c29a4ba3-fcf8-4649-b806-03f1f7a94a6f,130,5908,0,0,5908,0
2000,P2_LARGEST,c29a4ba3-fcf8-4649-b806-03f1f7a94a6f,620,6954,0,0,6954,0
2000,P2_LARGEST,c29a4ba3-fcf8-4649-b806-03f1f7a94a6f,663,7438,0,0,7438,0
2000,P2_LARGEST,c29a4ba3-fcf8-4649-b806-03f1f7a94a6f,792,7493,0,0,7493,0
4000,P2_LARGEST,c29a4ba3-fcf8-4649-b806-03f1f7a94a6f,130,5908,0,0,5908,0
4000,P2_LARGEST,c29a4ba3-fcf8-4649-b806-03f1f7a94a6f,620,6954,0,0,6954,0
4000,P2_LARGEST,c29a4ba3-fcf8-4649-b806-03f1f7a94a6f,663,7438,0,0,7438,0
4000,P2_LARGEST,c29a4ba3-fcf8-4649-b806-03f1f7a94a6f,792,7493,0,0,7493,0
8000,P2_LARGEST,c29a4ba3-fcf8-4649-b806-03f1f7a94a6f,130,5908,0,0,5908,0
8000,P2_LARGEST,c29a4ba3-fcf8-4649-b806-03f1f7a94a6f,620,6954,0,0,6954,0
8000,P2_LARGEST,c29a4ba3-fcf8-4649-b806-03f1f7a94a6f,663,7438,0,0,7438,0
8000,P2_LARGEST,c29a4ba3-fcf8-4649-b806-03f1f7a94a6f,792,7493,0,0,7493,0
none,P2_LARGEST,c29a4ba3-fcf8-4649-b806-03f1f7a94a6f,130,5908,0,0,5908,0
none,P2_LARGEST,c29a4ba3-fcf8-4649-b806-03f1f7a94a6f,620,6954,0,0,6954,0
none,P2_LARGEST,c29a4ba3-fcf8-4649-b806-03f1f7a94a6f,663,7438,0,0,7438,0
none,P2_LARGEST,c29a4ba3-fcf8-4649-b806-03f1f7a94a6f,792,7493,0,0,7493,0
2000,P2_LARGEST,c412857a-9984-44a2-a865-dae3d37069a8,99,9145,0,0,9145,0
2000,P2_LARGEST,c412857a-9984-44a2-a865-dae3d37069a8,147,9891,0,0,9891,0
2000,P2_LARGEST,c412857a-9984-44a2-a865-dae3d37069a8,195,10575,0,0,10575,0
2000,P2_LARGEST,c412857a-9984-44a2-a865-dae3d37069a8,241,10982,0,0,10982,0
2000,P2_LARGEST,c412857a-9984-44a2-a865-dae3d37069a8,348,11357,0,0,11357,0
2000,P2_LARGEST,c412857a-9984-44a2-a865-dae3d37069a8,405,11921,0,0,11921,0
2000,P2_LARGEST,c412857a-9984-44a2-a865-dae3d37069a8,574,12513,0,0,12513,0
2000,P2_LARGEST,c412857a-9984-44a2-a865-dae3d37069a8,637,12676,0,0,12676,0
2000,P2_LARGEST,c412857a-9984-44a2-a865-dae3d37069a8,685,12751,0,0,12751,0
2000,P2_LARGEST,c412857a-9984-44a2-a865-dae3d37069a8,854,12795,0,0,12795,0
2000,P2_LARGEST,c412857a-9984-44a2-a865-dae3d37069a8,896,13449,0,0,13449,0
2000,P2_LARGEST,c412857a-9984-44a2-a865-dae3d37069a8,945,13958,0,0,13958,0
2000,P2_LARGEST,c412857a-9984-44a2-a865-dae3d37069a8,1003,14552,0,0,14552,0
2000,P2_LARGEST,c412857a-9984-44a2-a865-dae3d37069a8,1155,15185,0,0,15185,0
2000,P2_LARGEST,c412857a-9984-44a2-a865-dae3d37069a8,1201,15753,0,0,15753,0
2000,P2_LARGEST,c412857a-9984-44a2-a865-dae3d37069a8,1243,16228,0,0,16228,0
2000,P2_LARGEST,c412857a-9984-44a2-a865-dae3d37069a8,1622,17761,0,0,17761,0
4000,P2_LARGEST,c412857a-9984-44a2-a865-dae3d37069a8,99,9145,0,0,9145,0
4000,P2_LARGEST,c412857a-9984-44a2-a865-dae3d37069a8,147,9891,0,0,9891,0
4000,P2_LARGEST,c412857a-9984-44a2-a865-dae3d37069a8,195,10575,0,0,10575,0
4000,P2_LARGEST,c412857a-9984-44a2-a865-dae3d37069a8,241,10982,0,0,10982,0
4000,P2_LARGEST,c412857a-9984-44a2-a865-dae3d37069a8,348,11357,0,0,11357,0
4000,P2_LARGEST,c412857a-9984-44a2-a865-dae3d37069a8,405,11921,0,0,11921,0
4000,P2_LARGEST,c412857a-9984-44a2-a865-dae3d37069a8,574,12513,0,0,12513,0
4000,P2_LARGEST,c412857a-9984-44a2-a865-dae3d37069a8,637,12676,0,0,12676,0
4000,P2_LARGEST,c412857a-9984-44a2-a865-dae3d37069a8,685,12751,0,0,12751,0
4000,P2_LARGEST,c412857a-9984-44a2-a865-dae3d37069a8,854,12795,0,0,12795,0
4000,P2_LARGEST,c412857a-9984-44a2-a865-dae3d37069a8,896,13449,0,0,13449,0
4000,P2_LARGEST,c412857a-9984-44a2-a865-dae3d37069a8,945,13958,0,0,13958,0
4000,P2_LARGEST,c412857a-9984-44a2-a865-dae3d37069a8,1003,14552,0,0,14552,0
4000,P2_LARGEST,c412857a-9984-44a2-a865-dae3d37069a8,1155,15185,0,0,15185,0
4000,P2_LARGEST,c412857a-9984-44a2-a865-dae3d37069a8,1201,15753,0,0,15753,0
4000,P2_LARGEST,c412857a-9984-44a2-a865-dae3d37069a8,1243,16228,0,0,16228,0
4000,P2_LARGEST,c412857a-9984-44a2-a865-dae3d37069a8,1622,17761,0,0,17761,0
8000,P2_LARGEST,c412857a-9984-44a2-a865-dae3d37069a8,99,9145,0,0,9145,0
8000,P2_LARGEST,c412857a-9984-44a2-a865-dae3d37069a8,147,9891,0,0,9891,0
8000,P2_LARGEST,c412857a-9984-44a2-a865-dae3d37069a8,195,10575,0,0,10575,0
8000,P2_LARGEST,c412857a-9984-44a2-a865-dae3d37069a8,241,10982,0,0,10982,0
8000,P2_LARGEST,c412857a-9984-44a2-a865-dae3d37069a8,348,11357,0,0,11357,0
8000,P2_LARGEST,c412857a-9984-44a2-a865-dae3d37069a8,405,11921,0,0,11921,0
8000,P2_LARGEST,c412857a-9984-44a2-a865-dae3d37069a8,574,12513,0,0,12513,0
8000,P2_LARGEST,c412857a-9984-44a2-a865-dae3d37069a8,637,12676,0,0,12676,0
8000,P2_LARGEST,c412857a-9984-44a2-a865-dae3d37069a8,685,12751,0,0,12751,0
8000,P2_LARGEST,c412857a-9984-44a2-a865-dae3d37069a8,854,12795,0,0,12795,0
8000,P2_LARGEST,c412857a-9984-44a2-a865-dae3d37069a8,896,13449,0,0,13449,0
8000,P2_LARGEST,c412857a-9984-44a2-a865-dae3d37069a8,945,13958,0,0,13958,0
8000,P2_LARGEST,c412857a-9984-44a2-a865-dae3d37069a8,1003,14552,0,0,14552,0
8000,P2_LARGEST,c412857a-9984-44a2-a865-dae3d37069a8,1155,15185,0,0,15185,0
8000,P2_LARGEST,c412857a-9984-44a2-a865-dae3d37069a8,1201,15753,0,0,15753,0
8000,P2_LARGEST,c412857a-9984-44a2-a865-dae3d37069a8,1243,16228,0,0,16228,0
8000,P2_LARGEST,c412857a-9984-44a2-a865-dae3d37069a8,1622,17761,0,0,17761,0
none,P2_LARGEST,c412857a-9984-44a2-a865-dae3d37069a8,99,9145,0,0,9145,0
none,P2_LARGEST,c412857a-9984-44a2-a865-dae3d37069a8,147,9891,0,0,9891,0
none,P2_LARGEST,c412857a-9984-44a2-a865-dae3d37069a8,195,10575,0,0,10575,0
none,P2_LARGEST,c412857a-9984-44a2-a865-dae3d37069a8,241,10982,0,0,10982,0
none,P2_LARGEST,c412857a-9984-44a2-a865-dae3d37069a8,348,11357,0,0,11357,0
none,P2_LARGEST,c412857a-9984-44a2-a865-dae3d37069a8,405,11921,0,0,11921,0
none,P2_LARGEST,c412857a-9984-44a2-a865-dae3d37069a8,574,12513,0,0,12513,0
none,P2_LARGEST,c412857a-9984-44a2-a865-dae3d37069a8,637,12676,0,0,12676,0
none,P2_LARGEST,c412857a-9984-44a2-a865-dae3d37069a8,685,12751,0,0,12751,0
none,P2_LARGEST,c412857a-9984-44a2-a865-dae3d37069a8,854,12795,0,0,12795,0
none,P2_LARGEST,c412857a-9984-44a2-a865-dae3d37069a8,896,13449,0,0,13449,0
none,P2_LARGEST,c412857a-9984-44a2-a865-dae3d37069a8,945,13958,0,0,13958,0
none,P2_LARGEST,c412857a-9984-44a2-a865-dae3d37069a8,1003,14552,0,0,14552,0
none,P2_LARGEST,c412857a-9984-44a2-a865-dae3d37069a8,1155,15185,0,0,15185,0
none,P2_LARGEST,c412857a-9984-44a2-a865-dae3d37069a8,1201,15753,0,0,15753,0
none,P2_LARGEST,c412857a-9984-44a2-a865-dae3d37069a8,1243,16228,0,0,16228,0
none,P2_LARGEST,c412857a-9984-44a2-a865-dae3d37069a8,1622,17761,0,0,17761,0
2000,P2_LARGEST,c46df038-0301-4f01-be25-35e43b9eadcd,324,6637,0,0,6637,0
2000,P2_LARGEST,c46df038-0301-4f01-be25-35e43b9eadcd,442,6972,0,0,6972,0
2000,P2_LARGEST,c46df038-0301-4f01-be25-35e43b9eadcd,605,7734,0,0,7734,0
2000,P2_LARGEST,c46df038-0301-4f01-be25-35e43b9eadcd,1159,8921,0,0,8921,0
4000,P2_LARGEST,c46df038-0301-4f01-be25-35e43b9eadcd,324,6637,0,0,6637,0
4000,P2_LARGEST,c46df038-0301-4f01-be25-35e43b9eadcd,442,6972,0,0,6972,0
4000,P2_LARGEST,c46df038-0301-4f01-be25-35e43b9eadcd,605,7734,0,0,7734,0
4000,P2_LARGEST,c46df038-0301-4f01-be25-35e43b9eadcd,1159,8921,0,0,8921,0
8000,P2_LARGEST,c46df038-0301-4f01-be25-35e43b9eadcd,324,6637,0,0,6637,0
8000,P2_LARGEST,c46df038-0301-4f01-be25-35e43b9eadcd,442,6972,0,0,6972,0
8000,P2_LARGEST,c46df038-0301-4f01-be25-35e43b9eadcd,605,7734,0,0,7734,0
8000,P2_LARGEST,c46df038-0301-4f01-be25-35e43b9eadcd,1159,8921,0,0,8921,0
none,P2_LARGEST,c46df038-0301-4f01-be25-35e43b9eadcd,324,6637,0,0,6637,0
none,P2_LARGEST,c46df038-0301-4f01-be25-35e43b9eadcd,442,6972,0,0,6972,0
none,P2_LARGEST,c46df038-0301-4f01-be25-35e43b9eadcd,605,7734,0,0,7734,0
none,P2_LARGEST,c46df038-0301-4f01-be25-35e43b9eadcd,1159,8921,0,0,8921,0
2000,P2_LARGEST,c5fa4787-6775-45ab-b934-8fa8645015c8,15,6855,0,0,6855,0
2000,P2_LARGEST,c5fa4787-6775-45ab-b934-8fa8645015c8,20,8369,0,0,8369,0
2000,P2_LARGEST,c5fa4787-6775-45ab-b934-8fa8645015c8,28,9116,0,0,9116,0
2000,P2_LARGEST,c5fa4787-6775-45ab-b934-8fa8645015c8,36,10505,0,0,10505,0
2000,P2_LARGEST,c5fa4787-6775-45ab-b934-8fa8645015c8,41,12161,0,0,12161,0
4000,P2_LARGEST,c5fa4787-6775-45ab-b934-8fa8645015c8,15,6855,0,0,6855,0
4000,P2_LARGEST,c5fa4787-6775-45ab-b934-8fa8645015c8,20,8369,0,0,8369,0
4000,P2_LARGEST,c5fa4787-6775-45ab-b934-8fa8645015c8,28,9116,0,0,9116,0
4000,P2_LARGEST,c5fa4787-6775-45ab-b934-8fa8645015c8,36,10505,0,0,10505,0
4000,P2_LARGEST,c5fa4787-6775-45ab-b934-8fa8645015c8,41,12161,0,0,12161,0
8000,P2_LARGEST,c5fa4787-6775-45ab-b934-8fa8645015c8,15,6855,0,0,6855,0
8000,P2_LARGEST,c5fa4787-6775-45ab-b934-8fa8645015c8,20,8369,0,0,8369,0
8000,P2_LARGEST,c5fa4787-6775-45ab-b934-8fa8645015c8,28,9116,0,0,9116,0
8000,P2_LARGEST,c5fa4787-6775-45ab-b934-8fa8645015c8,36,10505,0,0,10505,0
8000,P2_LARGEST,c5fa4787-6775-45ab-b934-8fa8645015c8,41,12161,0,0,12161,0
none,P2_LARGEST,c5fa4787-6775-45ab-b934-8fa8645015c8,15,6855,0,0,6855,0
none,P2_LARGEST,c5fa4787-6775-45ab-b934-8fa8645015c8,20,8369,0,0,8369,0
none,P2_LARGEST,c5fa4787-6775-45ab-b934-8fa8645015c8,28,9116,0,0,9116,0
none,P2_LARGEST,c5fa4787-6775-45ab-b934-8fa8645015c8,36,10505,0,0,10505,0
none,P2_LARGEST,c5fa4787-6775-45ab-b934-8fa8645015c8,41,12161,0,0,12161,0
2000,P2_LARGEST,c9bd3a15-606e-4798-9a53-e669b62e5e7f,75,5975,0,0,5975,0
2000,P2_LARGEST,c9bd3a15-606e-4798-9a53-e669b62e5e7f,231,6567,0,0,6567,0
2000,P2_LARGEST,c9bd3a15-606e-4798-9a53-e669b62e5e7f,458,7279,0,0,7279,0
2000,P2_LARGEST,c9bd3a15-606e-4798-9a53-e669b62e5e7f,709,9368,0,0,9368,0
2000,P2_LARGEST,c9bd3a15-606e-4798-9a53-e669b62e5e7f,1643,10558,0,0,10558,0
2000,P2_LARGEST,c9bd3a15-606e-4798-9a53-e669b62e5e7f,1841,11571,0,0,11571,0
2000,P2_LARGEST,c9bd3a15-606e-4798-9a53-e669b62e5e7f,4756,11991,0,0,11991,0
2000,P2_LARGEST,c9bd3a15-606e-4798-9a53-e669b62e5e7f,7580,14919,0,0,14919,0
2000,P2_LARGEST,c9bd3a15-606e-4798-9a53-e669b62e5e7f,7730,18052,0,0,18052,0
2000,P2_LARGEST,c9bd3a15-606e-4798-9a53-e669b62e5e7f,7899,18266,0,0,18266,0
2000,P2_LARGEST,c9bd3a15-606e-4798-9a53-e669b62e5e7f,8131,18548,0,0,18548,0
2000,P2_LARGEST,c9bd3a15-606e-4798-9a53-e669b62e5e7f,13661,18892,0,0,18892,0
2000,P2_LARGEST,c9bd3a15-606e-4798-9a53-e669b62e5e7f,14341,25234,0,0,25234,0
2000,P2_LARGEST,c9bd3a15-606e-4798-9a53-e669b62e5e7f,14559,25977,0,0,25977,0
2000,P2_LARGEST,c9bd3a15-606e-4798-9a53-e669b62e5e7f,14798,26194,0,0,26194,0
2000,P2_LARGEST,c9bd3a15-606e-4798-9a53-e669b62e5e7f,14960,26675,0,0,26675,0
2000,P2_LARGEST,c9bd3a15-606e-4798-9a53-e669b62e5e7f,15154,26861,0,0,26861,0
2000,P2_LARGEST,c9bd3a15-606e-4798-9a53-e669b62e5e7f,15245,27184,0,0,27184,0
2000,P2_LARGEST,c9bd3a15-606e-4798-9a53-e669b62e5e7f,15350,27314,0,0,27314,0
2000,P2_LARGEST,c9bd3a15-606e-4798-9a53-e669b62e5e7f,15830,27589,0,0,27589,0
2000,P2_LARGEST,c9bd3a15-606e-4798-9a53-e669b62e5e7f,16907,28233,0,0,28233,0
2000,P2_LARGEST,c9bd3a15-606e-4798-9a53-e669b62e5e7f,17113,29363,0,0,29363,0
2000,P2_LARGEST,c9bd3a15-606e-4798-9a53-e669b62e5e7f,17186,29739,0,0,29739,0
2000,P2_LARGEST,c9bd3a15-606e-4798-9a53-e669b62e5e7f,17763,29863,0,0,29863,0
2000,P2_LARGEST,c9bd3a15-606e-4798-9a53-e669b62e5e7f,17926,30468,0,0,30468,0
2000,P2_LARGEST,c9bd3a15-606e-4798-9a53-e669b62e5e7f,17979,30742,0,0,30742,0
2000,P2_LARGEST,c9bd3a15-606e-4798-9a53-e669b62e5e7f,18971,30846,0,0,30846,0
4000,P2_LARGEST,c9bd3a15-606e-4798-9a53-e669b62e5e7f,75,5975,0,0,5975,0
4000,P2_LARGEST,c9bd3a15-606e-4798-9a53-e669b62e5e7f,231,6567,0,0,6567,0
4000,P2_LARGEST,c9bd3a15-606e-4798-9a53-e669b62e5e7f,458,8869,0,0,8869,0
4000,P2_LARGEST,c9bd3a15-606e-4798-9a53-e669b62e5e7f,709,10958,0,0,10958,0
4000,P2_LARGEST,c9bd3a15-606e-4798-9a53-e669b62e5e7f,1643,12148,0,0,12148,0
4000,P2_LARGEST,c9bd3a15-606e-4798-9a53-e669b62e5e7f,1841,13161,0,0,13161,0
4000,P2_LARGEST,c9bd3a15-606e-4798-9a53-e669b62e5e7f,4756,13581,0,0,13581,0
4000,P2_LARGEST,c9bd3a15-606e-4798-9a53-e669b62e5e7f,7580,16509,0,0,16509,0
4000,P2_LARGEST,c9bd3a15-606e-4798-9a53-e669b62e5e7f,7730,19642,0,0,19642,0
4000,P2_LARGEST,c9bd3a15-606e-4798-9a53-e669b62e5e7f,7899,19856,0,0,19856,0
4000,P2_LARGEST,c9bd3a15-606e-4798-9a53-e669b62e5e7f,8131,20138,0,0,20138,0
4000,P2_LARGEST,c9bd3a15-606e-4798-9a53-e669b62e5e7f,13661,20482,0,0,20482,0
4000,P2_LARGEST,c9bd3a15-606e-4798-9a53-e669b62e5e7f,14341,26824,0,0,26824,0
4000,P2_LARGEST,c9bd3a15-606e-4798-9a53-e669b62e5e7f,14559,27567,0,0,27567,0
4000,P2_LARGEST,c9bd3a15-606e-4798-9a53-e669b62e5e7f,14798,27784,0,0,27784,0
4000,P2_LARGEST,c9bd3a15-606e-4798-9a53-e669b62e5e7f,14960,28265,0,0,28265,0
4000,P2_LARGEST,c9bd3a15-606e-4798-9a53-e669b62e5e7f,15154,28451,0,0,28451,0
4000,P2_LARGEST,c9bd3a15-606e-4798-9a53-e669b62e5e7f,15245,28774,0,0,28774,0
4000,P2_LARGEST,c9bd3a15-606e-4798-9a53-e669b62e5e7f,15350,28904,0,0,28904,0
4000,P2_LARGEST,c9bd3a15-606e-4798-9a53-e669b62e5e7f,15830,29179,0,0,29179,0
4000,P2_LARGEST,c9bd3a15-606e-4798-9a53-e669b62e5e7f,16907,29823,0,0,29823,0
4000,P2_LARGEST,c9bd3a15-606e-4798-9a53-e669b62e5e7f,17113,30953,0,0,30953,0
4000,P2_LARGEST,c9bd3a15-606e-4798-9a53-e669b62e5e7f,17186,31329,0,0,31329,0
4000,P2_LARGEST,c9bd3a15-606e-4798-9a53-e669b62e5e7f,17763,31453,0,0,31453,0
4000,P2_LARGEST,c9bd3a15-606e-4798-9a53-e669b62e5e7f,17926,32058,0,0,32058,0
4000,P2_LARGEST,c9bd3a15-606e-4798-9a53-e669b62e5e7f,17979,32332,0,0,32332,0
4000,P2_LARGEST,c9bd3a15-606e-4798-9a53-e669b62e5e7f,18971,32436,0,0,32436,0
8000,P2_LARGEST,c9bd3a15-606e-4798-9a53-e669b62e5e7f,75,5975,0,0,5975,0
8000,P2_LARGEST,c9bd3a15-606e-4798-9a53-e669b62e5e7f,231,12440,0,0,12440,0
8000,P2_LARGEST,c9bd3a15-606e-4798-9a53-e669b62e5e7f,458,14742,0,0,14742,0
8000,P2_LARGEST,c9bd3a15-606e-4798-9a53-e669b62e5e7f,709,16831,0,0,16831,0
8000,P2_LARGEST,c9bd3a15-606e-4798-9a53-e669b62e5e7f,1643,18021,0,0,18021,0
8000,P2_LARGEST,c9bd3a15-606e-4798-9a53-e669b62e5e7f,1841,19034,0,0,19034,0
8000,P2_LARGEST,c9bd3a15-606e-4798-9a53-e669b62e5e7f,4756,19454,0,0,19454,0
8000,P2_LARGEST,c9bd3a15-606e-4798-9a53-e669b62e5e7f,7580,22382,0,0,22382,0
8000,P2_LARGEST,c9bd3a15-606e-4798-9a53-e669b62e5e7f,7730,25515,0,0,25515,0
8000,P2_LARGEST,c9bd3a15-606e-4798-9a53-e669b62e5e7f,7899,25729,0,0,25729,0
8000,P2_LARGEST,c9bd3a15-606e-4798-9a53-e669b62e5e7f,8131,26011,0,0,26011,0
8000,P2_LARGEST,c9bd3a15-606e-4798-9a53-e669b62e5e7f,13661,26355,0,0,26355,0
8000,P2_LARGEST,c9bd3a15-606e-4798-9a53-e669b62e5e7f,14341,32697,0,0,32697,0
8000,P2_LARGEST,c9bd3a15-606e-4798-9a53-e669b62e5e7f,14559,33440,0,0,33440,0
8000,P2_LARGEST,c9bd3a15-606e-4798-9a53-e669b62e5e7f,14798,33657,0,0,33657,0
8000,P2_LARGEST,c9bd3a15-606e-4798-9a53-e669b62e5e7f,14960,34138,0,0,34138,0
8000,P2_LARGEST,c9bd3a15-606e-4798-9a53-e669b62e5e7f,15154,34324,0,0,34324,0
8000,P2_LARGEST,c9bd3a15-606e-4798-9a53-e669b62e5e7f,15245,34647,0,0,34647,0
8000,P2_LARGEST,c9bd3a15-606e-4798-9a53-e669b62e5e7f,15350,34777,0,0,34777,0
8000,P2_LARGEST,c9bd3a15-606e-4798-9a53-e669b62e5e7f,15830,35052,0,0,35052,0
8000,P2_LARGEST,c9bd3a15-606e-4798-9a53-e669b62e5e7f,16907,35696,0,0,35696,0
8000,P2_LARGEST,c9bd3a15-606e-4798-9a53-e669b62e5e7f,17113,36826,0,0,36826,0
8000,P2_LARGEST,c9bd3a15-606e-4798-9a53-e669b62e5e7f,17186,37202,0,0,37202,0
8000,P2_LARGEST,c9bd3a15-606e-4798-9a53-e669b62e5e7f,17763,37326,0,0,37326,0
8000,P2_LARGEST,c9bd3a15-606e-4798-9a53-e669b62e5e7f,17926,37931,0,0,37931,0
8000,P2_LARGEST,c9bd3a15-606e-4798-9a53-e669b62e5e7f,17979,38205,0,0,38205,0
8000,P2_LARGEST,c9bd3a15-606e-4798-9a53-e669b62e5e7f,18971,38309,0,0,38309,0
none,P2_LARGEST,c9bd3a15-606e-4798-9a53-e669b62e5e7f,75,5975,0,0,5975,0
none,P2_LARGEST,c9bd3a15-606e-4798-9a53-e669b62e5e7f,231,12440,0,0,12440,0
none,P2_LARGEST,c9bd3a15-606e-4798-9a53-e669b62e5e7f,458,14742,0,0,14742,0
none,P2_LARGEST,c9bd3a15-606e-4798-9a53-e669b62e5e7f,709,16831,0,0,16831,0
none,P2_LARGEST,c9bd3a15-606e-4798-9a53-e669b62e5e7f,1643,18021,0,0,18021,0
none,P2_LARGEST,c9bd3a15-606e-4798-9a53-e669b62e5e7f,1841,19034,0,0,19034,0
none,P2_LARGEST,c9bd3a15-606e-4798-9a53-e669b62e5e7f,4756,19454,0,0,19454,0
none,P2_LARGEST,c9bd3a15-606e-4798-9a53-e669b62e5e7f,7580,22382,0,0,22382,0
none,P2_LARGEST,c9bd3a15-606e-4798-9a53-e669b62e5e7f,7730,25515,0,0,25515,0
none,P2_LARGEST,c9bd3a15-606e-4798-9a53-e669b62e5e7f,7899,25729,0,0,25729,0
none,P2_LARGEST,c9bd3a15-606e-4798-9a53-e669b62e5e7f,8131,26011,0,0,26011,0
none,P2_LARGEST,c9bd3a15-606e-4798-9a53-e669b62e5e7f,13661,26355,0,0,26355,0
none,P2_LARGEST,c9bd3a15-606e-4798-9a53-e669b62e5e7f,14341,32697,0,0,32697,0
none,P2_LARGEST,c9bd3a15-606e-4798-9a53-e669b62e5e7f,14559,33440,0,0,33440,0
none,P2_LARGEST,c9bd3a15-606e-4798-9a53-e669b62e5e7f,14798,33657,0,0,33657,0
none,P2_LARGEST,c9bd3a15-606e-4798-9a53-e669b62e5e7f,14960,34138,0,0,34138,0
none,P2_LARGEST,c9bd3a15-606e-4798-9a53-e669b62e5e7f,15154,34324,0,0,34324,0
none,P2_LARGEST,c9bd3a15-606e-4798-9a53-e669b62e5e7f,15245,34647,0,0,34647,0
none,P2_LARGEST,c9bd3a15-606e-4798-9a53-e669b62e5e7f,15350,34777,0,0,34777,0
none,P2_LARGEST,c9bd3a15-606e-4798-9a53-e669b62e5e7f,15830,35052,0,0,35052,0
none,P2_LARGEST,c9bd3a15-606e-4798-9a53-e669b62e5e7f,16907,35696,0,0,35696,0
none,P2_LARGEST,c9bd3a15-606e-4798-9a53-e669b62e5e7f,17113,36826,0,0,36826,0
none,P2_LARGEST,c9bd3a15-606e-4798-9a53-e669b62e5e7f,17186,37202,0,0,37202,0
none,P2_LARGEST,c9bd3a15-606e-4798-9a53-e669b62e5e7f,17763,37326,0,0,37326,0
none,P2_LARGEST,c9bd3a15-606e-4798-9a53-e669b62e5e7f,17926,37931,0,0,37931,0
none,P2_LARGEST,c9bd3a15-606e-4798-9a53-e669b62e5e7f,17979,38205,0,0,38205,0
none,P2_LARGEST,c9bd3a15-606e-4798-9a53-e669b62e5e7f,18971,38309,0,0,38309,0
2000,P2_LARGEST,cd3714b8-eb7d-4ceb-9960-2d2676f99128,439,7877,0,0,7877,0
2000,P2_LARGEST,cd3714b8-eb7d-4ceb-9960-2d2676f99128,864,8299,0,0,8299,0
2000,P2_LARGEST,cd3714b8-eb7d-4ceb-9960-2d2676f99128,1283,8713,0,0,8713,0
2000,P2_LARGEST,cd3714b8-eb7d-4ceb-9960-2d2676f99128,1698,9121,0,0,9121,0
2000,P2_LARGEST,cd3714b8-eb7d-4ceb-9960-2d2676f99128,2105,9525,0,0,9525,0
2000,P2_LARGEST,cd3714b8-eb7d-4ceb-9960-2d2676f99128,2506,9921,0,0,9921,0
2000,P2_LARGEST,cd3714b8-eb7d-4ceb-9960-2d2676f99128,2903,10311,0,0,10311,0
2000,P2_LARGEST,cd3714b8-eb7d-4ceb-9960-2d2676f99128,3293,10697,0,0,10697,0
2000,P2_LARGEST,cd3714b8-eb7d-4ceb-9960-2d2676f99128,3678,11076,0,0,11076,0
2000,P2_LARGEST,cd3714b8-eb7d-4ceb-9960-2d2676f99128,4057,11450,0,0,11450,0
2000,P2_LARGEST,cd3714b8-eb7d-4ceb-9960-2d2676f99128,4430,11818,0,0,11818,0
4000,P2_LARGEST,cd3714b8-eb7d-4ceb-9960-2d2676f99128,439,7877,0,0,7877,0
4000,P2_LARGEST,cd3714b8-eb7d-4ceb-9960-2d2676f99128,864,8299,0,0,8299,0
4000,P2_LARGEST,cd3714b8-eb7d-4ceb-9960-2d2676f99128,1283,8713,0,0,8713,0
4000,P2_LARGEST,cd3714b8-eb7d-4ceb-9960-2d2676f99128,1698,9121,0,0,9121,0
4000,P2_LARGEST,cd3714b8-eb7d-4ceb-9960-2d2676f99128,2105,9525,0,0,9525,0
4000,P2_LARGEST,cd3714b8-eb7d-4ceb-9960-2d2676f99128,2506,9921,0,0,9921,0
4000,P2_LARGEST,cd3714b8-eb7d-4ceb-9960-2d2676f99128,2903,10311,0,0,10311,0
4000,P2_LARGEST,cd3714b8-eb7d-4ceb-9960-2d2676f99128,3293,10697,0,0,10697,0
4000,P2_LARGEST,cd3714b8-eb7d-4ceb-9960-2d2676f99128,3678,11076,0,0,11076,0
4000,P2_LARGEST,cd3714b8-eb7d-4ceb-9960-2d2676f99128,4057,11450,0,0,11450,0
4000,P2_LARGEST,cd3714b8-eb7d-4ceb-9960-2d2676f99128,4430,11818,0,0,11818,0
8000,P2_LARGEST,cd3714b8-eb7d-4ceb-9960-2d2676f99128,439,7877,0,0,7877,0
8000,P2_LARGEST,cd3714b8-eb7d-4ceb-9960-2d2676f99128,864,8299,0,0,8299,0
8000,P2_LARGEST,cd3714b8-eb7d-4ceb-9960-2d2676f99128,1283,8713,0,0,8713,0
8000,P2_LARGEST,cd3714b8-eb7d-4ceb-9960-2d2676f99128,1698,9121,0,0,9121,0
8000,P2_LARGEST,cd3714b8-eb7d-4ceb-9960-2d2676f99128,2105,9525,0,0,9525,0
8000,P2_LARGEST,cd3714b8-eb7d-4ceb-9960-2d2676f99128,2506,9921,0,0,9921,0
8000,P2_LARGEST,cd3714b8-eb7d-4ceb-9960-2d2676f99128,2903,10311,0,0,10311,0
8000,P2_LARGEST,cd3714b8-eb7d-4ceb-9960-2d2676f99128,3293,10697,0,0,10697,0
8000,P2_LARGEST,cd3714b8-eb7d-4ceb-9960-2d2676f99128,3678,11076,0,0,11076,0
8000,P2_LARGEST,cd3714b8-eb7d-4ceb-9960-2d2676f99128,4057,11450,0,0,11450,0
8000,P2_LARGEST,cd3714b8-eb7d-4ceb-9960-2d2676f99128,4430,11818,0,0,11818,0
none,P2_LARGEST,cd3714b8-eb7d-4ceb-9960-2d2676f99128,439,7877,0,0,7877,0
none,P2_LARGEST,cd3714b8-eb7d-4ceb-9960-2d2676f99128,864,8299,0,0,8299,0
none,P2_LARGEST,cd3714b8-eb7d-4ceb-9960-2d2676f99128,1283,8713,0,0,8713,0
none,P2_LARGEST,cd3714b8-eb7d-4ceb-9960-2d2676f99128,1698,9121,0,0,9121,0
none,P2_LARGEST,cd3714b8-eb7d-4ceb-9960-2d2676f99128,2105,9525,0,0,9525,0
none,P2_LARGEST,cd3714b8-eb7d-4ceb-9960-2d2676f99128,2506,9921,0,0,9921,0
none,P2_LARGEST,cd3714b8-eb7d-4ceb-9960-2d2676f99128,2903,10311,0,0,10311,0
none,P2_LARGEST,cd3714b8-eb7d-4ceb-9960-2d2676f99128,3293,10697,0,0,10697,0
none,P2_LARGEST,cd3714b8-eb7d-4ceb-9960-2d2676f99128,3678,11076,0,0,11076,0
none,P2_LARGEST,cd3714b8-eb7d-4ceb-9960-2d2676f99128,4057,11450,0,0,11450,0
none,P2_LARGEST,cd3714b8-eb7d-4ceb-9960-2d2676f99128,4430,11818,0,0,11818,0
2000,P2_LARGEST,cd773301-8a30-4620-bc23-d11d6aadd171,15,6855,0,0,6855,0
2000,P2_LARGEST,cd773301-8a30-4620-bc23-d11d6aadd171,20,8349,0,0,8349,0
2000,P2_LARGEST,cd773301-8a30-4620-bc23-d11d6aadd171,25,8689,0,0,8689,0
4000,P2_LARGEST,cd773301-8a30-4620-bc23-d11d6aadd171,15,6855,0,0,6855,0
4000,P2_LARGEST,cd773301-8a30-4620-bc23-d11d6aadd171,20,8349,0,0,8349,0
4000,P2_LARGEST,cd773301-8a30-4620-bc23-d11d6aadd171,25,8689,0,0,8689,0
8000,P2_LARGEST,cd773301-8a30-4620-bc23-d11d6aadd171,15,6855,0,0,6855,0
8000,P2_LARGEST,cd773301-8a30-4620-bc23-d11d6aadd171,20,8349,0,0,8349,0
8000,P2_LARGEST,cd773301-8a30-4620-bc23-d11d6aadd171,25,8689,0,0,8689,0
none,P2_LARGEST,cd773301-8a30-4620-bc23-d11d6aadd171,15,6855,0,0,6855,0
none,P2_LARGEST,cd773301-8a30-4620-bc23-d11d6aadd171,20,8349,0,0,8349,0
none,P2_LARGEST,cd773301-8a30-4620-bc23-d11d6aadd171,25,8689,0,0,8689,0
2000,P2_LARGEST,d1a41143-5d7f-440e-bc86-e43407ad0e28,82,9433,0,0,9433,0
2000,P2_LARGEST,d1a41143-5d7f-440e-bc86-e43407ad0e28,4823,10018,0,0,10018,0
2000,P2_LARGEST,d1a41143-5d7f-440e-bc86-e43407ad0e28,4948,15510,0,0,15510,0
2000,P2_LARGEST,d1a41143-5d7f-440e-bc86-e43407ad0e28,5082,18076,1,5433,12643,0
2000,P2_LARGEST,d1a41143-5d7f-440e-bc86-e43407ad0e28,5135,14717,0,0,14717,0
2000,P2_LARGEST,d1a41143-5d7f-440e-bc86-e43407ad0e28,5222,15887,0,0,15887,0
2000,P2_LARGEST,d1a41143-5d7f-440e-bc86-e43407ad0e28,5302,18094,2,2971,15123,0
2000,P2_LARGEST,d1a41143-5d7f-440e-bc86-e43407ad0e28,5389,17689,3,2418,15271,0
2000,P2_LARGEST,d1a41143-5d7f-440e-bc86-e43407ad0e28,10559,18594,5,3439,15155,0
4000,P2_LARGEST,d1a41143-5d7f-440e-bc86-e43407ad0e28,82,9433,0,0,9433,0
4000,P2_LARGEST,d1a41143-5d7f-440e-bc86-e43407ad0e28,4823,10018,0,0,10018,0
4000,P2_LARGEST,d1a41143-5d7f-440e-bc86-e43407ad0e28,4948,15510,0,0,15510,0
4000,P2_LARGEST,d1a41143-5d7f-440e-bc86-e43407ad0e28,5082,18076,1,5433,12643,0
4000,P2_LARGEST,d1a41143-5d7f-440e-bc86-e43407ad0e28,5135,14717,0,0,14717,0
4000,P2_LARGEST,d1a41143-5d7f-440e-bc86-e43407ad0e28,5222,17484,2,2971,14513,0
4000,P2_LARGEST,d1a41143-5d7f-440e-bc86-e43407ad0e28,5302,18357,3,3447,14910,0
4000,P2_LARGEST,d1a41143-5d7f-440e-bc86-e43407ad0e28,5389,22363,15,5302,17061,1
4000,P2_LARGEST,d1a41143-5d7f-440e-bc86-e43407ad0e28,10559,22006,3,7326,14680,0
8000,P2_LARGEST,d1a41143-5d7f-440e-bc86-e43407ad0e28,82,9433,0,0,9433,0
8000,P2_LARGEST,d1a41143-5d7f-440e-bc86-e43407ad0e28,4823,13831,0,0,13831,0
8000,P2_LARGEST,d1a41143-5d7f-440e-bc86-e43407ad0e28,4948,19323,3,183,19140,1
8000,P2_LARGEST,d1a41143-5d7f-440e-bc86-e43407ad0e28,5082,25416,3,9765,15651,0
8000,P2_LARGEST,d1a41143-5d7f-440e-bc86-e43407ad0e28,5135,17725,1,4210,13515,0
8000,P2_LARGEST,d1a41143-5d7f-440e-bc86-e43407ad0e28,5222,23195,6,4040,19155,1
8000,P2_LARGEST,d1a41143-5d7f-440e-bc86-e43407ad0e28,5302,27892,4,9639,18253,1
8000,P2_LARGEST,d1a41143-5d7f-440e-bc86-e43407ad0e28,5389,25706,4,8645,17061,1
8000,P2_LARGEST,d1a41143-5d7f-440e-bc86-e43407ad0e28,10559,22006,3,7326,14680,0
none,P2_LARGEST,d1a41143-5d7f-440e-bc86-e43407ad0e28,82,9433,0,0,9433,0
none,P2_LARGEST,d1a41143-5d7f-440e-bc86-e43407ad0e28,4823,13831,0,0,13831,0
none,P2_LARGEST,d1a41143-5d7f-440e-bc86-e43407ad0e28,4948,19323,3,183,19140,1
none,P2_LARGEST,d1a41143-5d7f-440e-bc86-e43407ad0e28,5082,25416,3,9765,15651,0
none,P2_LARGEST,d1a41143-5d7f-440e-bc86-e43407ad0e28,5135,17725,1,4210,13515,0
none,P2_LARGEST,d1a41143-5d7f-440e-bc86-e43407ad0e28,5222,23195,6,4040,19155,1
none,P2_LARGEST,d1a41143-5d7f-440e-bc86-e43407ad0e28,5302,27892,4,9639,18253,1
none,P2_LARGEST,d1a41143-5d7f-440e-bc86-e43407ad0e28,5389,25706,4,8645,17061,1
none,P2_LARGEST,d1a41143-5d7f-440e-bc86-e43407ad0e28,10559,22006,3,7326,14680,0
2000,P2_LARGEST,d318df96-d9e5-4e0e-8905-d29f2c3f4d82,109,6521,0,0,6521,0
2000,P2_LARGEST,d318df96-d9e5-4e0e-8905-d29f2c3f4d82,356,6764,0,0,6764,0
4000,P2_LARGEST,d318df96-d9e5-4e0e-8905-d29f2c3f4d82,109,6521,0,0,6521,0
4000,P2_LARGEST,d318df96-d9e5-4e0e-8905-d29f2c3f4d82,356,6764,0,0,6764,0
8000,P2_LARGEST,d318df96-d9e5-4e0e-8905-d29f2c3f4d82,109,6521,0,0,6521,0
8000,P2_LARGEST,d318df96-d9e5-4e0e-8905-d29f2c3f4d82,356,6764,0,0,6764,0
none,P2_LARGEST,d318df96-d9e5-4e0e-8905-d29f2c3f4d82,109,6521,0,0,6521,0
none,P2_LARGEST,d318df96-d9e5-4e0e-8905-d29f2c3f4d82,356,6764,0,0,6764,0
2000,P2_LARGEST,d3abf75a-2c26-4a55-8794-f8370010d4b6,178,9983,0,0,9983,0
2000,P2_LARGEST,d3abf75a-2c26-4a55-8794-f8370010d4b6,1291,12206,0,0,12206,0
2000,P2_LARGEST,d3abf75a-2c26-4a55-8794-f8370010d4b6,1730,14341,0,0,14341,0
2000,P2_LARGEST,d3abf75a-2c26-4a55-8794-f8370010d4b6,3136,15036,0,0,15036,0
2000,P2_LARGEST,d3abf75a-2c26-4a55-8794-f8370010d4b6,5914,17456,0,0,17456,0
2000,P2_LARGEST,d3abf75a-2c26-4a55-8794-f8370010d4b6,6509,20397,0,0,20397,0
4000,P2_LARGEST,d3abf75a-2c26-4a55-8794-f8370010d4b6,178,9983,0,0,9983,0
4000,P2_LARGEST,d3abf75a-2c26-4a55-8794-f8370010d4b6,1291,19051,0,0,19051,0
4000,P2_LARGEST,d3abf75a-2c26-4a55-8794-f8370010d4b6,1730,21186,0,0,21186,0
4000,P2_LARGEST,d3abf75a-2c26-4a55-8794-f8370010d4b6,3136,21881,0,0,21881,0
4000,P2_LARGEST,d3abf75a-2c26-4a55-8794-f8370010d4b6,5914,24301,0,0,24301,0
4000,P2_LARGEST,d3abf75a-2c26-4a55-8794-f8370010d4b6,6509,27242,0,0,27242,0
8000,P2_LARGEST,d3abf75a-2c26-4a55-8794-f8370010d4b6,178,9983,0,0,9983,0
8000,P2_LARGEST,d3abf75a-2c26-4a55-8794-f8370010d4b6,1291,19051,0,0,19051,0
8000,P2_LARGEST,d3abf75a-2c26-4a55-8794-f8370010d4b6,1730,21186,0,0,21186,0
8000,P2_LARGEST,d3abf75a-2c26-4a55-8794-f8370010d4b6,3136,21881,0,0,21881,0
8000,P2_LARGEST,d3abf75a-2c26-4a55-8794-f8370010d4b6,5914,24301,0,0,24301,0
8000,P2_LARGEST,d3abf75a-2c26-4a55-8794-f8370010d4b6,6509,27242,0,0,27242,0
none,P2_LARGEST,d3abf75a-2c26-4a55-8794-f8370010d4b6,178,9983,0,0,9983,0
none,P2_LARGEST,d3abf75a-2c26-4a55-8794-f8370010d4b6,1291,19051,0,0,19051,0
none,P2_LARGEST,d3abf75a-2c26-4a55-8794-f8370010d4b6,1730,21186,0,0,21186,0
none,P2_LARGEST,d3abf75a-2c26-4a55-8794-f8370010d4b6,3136,21881,0,0,21881,0
none,P2_LARGEST,d3abf75a-2c26-4a55-8794-f8370010d4b6,5914,24301,0,0,24301,0
none,P2_LARGEST,d3abf75a-2c26-4a55-8794-f8370010d4b6,6509,27242,0,0,27242,0
2000,P2_LARGEST,d4282521-99a9-4c94-b8e4-155697195121,55,1192,0,0,1192,0
2000,P2_LARGEST,d4282521-99a9-4c94-b8e4-155697195121,200,1410,0,0,1410,0
2000,P2_LARGEST,d4282521-99a9-4c94-b8e4-155697195121,270,3291,0,0,3291,0
2000,P2_LARGEST,d4282521-99a9-4c94-b8e4-155697195121,2382,4283,0,0,4283,0
2000,P2_LARGEST,d4282521-99a9-4c94-b8e4-155697195121,2594,6716,0,0,6716,0
2000,P2_LARGEST,d4282521-99a9-4c94-b8e4-155697195121,3879,7024,0,0,7024,0
2000,P2_LARGEST,d4282521-99a9-4c94-b8e4-155697195121,4218,8385,0,0,8385,0
2000,P2_LARGEST,d4282521-99a9-4c94-b8e4-155697195121,4891,8788,0,0,8788,0
4000,P2_LARGEST,d4282521-99a9-4c94-b8e4-155697195121,55,1192,0,0,1192,0
4000,P2_LARGEST,d4282521-99a9-4c94-b8e4-155697195121,200,1410,0,0,1410,0
4000,P2_LARGEST,d4282521-99a9-4c94-b8e4-155697195121,270,3291,0,0,3291,0
4000,P2_LARGEST,d4282521-99a9-4c94-b8e4-155697195121,2382,4283,0,0,4283,0
4000,P2_LARGEST,d4282521-99a9-4c94-b8e4-155697195121,2594,6716,0,0,6716,0
4000,P2_LARGEST,d4282521-99a9-4c94-b8e4-155697195121,3879,7024,0,0,7024,0
4000,P2_LARGEST,d4282521-99a9-4c94-b8e4-155697195121,4218,8385,0,0,8385,0
4000,P2_LARGEST,d4282521-99a9-4c94-b8e4-155697195121,4891,8788,0,0,8788,0
8000,P2_LARGEST,d4282521-99a9-4c94-b8e4-155697195121,55,1192,0,0,1192,0
8000,P2_LARGEST,d4282521-99a9-4c94-b8e4-155697195121,200,1410,0,0,1410,0
8000,P2_LARGEST,d4282521-99a9-4c94-b8e4-155697195121,270,3291,0,0,3291,0
8000,P2_LARGEST,d4282521-99a9-4c94-b8e4-155697195121,2382,4283,0,0,4283,0
8000,P2_LARGEST,d4282521-99a9-4c94-b8e4-155697195121,2594,6716,0,0,6716,0
8000,P2_LARGEST,d4282521-99a9-4c94-b8e4-155697195121,3879,7024,0,0,7024,0
8000,P2_LARGEST,d4282521-99a9-4c94-b8e4-155697195121,4218,8385,0,0,8385,0
8000,P2_LARGEST,d4282521-99a9-4c94-b8e4-155697195121,4891,8788,0,0,8788,0
none,P2_LARGEST,d4282521-99a9-4c94-b8e4-155697195121,55,1192,0,0,1192,0
none,P2_LARGEST,d4282521-99a9-4c94-b8e4-155697195121,200,1410,0,0,1410,0
none,P2_LARGEST,d4282521-99a9-4c94-b8e4-155697195121,270,3291,0,0,3291,0
none,P2_LARGEST,d4282521-99a9-4c94-b8e4-155697195121,2382,4283,0,0,4283,0
none,P2_LARGEST,d4282521-99a9-4c94-b8e4-155697195121,2594,6716,0,0,6716,0
none,P2_LARGEST,d4282521-99a9-4c94-b8e4-155697195121,3879,7024,0,0,7024,0
none,P2_LARGEST,d4282521-99a9-4c94-b8e4-155697195121,4218,8385,0,0,8385,0
none,P2_LARGEST,d4282521-99a9-4c94-b8e4-155697195121,4891,8788,0,0,8788,0
2000,P2_LARGEST,d5302c73-4e78-49f9-8eb9-8eac480f6ca2,49,1730,0,0,1730,0
2000,P2_LARGEST,d5302c73-4e78-49f9-8eb9-8eac480f6ca2,673,1983,0,0,1983,0
2000,P2_LARGEST,d5302c73-4e78-49f9-8eb9-8eac480f6ca2,834,2623,0,0,2623,0
2000,P2_LARGEST,d5302c73-4e78-49f9-8eb9-8eac480f6ca2,936,3291,0,0,3291,0
2000,P2_LARGEST,d5302c73-4e78-49f9-8eb9-8eac480f6ca2,1099,4029,0,0,4029,0
2000,P2_LARGEST,d5302c73-4e78-49f9-8eb9-8eac480f6ca2,1192,5883,0,0,5883,0
2000,P2_LARGEST,d5302c73-4e78-49f9-8eb9-8eac480f6ca2,1314,6344,0,0,6344,0
2000,P2_LARGEST,d5302c73-4e78-49f9-8eb9-8eac480f6ca2,1984,8167,0,0,8167,0
2000,P2_LARGEST,d5302c73-4e78-49f9-8eb9-8eac480f6ca2,2132,9405,0,0,9405,0
2000,P2_LARGEST,d5302c73-4e78-49f9-8eb9-8eac480f6ca2,2271,9620,0,0,9620,0
2000,P2_LARGEST,d5302c73-4e78-49f9-8eb9-8eac480f6ca2,2685,10319,0,0,10319,0
2000,P2_LARGEST,d5302c73-4e78-49f9-8eb9-8eac480f6ca2,3228,11022,0,0,11022,0
2000,P2_LARGEST,d5302c73-4e78-49f9-8eb9-8eac480f6ca2,3363,11801,0,0,11801,0
2000,P2_LARGEST,d5302c73-4e78-49f9-8eb9-8eac480f6ca2,3635,12405,0,0,12405,0
2000,P2_LARGEST,d5302c73-4e78-49f9-8eb9-8eac480f6ca2,4165,12722,0,0,12722,0
2000,P2_LARGEST,d5302c73-4e78-49f9-8eb9-8eac480f6ca2,5057,13430,0,0,13430,0
2000,P2_LARGEST,d5302c73-4e78-49f9-8eb9-8eac480f6ca2,5520,14729,0,0,14729,0
2000,P2_LARGEST,d5302c73-4e78-49f9-8eb9-8eac480f6ca2,5723,15735,0,0,15735,0
2000,P2_LARGEST,d5302c73-4e78-49f9-8eb9-8eac480f6ca2,6672,16450,0,0,16450,0
2000,P2_LARGEST,d5302c73-4e78-49f9-8eb9-8eac480f6ca2,6783,18198,0,0,18198,0
2000,P2_LARGEST,d5302c73-4e78-49f9-8eb9-8eac480f6ca2,8661,19288,0,0,19288,0
4000,P2_LARGEST,d5302c73-4e78-49f9-8eb9-8eac480f6ca2,49,1730,0,0,1730,0
4000,P2_LARGEST,d5302c73-4e78-49f9-8eb9-8eac480f6ca2,673,1983,0,0,1983,0
4000,P2_LARGEST,d5302c73-4e78-49f9-8eb9-8eac480f6ca2,834,2623,0,0,2623,0
4000,P2_LARGEST,d5302c73-4e78-49f9-8eb9-8eac480f6ca2,936,3291,0,0,3291,0
4000,P2_LARGEST,d5302c73-4e78-49f9-8eb9-8eac480f6ca2,1099,4029,0,0,4029,0
4000,P2_LARGEST,d5302c73-4e78-49f9-8eb9-8eac480f6ca2,1192,5883,0,0,5883,0
4000,P2_LARGEST,d5302c73-4e78-49f9-8eb9-8eac480f6ca2,1314,6344,0,0,6344,0
4000,P2_LARGEST,d5302c73-4e78-49f9-8eb9-8eac480f6ca2,1984,8167,0,0,8167,0
4000,P2_LARGEST,d5302c73-4e78-49f9-8eb9-8eac480f6ca2,2132,9405,0,0,9405,0
4000,P2_LARGEST,d5302c73-4e78-49f9-8eb9-8eac480f6ca2,2271,9620,0,0,9620,0
4000,P2_LARGEST,d5302c73-4e78-49f9-8eb9-8eac480f6ca2,2685,10319,0,0,10319,0
4000,P2_LARGEST,d5302c73-4e78-49f9-8eb9-8eac480f6ca2,3228,11022,0,0,11022,0
4000,P2_LARGEST,d5302c73-4e78-49f9-8eb9-8eac480f6ca2,3363,11801,0,0,11801,0
4000,P2_LARGEST,d5302c73-4e78-49f9-8eb9-8eac480f6ca2,3635,12405,0,0,12405,0
4000,P2_LARGEST,d5302c73-4e78-49f9-8eb9-8eac480f6ca2,4165,12722,0,0,12722,0
4000,P2_LARGEST,d5302c73-4e78-49f9-8eb9-8eac480f6ca2,5057,13430,0,0,13430,0
4000,P2_LARGEST,d5302c73-4e78-49f9-8eb9-8eac480f6ca2,5520,14729,0,0,14729,0
4000,P2_LARGEST,d5302c73-4e78-49f9-8eb9-8eac480f6ca2,5723,15735,0,0,15735,0
4000,P2_LARGEST,d5302c73-4e78-49f9-8eb9-8eac480f6ca2,6672,16450,0,0,16450,0
4000,P2_LARGEST,d5302c73-4e78-49f9-8eb9-8eac480f6ca2,6783,18198,0,0,18198,0
4000,P2_LARGEST,d5302c73-4e78-49f9-8eb9-8eac480f6ca2,8661,19288,0,0,19288,0
8000,P2_LARGEST,d5302c73-4e78-49f9-8eb9-8eac480f6ca2,49,1730,0,0,1730,0
8000,P2_LARGEST,d5302c73-4e78-49f9-8eb9-8eac480f6ca2,673,1983,0,0,1983,0
8000,P2_LARGEST,d5302c73-4e78-49f9-8eb9-8eac480f6ca2,834,2623,0,0,2623,0
8000,P2_LARGEST,d5302c73-4e78-49f9-8eb9-8eac480f6ca2,936,7443,0,0,7443,0
8000,P2_LARGEST,d5302c73-4e78-49f9-8eb9-8eac480f6ca2,1099,8181,0,0,8181,0
8000,P2_LARGEST,d5302c73-4e78-49f9-8eb9-8eac480f6ca2,1192,10035,0,0,10035,0
8000,P2_LARGEST,d5302c73-4e78-49f9-8eb9-8eac480f6ca2,1314,10496,0,0,10496,0
8000,P2_LARGEST,d5302c73-4e78-49f9-8eb9-8eac480f6ca2,1984,12319,0,0,12319,0
8000,P2_LARGEST,d5302c73-4e78-49f9-8eb9-8eac480f6ca2,2132,13557,0,0,13557,0
8000,P2_LARGEST,d5302c73-4e78-49f9-8eb9-8eac480f6ca2,2271,13772,0,0,13772,0
8000,P2_LARGEST,d5302c73-4e78-49f9-8eb9-8eac480f6ca2,2685,14471,0,0,14471,0
8000,P2_LARGEST,d5302c73-4e78-49f9-8eb9-8eac480f6ca2,3228,15174,0,0,15174,0
8000,P2_LARGEST,d5302c73-4e78-49f9-8eb9-8eac480f6ca2,3363,15953,0,0,15953,0
8000,P2_LARGEST,d5302c73-4e78-49f9-8eb9-8eac480f6ca2,3635,16557,0,0,16557,0
8000,P2_LARGEST,d5302c73-4e78-49f9-8eb9-8eac480f6ca2,4165,16874,0,0,16874,0
8000,P2_LARGEST,d5302c73-4e78-49f9-8eb9-8eac480f6ca2,5057,17582,0,0,17582,0
8000,P2_LARGEST,d5302c73-4e78-49f9-8eb9-8eac480f6ca2,5520,18881,0,0,18881,0
8000,P2_LARGEST,d5302c73-4e78-49f9-8eb9-8eac480f6ca2,5723,19887,0,0,19887,0
8000,P2_LARGEST,d5302c73-4e78-49f9-8eb9-8eac480f6ca2,6672,20602,0,0,20602,0
8000,P2_LARGEST,d5302c73-4e78-49f9-8eb9-8eac480f6ca2,6783,22350,0,0,22350,0
8000,P2_LARGEST,d5302c73-4e78-49f9-8eb9-8eac480f6ca2,8661,23440,0,0,23440,0
none,P2_LARGEST,d5302c73-4e78-49f9-8eb9-8eac480f6ca2,49,1730,0,0,1730,0
none,P2_LARGEST,d5302c73-4e78-49f9-8eb9-8eac480f6ca2,673,1983,0,0,1983,0
none,P2_LARGEST,d5302c73-4e78-49f9-8eb9-8eac480f6ca2,834,2623,0,0,2623,0
none,P2_LARGEST,d5302c73-4e78-49f9-8eb9-8eac480f6ca2,936,7443,0,0,7443,0
none,P2_LARGEST,d5302c73-4e78-49f9-8eb9-8eac480f6ca2,1099,8181,0,0,8181,0
none,P2_LARGEST,d5302c73-4e78-49f9-8eb9-8eac480f6ca2,1192,10035,0,0,10035,0
none,P2_LARGEST,d5302c73-4e78-49f9-8eb9-8eac480f6ca2,1314,10496,0,0,10496,0
none,P2_LARGEST,d5302c73-4e78-49f9-8eb9-8eac480f6ca2,1984,12319,0,0,12319,0
none,P2_LARGEST,d5302c73-4e78-49f9-8eb9-8eac480f6ca2,2132,13557,0,0,13557,0
none,P2_LARGEST,d5302c73-4e78-49f9-8eb9-8eac480f6ca2,2271,13772,0,0,13772,0
none,P2_LARGEST,d5302c73-4e78-49f9-8eb9-8eac480f6ca2,2685,14471,0,0,14471,0
none,P2_LARGEST,d5302c73-4e78-49f9-8eb9-8eac480f6ca2,3228,15174,0,0,15174,0
none,P2_LARGEST,d5302c73-4e78-49f9-8eb9-8eac480f6ca2,3363,15953,0,0,15953,0
none,P2_LARGEST,d5302c73-4e78-49f9-8eb9-8eac480f6ca2,3635,16557,0,0,16557,0
none,P2_LARGEST,d5302c73-4e78-49f9-8eb9-8eac480f6ca2,4165,16874,0,0,16874,0
none,P2_LARGEST,d5302c73-4e78-49f9-8eb9-8eac480f6ca2,5057,17582,0,0,17582,0
none,P2_LARGEST,d5302c73-4e78-49f9-8eb9-8eac480f6ca2,5520,18881,0,0,18881,0
none,P2_LARGEST,d5302c73-4e78-49f9-8eb9-8eac480f6ca2,5723,19887,0,0,19887,0
none,P2_LARGEST,d5302c73-4e78-49f9-8eb9-8eac480f6ca2,6672,20602,0,0,20602,0
none,P2_LARGEST,d5302c73-4e78-49f9-8eb9-8eac480f6ca2,6783,22350,0,0,22350,0
none,P2_LARGEST,d5302c73-4e78-49f9-8eb9-8eac480f6ca2,8661,23440,0,0,23440,0
2000,P2_LARGEST,d960942b-804e-4a35-845c-70b9e855b1e8,193,8962,0,0,8962,0
2000,P2_LARGEST,d960942b-804e-4a35-845c-70b9e855b1e8,477,9140,0,0,9140,0
2000,P2_LARGEST,d960942b-804e-4a35-845c-70b9e855b1e8,1427,9413,0,0,9413,0
2000,P2_LARGEST,d960942b-804e-4a35-845c-70b9e855b1e8,1557,10360,0,0,10360,0
2000,P2_LARGEST,d960942b-804e-4a35-845c-70b9e855b1e8,1678,10491,0,0,10491,0
2000,P2_LARGEST,d960942b-804e-4a35-845c-70b9e855b1e8,1750,10654,0,0,10654,0
2000,P2_LARGEST,d960942b-804e-4a35-845c-70b9e855b1e8,1865,10735,0,0,10735,0
2000,P2_LARGEST,d960942b-804e-4a35-845c-70b9e855b1e8,1903,10895,0,0,10895,0
2000,P2_LARGEST,d960942b-804e-4a35-845c-70b9e855b1e8,1996,11147,0,0,11147,0
2000,P2_LARGEST,d960942b-804e-4a35-845c-70b9e855b1e8,2270,11249,0,0,11249,0
4000,P2_LARGEST,d960942b-804e-4a35-845c-70b9e855b1e8,193,8962,0,0,8962,0
4000,P2_LARGEST,d960942b-804e-4a35-845c-70b9e855b1e8,477,9140,0,0,9140,0
4000,P2_LARGEST,d960942b-804e-4a35-845c-70b9e855b1e8,1427,9413,0,0,9413,0
4000,P2_LARGEST,d960942b-804e-4a35-845c-70b9e855b1e8,1557,10360,0,0,10360,0
4000,P2_LARGEST,d960942b-804e-4a35-845c-70b9e855b1e8,1678,10491,0,0,10491,0
4000,P2_LARGEST,d960942b-804e-4a35-845c-70b9e855b1e8,1750,10654,0,0,10654,0
4000,P2_LARGEST,d960942b-804e-4a35-845c-70b9e855b1e8,1865,10735,0,0,10735,0
4000,P2_LARGEST,d960942b-804e-4a35-845c-70b9e855b1e8,1903,10895,0,0,10895,0
4000,P2_LARGEST,d960942b-804e-4a35-845c-70b9e855b1e8,1996,11147,0,0,11147,0
4000,P2_LARGEST,d960942b-804e-4a35-845c-70b9e855b1e8,2270,11249,0,0,11249,0
8000,P2_LARGEST,d960942b-804e-4a35-845c-70b9e855b1e8,193,8962,0,0,8962,0
8000,P2_LARGEST,d960942b-804e-4a35-845c-70b9e855b1e8,477,9140,0,0,9140,0
8000,P2_LARGEST,d960942b-804e-4a35-845c-70b9e855b1e8,1427,9413,0,0,9413,0
8000,P2_LARGEST,d960942b-804e-4a35-845c-70b9e855b1e8,1557,10360,0,0,10360,0
8000,P2_LARGEST,d960942b-804e-4a35-845c-70b9e855b1e8,1678,10491,0,0,10491,0
8000,P2_LARGEST,d960942b-804e-4a35-845c-70b9e855b1e8,1750,10654,0,0,10654,0
8000,P2_LARGEST,d960942b-804e-4a35-845c-70b9e855b1e8,1865,10735,0,0,10735,0
8000,P2_LARGEST,d960942b-804e-4a35-845c-70b9e855b1e8,1903,10895,0,0,10895,0
8000,P2_LARGEST,d960942b-804e-4a35-845c-70b9e855b1e8,1996,11147,0,0,11147,0
8000,P2_LARGEST,d960942b-804e-4a35-845c-70b9e855b1e8,2270,11249,0,0,11249,0
none,P2_LARGEST,d960942b-804e-4a35-845c-70b9e855b1e8,193,8962,0,0,8962,0
none,P2_LARGEST,d960942b-804e-4a35-845c-70b9e855b1e8,477,9140,0,0,9140,0
none,P2_LARGEST,d960942b-804e-4a35-845c-70b9e855b1e8,1427,9413,0,0,9413,0
none,P2_LARGEST,d960942b-804e-4a35-845c-70b9e855b1e8,1557,10360,0,0,10360,0
none,P2_LARGEST,d960942b-804e-4a35-845c-70b9e855b1e8,1678,10491,0,0,10491,0
none,P2_LARGEST,d960942b-804e-4a35-845c-70b9e855b1e8,1750,10654,0,0,10654,0
none,P2_LARGEST,d960942b-804e-4a35-845c-70b9e855b1e8,1865,10735,0,0,10735,0
none,P2_LARGEST,d960942b-804e-4a35-845c-70b9e855b1e8,1903,10895,0,0,10895,0
none,P2_LARGEST,d960942b-804e-4a35-845c-70b9e855b1e8,1996,11147,0,0,11147,0
none,P2_LARGEST,d960942b-804e-4a35-845c-70b9e855b1e8,2270,11249,0,0,11249,0
2000,P2_LARGEST,d9a9c623-676b-4ec7-b1f4-86f8baee36e2,113,9291,0,0,9291,0
2000,P2_LARGEST,d9a9c623-676b-4ec7-b1f4-86f8baee36e2,176,9913,0,0,9913,0
2000,P2_LARGEST,d9a9c623-676b-4ec7-b1f4-86f8baee36e2,270,10256,0,0,10256,0
2000,P2_LARGEST,d9a9c623-676b-4ec7-b1f4-86f8baee36e2,877,10780,0,0,10780,0
4000,P2_LARGEST,d9a9c623-676b-4ec7-b1f4-86f8baee36e2,113,9291,0,0,9291,0
4000,P2_LARGEST,d9a9c623-676b-4ec7-b1f4-86f8baee36e2,176,9913,0,0,9913,0
4000,P2_LARGEST,d9a9c623-676b-4ec7-b1f4-86f8baee36e2,270,10256,0,0,10256,0
4000,P2_LARGEST,d9a9c623-676b-4ec7-b1f4-86f8baee36e2,877,10780,0,0,10780,0
8000,P2_LARGEST,d9a9c623-676b-4ec7-b1f4-86f8baee36e2,113,9291,0,0,9291,0
8000,P2_LARGEST,d9a9c623-676b-4ec7-b1f4-86f8baee36e2,176,9913,0,0,9913,0
8000,P2_LARGEST,d9a9c623-676b-4ec7-b1f4-86f8baee36e2,270,10256,0,0,10256,0
8000,P2_LARGEST,d9a9c623-676b-4ec7-b1f4-86f8baee36e2,877,10780,0,0,10780,0
none,P2_LARGEST,d9a9c623-676b-4ec7-b1f4-86f8baee36e2,113,9291,0,0,9291,0
none,P2_LARGEST,d9a9c623-676b-4ec7-b1f4-86f8baee36e2,176,9913,0,0,9913,0
none,P2_LARGEST,d9a9c623-676b-4ec7-b1f4-86f8baee36e2,270,10256,0,0,10256,0
none,P2_LARGEST,d9a9c623-676b-4ec7-b1f4-86f8baee36e2,877,10780,0,0,10780,0
2000,P2_LARGEST,dbc7e63a-f2b9-4d30-bf2f-aba83e5ba6f8,75,5940,0,0,5940,0
2000,P2_LARGEST,dbc7e63a-f2b9-4d30-bf2f-aba83e5ba6f8,650,6914,0,0,6914,0
2000,P2_LARGEST,dbc7e63a-f2b9-4d30-bf2f-aba83e5ba6f8,732,7482,0,0,7482,0
2000,P2_LARGEST,dbc7e63a-f2b9-4d30-bf2f-aba83e5ba6f8,1607,8566,0,0,8566,0
4000,P2_LARGEST,dbc7e63a-f2b9-4d30-bf2f-aba83e5ba6f8,75,5940,0,0,5940,0
4000,P2_LARGEST,dbc7e63a-f2b9-4d30-bf2f-aba83e5ba6f8,650,6914,0,0,6914,0
4000,P2_LARGEST,dbc7e63a-f2b9-4d30-bf2f-aba83e5ba6f8,732,7482,0,0,7482,0
4000,P2_LARGEST,dbc7e63a-f2b9-4d30-bf2f-aba83e5ba6f8,1607,8566,0,0,8566,0
8000,P2_LARGEST,dbc7e63a-f2b9-4d30-bf2f-aba83e5ba6f8,75,5940,0,0,5940,0
8000,P2_LARGEST,dbc7e63a-f2b9-4d30-bf2f-aba83e5ba6f8,650,6914,0,0,6914,0
8000,P2_LARGEST,dbc7e63a-f2b9-4d30-bf2f-aba83e5ba6f8,732,7482,0,0,7482,0
8000,P2_LARGEST,dbc7e63a-f2b9-4d30-bf2f-aba83e5ba6f8,1607,8566,0,0,8566,0
none,P2_LARGEST,dbc7e63a-f2b9-4d30-bf2f-aba83e5ba6f8,75,5940,0,0,5940,0
none,P2_LARGEST,dbc7e63a-f2b9-4d30-bf2f-aba83e5ba6f8,650,6914,0,0,6914,0
none,P2_LARGEST,dbc7e63a-f2b9-4d30-bf2f-aba83e5ba6f8,732,7482,0,0,7482,0
none,P2_LARGEST,dbc7e63a-f2b9-4d30-bf2f-aba83e5ba6f8,1607,8566,0,0,8566,0
2000,P2_LARGEST,dbf08eb9-ebde-4ab4-add4-1413af0dce60,75,10507,0,0,10507,0
2000,P2_LARGEST,dbf08eb9-ebde-4ab4-add4-1413af0dce60,167,10580,0,0,10580,0
2000,P2_LARGEST,dbf08eb9-ebde-4ab4-add4-1413af0dce60,237,10687,0,0,10687,0
2000,P2_LARGEST,dbf08eb9-ebde-4ab4-add4-1413af0dce60,358,10767,0,0,10767,0
2000,P2_LARGEST,dbf08eb9-ebde-4ab4-add4-1413af0dce60,503,10901,0,0,10901,0
2000,P2_LARGEST,dbf08eb9-ebde-4ab4-add4-1413af0dce60,564,11056,0,0,11056,0
2000,P2_LARGEST,dbf08eb9-ebde-4ab4-add4-1413af0dce60,654,11126,0,0,11126,0
2000,P2_LARGEST,dbf08eb9-ebde-4ab4-add4-1413af0dce60,697,11224,0,0,11224,0
2000,P2_LARGEST,dbf08eb9-ebde-4ab4-add4-1413af0dce60,742,11275,0,0,11275,0
2000,P2_LARGEST,dbf08eb9-ebde-4ab4-add4-1413af0dce60,798,11329,0,0,11329,0
2000,P2_LARGEST,dbf08eb9-ebde-4ab4-add4-1413af0dce60,952,11395,0,0,11395,0
2000,P2_LARGEST,dbf08eb9-ebde-4ab4-add4-1413af0dce60,1053,11557,0,0,11557,0
2000,P2_LARGEST,dbf08eb9-ebde-4ab4-add4-1413af0dce60,1223,11668,0,0,11668,0
2000,P2_LARGEST,dbf08eb9-ebde-4ab4-add4-1413af0dce60,1301,11849,0,0,11849,0
2000,P2_LARGEST,dbf08eb9-ebde-4ab4-add4-1413af0dce60,1399,11937,0,0,11937,0
2000,P2_LARGEST,dbf08eb9-ebde-4ab4-add4-1413af0dce60,1527,12046,0,0,12046,0
2000,P2_LARGEST,dbf08eb9-ebde-4ab4-add4-1413af0dce60,1753,12185,0,0,12185,0
2000,P2_LARGEST,dbf08eb9-ebde-4ab4-add4-1413af0dce60,1851,12422,0,0,12422,0
2000,P2_LARGEST,dbf08eb9-ebde-4ab4-add4-1413af0dce60,1996,12531,0,0,12531,0
2000,P2_LARGEST,dbf08eb9-ebde-4ab4-add4-1413af0dce60,2117,12687,0,0,12687,0
2000,P2_LARGEST,dbf08eb9-ebde-4ab4-add4-1413af0dce60,2458,12861,0,0,12861,0
2000,P2_LARGEST,dbf08eb9-ebde-4ab4-add4-1413af0dce60,2716,13207,0,0,13207,0
2000,P2_LARGEST,dbf08eb9-ebde-4ab4-add4-1413af0dce60,2930,13476,0,0,13476,0
4000,P2_LARGEST,dbf08eb9-ebde-4ab4-add4-1413af0dce60,75,10507,0,0,10507,0
4000,P2_LARGEST,dbf08eb9-ebde-4ab4-add4-1413af0dce60,167,10580,0,0,10580,0
4000,P2_LARGEST,dbf08eb9-ebde-4ab4-add4-1413af0dce60,237,10687,0,0,10687,0
4000,P2_LARGEST,dbf08eb9-ebde-4ab4-add4-1413af0dce60,358,10767,0,0,10767,0
4000,P2_LARGEST,dbf08eb9-ebde-4ab4-add4-1413af0dce60,503,10901,0,0,10901,0
4000,P2_LARGEST,dbf08eb9-ebde-4ab4-add4-1413af0dce60,564,11056,0,0,11056,0
4000,P2_LARGEST,dbf08eb9-ebde-4ab4-add4-1413af0dce60,654,11126,0,0,11126,0
4000,P2_LARGEST,dbf08eb9-ebde-4ab4-add4-1413af0dce60,697,11224,0,0,11224,0
4000,P2_LARGEST,dbf08eb9-ebde-4ab4-add4-1413af0dce60,742,11275,0,0,11275,0
4000,P2_LARGEST,dbf08eb9-ebde-4ab4-add4-1413af0dce60,798,11329,0,0,11329,0
4000,P2_LARGEST,dbf08eb9-ebde-4ab4-add4-1413af0dce60,952,11395,0,0,11395,0
4000,P2_LARGEST,dbf08eb9-ebde-4ab4-add4-1413af0dce60,1053,11557,0,0,11557,0
4000,P2_LARGEST,dbf08eb9-ebde-4ab4-add4-1413af0dce60,1223,11668,0,0,11668,0
4000,P2_LARGEST,dbf08eb9-ebde-4ab4-add4-1413af0dce60,1301,11849,0,0,11849,0
4000,P2_LARGEST,dbf08eb9-ebde-4ab4-add4-1413af0dce60,1399,11937,0,0,11937,0
4000,P2_LARGEST,dbf08eb9-ebde-4ab4-add4-1413af0dce60,1527,12046,0,0,12046,0
4000,P2_LARGEST,dbf08eb9-ebde-4ab4-add4-1413af0dce60,1753,12185,0,0,12185,0
4000,P2_LARGEST,dbf08eb9-ebde-4ab4-add4-1413af0dce60,1851,12422,0,0,12422,0
4000,P2_LARGEST,dbf08eb9-ebde-4ab4-add4-1413af0dce60,1996,12531,0,0,12531,0
4000,P2_LARGEST,dbf08eb9-ebde-4ab4-add4-1413af0dce60,2117,12687,0,0,12687,0
4000,P2_LARGEST,dbf08eb9-ebde-4ab4-add4-1413af0dce60,2458,12861,0,0,12861,0
4000,P2_LARGEST,dbf08eb9-ebde-4ab4-add4-1413af0dce60,2716,13207,0,0,13207,0
4000,P2_LARGEST,dbf08eb9-ebde-4ab4-add4-1413af0dce60,2930,13476,0,0,13476,0
8000,P2_LARGEST,dbf08eb9-ebde-4ab4-add4-1413af0dce60,75,10507,0,0,10507,0
8000,P2_LARGEST,dbf08eb9-ebde-4ab4-add4-1413af0dce60,167,10580,0,0,10580,0
8000,P2_LARGEST,dbf08eb9-ebde-4ab4-add4-1413af0dce60,237,10687,0,0,10687,0
8000,P2_LARGEST,dbf08eb9-ebde-4ab4-add4-1413af0dce60,358,10767,0,0,10767,0
8000,P2_LARGEST,dbf08eb9-ebde-4ab4-add4-1413af0dce60,503,10901,0,0,10901,0
8000,P2_LARGEST,dbf08eb9-ebde-4ab4-add4-1413af0dce60,564,11056,0,0,11056,0
8000,P2_LARGEST,dbf08eb9-ebde-4ab4-add4-1413af0dce60,654,11126,0,0,11126,0
8000,P2_LARGEST,dbf08eb9-ebde-4ab4-add4-1413af0dce60,697,11224,0,0,11224,0
8000,P2_LARGEST,dbf08eb9-ebde-4ab4-add4-1413af0dce60,742,11275,0,0,11275,0
8000,P2_LARGEST,dbf08eb9-ebde-4ab4-add4-1413af0dce60,798,11329,0,0,11329,0
8000,P2_LARGEST,dbf08eb9-ebde-4ab4-add4-1413af0dce60,952,11395,0,0,11395,0
8000,P2_LARGEST,dbf08eb9-ebde-4ab4-add4-1413af0dce60,1053,11557,0,0,11557,0
8000,P2_LARGEST,dbf08eb9-ebde-4ab4-add4-1413af0dce60,1223,11668,0,0,11668,0
8000,P2_LARGEST,dbf08eb9-ebde-4ab4-add4-1413af0dce60,1301,11849,0,0,11849,0
8000,P2_LARGEST,dbf08eb9-ebde-4ab4-add4-1413af0dce60,1399,11937,0,0,11937,0
8000,P2_LARGEST,dbf08eb9-ebde-4ab4-add4-1413af0dce60,1527,12046,0,0,12046,0
8000,P2_LARGEST,dbf08eb9-ebde-4ab4-add4-1413af0dce60,1753,12185,0,0,12185,0
8000,P2_LARGEST,dbf08eb9-ebde-4ab4-add4-1413af0dce60,1851,12422,0,0,12422,0
8000,P2_LARGEST,dbf08eb9-ebde-4ab4-add4-1413af0dce60,1996,12531,0,0,12531,0
8000,P2_LARGEST,dbf08eb9-ebde-4ab4-add4-1413af0dce60,2117,12687,0,0,12687,0
8000,P2_LARGEST,dbf08eb9-ebde-4ab4-add4-1413af0dce60,2458,12861,0,0,12861,0
8000,P2_LARGEST,dbf08eb9-ebde-4ab4-add4-1413af0dce60,2716,13207,0,0,13207,0
8000,P2_LARGEST,dbf08eb9-ebde-4ab4-add4-1413af0dce60,2930,13476,0,0,13476,0
none,P2_LARGEST,dbf08eb9-ebde-4ab4-add4-1413af0dce60,75,10507,0,0,10507,0
none,P2_LARGEST,dbf08eb9-ebde-4ab4-add4-1413af0dce60,167,10580,0,0,10580,0
none,P2_LARGEST,dbf08eb9-ebde-4ab4-add4-1413af0dce60,237,10687,0,0,10687,0
none,P2_LARGEST,dbf08eb9-ebde-4ab4-add4-1413af0dce60,358,10767,0,0,10767,0
none,P2_LARGEST,dbf08eb9-ebde-4ab4-add4-1413af0dce60,503,10901,0,0,10901,0
none,P2_LARGEST,dbf08eb9-ebde-4ab4-add4-1413af0dce60,564,11056,0,0,11056,0
none,P2_LARGEST,dbf08eb9-ebde-4ab4-add4-1413af0dce60,654,11126,0,0,11126,0
none,P2_LARGEST,dbf08eb9-ebde-4ab4-add4-1413af0dce60,697,11224,0,0,11224,0
none,P2_LARGEST,dbf08eb9-ebde-4ab4-add4-1413af0dce60,742,11275,0,0,11275,0
none,P2_LARGEST,dbf08eb9-ebde-4ab4-add4-1413af0dce60,798,11329,0,0,11329,0
none,P2_LARGEST,dbf08eb9-ebde-4ab4-add4-1413af0dce60,952,11395,0,0,11395,0
none,P2_LARGEST,dbf08eb9-ebde-4ab4-add4-1413af0dce60,1053,11557,0,0,11557,0
none,P2_LARGEST,dbf08eb9-ebde-4ab4-add4-1413af0dce60,1223,11668,0,0,11668,0
none,P2_LARGEST,dbf08eb9-ebde-4ab4-add4-1413af0dce60,1301,11849,0,0,11849,0
none,P2_LARGEST,dbf08eb9-ebde-4ab4-add4-1413af0dce60,1399,11937,0,0,11937,0
none,P2_LARGEST,dbf08eb9-ebde-4ab4-add4-1413af0dce60,1527,12046,0,0,12046,0
none,P2_LARGEST,dbf08eb9-ebde-4ab4-add4-1413af0dce60,1753,12185,0,0,12185,0
none,P2_LARGEST,dbf08eb9-ebde-4ab4-add4-1413af0dce60,1851,12422,0,0,12422,0
none,P2_LARGEST,dbf08eb9-ebde-4ab4-add4-1413af0dce60,1996,12531,0,0,12531,0
none,P2_LARGEST,dbf08eb9-ebde-4ab4-add4-1413af0dce60,2117,12687,0,0,12687,0
none,P2_LARGEST,dbf08eb9-ebde-4ab4-add4-1413af0dce60,2458,12861,0,0,12861,0
none,P2_LARGEST,dbf08eb9-ebde-4ab4-add4-1413af0dce60,2716,13207,0,0,13207,0
none,P2_LARGEST,dbf08eb9-ebde-4ab4-add4-1413af0dce60,2930,13476,0,0,13476,0
2000,P2_LARGEST,dd740a3f-875f-4863-ac2a-0d63f747e3c5,85,6355,0,0,6355,0
2000,P2_LARGEST,dd740a3f-875f-4863-ac2a-0d63f747e3c5,156,8874,0,0,8874,0
2000,P2_LARGEST,dd740a3f-875f-4863-ac2a-0d63f747e3c5,675,9140,0,0,9140,0
2000,P2_LARGEST,dd740a3f-875f-4863-ac2a-0d63f747e3c5,1066,14292,0,0,14292,0
2000,P2_LARGEST,dd740a3f-875f-4863-ac2a-0d63f747e3c5,1810,14993,0,0,14993,0
2000,P2_LARGEST,dd740a3f-875f-4863-ac2a-0d63f747e3c5,3238,16539,0,0,16539,0
4000,P2_LARGEST,dd740a3f-875f-4863-ac2a-0d63f747e3c5,85,6355,0,0,6355,0
4000,P2_LARGEST,dd740a3f-875f-4863-ac2a-0d63f747e3c5,156,8874,0,0,8874,0
4000,P2_LARGEST,dd740a3f-875f-4863-ac2a-0d63f747e3c5,675,9140,0,0,9140,0
4000,P2_LARGEST,dd740a3f-875f-4863-ac2a-0d63f747e3c5,1066,14292,0,0,14292,0
4000,P2_LARGEST,dd740a3f-875f-4863-ac2a-0d63f747e3c5,1810,14993,0,0,14993,0
4000,P2_LARGEST,dd740a3f-875f-4863-ac2a-0d63f747e3c5,3238,16539,0,0,16539,0
8000,P2_LARGEST,dd740a3f-875f-4863-ac2a-0d63f747e3c5,85,6355,0,0,6355,0
8000,P2_LARGEST,dd740a3f-875f-4863-ac2a-0d63f747e3c5,156,8874,0,0,8874,0
8000,P2_LARGEST,dd740a3f-875f-4863-ac2a-0d63f747e3c5,675,9140,0,0,9140,0
8000,P2_LARGEST,dd740a3f-875f-4863-ac2a-0d63f747e3c5,1066,14292,0,0,14292,0
8000,P2_LARGEST,dd740a3f-875f-4863-ac2a-0d63f747e3c5,1810,14993,0,0,14993,0
8000,P2_LARGEST,dd740a3f-875f-4863-ac2a-0d63f747e3c5,3238,16539,0,0,16539,0
none,P2_LARGEST,dd740a3f-875f-4863-ac2a-0d63f747e3c5,85,6355,0,0,6355,0
none,P2_LARGEST,dd740a3f-875f-4863-ac2a-0d63f747e3c5,156,31027,3,259,30768,1
none,P2_LARGEST,dd740a3f-875f-4863-ac2a-0d63f747e3c5,675,31034,1,22653,8381,0
none,P2_LARGEST,dd740a3f-875f-4863-ac2a-0d63f747e3c5,1066,13533,0,0,13533,0
none,P2_LARGEST,dd740a3f-875f-4863-ac2a-0d63f747e3c5,1810,14234,0,0,14234,0
none,P2_LARGEST,dd740a3f-875f-4863-ac2a-0d63f747e3c5,3238,15780,0,0,15780,0
2000,P2_LARGEST,e2053b00-cd09-4b54-9876-fe36d69d4b5b,223,7207,0,0,7207,0
2000,P2_LARGEST,e2053b00-cd09-4b54-9876-fe36d69d4b5b,312,7404,0,0,7404,0
2000,P2_LARGEST,e2053b00-cd09-4b54-9876-fe36d69d4b5b,703,8110,0,0,8110,0
2000,P2_LARGEST,e2053b00-cd09-4b54-9876-fe36d69d4b5b,941,8610,0,0,8610,0
2000,P2_LARGEST,e2053b00-cd09-4b54-9876-fe36d69d4b5b,1194,10670,0,0,10670,0
2000,P2_LARGEST,e2053b00-cd09-4b54-9876-fe36d69d4b5b,2174,11156,0,0,11156,0
2000,P2_LARGEST,e2053b00-cd09-4b54-9876-fe36d69d4b5b,2361,12148,0,0,12148,0
2000,P2_LARGEST,e2053b00-cd09-4b54-9876-fe36d69d4b5b,2993,13912,0,0,13912,0
2000,P2_LARGEST,e2053b00-cd09-4b54-9876-fe36d69d4b5b,4732,16561,1,1689,14872,0
2000,P2_LARGEST,e2053b00-cd09-4b54-9876-fe36d69d4b5b,4822,16865,2,1830,15035,0
2000,P2_LARGEST,e2053b00-cd09-4b54-9876-fe36d69d4b5b,5779,15634,0,0,15634,0
2000,P2_LARGEST,e2053b00-cd09-4b54-9876-fe36d69d4b5b,6304,19270,5,4425,14845,0
2000,P2_LARGEST,e2053b00-cd09-4b54-9876-fe36d69d4b5b,7347,16747,2,1875,14872,0
2000,P2_LARGEST,e2053b00-cd09-4b54-9876-fe36d69d4b5b,8131,16567,2,1493,15074,0
2000,P2_LARGEST,e2053b00-cd09-4b54-9876-fe36d69d4b5b,9745,17162,3,2065,15097,0
2000,P2_LARGEST,e2053b00-cd09-4b54-9876-fe36d69d4b5b,11704,18137,4,3048,15089,0
2000,P2_LARGEST,e2053b00-cd09-4b54-9876-fe36d69d4b5b,13521,18808,6,3721,15087,0
2000,P2_LARGEST,e2053b00-cd09-4b54-9876-fe36d69d4b5b,13760,17142,1,1927,15215,0
2000,P2_LARGEST,e2053b00-cd09-4b54-9876-fe36d69d4b5b,14111,15525,0,0,15525,0
2000,P2_LARGEST,e2053b00-cd09-4b54-9876-fe36d69d4b5b,14890,16660,1,1789,14871,0
2000,P2_LARGEST,e2053b00-cd09-4b54-9876-fe36d69d4b5b,15881,17652,2,2620,15032,0
2000,P2_LARGEST,e2053b00-cd09-4b54-9876-fe36d69d4b5b,18227,16633,2,1888,14745,0
2000,P2_LARGEST,e2053b00-cd09-4b54-9876-fe36d69d4b5b,20476,17824,4,2726,15098,0
2000,P2_LARGEST,e2053b00-cd09-4b54-9876-fe36d69d4b5b,24250,19501,2,4536,14965,0
2000,P2_LARGEST,e2053b00-cd09-4b54-9876-fe36d69d4b5b,26695,21341,4,6065,15276,0
2000,P2_LARGEST,e2053b00-cd09-4b54-9876-fe36d69d4b5b,29558,17699,4,2424,15275,0
2000,P2_LARGEST,e2053b00-cd09-4b54-9876-fe36d69d4b5b,29892,19575,2,5196,14379,0
4000,P2_LARGEST,e2053b00-cd09-4b54-9876-fe36d69d4b5b,223,7207,0,0,7207,0
4000,P2_LARGEST,e2053b00-cd09-4b54-9876-fe36d69d4b5b,312,7404,0,0,7404,0
4000,P2_LARGEST,e2053b00-cd09-4b54-9876-fe36d69d4b5b,703,8110,0,0,8110,0
4000,P2_LARGEST,e2053b00-cd09-4b54-9876-fe36d69d4b5b,941,8610,0,0,8610,0
4000,P2_LARGEST,e2053b00-cd09-4b54-9876-fe36d69d4b5b,1194,10670,0,0,10670,0
4000,P2_LARGEST,e2053b00-cd09-4b54-9876-fe36d69d4b5b,2174,11156,0,0,11156,0
4000,P2_LARGEST,e2053b00-cd09-4b54-9876-fe36d69d4b5b,2361,12148,0,0,12148,0
4000,P2_LARGEST,e2053b00-cd09-4b54-9876-fe36d69d4b5b,2993,13912,0,0,13912,0
4000,P2_LARGEST,e2053b00-cd09-4b54-9876-fe36d69d4b5b,4732,21571,5,6343,15228,0
4000,P2_LARGEST,e2053b00-cd09-4b54-9876-fe36d69d4b5b,4822,17221,1,3546,13675,0
4000,P2_LARGEST,e2053b00-cd09-4b54-9876-fe36d69d4b5b,5779,14274,0,0,14274,0
4000,P2_LARGEST,e2053b00-cd09-4b54-9876-fe36d69d4b5b,6304,17910,2,2630,15280,0
4000,P2_LARGEST,e2053b00-cd09-4b54-9876-fe36d69d4b5b,7347,17182,2,1875,15307,0
4000,P2_LARGEST,e2053b00-cd09-4b54-9876-fe36d69d4b5b,8131,17002,2,1874,15128,0
4000,P2_LARGEST,e2053b00-cd09-4b54-9876-fe36d69d4b5b,9745,17216,3,2119,15097,0
4000,P2_LARGEST,e2053b00-cd09-4b54-9876-fe36d69d4b5b,11704,18137,4,3048,15089,0
4000,P2_LARGEST,e2053b00-cd09-4b54-9876-fe36d69d4b5b,13521,18808,6,3721,15087,0
4000,P2_LARGEST,e2053b00-cd09-4b54-9876-fe36d69d4b5b,13760,17142,1,1927,15215,0
4000,P2_LARGEST,e2053b00-cd09-4b54-9876-fe36d69d4b5b,14111,15525,0,0,15525,0
4000,P2_LARGEST,e2053b00-cd09-4b54-9876-fe36d69d4b5b,14890,16660,1,1789,14871,0
4000,P2_LARGEST,e2053b00-cd09-4b54-9876-fe36d69d4b5b,15881,17652,2,2620,15032,0
4000,P2_LARGEST,e2053b00-cd09-4b54-9876-fe36d69d4b5b,18227,16633,2,1888,14745,0
4000,P2_LARGEST,e2053b00-cd09-4b54-9876-fe36d69d4b5b,20476,17824,4,2726,15098,0
4000,P2_LARGEST,e2053b00-cd09-4b54-9876-fe36d69d4b5b,24250,19501,2,4536,14965,0
4000,P2_LARGEST,e2053b00-cd09-4b54-9876-fe36d69d4b5b,26695,23655,11,8430,15225,0
4000,P2_LARGEST,e2053b00-cd09-4b54-9876-fe36d69d4b5b,29558,17648,1,2814,14834,0
4000,P2_LARGEST,e2053b00-cd09-4b54-9876-fe36d69d4b5b,29892,19134,2,5196,13938,0
8000,P2_LARGEST,e2053b00-cd09-4b54-9876-fe36d69d4b5b,223,7207,0,0,7207,0
8000,P2_LARGEST,e2053b00-cd09-4b54-9876-fe36d69d4b5b,312,7404,0,0,7404,0
8000,P2_LARGEST,e2053b00-cd09-4b54-9876-fe36d69d4b5b,703,8110,0,0,8110,0
8000,P2_LARGEST,e2053b00-cd09-4b54-9876-fe36d69d4b5b,941,8610,0,0,8610,0
8000,P2_LARGEST,e2053b00-cd09-4b54-9876-fe36d69d4b5b,1194,10670,0,0,10670,0
8000,P2_LARGEST,e2053b00-cd09-4b54-9876-fe36d69d4b5b,2174,11156,0,0,11156,0
8000,P2_LARGEST,e2053b00-cd09-4b54-9876-fe36d69d4b5b,2361,12148,0,0,12148,0
8000,P2_LARGEST,e2053b00-cd09-4b54-9876-fe36d69d4b5b,2993,13912,0,0,13912,0
8000,P2_LARGEST,e2053b00-cd09-4b54-9876-fe36d69d4b5b,4732,21571,5,6343,15228,0
8000,P2_LARGEST,e2053b00-cd09-4b54-9876-fe36d69d4b5b,4822,17221,1,3546,13675,0
8000,P2_LARGEST,e2053b00-cd09-4b54-9876-fe36d69d4b5b,5779,18941,4,3637,15304,0
8000,P2_LARGEST,e2053b00-cd09-4b54-9876-fe36d69d4b5b,6304,18940,1,5167,13773,0
8000,P2_LARGEST,e2053b00-cd09-4b54-9876-fe36d69d4b5b,7347,15675,0,0,15675,0
8000,P2_LARGEST,e2053b00-cd09-4b54-9876-fe36d69d4b5b,8131,17370,3,2875,14495,0
8000,P2_LARGEST,e2053b00-cd09-4b54-9876-fe36d69d4b5b,9745,16583,2,1943,14640,0
8000,P2_LARGEST,e2053b00-cd09-4b54-9876-fe36d69d4b5b,11704,17680,3,2591,15089,0
8000,P2_LARGEST,e2053b00-cd09-4b54-9876-fe36d69d4b5b,13521,18808,6,3721,15087,0
8000,P2_LARGEST,e2053b00-cd09-4b54-9876-fe36d69d4b5b,13760,17142,1,1927,15215,0
8000,P2_LARGEST,e2053b00-cd09-4b54-9876-fe36d69d4b5b,14111,15525,0,0,15525,0
8000,P2_LARGEST,e2053b00-cd09-4b54-9876-fe36d69d4b5b,14890,16660,1,1789,14871,0
8000,P2_LARGEST,e2053b00-cd09-4b54-9876-fe36d69d4b5b,15881,21873,13,6655,15218,0
8000,P2_LARGEST,e2053b00-cd09-4b54-9876-fe36d69d4b5b,18227,16819,1,4721,12098,0
8000,P2_LARGEST,e2053b00-cd09-4b54-9876-fe36d69d4b5b,20476,15177,0,0,15177,0
8000,P2_LARGEST,e2053b00-cd09-4b54-9876-fe36d69d4b5b,24250,25313,27,9592,15721,0
8000,P2_LARGEST,e2053b00-cd09-4b54-9876-fe36d69d4b5b,26695,24411,2,9972,14439,0
8000,P2_LARGEST,e2053b00-cd09-4b54-9876-fe36d69d4b5b,29558,16862,1,2814,14048,0
8000,P2_LARGEST,e2053b00-cd09-4b54-9876-fe36d69d4b5b,29892,18348,2,5196,13152,0
none,P2_LARGEST,e2053b00-cd09-4b54-9876-fe36d69d4b5b,223,7207,0,0,7207,0
none,P2_LARGEST,e2053b00-cd09-4b54-9876-fe36d69d4b5b,312,7404,0,0,7404,0
none,P2_LARGEST,e2053b00-cd09-4b54-9876-fe36d69d4b5b,703,16977,5,842,16135,0
none,P2_LARGEST,e2053b00-cd09-4b54-9876-fe36d69d4b5b,941,16635,2,146,16489,1
none,P2_LARGEST,e2053b00-cd09-4b54-9876-fe36d69d4b5b,1194,18549,1,9367,9182,0
none,P2_LARGEST,e2053b00-cd09-4b54-9876-fe36d69d4b5b,2174,9668,0,0,9668,0
none,P2_LARGEST,e2053b00-cd09-4b54-9876-fe36d69d4b5b,2361,10660,0,0,10660,0
none,P2_LARGEST,e2053b00-cd09-4b54-9876-fe36d69d4b5b,2993,12424,0,0,12424,0
none,P2_LARGEST,e2053b00-cd09-4b54-9876-fe36d69d4b5b,4732,20083,3,5102,14981,0
none,P2_LARGEST,e2053b00-cd09-4b54-9876-fe36d69d4b5b,4822,16974,1,3546,13428,0
none,P2_LARGEST,e2053b00-cd09-4b54-9876-fe36d69d4b5b,5779,18694,4,3824,14870,0
none,P2_LARGEST,e2053b00-cd09-4b54-9876-fe36d69d4b5b,6304,18506,1,5167,13339,0
none,P2_LARGEST,e2053b00-cd09-4b54-9876-fe36d69d4b5b,7347,15241,0,0,15241,0
none,P2_LARGEST,e2053b00-cd09-4b54-9876-fe36d69d4b5b,8131,16936,2,1947,14989,0
none,P2_LARGEST,e2053b00-cd09-4b54-9876-fe36d69d4b5b,9745,17077,2,1950,15127,0
none,P2_LARGEST,e2053b00-cd09-4b54-9876-fe36d69d4b5b,11704,18167,3,2969,15198,0
none,P2_LARGEST,e2053b00-cd09-4b54-9876-fe36d69d4b5b,13521,18917,5,3696,15221,0
none,P2_LARGEST,e2053b00-cd09-4b54-9876-fe36d69d4b5b,13760,17276,1,1927,15349,0
none,P2_LARGEST,e2053b00-cd09-4b54-9876-fe36d69d4b5b,14111,15659,0,0,15659,0
none,P2_LARGEST,e2053b00-cd09-4b54-9876-fe36d69d4b5b,14890,16794,1,1789,15005,0
none,P2_LARGEST,e2053b00-cd09-4b54-9876-fe36d69d4b5b,15881,22007,12,6724,15283,0
none,P2_LARGEST,e2053b00-cd09-4b54-9876-fe36d69d4b5b,18227,16884,1,4721,12163,0
none,P2_LARGEST,e2053b00-cd09-4b54-9876-fe36d69d4b5b,20476,15242,0,0,15242,0
none,P2_LARGEST,e2053b00-cd09-4b54-9876-fe36d69d4b5b,24250,25378,24,9657,15721,0
none,P2_LARGEST,e2053b00-cd09-4b54-9876-fe36d69d4b5b,26695,24411,2,9972,14439,0
none,P2_LARGEST,e2053b00-cd09-4b54-9876-fe36d69d4b5b,29558,16862,1,2814,14048,0
none,P2_LARGEST,e2053b00-cd09-4b54-9876-fe36d69d4b5b,29892,18348,2,5196,13152,0
2000,P2_LARGEST,e2b21469-dfb9-471a-86e2-66b95f5ac7d3,197,9735,0,0,9735,0
2000,P2_LARGEST,e2b21469-dfb9-471a-86e2-66b95f5ac7d3,596,10435,0,0,10435,0
2000,P2_LARGEST,e2b21469-dfb9-471a-86e2-66b95f5ac7d3,709,10893,0,0,10893,0
2000,P2_LARGEST,e2b21469-dfb9-471a-86e2-66b95f5ac7d3,946,11124,0,0,11124,0
2000,P2_LARGEST,e2b21469-dfb9-471a-86e2-66b95f5ac7d3,1514,12128,0,0,12128,0
2000,P2_LARGEST,e2b21469-dfb9-471a-86e2-66b95f5ac7d3,1907,12929,0,0,12929,0
2000,P2_LARGEST,e2b21469-dfb9-471a-86e2-66b95f5ac7d3,1962,13454,0,0,13454,0
2000,P2_LARGEST,e2b21469-dfb9-471a-86e2-66b95f5ac7d3,5206,14020,0,0,14020,0
2000,P2_LARGEST,e2b21469-dfb9-471a-86e2-66b95f5ac7d3,5482,18837,0,0,18837,0
2000,P2_LARGEST,e2b21469-dfb9-471a-86e2-66b95f5ac7d3,5680,19657,0,0,19657,0
2000,P2_LARGEST,e2b21469-dfb9-471a-86e2-66b95f5ac7d3,5756,23301,0,0,23301,0
2000,P2_LARGEST,e2b21469-dfb9-471a-86e2-66b95f5ac7d3,5893,27468,2,4968,22500,0
2000,P2_LARGEST,e2b21469-dfb9-471a-86e2-66b95f5ac7d3,8202,23232,0,0,23232,0
2000,P2_LARGEST,e2b21469-dfb9-471a-86e2-66b95f5ac7d3,9632,29449,4,7199,22250,0
2000,P2_LARGEST,e2b21469-dfb9-471a-86e2-66b95f5ac7d3,9729,26229,2,2957,23272,0
2000,P2_LARGEST,e2b21469-dfb9-471a-86e2-66b95f5ac7d3,9935,23626,0,0,23626,0
2000,P2_LARGEST,e2b21469-dfb9-471a-86e2-66b95f5ac7d3,10069,24372,0,0,24372,0
2000,P2_LARGEST,e2b21469-dfb9-471a-86e2-66b95f5ac7d3,10456,24574,0,0,24574,0
2000,P2_LARGEST,e2b21469-dfb9-471a-86e2-66b95f5ac7d3,10792,25163,1,2318,22845,0
2000,P2_LARGEST,e2b21469-dfb9-471a-86e2-66b95f5ac7d3,11234,23684,0,0,23684,0
2000,P2_LARGEST,e2b21469-dfb9-471a-86e2-66b95f5ac7d3,11387,24164,0,0,24164,0
2000,P2_LARGEST,e2b21469-dfb9-471a-86e2-66b95f5ac7d3,11624,24359,0,0,24359,0
2000,P2_LARGEST,e2b21469-dfb9-471a-86e2-66b95f5ac7d3,12046,24859,2,2378,22481,0
2000,P2_LARGEST,e2b21469-dfb9-471a-86e2-66b95f5ac7d3,12246,23425,0,0,23425,0
2000,P2_LARGEST,e2b21469-dfb9-471a-86e2-66b95f5ac7d3,12388,24320,0,0,24320,0
2000,P2_LARGEST,e2b21469-dfb9-471a-86e2-66b95f5ac7d3,13218,28311,8,5013,23298,0
2000,P2_LARGEST,e2b21469-dfb9-471a-86e2-66b95f5ac7d3,14159,25350,1,3152,22198,0
2000,P2_LARGEST,e2b21469-dfb9-471a-86e2-66b95f5ac7d3,14539,23545,0,0,23545,0
2000,P2_LARGEST,e2b21469-dfb9-471a-86e2-66b95f5ac7d3,14642,24826,2,1721,23105,0
2000,P2_LARGEST,e2b21469-dfb9-471a-86e2-66b95f5ac7d3,16858,23839,0,0,23839,0
2000,P2_LARGEST,e2b21469-dfb9-471a-86e2-66b95f5ac7d3,21023,29371,12,5987,23384,0
2000,P2_LARGEST,e2b21469-dfb9-471a-86e2-66b95f5ac7d3,24661,27591,6,4060,23531,0
2000,P2_LARGEST,e2b21469-dfb9-471a-86e2-66b95f5ac7d3,25110,30957,2,7745,23212,0
2000,P2_LARGEST,e2b21469-dfb9-471a-86e2-66b95f5ac7d3,28370,24773,1,3133,21640,0
2000,P2_LARGEST,e2b21469-dfb9-471a-86e2-66b95f5ac7d3,29250,30251,3,6973,23278,0
2000,P2_LARGEST,e2b21469-dfb9-471a-86e2-66b95f5ac7d3,30031,24940,1,2999,21941,0
2000,P2_LARGEST,e2b21469-dfb9-471a-86e2-66b95f5ac7d3,30352,23279,0,0,23279,0
2000,P2_LARGEST,e2b21469-dfb9-471a-86e2-66b95f5ac7d3,30993,23998,0,0,23998,0
2000,P2_LARGEST,e2b21469-dfb9-471a-86e2-66b95f5ac7d3,32013,24904,2,2127,22777,0
2000,P2_LARGEST,e2b21469-dfb9-471a-86e2-66b95f5ac7d3,32473,27267,6,4061,23206,0
2000,P2_LARGEST,e2b21469-dfb9-471a-86e2-66b95f5ac7d3,32997,23952,0,0,23952,0
2000,P2_LARGEST,e2b21469-dfb9-471a-86e2-66b95f5ac7d3,33235,24519,0,0,24519,0
2000,P2_LARGEST,e2b21469-dfb9-471a-86e2-66b95f5ac7d3,36507,25657,1,3358,22299,0
2000,P2_LARGEST,e2b21469-dfb9-471a-86e2-66b95f5ac7d3,37378,32062,14,8611,23451,0
2000,P2_LARGEST,e2b21469-dfb9-471a-86e2-66b95f5ac7d3,39104,24923,1,4075,20848,0
2000,P2_LARGEST,e2b21469-dfb9-471a-86e2-66b95f5ac7d3,42400,25309,1,1857,23452,0
2000,P2_LARGEST,e2b21469-dfb9-471a-86e2-66b95f5ac7d3,43703,31392,13,7817,23575,0
2000,P2_LARGEST,e2b21469-dfb9-471a-86e2-66b95f5ac7d3,44741,25096,1,4448,20648,0
2000,P2_LARGEST,e2b21469-dfb9-471a-86e2-66b95f5ac7d3,44948,21892,0,0,21892,0
2000,P2_LARGEST,e2b21469-dfb9-471a-86e2-66b95f5ac7d3,45263,22178,0,0,22178,0
2000,P2_LARGEST,e2b21469-dfb9-471a-86e2-66b95f5ac7d3,45427,22609,0,0,22609,0
2000,P2_LARGEST,e2b21469-dfb9-471a-86e2-66b95f5ac7d3,45845,28232,2,4718,23514,0
2000,P2_LARGEST,e2b21469-dfb9-471a-86e2-66b95f5ac7d3,46155,24102,0,0,24102,0
2000,P2_LARGEST,e2b21469-dfb9-471a-86e2-66b95f5ac7d3,46625,24442,0,0,24442,0
2000,P2_LARGEST,e2b21469-dfb9-471a-86e2-66b95f5ac7d3,47538,25267,1,5420,19847,0
2000,P2_LARGEST,e2b21469-dfb9-471a-86e2-66b95f5ac7d3,49873,21427,0,0,21427,0
2000,P2_LARGEST,e2b21469-dfb9-471a-86e2-66b95f5ac7d3,50466,28908,5,5521,23387,0
2000,P2_LARGEST,e2b21469-dfb9-471a-86e2-66b95f5ac7d3,50655,24083,0,0,24083,0
2000,P2_LARGEST,e2b21469-dfb9-471a-86e2-66b95f5ac7d3,50904,25163,1,4929,20234,0
2000,P2_LARGEST,e2b21469-dfb9-471a-86e2-66b95f5ac7d3,51489,20502,0,0,20502,0
2000,P2_LARGEST,e2b21469-dfb9-471a-86e2-66b95f5ac7d3,54490,21367,0,0,21367,0
2000,P2_LARGEST,e2b21469-dfb9-471a-86e2-66b95f5ac7d3,54933,29734,7,6202,23532,0
2000,P2_LARGEST,e2b21469-dfb9-471a-86e2-66b95f5ac7d3,57047,24617,1,5031,19586,0
2000,P2_LARGEST,e2b21469-dfb9-471a-86e2-66b95f5ac7d3,57093,26720,14,3306,23414,0
2000,P2_LARGEST,e2b21469-dfb9-471a-86e2-66b95f5ac7d3,57167,25678,1,4971,20707,0
2000,P2_LARGEST,e2b21469-dfb9-471a-86e2-66b95f5ac7d3,57252,23074,0,0,23074,0
2000,P2_LARGEST,e2b21469-dfb9-471a-86e2-66b95f5ac7d3,57346,25550,1,2112,23438,0
2000,P2_LARGEST,e2b21469-dfb9-471a-86e2-66b95f5ac7d3,57448,30346,6,6809,23537,0
2000,P2_LARGEST,e2b21469-dfb9-471a-86e2-66b95f5ac7d3,61193,24238,0,0,24238,0
2000,P2_LARGEST,e2b21469-dfb9-471a-86e2-66b95f5ac7d3,61319,34533,5,11157,23376,0
2000,P2_LARGEST,e2b21469-dfb9-471a-86e2-66b95f5ac7d3,61617,23508,0,0,23508,0
2000,P2_LARGEST,e2b21469-dfb9-471a-86e2-66b95f5ac7d3,61879,24094,0,0,24094,0
2000,P2_LARGEST,e2b21469-dfb9-471a-86e2-66b95f5ac7d3,62303,24731,1,4906,19825,0
2000,P2_LARGEST,e2b21469-dfb9-471a-86e2-66b95f5ac7d3,62798,20300,0,0,20300,0
2000,P2_LARGEST,e2b21469-dfb9-471a-86e2-66b95f5ac7d3,62917,20865,0,0,20865,0
2000,P2_LARGEST,e2b21469-dfb9-471a-86e2-66b95f5ac7d3,70746,21076,0,0,21076,0
2000,P2_LARGEST,e2b21469-dfb9-471a-86e2-66b95f5ac7d3,75056,29328,28,5782,23546,0
2000,P2_LARGEST,e2b21469-dfb9-471a-86e2-66b95f5ac7d3,75159,32881,2,9643,23238,0
2000,P2_LARGEST,e2b21469-dfb9-471a-86e2-66b95f5ac7d3,78256,24270,0,0,24270,0
2000,P2_LARGEST,e2b21469-dfb9-471a-86e2-66b95f5ac7d3,80795,27549,1,4612,22937,0
2000,P2_LARGEST,e2b21469-dfb9-471a-86e2-66b95f5ac7d3,81177,30135,3,7125,23010,0
2000,P2_LARGEST,e2b21469-dfb9-471a-86e2-66b95f5ac7d3,81612,23593,0,0,23593,0
2000,P2_LARGEST,e2b21469-dfb9-471a-86e2-66b95f5ac7d3,81821,24050,0,0,24050,0
2000,P2_LARGEST,e2b21469-dfb9-471a-86e2-66b95f5ac7d3,82236,24444,0,0,24444,0
2000,P2_LARGEST,e2b21469-dfb9-471a-86e2-66b95f5ac7d3,82744,24898,1,4436,20462,0
2000,P2_LARGEST,e2b21469-dfb9-471a-86e2-66b95f5ac7d3,82951,21111,0,0,21111,0
2000,P2_LARGEST,e2b21469-dfb9-471a-86e2-66b95f5ac7d3,83085,21508,0,0,21508,0
2000,P2_LARGEST,e2b21469-dfb9-471a-86e2-66b95f5ac7d3,83349,21665,0,0,21665,0
2000,P2_LARGEST,e2b21469-dfb9-471a-86e2-66b95f5ac7d3,83658,21956,0,0,21956,0
2000,P2_LARGEST,e2b21469-dfb9-471a-86e2-66b95f5ac7d3,84037,22564,0,0,22564,0
2000,P2_LARGEST,e2b21469-dfb9-471a-86e2-66b95f5ac7d3,84522,27397,4,3978,23419,0
2000,P2_LARGEST,e2b21469-dfb9-471a-86e2-66b95f5ac7d3,84713,23982,0,0,23982,0
2000,P2_LARGEST,e2b21469-dfb9-471a-86e2-66b95f5ac7d3,84910,24165,0,0,24165,0
2000,P2_LARGEST,e2b21469-dfb9-471a-86e2-66b95f5ac7d3,85511,25218,1,3910,21308,0
2000,P2_LARGEST,e2b21469-dfb9-471a-86e2-66b95f5ac7d3,85657,21951,0,0,21951,0
2000,P2_LARGEST,e2b21469-dfb9-471a-86e2-66b95f5ac7d3,85706,22106,0,0,22106,0
2000,P2_LARGEST,e2b21469-dfb9-471a-86e2-66b95f5ac7d3,86404,22223,0,0,22223,0
2000,P2_LARGEST,e2b21469-dfb9-471a-86e2-66b95f5ac7d3,86867,22983,0,0,22983,0
2000,P2_LARGEST,e2b21469-dfb9-471a-86e2-66b95f5ac7d3,87936,23598,0,0,23598,0
2000,P2_LARGEST,e2b21469-dfb9-471a-86e2-66b95f5ac7d3,89645,24746,2,1537,23209,0
2000,P2_LARGEST,e2b21469-dfb9-471a-86e2-66b95f5ac7d3,90011,29418,18,5866,23552,0
2000,P2_LARGEST,e2b21469-dfb9-471a-86e2-66b95f5ac7d3,93094,24547,0,0,24547,0
2000,P2_LARGEST,e2b21469-dfb9-471a-86e2-66b95f5ac7d3,93574,35786,37,12215,23571,0
2000,P2_LARGEST,e2b21469-dfb9-471a-86e2-66b95f5ac7d3,93691,24299,0,0,24299,0
2000,P2_LARGEST,e2b21469-dfb9-471a-86e2-66b95f5ac7d3,98775,25907,1,4603,21304,0
2000,P2_LARGEST,e2b21469-dfb9-471a-86e2-66b95f5ac7d3,98862,30791,52,6278,24513,0
2000,P2_LARGEST,e2b21469-dfb9-471a-86e2-66b95f5ac7d3,99046,25222,1,5374,19848,0
2000,P2_LARGEST,e2b21469-dfb9-471a-86e2-66b95f5ac7d3,99215,20075,0,0,20075,0
2000,P2_LARGEST,e2b21469-dfb9-471a-86e2-66b95f5ac7d3,99416,20252,0,0,20252,0
2000,P2_LARGEST,e2b21469-dfb9-471a-86e2-66b95f5ac7d3,99566,20781,0,0,20781,0
2000,P2_LARGEST,e2b21469-dfb9-471a-86e2-66b95f5ac7d3,100825,21299,0,0,21299,0
2000,P2_LARGEST,e2b21469-dfb9-471a-86e2-66b95f5ac7d3,101118,23292,0,0,23292,0
2000,P2_LARGEST,e2b21469-dfb9-471a-86e2-66b95f5ac7d3,101430,23893,0,0,23893,0
2000,P2_LARGEST,e2b21469-dfb9-471a-86e2-66b95f5ac7d3,101843,25956,1,4031,21925,0
2000,P2_LARGEST,e2b21469-dfb9-471a-86e2-66b95f5ac7d3,101911,22592,0,0,22592,0
2000,P2_LARGEST,e2b21469-dfb9-471a-86e2-66b95f5ac7d3,102933,23144,0,0,23144,0
2000,P2_LARGEST,e2b21469-dfb9-471a-86e2-66b95f5ac7d3,103065,24169,0,0,24169,0
2000,P2_LARGEST,e2b21469-dfb9-471a-86e2-66b95f5ac7d3,103202,24306,0,0,24306,0
2000,P2_LARGEST,e2b21469-dfb9-471a-86e2-66b95f5ac7d3,104408,24502,0,0,24502,0
2000,P2_LARGEST,e2b21469-dfb9-471a-86e2-66b95f5ac7d3,104578,26320,3,3231,23089,0
2000,P2_LARGEST,e2b21469-dfb9-471a-86e2-66b95f5ac7d3,105511,26139,3,2672,23467,0
2000,P2_LARGEST,e2b21469-dfb9-471a-86e2-66b95f5ac7d3,105565,24514,0,0,24514,0
2000,P2_LARGEST,e2b21469-dfb9-471a-86e2-66b95f5ac7d3,107367,24634,1,2724,21910,0
2000,P2_LARGEST,e2b21469-dfb9-471a-86e2-66b95f5ac7d3,107447,24704,2,1476,23228,0
2000,P2_LARGEST,e2b21469-dfb9-471a-86e2-66b95f5ac7d3,108562,23677,0,0,23677,0
2000,P2_LARGEST,e2b21469-dfb9-471a-86e2-66b95f5ac7d3,109421,28025,6,4486,23539,0
2000,P2_LARGEST,e2b21469-dfb9-471a-86e2-66b95f5ac7d3,109599,24491,0,0,24491,0
2000,P2_LARGEST,e2b21469-dfb9-471a-86e2-66b95f5ac7d3,109842,24790,1,3111,21679,0
2000,P2_LARGEST,e2b21469-dfb9-471a-86e2-66b95f5ac7d3,110791,21944,0,0,21944,0
2000,P2_LARGEST,e2b21469-dfb9-471a-86e2-66b95f5ac7d3,110960,22991,0,0,22991,0
2000,P2_LARGEST,e2b21469-dfb9-471a-86e2-66b95f5ac7d3,111164,23169,0,0,23169,0
2000,P2_LARGEST,e2b21469-dfb9-471a-86e2-66b95f5ac7d3,112323,23549,0,0,23549,0
2000,P2_LARGEST,e2b21469-dfb9-471a-86e2-66b95f5ac7d3,113665,24982,2,2144,22838,0
2000,P2_LARGEST,e2b21469-dfb9-471a-86e2-66b95f5ac7d3,113973,28018,11,4448,23570,0
2000,P2_LARGEST,e2b21469-dfb9-471a-86e2-66b95f5ac7d3,114181,23996,0,0,23996,0
2000,P2_LARGEST,e2b21469-dfb9-471a-86e2-66b95f5ac7d3,114541,24287,0,0,24287,0
2000,P2_LARGEST,e2b21469-dfb9-471a-86e2-66b95f5ac7d3,117161,25180,1,3771,21409,0
2000,P2_LARGEST,e2b21469-dfb9-471a-86e2-66b95f5ac7d3,120403,28721,6,5302,23419,0
2000,P2_LARGEST,e2b21469-dfb9-471a-86e2-66b95f5ac7d3,120551,26645,1,4228,22417,0
2000,P2_LARGEST,e2b21469-dfb9-471a-86e2-66b95f5ac7d3,121050,22597,0,0,22597,0
2000,P2_LARGEST,e2b21469-dfb9-471a-86e2-66b95f5ac7d3,122307,29072,11,5606,23466,0
2000,P2_LARGEST,e2b21469-dfb9-471a-86e2-66b95f5ac7d3,125537,26650,1,4896,21754,0
2000,P2_LARGEST,e2b21469-dfb9-471a-86e2-66b95f5ac7d3,128700,29789,37,4968,24821,1
2000,P2_LARGEST,e2b21469-dfb9-471a-86e2-66b95f5ac7d3,131747,28713,2,3855,24858,1
2000,P2_LARGEST,e2b21469-dfb9-471a-86e2-66b95f5ac7d3,134931,35185,3,7972,27213,1
2000,P2_LARGEST,e2b21469-dfb9-471a-86e2-66b95f5ac7d3,138198,36417,4,13451,22966,0
2000,P2_LARGEST,e2b21469-dfb9-471a-86e2-66b95f5ac7d3,142241,31942,3,5940,26002,1
2000,P2_LARGEST,e2b21469-dfb9-471a-86e2-66b95f5ac7d3,142313,36036,3,8916,27120,1
2000,P2_LARGEST,e2b21469-dfb9-471a-86e2-66b95f5ac7d3,147908,29253,1,5734,23519,0
2000,P2_LARGEST,e2b21469-dfb9-471a-86e2-66b95f5ac7d3,155800,32645,5,6313,26332,1
2000,P2_LARGEST,e2b21469-dfb9-471a-86e2-66b95f5ac7d3,161700,29409,1,6035,23374,0
4000,P2_LARGEST,e2b21469-dfb9-471a-86e2-66b95f5ac7d3,197,9735,0,0,9735,0
4000,P2_LARGEST,e2b21469-dfb9-471a-86e2-66b95f5ac7d3,596,13851,0,0,13851,0
4000,P2_LARGEST,e2b21469-dfb9-471a-86e2-66b95f5ac7d3,709,14309,0,0,14309,0
4000,P2_LARGEST,e2b21469-dfb9-471a-86e2-66b95f5ac7d3,946,14540,0,0,14540,0
4000,P2_LARGEST,e2b21469-dfb9-471a-86e2-66b95f5ac7d3,1514,15544,0,0,15544,0
4000,P2_LARGEST,e2b21469-dfb9-471a-86e2-66b95f5ac7d3,1907,16345,0,0,16345,0
4000,P2_LARGEST,e2b21469-dfb9-471a-86e2-66b95f5ac7d3,1962,16870,0,0,16870,0
4000,P2_LARGEST,e2b21469-dfb9-471a-86e2-66b95f5ac7d3,5206,17436,0,0,17436,0
4000,P2_LARGEST,e2b21469-dfb9-471a-86e2-66b95f5ac7d3,5482,22253,0,0,22253,0
4000,P2_LARGEST,e2b21469-dfb9-471a-86e2-66b95f5ac7d3,5680,24819,1,3916,20903,0
4000,P2_LARGEST,e2b21469-dfb9-471a-86e2-66b95f5ac7d3,5756,24547,0,0,24547,0
4000,P2_LARGEST,e2b21469-dfb9-471a-86e2-66b95f5ac7d3,5893,31251,4,8575,22676,0
4000,P2_LARGEST,e2b21469-dfb9-471a-86e2-66b95f5ac7d3,8202,25457,1,3037,22420,0
4000,P2_LARGEST,e2b21469-dfb9-471a-86e2-66b95f5ac7d3,9632,28637,3,6855,21782,0
4000,P2_LARGEST,e2b21469-dfb9-471a-86e2-66b95f5ac7d3,9729,25761,2,3061,22700,0
4000,P2_LARGEST,e2b21469-dfb9-471a-86e2-66b95f5ac7d3,9935,23054,0,0,23054,0
4000,P2_LARGEST,e2b21469-dfb9-471a-86e2-66b95f5ac7d3,10069,23800,0,0,23800,0
4000,P2_LARGEST,e2b21469-dfb9-471a-86e2-66b95f5ac7d3,10456,24002,0,0,24002,0
4000,P2_LARGEST,e2b21469-dfb9-471a-86e2-66b95f5ac7d3,10792,24591,1,2318,22273,0
4000,P2_LARGEST,e2b21469-dfb9-471a-86e2-66b95f5ac7d3,11234,23112,0,0,23112,0
4000,P2_LARGEST,e2b21469-dfb9-471a-86e2-66b95f5ac7d3,11387,23592,0,0,23592,0
4000,P2_LARGEST,e2b21469-dfb9-471a-86e2-66b95f5ac7d3,11624,23787,0,0,23787,0
4000,P2_LARGEST,e2b21469-dfb9-471a-86e2-66b95f5ac7d3,12046,24287,0,0,24287,0
4000,P2_LARGEST,e2b21469-dfb9-471a-86e2-66b95f5ac7d3,12246,25231,2,2630,22601,0
4000,P2_LARGEST,e2b21469-dfb9-471a-86e2-66b95f5ac7d3,12388,23496,0,0,23496,0
4000,P2_LARGEST,e2b21469-dfb9-471a-86e2-66b95f5ac7d3,13218,27487,5,4175,23312,0
4000,P2_LARGEST,e2b21469-dfb9-471a-86e2-66b95f5ac7d3,14159,25364,1,3152,22212,0
4000,P2_LARGEST,e2b21469-dfb9-471a-86e2-66b95f5ac7d3,14539,23559,0,0,23559,0
4000,P2_LARGEST,e2b21469-dfb9-471a-86e2-66b95f5ac7d3,14642,24840,2,1721,23119,0
4000,P2_LARGEST,e2b21469-dfb9-471a-86e2-66b95f5ac7d3,16858,23853,0,0,23853,0
4000,P2_LARGEST,e2b21469-dfb9-471a-86e2-66b95f5ac7d3,21023,29385,12,6001,23384,0
4000,P2_LARGEST,e2b21469-dfb9-471a-86e2-66b95f5ac7d3,24661,27591,6,4060,23531,0
4000,P2_LARGEST,e2b21469-dfb9-471a-86e2-66b95f5ac7d3,25110,30957,2,7745,23212,0
4000,P2_LARGEST,e2b21469-dfb9-471a-86e2-66b95f5ac7d3,28370,28027,2,6219,21808,0
4000,P2_LARGEST,e2b21469-dfb9-471a-86e2-66b95f5ac7d3,29250,30419,3,7518,22901,0
4000,P2_LARGEST,e2b21469-dfb9-471a-86e2-66b95f5ac7d3,30031,24563,0,0,24563,0
4000,P2_LARGEST,e2b21469-dfb9-471a-86e2-66b95f5ac7d3,30352,25901,1,2999,22902,0
4000,P2_LARGEST,e2b21469-dfb9-471a-86e2-66b95f5ac7d3,30993,23621,0,0,23621,0
4000,P2_LARGEST,e2b21469-dfb9-471a-86e2-66b95f5ac7d3,32013,24527,0,0,24527,0
4000,P2_LARGEST,e2b21469-dfb9-471a-86e2-66b95f5ac7d3,32473,29017,7,5781,23236,0
4000,P2_LARGEST,e2b21469-dfb9-471a-86e2-66b95f5ac7d3,32997,23982,0,0,23982,0
4000,P2_LARGEST,e2b21469-dfb9-471a-86e2-66b95f5ac7d3,33235,24549,0,0,24549,0
4000,P2_LARGEST,e2b21469-dfb9-471a-86e2-66b95f5ac7d3,36507,25687,1,3358,22329,0
4000,P2_LARGEST,e2b21469-dfb9-471a-86e2-66b95f5ac7d3,37378,32092,14,8641,23451,0
4000,P2_LARGEST,e2b21469-dfb9-471a-86e2-66b95f5ac7d3,39104,28035,2,5932,22103,0
4000,P2_LARGEST,e2b21469-dfb9-471a-86e2-66b95f5ac7d3,42400,26564,1,3612,22952,0
4000,P2_LARGEST,e2b21469-dfb9-471a-86e2-66b95f5ac7d3,43703,30892,12,7317,23575,0
4000,P2_LARGEST,e2b21469-dfb9-471a-86e2-66b95f5ac7d3,44741,25096,1,4448,20648,0
4000,P2_LARGEST,e2b21469-dfb9-471a-86e2-66b95f5ac7d3,44948,21892,0,0,21892,0
4000,P2_LARGEST,e2b21469-dfb9-471a-86e2-66b95f5ac7d3,45263,22178,0,0,22178,0
4000,P2_LARGEST,e2b21469-dfb9-471a-86e2-66b95f5ac7d3,45427,22609,0,0,22609,0
4000,P2_LARGEST,e2b21469-dfb9-471a-86e2-66b95f5ac7d3,45845,28232,2,4718,23514,0
4000,P2_LARGEST,e2b21469-dfb9-471a-86e2-66b95f5ac7d3,46155,24102,0,0,24102,0
4000,P2_LARGEST,e2b21469-dfb9-471a-86e2-66b95f5ac7d3,46625,24442,0,0,24442,0
4000,P2_LARGEST,e2b21469-dfb9-471a-86e2-66b95f5ac7d3,47538,25267,1,5420,19847,0
4000,P2_LARGEST,e2b21469-dfb9-471a-86e2-66b95f5ac7d3,49873,21427,0,0,21427,0
4000,P2_LARGEST,e2b21469-dfb9-471a-86e2-66b95f5ac7d3,50466,28908,5,5521,23387,0
4000,P2_LARGEST,e2b21469-dfb9-471a-86e2-66b95f5ac7d3,50655,24083,0,0,24083,0
4000,P2_LARGEST,e2b21469-dfb9-471a-86e2-66b95f5ac7d3,50904,25163,1,4929,20234,0
4000,P2_LARGEST,e2b21469-dfb9-471a-86e2-66b95f5ac7d3,51489,20502,0,0,20502,0
4000,P2_LARGEST,e2b21469-dfb9-471a-86e2-66b95f5ac7d3,54490,21367,0,0,21367,0
4000,P2_LARGEST,e2b21469-dfb9-471a-86e2-66b95f5ac7d3,54933,29734,7,6202,23532,0
4000,P2_LARGEST,e2b21469-dfb9-471a-86e2-66b95f5ac7d3,57047,24617,1,5031,19586,0
4000,P2_LARGEST,e2b21469-dfb9-471a-86e2-66b95f5ac7d3,57093,26720,14,3306,23414,0
4000,P2_LARGEST,e2b21469-dfb9-471a-86e2-66b95f5ac7d3,57167,25678,1,4971,20707,0
4000,P2_LARGEST,e2b21469-dfb9-471a-86e2-66b95f5ac7d3,57252,23074,0,0,23074,0
4000,P2_LARGEST,e2b21469-dfb9-471a-86e2-66b95f5ac7d3,57346,25550,1,2112,23438,0
4000,P2_LARGEST,e2b21469-dfb9-471a-86e2-66b95f5ac7d3,57448,30346,6,6809,23537,0
4000,P2_LARGEST,e2b21469-dfb9-471a-86e2-66b95f5ac7d3,61193,26465,1,4405,22060,0
4000,P2_LARGEST,e2b21469-dfb9-471a-86e2-66b95f5ac7d3,61319,32355,4,8979,23376,0
4000,P2_LARGEST,e2b21469-dfb9-471a-86e2-66b95f5ac7d3,61617,23508,0,0,23508,0
4000,P2_LARGEST,e2b21469-dfb9-471a-86e2-66b95f5ac7d3,61879,24094,0,0,24094,0
4000,P2_LARGEST,e2b21469-dfb9-471a-86e2-66b95f5ac7d3,62303,24731,1,4906,19825,0
4000,P2_LARGEST,e2b21469-dfb9-471a-86e2-66b95f5ac7d3,62798,20300,0,0,20300,0
4000,P2_LARGEST,e2b21469-dfb9-471a-86e2-66b95f5ac7d3,62917,20865,0,0,20865,0
4000,P2_LARGEST,e2b21469-dfb9-471a-86e2-66b95f5ac7d3,70746,21076,0,0,21076,0
4000,P2_LARGEST,e2b21469-dfb9-471a-86e2-66b95f5ac7d3,75056,29328,28,5782,23546,0
4000,P2_LARGEST,e2b21469-dfb9-471a-86e2-66b95f5ac7d3,75159,32881,2,9643,23238,0
4000,P2_LARGEST,e2b21469-dfb9-471a-86e2-66b95f5ac7d3,78256,24270,0,0,24270,0
4000,P2_LARGEST,e2b21469-dfb9-471a-86e2-66b95f5ac7d3,80795,27549,1,4612,22937,0
4000,P2_LARGEST,e2b21469-dfb9-471a-86e2-66b95f5ac7d3,81177,30135,3,7125,23010,0
4000,P2_LARGEST,e2b21469-dfb9-471a-86e2-66b95f5ac7d3,81612,23593,0,0,23593,0
4000,P2_LARGEST,e2b21469-dfb9-471a-86e2-66b95f5ac7d3,81821,24050,0,0,24050,0
4000,P2_LARGEST,e2b21469-dfb9-471a-86e2-66b95f5ac7d3,82236,24444,0,0,24444,0
4000,P2_LARGEST,e2b21469-dfb9-471a-86e2-66b95f5ac7d3,82744,24898,1,4436,20462,0
4000,P2_LARGEST,e2b21469-dfb9-471a-86e2-66b95f5ac7d3,82951,21111,0,0,21111,0
4000,P2_LARGEST,e2b21469-dfb9-471a-86e2-66b95f5ac7d3,83085,21508,0,0,21508,0
4000,P2_LARGEST,e2b21469-dfb9-471a-86e2-66b95f5ac7d3,83349,21665,0,0,21665,0
4000,P2_LARGEST,e2b21469-dfb9-471a-86e2-66b95f5ac7d3,83658,21956,0,0,21956,0
4000,P2_LARGEST,e2b21469-dfb9-471a-86e2-66b95f5ac7d3,84037,22564,0,0,22564,0
4000,P2_LARGEST,e2b21469-dfb9-471a-86e2-66b95f5ac7d3,84522,29079,10,5507,23572,0
4000,P2_LARGEST,e2b21469-dfb9-471a-86e2-66b95f5ac7d3,84713,24135,0,0,24135,0
4000,P2_LARGEST,e2b21469-dfb9-471a-86e2-66b95f5ac7d3,84910,24318,0,0,24318,0
4000,P2_LARGEST,e2b21469-dfb9-471a-86e2-66b95f5ac7d3,85511,25371,1,3910,21461,0
4000,P2_LARGEST,e2b21469-dfb9-471a-86e2-66b95f5ac7d3,85657,22104,0,0,22104,0
4000,P2_LARGEST,e2b21469-dfb9-471a-86e2-66b95f5ac7d3,85706,22259,0,0,22259,0
4000,P2_LARGEST,e2b21469-dfb9-471a-86e2-66b95f5ac7d3,86404,22376,0,0,22376,0
4000,P2_LARGEST,e2b21469-dfb9-471a-86e2-66b95f5ac7d3,86867,23136,0,0,23136,0
4000,P2_LARGEST,e2b21469-dfb9-471a-86e2-66b95f5ac7d3,87936,23751,0,0,23751,0
4000,P2_LARGEST,e2b21469-dfb9-471a-86e2-66b95f5ac7d3,89645,24899,1,2182,22717,0
4000,P2_LARGEST,e2b21469-dfb9-471a-86e2-66b95f5ac7d3,90011,28926,13,5374,23552,0
4000,P2_LARGEST,e2b21469-dfb9-471a-86e2-66b95f5ac7d3,93094,26948,1,4078,22870,0
4000,P2_LARGEST,e2b21469-dfb9-471a-86e2-66b95f5ac7d3,93574,34109,36,10538,23571,0
4000,P2_LARGEST,e2b21469-dfb9-471a-86e2-66b95f5ac7d3,93691,24299,0,0,24299,0
4000,P2_LARGEST,e2b21469-dfb9-471a-86e2-66b95f5ac7d3,98775,25907,1,4603,21304,0
4000,P2_LARGEST,e2b21469-dfb9-471a-86e2-66b95f5ac7d3,98862,30791,52,6278,24513,0
4000,P2_LARGEST,e2b21469-dfb9-471a-86e2-66b95f5ac7d3,99046,25222,1,5374,19848,0
4000,P2_LARGEST,e2b21469-dfb9-471a-86e2-66b95f5ac7d3,99215,20075,0,0,20075,0
4000,P2_LARGEST,e2b21469-dfb9-471a-86e2-66b95f5ac7d3,99416,20252,0,0,20252,0
4000,P2_LARGEST,e2b21469-dfb9-471a-86e2-66b95f5ac7d3,99566,20781,0,0,20781,0
4000,P2_LARGEST,e2b21469-dfb9-471a-86e2-66b95f5ac7d3,100825,21299,0,0,21299,0
4000,P2_LARGEST,e2b21469-dfb9-471a-86e2-66b95f5ac7d3,101118,23292,0,0,23292,0
4000,P2_LARGEST,e2b21469-dfb9-471a-86e2-66b95f5ac7d3,101430,23893,0,0,23893,0
4000,P2_LARGEST,e2b21469-dfb9-471a-86e2-66b95f5ac7d3,101843,25956,1,4031,21925,0
4000,P2_LARGEST,e2b21469-dfb9-471a-86e2-66b95f5ac7d3,101911,22592,0,0,22592,0
4000,P2_LARGEST,e2b21469-dfb9-471a-86e2-66b95f5ac7d3,102933,23144,0,0,23144,0
4000,P2_LARGEST,e2b21469-dfb9-471a-86e2-66b95f5ac7d3,103065,24169,0,0,24169,0
4000,P2_LARGEST,e2b21469-dfb9-471a-86e2-66b95f5ac7d3,103202,24306,0,0,24306,0
4000,P2_LARGEST,e2b21469-dfb9-471a-86e2-66b95f5ac7d3,104408,24502,0,0,24502,0
4000,P2_LARGEST,e2b21469-dfb9-471a-86e2-66b95f5ac7d3,104578,26320,3,3231,23089,0
4000,P2_LARGEST,e2b21469-dfb9-471a-86e2-66b95f5ac7d3,105511,26139,3,2672,23467,0
4000,P2_LARGEST,e2b21469-dfb9-471a-86e2-66b95f5ac7d3,105565,24514,0,0,24514,0
4000,P2_LARGEST,e2b21469-dfb9-471a-86e2-66b95f5ac7d3,107367,24634,1,2724,21910,0
4000,P2_LARGEST,e2b21469-dfb9-471a-86e2-66b95f5ac7d3,107447,24704,2,1476,23228,0
4000,P2_LARGEST,e2b21469-dfb9-471a-86e2-66b95f5ac7d3,108562,23677,0,0,23677,0
4000,P2_LARGEST,e2b21469-dfb9-471a-86e2-66b95f5ac7d3,109421,28025,6,4486,23539,0
4000,P2_LARGEST,e2b21469-dfb9-471a-86e2-66b95f5ac7d3,109599,24491,0,0,24491,0
4000,P2_LARGEST,e2b21469-dfb9-471a-86e2-66b95f5ac7d3,109842,24790,1,3111,21679,0
4000,P2_LARGEST,e2b21469-dfb9-471a-86e2-66b95f5ac7d3,110791,21944,0,0,21944,0
4000,P2_LARGEST,e2b21469-dfb9-471a-86e2-66b95f5ac7d3,110960,22991,0,0,22991,0
4000,P2_LARGEST,e2b21469-dfb9-471a-86e2-66b95f5ac7d3,111164,23169,0,0,23169,0
4000,P2_LARGEST,e2b21469-dfb9-471a-86e2-66b95f5ac7d3,112323,23549,0,0,23549,0
4000,P2_LARGEST,e2b21469-dfb9-471a-86e2-66b95f5ac7d3,113665,24982,2,2144,22838,0
4000,P2_LARGEST,e2b21469-dfb9-471a-86e2-66b95f5ac7d3,113973,28018,11,4448,23570,0
4000,P2_LARGEST,e2b21469-dfb9-471a-86e2-66b95f5ac7d3,114181,23996,0,0,23996,0
4000,P2_LARGEST,e2b21469-dfb9-471a-86e2-66b95f5ac7d3,114541,24287,0,0,24287,0
4000,P2_LARGEST,e2b21469-dfb9-471a-86e2-66b95f5ac7d3,117161,27475,2,5128,22347,0
4000,P2_LARGEST,e2b21469-dfb9-471a-86e2-66b95f5ac7d3,120403,29659,5,6240,23419,0
4000,P2_LARGEST,e2b21469-dfb9-471a-86e2-66b95f5ac7d3,120551,26645,1,4228,22417,0
4000,P2_LARGEST,e2b21469-dfb9-471a-86e2-66b95f5ac7d3,121050,22597,0,0,22597,0
4000,P2_LARGEST,e2b21469-dfb9-471a-86e2-66b95f5ac7d3,122307,33639,32,10065,23574,0
4000,P2_LARGEST,e2b21469-dfb9-471a-86e2-66b95f5ac7d3,125537,26758,1,4896,21862,0
4000,P2_LARGEST,e2b21469-dfb9-471a-86e2-66b95f5ac7d3,128700,29897,16,5076,24821,1
4000,P2_LARGEST,e2b21469-dfb9-471a-86e2-66b95f5ac7d3,131747,28713,2,3855,24858,1
4000,P2_LARGEST,e2b21469-dfb9-471a-86e2-66b95f5ac7d3,134931,35185,3,7972,27213,1
4000,P2_LARGEST,e2b21469-dfb9-471a-86e2-66b95f5ac7d3,138198,36417,4,13451,22966,0
4000,P2_LARGEST,e2b21469-dfb9-471a-86e2-66b95f5ac7d3,142241,33853,3,5940,27913,1
4000,P2_LARGEST,e2b21469-dfb9-471a-86e2-66b95f5ac7d3,142313,37947,3,10827,27120,1
4000,P2_LARGEST,e2b21469-dfb9-471a-86e2-66b95f5ac7d3,147908,29253,1,5734,23519,0
4000,P2_LARGEST,e2b21469-dfb9-471a-86e2-66b95f5ac7d3,155800,32645,5,6313,26332,1
4000,P2_LARGEST,e2b21469-dfb9-471a-86e2-66b95f5ac7d3,161700,29409,1,6035,23374,0
8000,P2_LARGEST,e2b21469-dfb9-471a-86e2-66b95f5ac7d3,197,9735,0,0,9735,0
8000,P2_LARGEST,e2b21469-dfb9-471a-86e2-66b95f5ac7d3,596,13851,0,0,13851,0
8000,P2_LARGEST,e2b21469-dfb9-471a-86e2-66b95f5ac7d3,709,14309,0,0,14309,0
8000,P2_LARGEST,e2b21469-dfb9-471a-86e2-66b95f5ac7d3,946,14540,0,0,14540,0
8000,P2_LARGEST,e2b21469-dfb9-471a-86e2-66b95f5ac7d3,1514,15544,0,0,15544,0
8000,P2_LARGEST,e2b21469-dfb9-471a-86e2-66b95f5ac7d3,1907,16345,0,0,16345,0
8000,P2_LARGEST,e2b21469-dfb9-471a-86e2-66b95f5ac7d3,1962,16870,0,0,16870,0
8000,P2_LARGEST,e2b21469-dfb9-471a-86e2-66b95f5ac7d3,5206,23950,0,0,23950,0
8000,P2_LARGEST,e2b21469-dfb9-471a-86e2-66b95f5ac7d3,5482,28767,1,7014,21753,0
8000,P2_LARGEST,e2b21469-dfb9-471a-86e2-66b95f5ac7d3,5680,24319,0,0,24319,0
8000,P2_LARGEST,e2b21469-dfb9-471a-86e2-66b95f5ac7d3,5756,31515,3,9437,22078,0
8000,P2_LARGEST,e2b21469-dfb9-471a-86e2-66b95f5ac7d3,5893,28782,2,5745,23037,0
8000,P2_LARGEST,e2b21469-dfb9-471a-86e2-66b95f5ac7d3,8202,25818,1,3037,22781,0
8000,P2_LARGEST,e2b21469-dfb9-471a-86e2-66b95f5ac7d3,9632,28998,3,6855,22143,0
8000,P2_LARGEST,e2b21469-dfb9-471a-86e2-66b95f5ac7d3,9729,26122,2,3061,23061,0
8000,P2_LARGEST,e2b21469-dfb9-471a-86e2-66b95f5ac7d3,9935,23415,0,0,23415,0
8000,P2_LARGEST,e2b21469-dfb9-471a-86e2-66b95f5ac7d3,10069,24161,0,0,24161,0
8000,P2_LARGEST,e2b21469-dfb9-471a-86e2-66b95f5ac7d3,10456,24363,0,0,24363,0
8000,P2_LARGEST,e2b21469-dfb9-471a-86e2-66b95f5ac7d3,10792,24952,1,2318,22634,0
8000,P2_LARGEST,e2b21469-dfb9-471a-86e2-66b95f5ac7d3,11234,23473,0,0,23473,0
8000,P2_LARGEST,e2b21469-dfb9-471a-86e2-66b95f5ac7d3,11387,23953,0,0,23953,0
8000,P2_LARGEST,e2b21469-dfb9-471a-86e2-66b95f5ac7d3,11624,24148,0,0,24148,0
8000,P2_LARGEST,e2b21469-dfb9-471a-86e2-66b95f5ac7d3,12046,24648,1,1428,23220,0
8000,P2_LARGEST,e2b21469-dfb9-471a-86e2-66b95f5ac7d3,12246,24164,0,0,24164,0
8000,P2_LARGEST,e2b21469-dfb9-471a-86e2-66b95f5ac7d3,12388,25059,2,2563,22496,0
8000,P2_LARGEST,e2b21469-dfb9-471a-86e2-66b95f5ac7d3,13218,26487,3,3059,23428,0
8000,P2_LARGEST,e2b21469-dfb9-471a-86e2-66b95f5ac7d3,14159,25480,1,3152,22328,0
8000,P2_LARGEST,e2b21469-dfb9-471a-86e2-66b95f5ac7d3,14539,23675,0,0,23675,0
8000,P2_LARGEST,e2b21469-dfb9-471a-86e2-66b95f5ac7d3,14642,24956,2,1721,23235,0
8000,P2_LARGEST,e2b21469-dfb9-471a-86e2-66b95f5ac7d3,16858,23969,0,0,23969,0
8000,P2_LARGEST,e2b21469-dfb9-471a-86e2-66b95f5ac7d3,21023,29501,12,6117,23384,0
8000,P2_LARGEST,e2b21469-dfb9-471a-86e2-66b95f5ac7d3,24661,27591,6,4060,23531,0
8000,P2_LARGEST,e2b21469-dfb9-471a-86e2-66b95f5ac7d3,25110,30957,2,7745,23212,0
8000,P2_LARGEST,e2b21469-dfb9-471a-86e2-66b95f5ac7d3,28370,28027,2,6219,21808,0
8000,P2_LARGEST,e2b21469-dfb9-471a-86e2-66b95f5ac7d3,29250,30419,3,7518,22901,0
8000,P2_LARGEST,e2b21469-dfb9-471a-86e2-66b95f5ac7d3,30031,24563,0,0,24563,0
8000,P2_LARGEST,e2b21469-dfb9-471a-86e2-66b95f5ac7d3,30352,25901,1,2999,22902,0
8000,P2_LARGEST,e2b21469-dfb9-471a-86e2-66b95f5ac7d3,30993,23621,0,0,23621,0
8000,P2_LARGEST,e2b21469-dfb9-471a-86e2-66b95f5ac7d3,32013,24527,0,0,24527,0
8000,P2_LARGEST,e2b21469-dfb9-471a-86e2-66b95f5ac7d3,32473,29017,7,5781,23236,0
8000,P2_LARGEST,e2b21469-dfb9-471a-86e2-66b95f5ac7d3,32997,23982,0,0,23982,0
8000,P2_LARGEST,e2b21469-dfb9-471a-86e2-66b95f5ac7d3,33235,24549,0,0,24549,0
8000,P2_LARGEST,e2b21469-dfb9-471a-86e2-66b95f5ac7d3,36507,25687,1,3358,22329,0
8000,P2_LARGEST,e2b21469-dfb9-471a-86e2-66b95f5ac7d3,37378,32092,14,8641,23451,0
8000,P2_LARGEST,e2b21469-dfb9-471a-86e2-66b95f5ac7d3,39104,28035,2,5932,22103,0
8000,P2_LARGEST,e2b21469-dfb9-471a-86e2-66b95f5ac7d3,42400,26564,1,3612,22952,0
8000,P2_LARGEST,e2b21469-dfb9-471a-86e2-66b95f5ac7d3,43703,30892,12,7317,23575,0
8000,P2_LARGEST,e2b21469-dfb9-471a-86e2-66b95f5ac7d3,44741,25096,1,4448,20648,0
8000,P2_LARGEST,e2b21469-dfb9-471a-86e2-66b95f5ac7d3,44948,21892,0,0,21892,0
8000,P2_LARGEST,e2b21469-dfb9-471a-86e2-66b95f5ac7d3,45263,22178,0,0,22178,0
8000,P2_LARGEST,e2b21469-dfb9-471a-86e2-66b95f5ac7d3,45427,22609,0,0,22609,0
8000,P2_LARGEST,e2b21469-dfb9-471a-86e2-66b95f5ac7d3,45845,28232,2,4718,23514,0
8000,P2_LARGEST,e2b21469-dfb9-471a-86e2-66b95f5ac7d3,46155,24102,0,0,24102,0
8000,P2_LARGEST,e2b21469-dfb9-471a-86e2-66b95f5ac7d3,46625,24442,0,0,24442,0
8000,P2_LARGEST,e2b21469-dfb9-471a-86e2-66b95f5ac7d3,47538,25267,1,5420,19847,0
8000,P2_LARGEST,e2b21469-dfb9-471a-86e2-66b95f5ac7d3,49873,21427,0,0,21427,0
8000,P2_LARGEST,e2b21469-dfb9-471a-86e2-66b95f5ac7d3,50466,28908,5,5521,23387,0
8000,P2_LARGEST,e2b21469-dfb9-471a-86e2-66b95f5ac7d3,50655,24083,0,0,24083,0
8000,P2_LARGEST,e2b21469-dfb9-471a-86e2-66b95f5ac7d3,50904,25163,1,4929,20234,0
8000,P2_LARGEST,e2b21469-dfb9-471a-86e2-66b95f5ac7d3,51489,20502,0,0,20502,0
8000,P2_LARGEST,e2b21469-dfb9-471a-86e2-66b95f5ac7d3,54490,21367,0,0,21367,0
8000,P2_LARGEST,e2b21469-dfb9-471a-86e2-66b95f5ac7d3,54933,29734,7,6202,23532,0
8000,P2_LARGEST,e2b21469-dfb9-471a-86e2-66b95f5ac7d3,57047,24617,1,5031,19586,0
8000,P2_LARGEST,e2b21469-dfb9-471a-86e2-66b95f5ac7d3,57093,26720,14,3306,23414,0
8000,P2_LARGEST,e2b21469-dfb9-471a-86e2-66b95f5ac7d3,57167,25678,1,4971,20707,0
8000,P2_LARGEST,e2b21469-dfb9-471a-86e2-66b95f5ac7d3,57252,30506,30,6987,23519,0
8000,P2_LARGEST,e2b21469-dfb9-471a-86e2-66b95f5ac7d3,57346,31766,2,9692,22074,0
8000,P2_LARGEST,e2b21469-dfb9-471a-86e2-66b95f5ac7d3,57448,32979,41,8935,24044,0
8000,P2_LARGEST,e2b21469-dfb9-471a-86e2-66b95f5ac7d3,61193,26972,1,4497,22475,0
8000,P2_LARGEST,e2b21469-dfb9-471a-86e2-66b95f5ac7d3,61319,32770,3,11028,21742,0
8000,P2_LARGEST,e2b21469-dfb9-471a-86e2-66b95f5ac7d3,61617,21874,0,0,21874,0
8000,P2_LARGEST,e2b21469-dfb9-471a-86e2-66b95f5ac7d3,61879,22460,0,0,22460,0
8000,P2_LARGEST,e2b21469-dfb9-471a-86e2-66b95f5ac7d3,62303,23097,0,0,23097,0
8000,P2_LARGEST,e2b21469-dfb9-471a-86e2-66b95f5ac7d3,62798,23572,0,0,23572,0
8000,P2_LARGEST,e2b21469-dfb9-471a-86e2-66b95f5ac7d3,62917,24137,0,0,24137,0
8000,P2_LARGEST,e2b21469-dfb9-471a-86e2-66b95f5ac7d3,70746,24348,0,0,24348,0
8000,P2_LARGEST,e2b21469-dfb9-471a-86e2-66b95f5ac7d3,75056,32600,5,9067,23533,0
8000,P2_LARGEST,e2b21469-dfb9-471a-86e2-66b95f5ac7d3,75159,32868,2,9643,23225,0
8000,P2_LARGEST,e2b21469-dfb9-471a-86e2-66b95f5ac7d3,78256,24257,0,0,24257,0
8000,P2_LARGEST,e2b21469-dfb9-471a-86e2-66b95f5ac7d3,80795,27536,1,4612,22924,0
8000,P2_LARGEST,e2b21469-dfb9-471a-86e2-66b95f5ac7d3,81177,30122,3,7125,22997,0
8000,P2_LARGEST,e2b21469-dfb9-471a-86e2-66b95f5ac7d3,81612,23580,0,0,23580,0
8000,P2_LARGEST,e2b21469-dfb9-471a-86e2-66b95f5ac7d3,81821,24037,0,0,24037,0
8000,P2_LARGEST,e2b21469-dfb9-471a-86e2-66b95f5ac7d3,82236,24431,0,0,24431,0
8000,P2_LARGEST,e2b21469-dfb9-471a-86e2-66b95f5ac7d3,82744,24885,1,4436,20449,0
8000,P2_LARGEST,e2b21469-dfb9-471a-86e2-66b95f5ac7d3,82951,21098,0,0,21098,0
8000,P2_LARGEST,e2b21469-dfb9-471a-86e2-66b95f5ac7d3,83085,21495,0,0,21495,0
8000,P2_LARGEST,e2b21469-dfb9-471a-86e2-66b95f5ac7d3,83349,21652,0,0,21652,0
8000,P2_LARGEST,e2b21469-dfb9-471a-86e2-66b95f5ac7d3,83658,21943,0,0,21943,0
8000,P2_LARGEST,e2b21469-dfb9-471a-86e2-66b95f5ac7d3,84037,22551,0,0,22551,0
8000,P2_LARGEST,e2b21469-dfb9-471a-86e2-66b95f5ac7d3,84522,29066,9,5546,23520,0
8000,P2_LARGEST,e2b21469-dfb9-471a-86e2-66b95f5ac7d3,84713,24083,0,0,24083,0
8000,P2_LARGEST,e2b21469-dfb9-471a-86e2-66b95f5ac7d3,84910,24266,0,0,24266,0
8000,P2_LARGEST,e2b21469-dfb9-471a-86e2-66b95f5ac7d3,85511,25319,1,3910,21409,0
8000,P2_LARGEST,e2b21469-dfb9-471a-86e2-66b95f5ac7d3,85657,22052,0,0,22052,0
8000,P2_LARGEST,e2b21469-dfb9-471a-86e2-66b95f5ac7d3,85706,22207,0,0,22207,0
8000,P2_LARGEST,e2b21469-dfb9-471a-86e2-66b95f5ac7d3,86404,22324,0,0,22324,0
8000,P2_LARGEST,e2b21469-dfb9-471a-86e2-66b95f5ac7d3,86867,23084,0,0,23084,0
8000,P2_LARGEST,e2b21469-dfb9-471a-86e2-66b95f5ac7d3,87936,23699,0,0,23699,0
8000,P2_LARGEST,e2b21469-dfb9-471a-86e2-66b95f5ac7d3,89645,24847,1,2182,22665,0
8000,P2_LARGEST,e2b21469-dfb9-471a-86e2-66b95f5ac7d3,90011,28874,11,5373,23501,0
8000,P2_LARGEST,e2b21469-dfb9-471a-86e2-66b95f5ac7d3,93094,26897,1,4078,22819,0
8000,P2_LARGEST,e2b21469-dfb9-471a-86e2-66b95f5ac7d3,93574,34058,23,10502,23556,0
8000,P2_LARGEST,e2b21469-dfb9-471a-86e2-66b95f5ac7d3,93691,24284,0,0,24284,0
8000,P2_LARGEST,e2b21469-dfb9-471a-86e2-66b95f5ac7d3,98775,25892,1,4603,21289,0
8000,P2_LARGEST,e2b21469-dfb9-471a-86e2-66b95f5ac7d3,98862,30776,27,6263,24513,0
8000,P2_LARGEST,e2b21469-dfb9-471a-86e2-66b95f5ac7d3,99046,25222,1,5374,19848,0
8000,P2_LARGEST,e2b21469-dfb9-471a-86e2-66b95f5ac7d3,99215,20075,0,0,20075,0
8000,P2_LARGEST,e2b21469-dfb9-471a-86e2-66b95f5ac7d3,99416,20252,0,0,20252,0
8000,P2_LARGEST,e2b21469-dfb9-471a-86e2-66b95f5ac7d3,99566,20781,0,0,20781,0
8000,P2_LARGEST,e2b21469-dfb9-471a-86e2-66b95f5ac7d3,100825,21299,0,0,21299,0
8000,P2_LARGEST,e2b21469-dfb9-471a-86e2-66b95f5ac7d3,101118,23292,0,0,23292,0
8000,P2_LARGEST,e2b21469-dfb9-471a-86e2-66b95f5ac7d3,101430,23893,0,0,23893,0
8000,P2_LARGEST,e2b21469-dfb9-471a-86e2-66b95f5ac7d3,101843,25956,1,4031,21925,0
8000,P2_LARGEST,e2b21469-dfb9-471a-86e2-66b95f5ac7d3,101911,22592,0,0,22592,0
8000,P2_LARGEST,e2b21469-dfb9-471a-86e2-66b95f5ac7d3,102933,23144,0,0,23144,0
8000,P2_LARGEST,e2b21469-dfb9-471a-86e2-66b95f5ac7d3,103065,24169,0,0,24169,0
8000,P2_LARGEST,e2b21469-dfb9-471a-86e2-66b95f5ac7d3,103202,24306,0,0,24306,0
8000,P2_LARGEST,e2b21469-dfb9-471a-86e2-66b95f5ac7d3,104408,24502,0,0,24502,0
8000,P2_LARGEST,e2b21469-dfb9-471a-86e2-66b95f5ac7d3,104578,26320,3,3231,23089,0
8000,P2_LARGEST,e2b21469-dfb9-471a-86e2-66b95f5ac7d3,105511,26139,3,2672,23467,0
8000,P2_LARGEST,e2b21469-dfb9-471a-86e2-66b95f5ac7d3,105565,24514,0,0,24514,0
8000,P2_LARGEST,e2b21469-dfb9-471a-86e2-66b95f5ac7d3,107367,24634,1,2724,21910,0
8000,P2_LARGEST,e2b21469-dfb9-471a-86e2-66b95f5ac7d3,107447,24704,2,1476,23228,0
8000,P2_LARGEST,e2b21469-dfb9-471a-86e2-66b95f5ac7d3,108562,23677,0,0,23677,0
8000,P2_LARGEST,e2b21469-dfb9-471a-86e2-66b95f5ac7d3,109421,28025,6,4486,23539,0
8000,P2_LARGEST,e2b21469-dfb9-471a-86e2-66b95f5ac7d3,109599,24491,0,0,24491,0
8000,P2_LARGEST,e2b21469-dfb9-471a-86e2-66b95f5ac7d3,109842,24790,1,3111,21679,0
8000,P2_LARGEST,e2b21469-dfb9-471a-86e2-66b95f5ac7d3,110791,21944,0,0,21944,0
8000,P2_LARGEST,e2b21469-dfb9-471a-86e2-66b95f5ac7d3,110960,22991,0,0,22991,0
8000,P2_LARGEST,e2b21469-dfb9-471a-86e2-66b95f5ac7d3,111164,23169,0,0,23169,0
8000,P2_LARGEST,e2b21469-dfb9-471a-86e2-66b95f5ac7d3,112323,23549,0,0,23549,0
8000,P2_LARGEST,e2b21469-dfb9-471a-86e2-66b95f5ac7d3,113665,24982,2,2144,22838,0
8000,P2_LARGEST,e2b21469-dfb9-471a-86e2-66b95f5ac7d3,113973,28018,11,4448,23570,0
8000,P2_LARGEST,e2b21469-dfb9-471a-86e2-66b95f5ac7d3,114181,23996,0,0,23996,0
8000,P2_LARGEST,e2b21469-dfb9-471a-86e2-66b95f5ac7d3,114541,24287,0,0,24287,0
8000,P2_LARGEST,e2b21469-dfb9-471a-86e2-66b95f5ac7d3,117161,27475,2,5128,22347,0
8000,P2_LARGEST,e2b21469-dfb9-471a-86e2-66b95f5ac7d3,120403,29659,5,6240,23419,0
8000,P2_LARGEST,e2b21469-dfb9-471a-86e2-66b95f5ac7d3,120551,26645,1,4228,22417,0
8000,P2_LARGEST,e2b21469-dfb9-471a-86e2-66b95f5ac7d3,121050,22597,0,0,22597,0
8000,P2_LARGEST,e2b21469-dfb9-471a-86e2-66b95f5ac7d3,122307,33639,32,10065,23574,0
8000,P2_LARGEST,e2b21469-dfb9-471a-86e2-66b95f5ac7d3,125537,26758,1,4896,21862,0
8000,P2_LARGEST,e2b21469-dfb9-471a-86e2-66b95f5ac7d3,128700,29897,16,5076,24821,1
8000,P2_LARGEST,e2b21469-dfb9-471a-86e2-66b95f5ac7d3,131747,28713,2,3855,24858,1
8000,P2_LARGEST,e2b21469-dfb9-471a-86e2-66b95f5ac7d3,134931,35185,3,7972,27213,1
8000,P2_LARGEST,e2b21469-dfb9-471a-86e2-66b95f5ac7d3,138198,36417,4,13451,22966,0
8000,P2_LARGEST,e2b21469-dfb9-471a-86e2-66b95f5ac7d3,142241,33853,3,5940,27913,1
8000,P2_LARGEST,e2b21469-dfb9-471a-86e2-66b95f5ac7d3,142313,37947,3,10827,27120,1
8000,P2_LARGEST,e2b21469-dfb9-471a-86e2-66b95f5ac7d3,147908,29253,1,5734,23519,0
8000,P2_LARGEST,e2b21469-dfb9-471a-86e2-66b95f5ac7d3,155800,32645,5,6313,26332,1
8000,P2_LARGEST,e2b21469-dfb9-471a-86e2-66b95f5ac7d3,161700,29409,1,6035,23374,0
none,P2_LARGEST,e2b21469-dfb9-471a-86e2-66b95f5ac7d3,197,9735,0,0,9735,0
none,P2_LARGEST,e2b21469-dfb9-471a-86e2-66b95f5ac7d3,596,13851,0,0,13851,0
none,P2_LARGEST,e2b21469-dfb9-471a-86e2-66b95f5ac7d3,709,14309,0,0,14309,0
none,P2_LARGEST,e2b21469-dfb9-471a-86e2-66b95f5ac7d3,946,14540,0,0,14540,0
none,P2_LARGEST,e2b21469-dfb9-471a-86e2-66b95f5ac7d3,1514,15544,0,0,15544,0
none,P2_LARGEST,e2b21469-dfb9-471a-86e2-66b95f5ac7d3,1907,16345,0,0,16345,0
none,P2_LARGEST,e2b21469-dfb9-471a-86e2-66b95f5ac7d3,1962,16870,0,0,16870,0
none,P2_LARGEST,e2b21469-dfb9-471a-86e2-66b95f5ac7d3,5206,23950,0,0,23950,0
none,P2_LARGEST,e2b21469-dfb9-471a-86e2-66b95f5ac7d3,5482,28767,1,7014,21753,0
none,P2_LARGEST,e2b21469-dfb9-471a-86e2-66b95f5ac7d3,5680,24319,0,0,24319,0
none,P2_LARGEST,e2b21469-dfb9-471a-86e2-66b95f5ac7d3,5756,31515,3,9437,22078,0
none,P2_LARGEST,e2b21469-dfb9-471a-86e2-66b95f5ac7d3,5893,28782,2,5745,23037,0
none,P2_LARGEST,e2b21469-dfb9-471a-86e2-66b95f5ac7d3,8202,25818,1,3037,22781,0
none,P2_LARGEST,e2b21469-dfb9-471a-86e2-66b95f5ac7d3,9632,28998,3,6855,22143,0
none,P2_LARGEST,e2b21469-dfb9-471a-86e2-66b95f5ac7d3,9729,26122,2,3061,23061,0
none,P2_LARGEST,e2b21469-dfb9-471a-86e2-66b95f5ac7d3,9935,23415,0,0,23415,0
none,P2_LARGEST,e2b21469-dfb9-471a-86e2-66b95f5ac7d3,10069,24161,0,0,24161,0
none,P2_LARGEST,e2b21469-dfb9-471a-86e2-66b95f5ac7d3,10456,24363,0,0,24363,0
none,P2_LARGEST,e2b21469-dfb9-471a-86e2-66b95f5ac7d3,10792,24952,1,2318,22634,0
none,P2_LARGEST,e2b21469-dfb9-471a-86e2-66b95f5ac7d3,11234,23473,0,0,23473,0
none,P2_LARGEST,e2b21469-dfb9-471a-86e2-66b95f5ac7d3,11387,23953,0,0,23953,0
none,P2_LARGEST,e2b21469-dfb9-471a-86e2-66b95f5ac7d3,11624,24148,0,0,24148,0
none,P2_LARGEST,e2b21469-dfb9-471a-86e2-66b95f5ac7d3,12046,24648,1,1428,23220,0
none,P2_LARGEST,e2b21469-dfb9-471a-86e2-66b95f5ac7d3,12246,24164,0,0,24164,0
none,P2_LARGEST,e2b21469-dfb9-471a-86e2-66b95f5ac7d3,12388,25059,2,2563,22496,0
none,P2_LARGEST,e2b21469-dfb9-471a-86e2-66b95f5ac7d3,13218,26487,3,3059,23428,0
none,P2_LARGEST,e2b21469-dfb9-471a-86e2-66b95f5ac7d3,14159,25480,1,3152,22328,0
none,P2_LARGEST,e2b21469-dfb9-471a-86e2-66b95f5ac7d3,14539,23675,0,0,23675,0
none,P2_LARGEST,e2b21469-dfb9-471a-86e2-66b95f5ac7d3,14642,24956,2,1721,23235,0
none,P2_LARGEST,e2b21469-dfb9-471a-86e2-66b95f5ac7d3,16858,23969,0,0,23969,0
none,P2_LARGEST,e2b21469-dfb9-471a-86e2-66b95f5ac7d3,21023,29501,12,6117,23384,0
none,P2_LARGEST,e2b21469-dfb9-471a-86e2-66b95f5ac7d3,24661,27591,6,4060,23531,0
none,P2_LARGEST,e2b21469-dfb9-471a-86e2-66b95f5ac7d3,25110,30957,2,7745,23212,0
none,P2_LARGEST,e2b21469-dfb9-471a-86e2-66b95f5ac7d3,28370,28027,2,6219,21808,0
none,P2_LARGEST,e2b21469-dfb9-471a-86e2-66b95f5ac7d3,29250,30419,3,7518,22901,0
none,P2_LARGEST,e2b21469-dfb9-471a-86e2-66b95f5ac7d3,30031,24563,0,0,24563,0
none,P2_LARGEST,e2b21469-dfb9-471a-86e2-66b95f5ac7d3,30352,25901,1,2999,22902,0
none,P2_LARGEST,e2b21469-dfb9-471a-86e2-66b95f5ac7d3,30993,23621,0,0,23621,0
none,P2_LARGEST,e2b21469-dfb9-471a-86e2-66b95f5ac7d3,32013,24527,0,0,24527,0
none,P2_LARGEST,e2b21469-dfb9-471a-86e2-66b95f5ac7d3,32473,29017,7,5781,23236,0
none,P2_LARGEST,e2b21469-dfb9-471a-86e2-66b95f5ac7d3,32997,23982,0,0,23982,0
none,P2_LARGEST,e2b21469-dfb9-471a-86e2-66b95f5ac7d3,33235,24549,0,0,24549,0
none,P2_LARGEST,e2b21469-dfb9-471a-86e2-66b95f5ac7d3,36507,25687,1,3358,22329,0
none,P2_LARGEST,e2b21469-dfb9-471a-86e2-66b95f5ac7d3,37378,32092,14,8641,23451,0
none,P2_LARGEST,e2b21469-dfb9-471a-86e2-66b95f5ac7d3,39104,28035,2,5932,22103,0
none,P2_LARGEST,e2b21469-dfb9-471a-86e2-66b95f5ac7d3,42400,26564,1,3612,22952,0
none,P2_LARGEST,e2b21469-dfb9-471a-86e2-66b95f5ac7d3,43703,30892,12,7317,23575,0
none,P2_LARGEST,e2b21469-dfb9-471a-86e2-66b95f5ac7d3,44741,25096,1,4448,20648,0
none,P2_LARGEST,e2b21469-dfb9-471a-86e2-66b95f5ac7d3,44948,21892,0,0,21892,0
none,P2_LARGEST,e2b21469-dfb9-471a-86e2-66b95f5ac7d3,45263,22178,0,0,22178,0
none,P2_LARGEST,e2b21469-dfb9-471a-86e2-66b95f5ac7d3,45427,22609,0,0,22609,0
none,P2_LARGEST,e2b21469-dfb9-471a-86e2-66b95f5ac7d3,45845,28232,2,4718,23514,0
none,P2_LARGEST,e2b21469-dfb9-471a-86e2-66b95f5ac7d3,46155,24102,0,0,24102,0
none,P2_LARGEST,e2b21469-dfb9-471a-86e2-66b95f5ac7d3,46625,24442,0,0,24442,0
none,P2_LARGEST,e2b21469-dfb9-471a-86e2-66b95f5ac7d3,47538,25267,1,5420,19847,0
none,P2_LARGEST,e2b21469-dfb9-471a-86e2-66b95f5ac7d3,49873,21427,0,0,21427,0
none,P2_LARGEST,e2b21469-dfb9-471a-86e2-66b95f5ac7d3,50466,28908,5,5521,23387,0
none,P2_LARGEST,e2b21469-dfb9-471a-86e2-66b95f5ac7d3,50655,24083,0,0,24083,0
none,P2_LARGEST,e2b21469-dfb9-471a-86e2-66b95f5ac7d3,50904,25163,1,4929,20234,0
none,P2_LARGEST,e2b21469-dfb9-471a-86e2-66b95f5ac7d3,51489,20502,0,0,20502,0
none,P2_LARGEST,e2b21469-dfb9-471a-86e2-66b95f5ac7d3,54490,21367,0,0,21367,0
none,P2_LARGEST,e2b21469-dfb9-471a-86e2-66b95f5ac7d3,54933,29734,7,6202,23532,0
none,P2_LARGEST,e2b21469-dfb9-471a-86e2-66b95f5ac7d3,57047,24617,1,5031,19586,0
none,P2_LARGEST,e2b21469-dfb9-471a-86e2-66b95f5ac7d3,57093,26720,14,3306,23414,0
none,P2_LARGEST,e2b21469-dfb9-471a-86e2-66b95f5ac7d3,57167,34705,64,10388,24317,0
none,P2_LARGEST,e2b21469-dfb9-471a-86e2-66b95f5ac7d3,57252,34116,2,11218,22898,0
none,P2_LARGEST,e2b21469-dfb9-471a-86e2-66b95f5ac7d3,57346,31145,1,7932,23213,0
none,P2_LARGEST,e2b21469-dfb9-471a-86e2-66b95f5ac7d3,57448,34118,7,10074,24044,0
none,P2_LARGEST,e2b21469-dfb9-471a-86e2-66b95f5ac7d3,61193,26972,1,4497,22475,0
none,P2_LARGEST,e2b21469-dfb9-471a-86e2-66b95f5ac7d3,61319,32770,3,11028,21742,0
none,P2_LARGEST,e2b21469-dfb9-471a-86e2-66b95f5ac7d3,61617,21874,0,0,21874,0
none,P2_LARGEST,e2b21469-dfb9-471a-86e2-66b95f5ac7d3,61879,22460,0,0,22460,0
none,P2_LARGEST,e2b21469-dfb9-471a-86e2-66b95f5ac7d3,62303,23097,0,0,23097,0
none,P2_LARGEST,e2b21469-dfb9-471a-86e2-66b95f5ac7d3,62798,23572,0,0,23572,0
none,P2_LARGEST,e2b21469-dfb9-471a-86e2-66b95f5ac7d3,62917,24137,0,0,24137,0
none,P2_LARGEST,e2b21469-dfb9-471a-86e2-66b95f5ac7d3,70746,24348,0,0,24348,0
none,P2_LARGEST,e2b21469-dfb9-471a-86e2-66b95f5ac7d3,75056,32600,5,9067,23533,0
none,P2_LARGEST,e2b21469-dfb9-471a-86e2-66b95f5ac7d3,75159,32868,2,9643,23225,0
none,P2_LARGEST,e2b21469-dfb9-471a-86e2-66b95f5ac7d3,78256,24257,0,0,24257,0
none,P2_LARGEST,e2b21469-dfb9-471a-86e2-66b95f5ac7d3,80795,27536,1,4612,22924,0
none,P2_LARGEST,e2b21469-dfb9-471a-86e2-66b95f5ac7d3,81177,30122,3,7125,22997,0
none,P2_LARGEST,e2b21469-dfb9-471a-86e2-66b95f5ac7d3,81612,23580,0,0,23580,0
none,P2_LARGEST,e2b21469-dfb9-471a-86e2-66b95f5ac7d3,81821,24037,0,0,24037,0
none,P2_LARGEST,e2b21469-dfb9-471a-86e2-66b95f5ac7d3,82236,24431,0,0,24431,0
none,P2_LARGEST,e2b21469-dfb9-471a-86e2-66b95f5ac7d3,82744,24885,1,4436,20449,0
none,P2_LARGEST,e2b21469-dfb9-471a-86e2-66b95f5ac7d3,82951,21098,0,0,21098,0
none,P2_LARGEST,e2b21469-dfb9-471a-86e2-66b95f5ac7d3,83085,21495,0,0,21495,0
none,P2_LARGEST,e2b21469-dfb9-471a-86e2-66b95f5ac7d3,83349,21652,0,0,21652,0
none,P2_LARGEST,e2b21469-dfb9-471a-86e2-66b95f5ac7d3,83658,21943,0,0,21943,0
none,P2_LARGEST,e2b21469-dfb9-471a-86e2-66b95f5ac7d3,84037,22551,0,0,22551,0
none,P2_LARGEST,e2b21469-dfb9-471a-86e2-66b95f5ac7d3,84522,29066,9,5546,23520,0
none,P2_LARGEST,e2b21469-dfb9-471a-86e2-66b95f5ac7d3,84713,24083,0,0,24083,0
none,P2_LARGEST,e2b21469-dfb9-471a-86e2-66b95f5ac7d3,84910,24266,0,0,24266,0
none,P2_LARGEST,e2b21469-dfb9-471a-86e2-66b95f5ac7d3,85511,25319,1,3910,21409,0
none,P2_LARGEST,e2b21469-dfb9-471a-86e2-66b95f5ac7d3,85657,22052,0,0,22052,0
none,P2_LARGEST,e2b21469-dfb9-471a-86e2-66b95f5ac7d3,85706,22207,0,0,22207,0
none,P2_LARGEST,e2b21469-dfb9-471a-86e2-66b95f5ac7d3,86404,22324,0,0,22324,0
none,P2_LARGEST,e2b21469-dfb9-471a-86e2-66b95f5ac7d3,86867,23084,0,0,23084,0
none,P2_LARGEST,e2b21469-dfb9-471a-86e2-66b95f5ac7d3,87936,23699,0,0,23699,0
none,P2_LARGEST,e2b21469-dfb9-471a-86e2-66b95f5ac7d3,89645,24847,1,2182,22665,0
none,P2_LARGEST,e2b21469-dfb9-471a-86e2-66b95f5ac7d3,90011,28874,11,5373,23501,0
none,P2_LARGEST,e2b21469-dfb9-471a-86e2-66b95f5ac7d3,93094,26897,1,4078,22819,0
none,P2_LARGEST,e2b21469-dfb9-471a-86e2-66b95f5ac7d3,93574,34058,23,10502,23556,0
none,P2_LARGEST,e2b21469-dfb9-471a-86e2-66b95f5ac7d3,93691,24284,0,0,24284,0
none,P2_LARGEST,e2b21469-dfb9-471a-86e2-66b95f5ac7d3,98775,25892,1,4603,21289,0
none,P2_LARGEST,e2b21469-dfb9-471a-86e2-66b95f5ac7d3,98862,30776,27,6263,24513,0
none,P2_LARGEST,e2b21469-dfb9-471a-86e2-66b95f5ac7d3,99046,25222,1,5374,19848,0
none,P2_LARGEST,e2b21469-dfb9-471a-86e2-66b95f5ac7d3,99215,20075,0,0,20075,0
none,P2_LARGEST,e2b21469-dfb9-471a-86e2-66b95f5ac7d3,99416,20252,0,0,20252,0
none,P2_LARGEST,e2b21469-dfb9-471a-86e2-66b95f5ac7d3,99566,20781,0,0,20781,0
none,P2_LARGEST,e2b21469-dfb9-471a-86e2-66b95f5ac7d3,100825,21299,0,0,21299,0
none,P2_LARGEST,e2b21469-dfb9-471a-86e2-66b95f5ac7d3,101118,23292,0,0,23292,0
none,P2_LARGEST,e2b21469-dfb9-471a-86e2-66b95f5ac7d3,101430,23893,0,0,23893,0
none,P2_LARGEST,e2b21469-dfb9-471a-86e2-66b95f5ac7d3,101843,25956,1,4031,21925,0
none,P2_LARGEST,e2b21469-dfb9-471a-86e2-66b95f5ac7d3,101911,22592,0,0,22592,0
none,P2_LARGEST,e2b21469-dfb9-471a-86e2-66b95f5ac7d3,102933,23144,0,0,23144,0
none,P2_LARGEST,e2b21469-dfb9-471a-86e2-66b95f5ac7d3,103065,24169,0,0,24169,0
none,P2_LARGEST,e2b21469-dfb9-471a-86e2-66b95f5ac7d3,103202,24306,0,0,24306,0
none,P2_LARGEST,e2b21469-dfb9-471a-86e2-66b95f5ac7d3,104408,24502,0,0,24502,0
none,P2_LARGEST,e2b21469-dfb9-471a-86e2-66b95f5ac7d3,104578,26320,3,3231,23089,0
none,P2_LARGEST,e2b21469-dfb9-471a-86e2-66b95f5ac7d3,105511,26139,3,2672,23467,0
none,P2_LARGEST,e2b21469-dfb9-471a-86e2-66b95f5ac7d3,105565,24514,0,0,24514,0
none,P2_LARGEST,e2b21469-dfb9-471a-86e2-66b95f5ac7d3,107367,24634,1,2724,21910,0
none,P2_LARGEST,e2b21469-dfb9-471a-86e2-66b95f5ac7d3,107447,24704,2,1476,23228,0
none,P2_LARGEST,e2b21469-dfb9-471a-86e2-66b95f5ac7d3,108562,23677,0,0,23677,0
none,P2_LARGEST,e2b21469-dfb9-471a-86e2-66b95f5ac7d3,109421,28025,6,4486,23539,0
none,P2_LARGEST,e2b21469-dfb9-471a-86e2-66b95f5ac7d3,109599,24491,0,0,24491,0
none,P2_LARGEST,e2b21469-dfb9-471a-86e2-66b95f5ac7d3,109842,24790,1,3111,21679,0
none,P2_LARGEST,e2b21469-dfb9-471a-86e2-66b95f5ac7d3,110791,21944,0,0,21944,0
none,P2_LARGEST,e2b21469-dfb9-471a-86e2-66b95f5ac7d3,110960,22991,0,0,22991,0
none,P2_LARGEST,e2b21469-dfb9-471a-86e2-66b95f5ac7d3,111164,23169,0,0,23169,0
none,P2_LARGEST,e2b21469-dfb9-471a-86e2-66b95f5ac7d3,112323,23549,0,0,23549,0
none,P2_LARGEST,e2b21469-dfb9-471a-86e2-66b95f5ac7d3,113665,24982,2,2144,22838,0
none,P2_LARGEST,e2b21469-dfb9-471a-86e2-66b95f5ac7d3,113973,28018,11,4448,23570,0
none,P2_LARGEST,e2b21469-dfb9-471a-86e2-66b95f5ac7d3,114181,23996,0,0,23996,0
none,P2_LARGEST,e2b21469-dfb9-471a-86e2-66b95f5ac7d3,114541,24287,0,0,24287,0
none,P2_LARGEST,e2b21469-dfb9-471a-86e2-66b95f5ac7d3,117161,27475,2,5128,22347,0
none,P2_LARGEST,e2b21469-dfb9-471a-86e2-66b95f5ac7d3,120403,29659,5,6240,23419,0
none,P2_LARGEST,e2b21469-dfb9-471a-86e2-66b95f5ac7d3,120551,26645,1,4228,22417,0
none,P2_LARGEST,e2b21469-dfb9-471a-86e2-66b95f5ac7d3,121050,22597,0,0,22597,0
none,P2_LARGEST,e2b21469-dfb9-471a-86e2-66b95f5ac7d3,122307,33639,32,10065,23574,0
none,P2_LARGEST,e2b21469-dfb9-471a-86e2-66b95f5ac7d3,125537,26758,1,4896,21862,0
none,P2_LARGEST,e2b21469-dfb9-471a-86e2-66b95f5ac7d3,128700,29897,16,5076,24821,1
none,P2_LARGEST,e2b21469-dfb9-471a-86e2-66b95f5ac7d3,131747,28713,2,3855,24858,1
none,P2_LARGEST,e2b21469-dfb9-471a-86e2-66b95f5ac7d3,134931,35185,3,7972,27213,1
none,P2_LARGEST,e2b21469-dfb9-471a-86e2-66b95f5ac7d3,138198,36417,4,13451,22966,0
none,P2_LARGEST,e2b21469-dfb9-471a-86e2-66b95f5ac7d3,142241,33853,3,5940,27913,1
none,P2_LARGEST,e2b21469-dfb9-471a-86e2-66b95f5ac7d3,142313,37947,3,10827,27120,1
none,P2_LARGEST,e2b21469-dfb9-471a-86e2-66b95f5ac7d3,147908,29253,1,5734,23519,0
none,P2_LARGEST,e2b21469-dfb9-471a-86e2-66b95f5ac7d3,155800,32645,5,6313,26332,1
none,P2_LARGEST,e2b21469-dfb9-471a-86e2-66b95f5ac7d3,161700,29409,1,6035,23374,0
2000,P2_LARGEST,e52d9ac2-f40b-40f6-8194-e16a9ad8646a,114,10207,0,0,10207,0
2000,P2_LARGEST,e52d9ac2-f40b-40f6-8194-e16a9ad8646a,264,10983,0,0,10983,0
2000,P2_LARGEST,e52d9ac2-f40b-40f6-8194-e16a9ad8646a,463,12800,0,0,12800,0
2000,P2_LARGEST,e52d9ac2-f40b-40f6-8194-e16a9ad8646a,644,14210,0,0,14210,0
2000,P2_LARGEST,e52d9ac2-f40b-40f6-8194-e16a9ad8646a,1119,14902,0,0,14902,0
2000,P2_LARGEST,e52d9ac2-f40b-40f6-8194-e16a9ad8646a,1601,16492,0,0,16492,0
2000,P2_LARGEST,e52d9ac2-f40b-40f6-8194-e16a9ad8646a,1758,18152,0,0,18152,0
2000,P2_LARGEST,e52d9ac2-f40b-40f6-8194-e16a9ad8646a,2166,18541,0,0,18541,0
2000,P2_LARGEST,e52d9ac2-f40b-40f6-8194-e16a9ad8646a,2460,19452,0,0,19452,0
2000,P2_LARGEST,e52d9ac2-f40b-40f6-8194-e16a9ad8646a,2693,21566,0,0,21566,0
2000,P2_LARGEST,e52d9ac2-f40b-40f6-8194-e16a9ad8646a,3148,21872,0,0,21872,0
2000,P2_LARGEST,e52d9ac2-f40b-40f6-8194-e16a9ad8646a,4193,23004,0,0,23004,0
2000,P2_LARGEST,e52d9ac2-f40b-40f6-8194-e16a9ad8646a,4717,24479,0,0,24479,0
2000,P2_LARGEST,e52d9ac2-f40b-40f6-8194-e16a9ad8646a,6184,25553,0,0,25553,0
2000,P2_LARGEST,e52d9ac2-f40b-40f6-8194-e16a9ad8646a,7217,27679,0,0,27679,0
2000,P2_LARGEST,e52d9ac2-f40b-40f6-8194-e16a9ad8646a,8337,29737,0,0,29737,0
2000,P2_LARGEST,e52d9ac2-f40b-40f6-8194-e16a9ad8646a,9155,31063,0,0,31063,0
2000,P2_LARGEST,e52d9ac2-f40b-40f6-8194-e16a9ad8646a,9354,31929,0,0,31929,0
2000,P2_LARGEST,e52d9ac2-f40b-40f6-8194-e16a9ad8646a,9897,32701,0,0,32701,0
2000,P2_LARGEST,e52d9ac2-f40b-40f6-8194-e16a9ad8646a,10967,33562,0,0,33562,0
2000,P2_LARGEST,e52d9ac2-f40b-40f6-8194-e16a9ad8646a,11924,35906,0,0,35906,0
2000,P2_LARGEST,e52d9ac2-f40b-40f6-8194-e16a9ad8646a,13339,37291,0,0,37291,0
2000,P2_LARGEST,e52d9ac2-f40b-40f6-8194-e16a9ad8646a,15413,40048,0,0,40048,0
2000,P2_LARGEST,e52d9ac2-f40b-40f6-8194-e16a9ad8646a,16475,43326,0,0,43326,0
2000,P2_LARGEST,e52d9ac2-f40b-40f6-8194-e16a9ad8646a,16995,44681,0,0,44681,0
2000,P2_LARGEST,e52d9ac2-f40b-40f6-8194-e16a9ad8646a,18325,45712,0,0,45712,0
2000,P2_LARGEST,e52d9ac2-f40b-40f6-8194-e16a9ad8646a,19178,47955,0,0,47955,0
2000,P2_LARGEST,e52d9ac2-f40b-40f6-8194-e16a9ad8646a,20051,49637,0,0,49637,0
2000,P2_LARGEST,e52d9ac2-f40b-40f6-8194-e16a9ad8646a,20569,54112,0,0,54112,0
2000,P2_LARGEST,e52d9ac2-f40b-40f6-8194-e16a9ad8646a,21084,56067,0,0,56067,0
2000,P2_LARGEST,e52d9ac2-f40b-40f6-8194-e16a9ad8646a,26901,57780,0,0,57780,0
2000,P2_LARGEST,e52d9ac2-f40b-40f6-8194-e16a9ad8646a,27084,67792,0,0,67792,0
2000,P2_LARGEST,e52d9ac2-f40b-40f6-8194-e16a9ad8646a,27967,68087,0,0,68087,0
4000,P2_LARGEST,e52d9ac2-f40b-40f6-8194-e16a9ad8646a,114,10207,0,0,10207,0
4000,P2_LARGEST,e52d9ac2-f40b-40f6-8194-e16a9ad8646a,264,10983,0,0,10983,0
4000,P2_LARGEST,e52d9ac2-f40b-40f6-8194-e16a9ad8646a,463,12800,0,0,12800,0
4000,P2_LARGEST,e52d9ac2-f40b-40f6-8194-e16a9ad8646a,644,15966,0,0,15966,0
4000,P2_LARGEST,e52d9ac2-f40b-40f6-8194-e16a9ad8646a,1119,19585,0,0,19585,0
4000,P2_LARGEST,e52d9ac2-f40b-40f6-8194-e16a9ad8646a,1601,23773,0,0,23773,0
4000,P2_LARGEST,e52d9ac2-f40b-40f6-8194-e16a9ad8646a,1758,25433,0,0,25433,0
4000,P2_LARGEST,e52d9ac2-f40b-40f6-8194-e16a9ad8646a,2166,25822,0,0,25822,0
4000,P2_LARGEST,e52d9ac2-f40b-40f6-8194-e16a9ad8646a,2460,26733,0,0,26733,0
4000,P2_LARGEST,e52d9ac2-f40b-40f6-8194-e16a9ad8646a,2693,28847,0,0,28847,0
4000,P2_LARGEST,e52d9ac2-f40b-40f6-8194-e16a9ad8646a,3148,29153,0,0,29153,0
4000,P2_LARGEST,e52d9ac2-f40b-40f6-8194-e16a9ad8646a,4193,30285,0,0,30285,0
4000,P2_LARGEST,e52d9ac2-f40b-40f6-8194-e16a9ad8646a,4717,31760,0,0,31760,0
4000,P2_LARGEST,e52d9ac2-f40b-40f6-8194-e16a9ad8646a,6184,35135,0,0,35135,0
4000,P2_LARGEST,e52d9ac2-f40b-40f6-8194-e16a9ad8646a,7217,37261,0,0,37261,0
4000,P2_LARGEST,e52d9ac2-f40b-40f6-8194-e16a9ad8646a,8337,39319,0,0,39319,0
4000,P2_LARGEST,e52d9ac2-f40b-40f6-8194-e16a9ad8646a,9155,40645,0,0,40645,0
4000,P2_LARGEST,e52d9ac2-f40b-40f6-8194-e16a9ad8646a,9354,41511,0,0,41511,0
4000,P2_LARGEST,e52d9ac2-f40b-40f6-8194-e16a9ad8646a,9897,42283,0,0,42283,0
4000,P2_LARGEST,e52d9ac2-f40b-40f6-8194-e16a9ad8646a,10967,43144,0,0,43144,0
4000,P2_LARGEST,e52d9ac2-f40b-40f6-8194-e16a9ad8646a,11924,45488,0,0,45488,0
4000,P2_LARGEST,e52d9ac2-f40b-40f6-8194-e16a9ad8646a,13339,46873,0,0,46873,0
4000,P2_LARGEST,e52d9ac2-f40b-40f6-8194-e16a9ad8646a,15413,49630,0,0,49630,0
4000,P2_LARGEST,e52d9ac2-f40b-40f6-8194-e16a9ad8646a,16475,52908,0,0,52908,0
4000,P2_LARGEST,e52d9ac2-f40b-40f6-8194-e16a9ad8646a,16995,54263,0,0,54263,0
4000,P2_LARGEST,e52d9ac2-f40b-40f6-8194-e16a9ad8646a,18325,55294,0,0,55294,0
4000,P2_LARGEST,e52d9ac2-f40b-40f6-8194-e16a9ad8646a,19178,57537,0,0,57537,0
4000,P2_LARGEST,e52d9ac2-f40b-40f6-8194-e16a9ad8646a,20051,59219,0,0,59219,0
4000,P2_LARGEST,e52d9ac2-f40b-40f6-8194-e16a9ad8646a,20569,67671,0,0,67671,0
4000,P2_LARGEST,e52d9ac2-f40b-40f6-8194-e16a9ad8646a,21084,69626,0,0,69626,0
4000,P2_LARGEST,e52d9ac2-f40b-40f6-8194-e16a9ad8646a,26901,71339,0,0,71339,0
4000,P2_LARGEST,e52d9ac2-f40b-40f6-8194-e16a9ad8646a,27084,81351,0,0,81351,0
4000,P2_LARGEST,e52d9ac2-f40b-40f6-8194-e16a9ad8646a,27967,81646,0,0,81646,0
8000,P2_LARGEST,e52d9ac2-f40b-40f6-8194-e16a9ad8646a,114,10207,0,0,10207,0
8000,P2_LARGEST,e52d9ac2-f40b-40f6-8194-e16a9ad8646a,264,15198,0,0,15198,0
8000,P2_LARGEST,e52d9ac2-f40b-40f6-8194-e16a9ad8646a,463,17015,0,0,17015,0
8000,P2_LARGEST,e52d9ac2-f40b-40f6-8194-e16a9ad8646a,644,20181,0,0,20181,0
8000,P2_LARGEST,e52d9ac2-f40b-40f6-8194-e16a9ad8646a,1119,23800,0,0,23800,0
8000,P2_LARGEST,e52d9ac2-f40b-40f6-8194-e16a9ad8646a,1601,27988,0,0,27988,0
8000,P2_LARGEST,e52d9ac2-f40b-40f6-8194-e16a9ad8646a,1758,29648,0,0,29648,0
8000,P2_LARGEST,e52d9ac2-f40b-40f6-8194-e16a9ad8646a,2166,30037,0,0,30037,0
8000,P2_LARGEST,e52d9ac2-f40b-40f6-8194-e16a9ad8646a,2460,30948,0,0,30948,0
8000,P2_LARGEST,e52d9ac2-f40b-40f6-8194-e16a9ad8646a,2693,33062,0,0,33062,0
8000,P2_LARGEST,e52d9ac2-f40b-40f6-8194-e16a9ad8646a,3148,33368,0,0,33368,0
8000,P2_LARGEST,e52d9ac2-f40b-40f6-8194-e16a9ad8646a,4193,34500,0,0,34500,0
8000,P2_LARGEST,e52d9ac2-f40b-40f6-8194-e16a9ad8646a,4717,35975,0,0,35975,0
8000,P2_LARGEST,e52d9ac2-f40b-40f6-8194-e16a9ad8646a,6184,39350,0,0,39350,0
8000,P2_LARGEST,e52d9ac2-f40b-40f6-8194-e16a9ad8646a,7217,41476,0,0,41476,0
8000,P2_LARGEST,e52d9ac2-f40b-40f6-8194-e16a9ad8646a,8337,43534,0,0,43534,0
8000,P2_LARGEST,e52d9ac2-f40b-40f6-8194-e16a9ad8646a,9155,44860,0,0,44860,0
8000,P2_LARGEST,e52d9ac2-f40b-40f6-8194-e16a9ad8646a,9354,45726,0,0,45726,0
8000,P2_LARGEST,e52d9ac2-f40b-40f6-8194-e16a9ad8646a,9897,46498,0,0,46498,0
8000,P2_LARGEST,e52d9ac2-f40b-40f6-8194-e16a9ad8646a,10967,47359,0,0,47359,0
8000,P2_LARGEST,e52d9ac2-f40b-40f6-8194-e16a9ad8646a,11924,49703,0,0,49703,0
8000,P2_LARGEST,e52d9ac2-f40b-40f6-8194-e16a9ad8646a,13339,51088,0,0,51088,0
8000,P2_LARGEST,e52d9ac2-f40b-40f6-8194-e16a9ad8646a,15413,53845,0,0,53845,0
8000,P2_LARGEST,e52d9ac2-f40b-40f6-8194-e16a9ad8646a,16475,57123,0,0,57123,0
8000,P2_LARGEST,e52d9ac2-f40b-40f6-8194-e16a9ad8646a,16995,58478,0,0,58478,0
8000,P2_LARGEST,e52d9ac2-f40b-40f6-8194-e16a9ad8646a,18325,59509,0,0,59509,0
8000,P2_LARGEST,e52d9ac2-f40b-40f6-8194-e16a9ad8646a,19178,61752,0,0,61752,0
8000,P2_LARGEST,e52d9ac2-f40b-40f6-8194-e16a9ad8646a,20051,63434,0,0,63434,0
8000,P2_LARGEST,e52d9ac2-f40b-40f6-8194-e16a9ad8646a,20569,71886,0,0,71886,0
8000,P2_LARGEST,e52d9ac2-f40b-40f6-8194-e16a9ad8646a,21084,73841,0,0,73841,0
8000,P2_LARGEST,e52d9ac2-f40b-40f6-8194-e16a9ad8646a,26901,75554,0,0,75554,0
8000,P2_LARGEST,e52d9ac2-f40b-40f6-8194-e16a9ad8646a,27084,85566,1,4715,80851,0
8000,P2_LARGEST,e52d9ac2-f40b-40f6-8194-e16a9ad8646a,27967,81146,0,0,81146,0
none,P2_LARGEST,e52d9ac2-f40b-40f6-8194-e16a9ad8646a,114,10207,0,0,10207,0
none,P2_LARGEST,e52d9ac2-f40b-40f6-8194-e16a9ad8646a,264,15198,0,0,15198,0
none,P2_LARGEST,e52d9ac2-f40b-40f6-8194-e16a9ad8646a,463,17015,0,0,17015,0
none,P2_LARGEST,e52d9ac2-f40b-40f6-8194-e16a9ad8646a,644,20181,0,0,20181,0
none,P2_LARGEST,e52d9ac2-f40b-40f6-8194-e16a9ad8646a,1119,23800,0,0,23800,0
none,P2_LARGEST,e52d9ac2-f40b-40f6-8194-e16a9ad8646a,1601,27988,0,0,27988,0
none,P2_LARGEST,e52d9ac2-f40b-40f6-8194-e16a9ad8646a,1758,29648,0,0,29648,0
none,P2_LARGEST,e52d9ac2-f40b-40f6-8194-e16a9ad8646a,2166,30037,0,0,30037,0
none,P2_LARGEST,e52d9ac2-f40b-40f6-8194-e16a9ad8646a,2460,30948,0,0,30948,0
none,P2_LARGEST,e52d9ac2-f40b-40f6-8194-e16a9ad8646a,2693,33062,0,0,33062,0
none,P2_LARGEST,e52d9ac2-f40b-40f6-8194-e16a9ad8646a,3148,33368,0,0,33368,0
none,P2_LARGEST,e52d9ac2-f40b-40f6-8194-e16a9ad8646a,4193,34500,0,0,34500,0
none,P2_LARGEST,e52d9ac2-f40b-40f6-8194-e16a9ad8646a,4717,35975,0,0,35975,0
none,P2_LARGEST,e52d9ac2-f40b-40f6-8194-e16a9ad8646a,6184,39350,0,0,39350,0
none,P2_LARGEST,e52d9ac2-f40b-40f6-8194-e16a9ad8646a,7217,41476,0,0,41476,0
none,P2_LARGEST,e52d9ac2-f40b-40f6-8194-e16a9ad8646a,8337,43534,0,0,43534,0
none,P2_LARGEST,e52d9ac2-f40b-40f6-8194-e16a9ad8646a,9155,44860,0,0,44860,0
none,P2_LARGEST,e52d9ac2-f40b-40f6-8194-e16a9ad8646a,9354,45726,0,0,45726,0
none,P2_LARGEST,e52d9ac2-f40b-40f6-8194-e16a9ad8646a,9897,46498,0,0,46498,0
none,P2_LARGEST,e52d9ac2-f40b-40f6-8194-e16a9ad8646a,10967,47359,0,0,47359,0
none,P2_LARGEST,e52d9ac2-f40b-40f6-8194-e16a9ad8646a,11924,49703,0,0,49703,0
none,P2_LARGEST,e52d9ac2-f40b-40f6-8194-e16a9ad8646a,13339,51088,0,0,51088,0
none,P2_LARGEST,e52d9ac2-f40b-40f6-8194-e16a9ad8646a,15413,53845,0,0,53845,0
none,P2_LARGEST,e52d9ac2-f40b-40f6-8194-e16a9ad8646a,16475,57123,0,0,57123,0
none,P2_LARGEST,e52d9ac2-f40b-40f6-8194-e16a9ad8646a,16995,58478,0,0,58478,0
none,P2_LARGEST,e52d9ac2-f40b-40f6-8194-e16a9ad8646a,18325,59509,0,0,59509,0
none,P2_LARGEST,e52d9ac2-f40b-40f6-8194-e16a9ad8646a,19178,61752,0,0,61752,0
none,P2_LARGEST,e52d9ac2-f40b-40f6-8194-e16a9ad8646a,20051,63434,0,0,63434,0
none,P2_LARGEST,e52d9ac2-f40b-40f6-8194-e16a9ad8646a,20569,71886,0,0,71886,0
none,P2_LARGEST,e52d9ac2-f40b-40f6-8194-e16a9ad8646a,21084,73841,0,0,73841,0
none,P2_LARGEST,e52d9ac2-f40b-40f6-8194-e16a9ad8646a,26901,75554,0,0,75554,0
none,P2_LARGEST,e52d9ac2-f40b-40f6-8194-e16a9ad8646a,27084,85566,1,4715,80851,0
none,P2_LARGEST,e52d9ac2-f40b-40f6-8194-e16a9ad8646a,27967,81146,0,0,81146,0
2000,P2_LARGEST,e64f203e-4494-4749-99e3-bb9423374517,53,9297,0,0,9297,0
2000,P2_LARGEST,e64f203e-4494-4749-99e3-bb9423374517,91,9933,0,0,9933,0
2000,P2_LARGEST,e64f203e-4494-4749-99e3-bb9423374517,187,10227,0,0,10227,0
2000,P2_LARGEST,e64f203e-4494-4749-99e3-bb9423374517,287,10336,0,0,10336,0
2000,P2_LARGEST,e64f203e-4494-4749-99e3-bb9423374517,352,11041,0,0,11041,0
2000,P2_LARGEST,e64f203e-4494-4749-99e3-bb9423374517,495,11796,0,0,11796,0
2000,P2_LARGEST,e64f203e-4494-4749-99e3-bb9423374517,764,13137,0,0,13137,0
4000,P2_LARGEST,e64f203e-4494-4749-99e3-bb9423374517,53,9297,0,0,9297,0
4000,P2_LARGEST,e64f203e-4494-4749-99e3-bb9423374517,91,9933,0,0,9933,0
4000,P2_LARGEST,e64f203e-4494-4749-99e3-bb9423374517,187,10227,0,0,10227,0
4000,P2_LARGEST,e64f203e-4494-4749-99e3-bb9423374517,287,10336,0,0,10336,0
4000,P2_LARGEST,e64f203e-4494-4749-99e3-bb9423374517,352,11041,0,0,11041,0
4000,P2_LARGEST,e64f203e-4494-4749-99e3-bb9423374517,495,11796,0,0,11796,0
4000,P2_LARGEST,e64f203e-4494-4749-99e3-bb9423374517,764,13137,0,0,13137,0
8000,P2_LARGEST,e64f203e-4494-4749-99e3-bb9423374517,53,9297,0,0,9297,0
8000,P2_LARGEST,e64f203e-4494-4749-99e3-bb9423374517,91,9933,0,0,9933,0
8000,P2_LARGEST,e64f203e-4494-4749-99e3-bb9423374517,187,10227,0,0,10227,0
8000,P2_LARGEST,e64f203e-4494-4749-99e3-bb9423374517,287,10336,0,0,10336,0
8000,P2_LARGEST,e64f203e-4494-4749-99e3-bb9423374517,352,11041,0,0,11041,0
8000,P2_LARGEST,e64f203e-4494-4749-99e3-bb9423374517,495,11796,0,0,11796,0
8000,P2_LARGEST,e64f203e-4494-4749-99e3-bb9423374517,764,13137,0,0,13137,0
none,P2_LARGEST,e64f203e-4494-4749-99e3-bb9423374517,53,9297,0,0,9297,0
none,P2_LARGEST,e64f203e-4494-4749-99e3-bb9423374517,91,9933,0,0,9933,0
none,P2_LARGEST,e64f203e-4494-4749-99e3-bb9423374517,187,10227,0,0,10227,0
none,P2_LARGEST,e64f203e-4494-4749-99e3-bb9423374517,287,10336,0,0,10336,0
none,P2_LARGEST,e64f203e-4494-4749-99e3-bb9423374517,352,11041,0,0,11041,0
none,P2_LARGEST,e64f203e-4494-4749-99e3-bb9423374517,495,11796,0,0,11796,0
none,P2_LARGEST,e64f203e-4494-4749-99e3-bb9423374517,764,13137,0,0,13137,0
2000,P2_LARGEST,e6911e39-bd06-4fb5-ae6c-7dcd463fb35a,285,9983,0,0,9983,0
2000,P2_LARGEST,e6911e39-bd06-4fb5-ae6c-7dcd463fb35a,323,11252,0,0,11252,0
2000,P2_LARGEST,e6911e39-bd06-4fb5-ae6c-7dcd463fb35a,638,12102,0,0,12102,0
2000,P2_LARGEST,e6911e39-bd06-4fb5-ae6c-7dcd463fb35a,908,13066,0,0,13066,0
2000,P2_LARGEST,e6911e39-bd06-4fb5-ae6c-7dcd463fb35a,1186,14639,0,0,14639,0
2000,P2_LARGEST,e6911e39-bd06-4fb5-ae6c-7dcd463fb35a,1402,15319,0,0,15319,0
2000,P2_LARGEST,e6911e39-bd06-4fb5-ae6c-7dcd463fb35a,1536,15716,0,0,15716,0
2000,P2_LARGEST,e6911e39-bd06-4fb5-ae6c-7dcd463fb35a,1690,16154,0,0,16154,0
2000,P2_LARGEST,e6911e39-bd06-4fb5-ae6c-7dcd463fb35a,1769,16413,0,0,16413,0
2000,P2_LARGEST,e6911e39-bd06-4fb5-ae6c-7dcd463fb35a,2574,17472,0,0,17472,0
2000,P2_LARGEST,e6911e39-bd06-4fb5-ae6c-7dcd463fb35a,2663,19649,0,0,19649,0
2000,P2_LARGEST,e6911e39-bd06-4fb5-ae6c-7dcd463fb35a,3135,20108,0,0,20108,0
2000,P2_LARGEST,e6911e39-bd06-4fb5-ae6c-7dcd463fb35a,3298,20764,0,0,20764,0
2000,P2_LARGEST,e6911e39-bd06-4fb5-ae6c-7dcd463fb35a,3398,21030,0,0,21030,0
2000,P2_LARGEST,e6911e39-bd06-4fb5-ae6c-7dcd463fb35a,3830,21927,0,0,21927,0
2000,P2_LARGEST,e6911e39-bd06-4fb5-ae6c-7dcd463fb35a,4036,22426,0,0,22426,0
2000,P2_LARGEST,e6911e39-bd06-4fb5-ae6c-7dcd463fb35a,4369,23008,0,0,23008,0
2000,P2_LARGEST,e6911e39-bd06-4fb5-ae6c-7dcd463fb35a,4846,23588,0,0,23588,0
2000,P2_LARGEST,e6911e39-bd06-4fb5-ae6c-7dcd463fb35a,5181,24272,0,0,24272,0
2000,P2_LARGEST,e6911e39-bd06-4fb5-ae6c-7dcd463fb35a,5328,24617,0,0,24617,0
2000,P2_LARGEST,e6911e39-bd06-4fb5-ae6c-7dcd463fb35a,5576,24823,0,0,24823,0
2000,P2_LARGEST,e6911e39-bd06-4fb5-ae6c-7dcd463fb35a,5738,25642,0,0,25642,0
2000,P2_LARGEST,e6911e39-bd06-4fb5-ae6c-7dcd463fb35a,5978,26521,0,0,26521,0
2000,P2_LARGEST,e6911e39-bd06-4fb5-ae6c-7dcd463fb35a,6175,27135,0,0,27135,0
2000,P2_LARGEST,e6911e39-bd06-4fb5-ae6c-7dcd463fb35a,6357,27646,0,0,27646,0
2000,P2_LARGEST,e6911e39-bd06-4fb5-ae6c-7dcd463fb35a,8187,28004,0,0,28004,0
2000,P2_LARGEST,e6911e39-bd06-4fb5-ae6c-7dcd463fb35a,8418,30180,0,0,30180,0
2000,P2_LARGEST,e6911e39-bd06-4fb5-ae6c-7dcd463fb35a,8712,30788,0,0,30788,0
2000,P2_LARGEST,e6911e39-bd06-4fb5-ae6c-7dcd463fb35a,9228,31439,0,0,31439,0
2000,P2_LARGEST,e6911e39-bd06-4fb5-ae6c-7dcd463fb35a,13940,31937,0,0,31937,0
2000,P2_LARGEST,e6911e39-bd06-4fb5-ae6c-7dcd463fb35a,14125,36888,0,0,36888,0
2000,P2_LARGEST,e6911e39-bd06-4fb5-ae6c-7dcd463fb35a,14955,37057,0,0,37057,0
4000,P2_LARGEST,e6911e39-bd06-4fb5-ae6c-7dcd463fb35a,285,9983,0,0,9983,0
4000,P2_LARGEST,e6911e39-bd06-4fb5-ae6c-7dcd463fb35a,323,11252,0,0,11252,0
4000,P2_LARGEST,e6911e39-bd06-4fb5-ae6c-7dcd463fb35a,638,12102,0,0,12102,0
4000,P2_LARGEST,e6911e39-bd06-4fb5-ae6c-7dcd463fb35a,908,13066,0,0,13066,0
4000,P2_LARGEST,e6911e39-bd06-4fb5-ae6c-7dcd463fb35a,1186,14639,0,0,14639,0
4000,P2_LARGEST,e6911e39-bd06-4fb5-ae6c-7dcd463fb35a,1402,15319,0,0,15319,0
4000,P2_LARGEST,e6911e39-bd06-4fb5-ae6c-7dcd463fb35a,1536,15716,0,0,15716,0
4000,P2_LARGEST,e6911e39-bd06-4fb5-ae6c-7dcd463fb35a,1690,16154,0,0,16154,0
4000,P2_LARGEST,e6911e39-bd06-4fb5-ae6c-7dcd463fb35a,1769,16413,0,0,16413,0
4000,P2_LARGEST,e6911e39-bd06-4fb5-ae6c-7dcd463fb35a,2574,17472,0,0,17472,0
4000,P2_LARGEST,e6911e39-bd06-4fb5-ae6c-7dcd463fb35a,2663,19649,0,0,19649,0
4000,P2_LARGEST,e6911e39-bd06-4fb5-ae6c-7dcd463fb35a,3135,20108,0,0,20108,0
4000,P2_LARGEST,e6911e39-bd06-4fb5-ae6c-7dcd463fb35a,3298,20764,0,0,20764,0
4000,P2_LARGEST,e6911e39-bd06-4fb5-ae6c-7dcd463fb35a,3398,21030,0,0,21030,0
4000,P2_LARGEST,e6911e39-bd06-4fb5-ae6c-7dcd463fb35a,3830,21927,0,0,21927,0
4000,P2_LARGEST,e6911e39-bd06-4fb5-ae6c-7dcd463fb35a,4036,22426,0,0,22426,0
4000,P2_LARGEST,e6911e39-bd06-4fb5-ae6c-7dcd463fb35a,4369,23008,0,0,23008,0
4000,P2_LARGEST,e6911e39-bd06-4fb5-ae6c-7dcd463fb35a,4846,23588,0,0,23588,0
4000,P2_LARGEST,e6911e39-bd06-4fb5-ae6c-7dcd463fb35a,5181,24272,0,0,24272,0
4000,P2_LARGEST,e6911e39-bd06-4fb5-ae6c-7dcd463fb35a,5328,24617,0,0,24617,0
4000,P2_LARGEST,e6911e39-bd06-4fb5-ae6c-7dcd463fb35a,5576,24823,0,0,24823,0
4000,P2_LARGEST,e6911e39-bd06-4fb5-ae6c-7dcd463fb35a,5738,25642,0,0,25642,0
4000,P2_LARGEST,e6911e39-bd06-4fb5-ae6c-7dcd463fb35a,5978,26521,0,0,26521,0
4000,P2_LARGEST,e6911e39-bd06-4fb5-ae6c-7dcd463fb35a,6175,27135,0,0,27135,0
4000,P2_LARGEST,e6911e39-bd06-4fb5-ae6c-7dcd463fb35a,6357,27646,0,0,27646,0
4000,P2_LARGEST,e6911e39-bd06-4fb5-ae6c-7dcd463fb35a,8187,28004,0,0,28004,0
4000,P2_LARGEST,e6911e39-bd06-4fb5-ae6c-7dcd463fb35a,8418,30180,0,0,30180,0
4000,P2_LARGEST,e6911e39-bd06-4fb5-ae6c-7dcd463fb35a,8712,30788,0,0,30788,0
4000,P2_LARGEST,e6911e39-bd06-4fb5-ae6c-7dcd463fb35a,9228,31439,0,0,31439,0
4000,P2_LARGEST,e6911e39-bd06-4fb5-ae6c-7dcd463fb35a,13940,31937,0,0,31937,0
4000,P2_LARGEST,e6911e39-bd06-4fb5-ae6c-7dcd463fb35a,14125,36888,0,0,36888,0
4000,P2_LARGEST,e6911e39-bd06-4fb5-ae6c-7dcd463fb35a,14955,37057,0,0,37057,0
8000,P2_LARGEST,e6911e39-bd06-4fb5-ae6c-7dcd463fb35a,285,9983,0,0,9983,0
8000,P2_LARGEST,e6911e39-bd06-4fb5-ae6c-7dcd463fb35a,323,11252,0,0,11252,0
8000,P2_LARGEST,e6911e39-bd06-4fb5-ae6c-7dcd463fb35a,638,12102,0,0,12102,0
8000,P2_LARGEST,e6911e39-bd06-4fb5-ae6c-7dcd463fb35a,908,13066,0,0,13066,0
8000,P2_LARGEST,e6911e39-bd06-4fb5-ae6c-7dcd463fb35a,1186,14639,0,0,14639,0
8000,P2_LARGEST,e6911e39-bd06-4fb5-ae6c-7dcd463fb35a,1402,15319,0,0,15319,0
8000,P2_LARGEST,e6911e39-bd06-4fb5-ae6c-7dcd463fb35a,1536,15716,0,0,15716,0
8000,P2_LARGEST,e6911e39-bd06-4fb5-ae6c-7dcd463fb35a,1690,16154,0,0,16154,0
8000,P2_LARGEST,e6911e39-bd06-4fb5-ae6c-7dcd463fb35a,1769,16413,0,0,16413,0
8000,P2_LARGEST,e6911e39-bd06-4fb5-ae6c-7dcd463fb35a,2574,17472,0,0,17472,0
8000,P2_LARGEST,e6911e39-bd06-4fb5-ae6c-7dcd463fb35a,2663,19649,0,0,19649,0
8000,P2_LARGEST,e6911e39-bd06-4fb5-ae6c-7dcd463fb35a,3135,20108,0,0,20108,0
8000,P2_LARGEST,e6911e39-bd06-4fb5-ae6c-7dcd463fb35a,3298,20764,0,0,20764,0
8000,P2_LARGEST,e6911e39-bd06-4fb5-ae6c-7dcd463fb35a,3398,21030,0,0,21030,0
8000,P2_LARGEST,e6911e39-bd06-4fb5-ae6c-7dcd463fb35a,3830,21927,0,0,21927,0
8000,P2_LARGEST,e6911e39-bd06-4fb5-ae6c-7dcd463fb35a,4036,22426,0,0,22426,0
8000,P2_LARGEST,e6911e39-bd06-4fb5-ae6c-7dcd463fb35a,4369,23008,0,0,23008,0
8000,P2_LARGEST,e6911e39-bd06-4fb5-ae6c-7dcd463fb35a,4846,23588,0,0,23588,0
8000,P2_LARGEST,e6911e39-bd06-4fb5-ae6c-7dcd463fb35a,5181,24272,0,0,24272,0
8000,P2_LARGEST,e6911e39-bd06-4fb5-ae6c-7dcd463fb35a,5328,24617,0,0,24617,0
8000,P2_LARGEST,e6911e39-bd06-4fb5-ae6c-7dcd463fb35a,5576,24823,0,0,24823,0
8000,P2_LARGEST,e6911e39-bd06-4fb5-ae6c-7dcd463fb35a,5738,25642,0,0,25642,0
8000,P2_LARGEST,e6911e39-bd06-4fb5-ae6c-7dcd463fb35a,5978,26521,0,0,26521,0
8000,P2_LARGEST,e6911e39-bd06-4fb5-ae6c-7dcd463fb35a,6175,27135,0,0,27135,0
8000,P2_LARGEST,e6911e39-bd06-4fb5-ae6c-7dcd463fb35a,6357,27646,0,0,27646,0
8000,P2_LARGEST,e6911e39-bd06-4fb5-ae6c-7dcd463fb35a,8187,28004,0,0,28004,0
8000,P2_LARGEST,e6911e39-bd06-4fb5-ae6c-7dcd463fb35a,8418,30180,0,0,30180,0
8000,P2_LARGEST,e6911e39-bd06-4fb5-ae6c-7dcd463fb35a,8712,30788,0,0,30788,0
8000,P2_LARGEST,e6911e39-bd06-4fb5-ae6c-7dcd463fb35a,9228,31439,0,0,31439,0
8000,P2_LARGEST,e6911e39-bd06-4fb5-ae6c-7dcd463fb35a,13940,31937,0,0,31937,0
8000,P2_LARGEST,e6911e39-bd06-4fb5-ae6c-7dcd463fb35a,14125,36888,0,0,36888,0
8000,P2_LARGEST,e6911e39-bd06-4fb5-ae6c-7dcd463fb35a,14955,37057,0,0,37057,0
none,P2_LARGEST,e6911e39-bd06-4fb5-ae6c-7dcd463fb35a,285,9983,0,0,9983,0
none,P2_LARGEST,e6911e39-bd06-4fb5-ae6c-7dcd463fb35a,323,11252,0,0,11252,0
none,P2_LARGEST,e6911e39-bd06-4fb5-ae6c-7dcd463fb35a,638,12102,0,0,12102,0
none,P2_LARGEST,e6911e39-bd06-4fb5-ae6c-7dcd463fb35a,908,13066,0,0,13066,0
none,P2_LARGEST,e6911e39-bd06-4fb5-ae6c-7dcd463fb35a,1186,14639,0,0,14639,0
none,P2_LARGEST,e6911e39-bd06-4fb5-ae6c-7dcd463fb35a,1402,15319,0,0,15319,0
none,P2_LARGEST,e6911e39-bd06-4fb5-ae6c-7dcd463fb35a,1536,15716,0,0,15716,0
none,P2_LARGEST,e6911e39-bd06-4fb5-ae6c-7dcd463fb35a,1690,16154,0,0,16154,0
none,P2_LARGEST,e6911e39-bd06-4fb5-ae6c-7dcd463fb35a,1769,16413,0,0,16413,0
none,P2_LARGEST,e6911e39-bd06-4fb5-ae6c-7dcd463fb35a,2574,17472,0,0,17472,0
none,P2_LARGEST,e6911e39-bd06-4fb5-ae6c-7dcd463fb35a,2663,19649,0,0,19649,0
none,P2_LARGEST,e6911e39-bd06-4fb5-ae6c-7dcd463fb35a,3135,20108,0,0,20108,0
none,P2_LARGEST,e6911e39-bd06-4fb5-ae6c-7dcd463fb35a,3298,20764,0,0,20764,0
none,P2_LARGEST,e6911e39-bd06-4fb5-ae6c-7dcd463fb35a,3398,21030,0,0,21030,0
none,P2_LARGEST,e6911e39-bd06-4fb5-ae6c-7dcd463fb35a,3830,21927,0,0,21927,0
none,P2_LARGEST,e6911e39-bd06-4fb5-ae6c-7dcd463fb35a,4036,22426,0,0,22426,0
none,P2_LARGEST,e6911e39-bd06-4fb5-ae6c-7dcd463fb35a,4369,23008,0,0,23008,0
none,P2_LARGEST,e6911e39-bd06-4fb5-ae6c-7dcd463fb35a,4846,23588,0,0,23588,0
none,P2_LARGEST,e6911e39-bd06-4fb5-ae6c-7dcd463fb35a,5181,24272,0,0,24272,0
none,P2_LARGEST,e6911e39-bd06-4fb5-ae6c-7dcd463fb35a,5328,24617,0,0,24617,0
none,P2_LARGEST,e6911e39-bd06-4fb5-ae6c-7dcd463fb35a,5576,24823,0,0,24823,0
none,P2_LARGEST,e6911e39-bd06-4fb5-ae6c-7dcd463fb35a,5738,25642,0,0,25642,0
none,P2_LARGEST,e6911e39-bd06-4fb5-ae6c-7dcd463fb35a,5978,26521,0,0,26521,0
none,P2_LARGEST,e6911e39-bd06-4fb5-ae6c-7dcd463fb35a,6175,27135,0,0,27135,0
none,P2_LARGEST,e6911e39-bd06-4fb5-ae6c-7dcd463fb35a,6357,27646,0,0,27646,0
none,P2_LARGEST,e6911e39-bd06-4fb5-ae6c-7dcd463fb35a,8187,28004,0,0,28004,0
none,P2_LARGEST,e6911e39-bd06-4fb5-ae6c-7dcd463fb35a,8418,30180,0,0,30180,0
none,P2_LARGEST,e6911e39-bd06-4fb5-ae6c-7dcd463fb35a,8712,30788,0,0,30788,0
none,P2_LARGEST,e6911e39-bd06-4fb5-ae6c-7dcd463fb35a,9228,31439,0,0,31439,0
none,P2_LARGEST,e6911e39-bd06-4fb5-ae6c-7dcd463fb35a,13940,31937,0,0,31937,0
none,P2_LARGEST,e6911e39-bd06-4fb5-ae6c-7dcd463fb35a,14125,36888,0,0,36888,0
none,P2_LARGEST,e6911e39-bd06-4fb5-ae6c-7dcd463fb35a,14955,37057,0,0,37057,0
2000,P2_LARGEST,ec778e9c-58bb-474a-b565-4618acf6a83f,339,7189,0,0,7189,0
2000,P2_LARGEST,ec778e9c-58bb-474a-b565-4618acf6a83f,483,7492,0,0,7492,0
2000,P2_LARGEST,ec778e9c-58bb-474a-b565-4618acf6a83f,964,8394,0,0,8394,0
2000,P2_LARGEST,ec778e9c-58bb-474a-b565-4618acf6a83f,1389,10813,0,0,10813,0
2000,P2_LARGEST,ec778e9c-58bb-474a-b565-4618acf6a83f,1835,11760,0,0,11760,0
2000,P2_LARGEST,ec778e9c-58bb-474a-b565-4618acf6a83f,2570,15469,0,0,15469,0
2000,P2_LARGEST,ec778e9c-58bb-474a-b565-4618acf6a83f,3801,17072,1,1910,15162,0
2000,P2_LARGEST,ec778e9c-58bb-474a-b565-4618acf6a83f,4825,22626,8,7618,15008,0
2000,P2_LARGEST,ec778e9c-58bb-474a-b565-4618acf6a83f,6014,18863,2,4152,14711,0
2000,P2_LARGEST,ec778e9c-58bb-474a-b565-4618acf6a83f,7097,16945,2,2762,14183,0
2000,P2_LARGEST,ec778e9c-58bb-474a-b565-4618acf6a83f,10333,20822,8,5816,15006,0
2000,P2_LARGEST,ec778e9c-58bb-474a-b565-4618acf6a83f,14453,18302,1,3709,14593,0
2000,P2_LARGEST,ec778e9c-58bb-474a-b565-4618acf6a83f,15901,19003,2,3647,15356,0
2000,P2_LARGEST,ec778e9c-58bb-474a-b565-4618acf6a83f,17112,17660,1,4096,13564,0
2000,P2_LARGEST,ec778e9c-58bb-474a-b565-4618acf6a83f,17890,16162,0,0,16162,0
4000,P2_LARGEST,ec778e9c-58bb-474a-b565-4618acf6a83f,339,7189,0,0,7189,0
4000,P2_LARGEST,ec778e9c-58bb-474a-b565-4618acf6a83f,483,7492,0,0,7492,0
4000,P2_LARGEST,ec778e9c-58bb-474a-b565-4618acf6a83f,964,9977,0,0,9977,0
4000,P2_LARGEST,ec778e9c-58bb-474a-b565-4618acf6a83f,1389,12396,0,0,12396,0
4000,P2_LARGEST,ec778e9c-58bb-474a-b565-4618acf6a83f,1835,13343,0,0,13343,0
4000,P2_LARGEST,ec778e9c-58bb-474a-b565-4618acf6a83f,2570,18634,2,3993,14641,0
4000,P2_LARGEST,ec778e9c-58bb-474a-b565-4618acf6a83f,3801,18434,2,3563,14871,0
4000,P2_LARGEST,ec778e9c-58bb-474a-b565-4618acf6a83f,4825,22335,5,7327,15008,0
4000,P2_LARGEST,ec778e9c-58bb-474a-b565-4618acf6a83f,6014,18863,2,4152,14711,0
4000,P2_LARGEST,ec778e9c-58bb-474a-b565-4618acf6a83f,7097,16945,2,2762,14183,0
4000,P2_LARGEST,ec778e9c-58bb-474a-b565-4618acf6a83f,10333,20822,8,5816,15006,0
4000,P2_LARGEST,ec778e9c-58bb-474a-b565-4618acf6a83f,14453,18302,1,3709,14593,0
4000,P2_LARGEST,ec778e9c-58bb-474a-b565-4618acf6a83f,15901,19003,2,3647,15356,0
4000,P2_LARGEST,ec778e9c-58bb-474a-b565-4618acf6a83f,17112,17660,1,4096,13564,0
4000,P2_LARGEST,ec778e9c-58bb-474a-b565-4618acf6a83f,17890,16162,0,0,16162,0
8000,P2_LARGEST,ec778e9c-58bb-474a-b565-4618acf6a83f,339,7189,0,0,7189,0
8000,P2_LARGEST,ec778e9c-58bb-474a-b565-4618acf6a83f,483,7492,0,0,7492,0
8000,P2_LARGEST,ec778e9c-58bb-474a-b565-4618acf6a83f,964,9977,0,0,9977,0
8000,P2_LARGEST,ec778e9c-58bb-474a-b565-4618acf6a83f,1389,12396,0,0,12396,0
8000,P2_LARGEST,ec778e9c-58bb-474a-b565-4618acf6a83f,1835,18130,3,3021,15109,0
8000,P2_LARGEST,ec778e9c-58bb-474a-b565-4618acf6a83f,2570,25766,2,11153,14613,0
8000,P2_LARGEST,ec778e9c-58bb-474a-b565-4618acf6a83f,3801,18406,2,3992,14414,0
8000,P2_LARGEST,ec778e9c-58bb-474a-b565-4618acf6a83f,4825,21878,4,7381,14497,0
8000,P2_LARGEST,ec778e9c-58bb-474a-b565-4618acf6a83f,6014,18352,1,3122,15230,0
8000,P2_LARGEST,ec778e9c-58bb-474a-b565-4618acf6a83f,7097,17464,2,2762,14702,0
8000,P2_LARGEST,ec778e9c-58bb-474a-b565-4618acf6a83f,10333,21341,7,6216,15125,0
8000,P2_LARGEST,ec778e9c-58bb-474a-b565-4618acf6a83f,14453,18421,1,3709,14712,0
8000,P2_LARGEST,ec778e9c-58bb-474a-b565-4618acf6a83f,15901,19122,2,3766,15356,0
8000,P2_LARGEST,ec778e9c-58bb-474a-b565-4618acf6a83f,17112,17660,1,4096,13564,0
8000,P2_LARGEST,ec778e9c-58bb-474a-b565-4618acf6a83f,17890,16162,0,0,16162,0
none,P2_LARGEST,ec778e9c-58bb-474a-b565-4618acf6a83f,339,7189,0,0,7189,0
none,P2_LARGEST,ec778e9c-58bb-474a-b565-4618acf6a83f,483,7492,0,0,7492,0
none,P2_LARGEST,ec778e9c-58bb-474a-b565-4618acf6a83f,964,9977,0,0,9977,0
none,P2_LARGEST,ec778e9c-58bb-474a-b565-4618acf6a83f,1389,12396,0,0,12396,0
none,P2_LARGEST,ec778e9c-58bb-474a-b565-4618acf6a83f,1835,18130,3,3021,15109,0
none,P2_LARGEST,ec778e9c-58bb-474a-b565-4618acf6a83f,2570,25766,2,11153,14613,0
none,P2_LARGEST,ec778e9c-58bb-474a-b565-4618acf6a83f,3801,18406,2,3992,14414,0
none,P2_LARGEST,ec778e9c-58bb-474a-b565-4618acf6a83f,4825,21878,4,7381,14497,0
none,P2_LARGEST,ec778e9c-58bb-474a-b565-4618acf6a83f,6014,18352,1,3122,15230,0
none,P2_LARGEST,ec778e9c-58bb-474a-b565-4618acf6a83f,7097,17464,2,2762,14702,0
none,P2_LARGEST,ec778e9c-58bb-474a-b565-4618acf6a83f,10333,21341,7,6216,15125,0
none,P2_LARGEST,ec778e9c-58bb-474a-b565-4618acf6a83f,14453,18421,1,3709,14712,0
none,P2_LARGEST,ec778e9c-58bb-474a-b565-4618acf6a83f,15901,19122,2,3766,15356,0
none,P2_LARGEST,ec778e9c-58bb-474a-b565-4618acf6a83f,17112,17660,1,4096,13564,0
none,P2_LARGEST,ec778e9c-58bb-474a-b565-4618acf6a83f,17890,16162,0,0,16162,0
2000,P2_LARGEST,ecd8268a-e1d1-430d-a2bc-897055f04347,112,7323,0,0,7323,0
2000,P2_LARGEST,ecd8268a-e1d1-430d-a2bc-897055f04347,528,9316,0,0,9316,0
2000,P2_LARGEST,ecd8268a-e1d1-430d-a2bc-897055f04347,5108,15588,0,0,15588,0
2000,P2_LARGEST,ecd8268a-e1d1-430d-a2bc-897055f04347,10092,25671,5,11294,14377,0
4000,P2_LARGEST,ecd8268a-e1d1-430d-a2bc-897055f04347,112,7323,0,0,7323,0
4000,P2_LARGEST,ecd8268a-e1d1-430d-a2bc-897055f04347,528,9316,0,0,9316,0
4000,P2_LARGEST,ecd8268a-e1d1-430d-a2bc-897055f04347,5108,19843,5,4611,15232,0
4000,P2_LARGEST,ecd8268a-e1d1-430d-a2bc-897055f04347,10092,27304,5,13474,13830,0
8000,P2_LARGEST,ecd8268a-e1d1-430d-a2bc-897055f04347,112,7323,0,0,7323,0
8000,P2_LARGEST,ecd8268a-e1d1-430d-a2bc-897055f04347,528,9316,0,0,9316,0
8000,P2_LARGEST,ecd8268a-e1d1-430d-a2bc-897055f04347,5108,23818,5,8586,15232,0
8000,P2_LARGEST,ecd8268a-e1d1-430d-a2bc-897055f04347,10092,27304,5,13474,13830,0
none,P2_LARGEST,ecd8268a-e1d1-430d-a2bc-897055f04347,112,7323,0,0,7323,0
none,P2_LARGEST,ecd8268a-e1d1-430d-a2bc-897055f04347,528,9316,0,0,9316,0
none,P2_LARGEST,ecd8268a-e1d1-430d-a2bc-897055f04347,5108,41121,5,25889,15232,0
none,P2_LARGEST,ecd8268a-e1d1-430d-a2bc-897055f04347,10092,35390,5,20245,15145,0
2000,P2_LARGEST,eec9f4c9-99f8-45e6-a533-e180bf82a9bc,86,9453,0,0,9453,0
2000,P2_LARGEST,eec9f4c9-99f8-45e6-a533-e180bf82a9bc,247,9597,0,0,9597,0
2000,P2_LARGEST,eec9f4c9-99f8-45e6-a533-e180bf82a9bc,360,10003,0,0,10003,0
2000,P2_LARGEST,eec9f4c9-99f8-45e6-a533-e180bf82a9bc,446,10152,0,0,10152,0
2000,P2_LARGEST,eec9f4c9-99f8-45e6-a533-e180bf82a9bc,1418,11287,0,0,11287,0
2000,P2_LARGEST,eec9f4c9-99f8-45e6-a533-e180bf82a9bc,2145,12390,0,0,12390,0
4000,P2_LARGEST,eec9f4c9-99f8-45e6-a533-e180bf82a9bc,86,9453,0,0,9453,0
4000,P2_LARGEST,eec9f4c9-99f8-45e6-a533-e180bf82a9bc,247,9597,0,0,9597,0
4000,P2_LARGEST,eec9f4c9-99f8-45e6-a533-e180bf82a9bc,360,10003,0,0,10003,0
4000,P2_LARGEST,eec9f4c9-99f8-45e6-a533-e180bf82a9bc,446,10152,0,0,10152,0
4000,P2_LARGEST,eec9f4c9-99f8-45e6-a533-e180bf82a9bc,1418,11287,0,0,11287,0
4000,P2_LARGEST,eec9f4c9-99f8-45e6-a533-e180bf82a9bc,2145,12390,0,0,12390,0
8000,P2_LARGEST,eec9f4c9-99f8-45e6-a533-e180bf82a9bc,86,9453,0,0,9453,0
8000,P2_LARGEST,eec9f4c9-99f8-45e6-a533-e180bf82a9bc,247,9597,0,0,9597,0
8000,P2_LARGEST,eec9f4c9-99f8-45e6-a533-e180bf82a9bc,360,10003,0,0,10003,0
8000,P2_LARGEST,eec9f4c9-99f8-45e6-a533-e180bf82a9bc,446,10152,0,0,10152,0
8000,P2_LARGEST,eec9f4c9-99f8-45e6-a533-e180bf82a9bc,1418,11287,0,0,11287,0
8000,P2_LARGEST,eec9f4c9-99f8-45e6-a533-e180bf82a9bc,2145,12390,0,0,12390,0
none,P2_LARGEST,eec9f4c9-99f8-45e6-a533-e180bf82a9bc,86,9453,0,0,9453,0
none,P2_LARGEST,eec9f4c9-99f8-45e6-a533-e180bf82a9bc,247,9597,0,0,9597,0
none,P2_LARGEST,eec9f4c9-99f8-45e6-a533-e180bf82a9bc,360,10003,0,0,10003,0
none,P2_LARGEST,eec9f4c9-99f8-45e6-a533-e180bf82a9bc,446,10152,0,0,10152,0
none,P2_LARGEST,eec9f4c9-99f8-45e6-a533-e180bf82a9bc,1418,11287,0,0,11287,0
none,P2_LARGEST,eec9f4c9-99f8-45e6-a533-e180bf82a9bc,2145,12390,0,0,12390,0
2000,P2_LARGEST,f03f38b2-455b-4104-bff6-16fbbcb935b6,1062,11150,0,0,11150,0
4000,P2_LARGEST,f03f38b2-455b-4104-bff6-16fbbcb935b6,1062,11150,0,0,11150,0
8000,P2_LARGEST,f03f38b2-455b-4104-bff6-16fbbcb935b6,1062,11150,0,0,11150,0
none,P2_LARGEST,f03f38b2-455b-4104-bff6-16fbbcb935b6,1062,11150,0,0,11150,0
2000,P2_LARGEST,f1cf76e5-234a-4a7f-bf2e-edba25c72b44,116,10348,0,0,10348,0
2000,P2_LARGEST,f1cf76e5-234a-4a7f-bf2e-edba25c72b44,210,10465,0,0,10465,0
2000,P2_LARGEST,f1cf76e5-234a-4a7f-bf2e-edba25c72b44,309,10569,0,0,10569,0
2000,P2_LARGEST,f1cf76e5-234a-4a7f-bf2e-edba25c72b44,2114,10676,0,0,10676,0
2000,P2_LARGEST,f1cf76e5-234a-4a7f-bf2e-edba25c72b44,3047,12491,0,0,12491,0
4000,P2_LARGEST,f1cf76e5-234a-4a7f-bf2e-edba25c72b44,116,10348,0,0,10348,0
4000,P2_LARGEST,f1cf76e5-234a-4a7f-bf2e-edba25c72b44,210,10465,0,0,10465,0
4000,P2_LARGEST,f1cf76e5-234a-4a7f-bf2e-edba25c72b44,309,10569,0,0,10569,0
4000,P2_LARGEST,f1cf76e5-234a-4a7f-bf2e-edba25c72b44,2114,10676,0,0,10676,0
4000,P2_LARGEST,f1cf76e5-234a-4a7f-bf2e-edba25c72b44,3047,12491,0,0,12491,0
8000,P2_LARGEST,f1cf76e5-234a-4a7f-bf2e-edba25c72b44,116,10348,0,0,10348,0
8000,P2_LARGEST,f1cf76e5-234a-4a7f-bf2e-edba25c72b44,210,10465,0,0,10465,0
8000,P2_LARGEST,f1cf76e5-234a-4a7f-bf2e-edba25c72b44,309,10569,0,0,10569,0
8000,P2_LARGEST,f1cf76e5-234a-4a7f-bf2e-edba25c72b44,2114,10676,0,0,10676,0
8000,P2_LARGEST,f1cf76e5-234a-4a7f-bf2e-edba25c72b44,3047,12491,0,0,12491,0
none,P2_LARGEST,f1cf76e5-234a-4a7f-bf2e-edba25c72b44,116,10348,0,0,10348,0
none,P2_LARGEST,f1cf76e5-234a-4a7f-bf2e-edba25c72b44,210,10465,0,0,10465,0
none,P2_LARGEST,f1cf76e5-234a-4a7f-bf2e-edba25c72b44,309,10569,0,0,10569,0
none,P2_LARGEST,f1cf76e5-234a-4a7f-bf2e-edba25c72b44,2114,10676,0,0,10676,0
none,P2_LARGEST,f1cf76e5-234a-4a7f-bf2e-edba25c72b44,3047,12491,0,0,12491,0
2000,P2_LARGEST,f45f0936-a17f-4e58-88c2-f25b1e46abae,122,5937,0,0,5937,0
2000,P2_LARGEST,f45f0936-a17f-4e58-88c2-f25b1e46abae,639,6892,0,0,6892,0
4000,P2_LARGEST,f45f0936-a17f-4e58-88c2-f25b1e46abae,122,5937,0,0,5937,0
4000,P2_LARGEST,f45f0936-a17f-4e58-88c2-f25b1e46abae,639,6892,0,0,6892,0
8000,P2_LARGEST,f45f0936-a17f-4e58-88c2-f25b1e46abae,122,5937,0,0,5937,0
8000,P2_LARGEST,f45f0936-a17f-4e58-88c2-f25b1e46abae,639,6892,0,0,6892,0
none,P2_LARGEST,f45f0936-a17f-4e58-88c2-f25b1e46abae,122,5937,0,0,5937,0
none,P2_LARGEST,f45f0936-a17f-4e58-88c2-f25b1e46abae,639,6892,0,0,6892,0
2000,P2_LARGEST,f5320ff1-be05-45fb-9953-33af6db18268,236,11471,0,0,11471,0
2000,P2_LARGEST,f5320ff1-be05-45fb-9953-33af6db18268,632,12213,0,0,12213,0
2000,P2_LARGEST,f5320ff1-be05-45fb-9953-33af6db18268,722,12666,0,0,12666,0
2000,P2_LARGEST,f5320ff1-be05-45fb-9953-33af6db18268,768,12765,0,0,12765,0
2000,P2_LARGEST,f5320ff1-be05-45fb-9953-33af6db18268,2883,13862,0,0,13862,0
2000,P2_LARGEST,f5320ff1-be05-45fb-9953-33af6db18268,4171,16190,0,0,16190,0
2000,P2_LARGEST,f5320ff1-be05-45fb-9953-33af6db18268,4740,17654,0,0,17654,0
2000,P2_LARGEST,f5320ff1-be05-45fb-9953-33af6db18268,5109,18223,0,0,18223,0
2000,P2_LARGEST,f5320ff1-be05-45fb-9953-33af6db18268,5145,18627,0,0,18627,0
2000,P2_LARGEST,f5320ff1-be05-45fb-9953-33af6db18268,8802,18675,0,0,18675,0
2000,P2_LARGEST,f5320ff1-be05-45fb-9953-33af6db18268,11826,22341,0,0,22341,0
2000,P2_LARGEST,f5320ff1-be05-45fb-9953-33af6db18268,14489,27765,2,6633,21132,0
2000,P2_LARGEST,f5320ff1-be05-45fb-9953-33af6db18268,22131,24482,0,0,24482,0
2000,P2_LARGEST,f5320ff1-be05-45fb-9953-33af6db18268,22574,34686,8,11168,23518,0
2000,P2_LARGEST,f5320ff1-be05-45fb-9953-33af6db18268,22785,24492,0,0,24492,0
2000,P2_LARGEST,f5320ff1-be05-45fb-9953-33af6db18268,23115,24718,1,8151,16567,0
2000,P2_LARGEST,f5320ff1-be05-45fb-9953-33af6db18268,23315,17052,0,0,17052,0
2000,P2_LARGEST,f5320ff1-be05-45fb-9953-33af6db18268,23434,17284,0,0,17284,0
2000,P2_LARGEST,f5320ff1-be05-45fb-9953-33af6db18268,23582,17452,0,0,17452,0
2000,P2_LARGEST,f5320ff1-be05-45fb-9953-33af6db18268,23878,17617,0,0,17617,0
2000,P2_LARGEST,f5320ff1-be05-45fb-9953-33af6db18268,24179,17929,0,0,17929,0
2000,P2_LARGEST,f5320ff1-be05-45fb-9953-33af6db18268,24484,18287,0,0,18287,0
2000,P2_LARGEST,f5320ff1-be05-45fb-9953-33af6db18268,25224,18660,0,0,18660,0
4000,P2_LARGEST,f5320ff1-be05-45fb-9953-33af6db18268,236,11471,0,0,11471,0
4000,P2_LARGEST,f5320ff1-be05-45fb-9953-33af6db18268,632,12213,0,0,12213,0
4000,P2_LARGEST,f5320ff1-be05-45fb-9953-33af6db18268,722,12666,0,0,12666,0
4000,P2_LARGEST,f5320ff1-be05-45fb-9953-33af6db18268,768,12765,0,0,12765,0
4000,P2_LARGEST,f5320ff1-be05-45fb-9953-33af6db18268,2883,13862,0,0,13862,0
4000,P2_LARGEST,f5320ff1-be05-45fb-9953-33af6db18268,4171,16190,0,0,16190,0
4000,P2_LARGEST,f5320ff1-be05-45fb-9953-33af6db18268,4740,17654,0,0,17654,0
4000,P2_LARGEST,f5320ff1-be05-45fb-9953-33af6db18268,5109,18223,0,0,18223,0
4000,P2_LARGEST,f5320ff1-be05-45fb-9953-33af6db18268,5145,18627,0,0,18627,0
4000,P2_LARGEST,f5320ff1-be05-45fb-9953-33af6db18268,8802,18675,0,0,18675,0
4000,P2_LARGEST,f5320ff1-be05-45fb-9953-33af6db18268,11826,22341,0,0,22341,0
4000,P2_LARGEST,f5320ff1-be05-45fb-9953-33af6db18268,14489,29955,2,6633,23322,0
4000,P2_LARGEST,f5320ff1-be05-45fb-9953-33af6db18268,22131,26672,2,4874,21798,0
4000,P2_LARGEST,f5320ff1-be05-45fb-9953-33af6db18268,22574,32002,6,8441,23561,0
4000,P2_LARGEST,f5320ff1-be05-45fb-9953-33af6db18268,22785,24535,0,0,24535,0
4000,P2_LARGEST,f5320ff1-be05-45fb-9953-33af6db18268,23115,24761,1,8151,16610,0
4000,P2_LARGEST,f5320ff1-be05-45fb-9953-33af6db18268,23315,17095,0,0,17095,0
4000,P2_LARGEST,f5320ff1-be05-45fb-9953-33af6db18268,23434,17327,0,0,17327,0
4000,P2_LARGEST,f5320ff1-be05-45fb-9953-33af6db18268,23582,17495,0,0,17495,0
4000,P2_LARGEST,f5320ff1-be05-45fb-9953-33af6db18268,23878,17660,0,0,17660,0
4000,P2_LARGEST,f5320ff1-be05-45fb-9953-33af6db18268,24179,17972,0,0,17972,0
4000,P2_LARGEST,f5320ff1-be05-45fb-9953-33af6db18268,24484,18330,0,0,18330,0
4000,P2_LARGEST,f5320ff1-be05-45fb-9953-33af6db18268,25224,18703,0,0,18703,0
8000,P2_LARGEST,f5320ff1-be05-45fb-9953-33af6db18268,236,11471,0,0,11471,0
8000,P2_LARGEST,f5320ff1-be05-45fb-9953-33af6db18268,632,16199,0,0,16199,0
8000,P2_LARGEST,f5320ff1-be05-45fb-9953-33af6db18268,722,16652,0,0,16652,0
8000,P2_LARGEST,f5320ff1-be05-45fb-9953-33af6db18268,768,16751,0,0,16751,0
8000,P2_LARGEST,f5320ff1-be05-45fb-9953-33af6db18268,2883,17848,0,0,17848,0
8000,P2_LARGEST,f5320ff1-be05-45fb-9953-33af6db18268,4171,20176,0,0,20176,0
8000,P2_LARGEST,f5320ff1-be05-45fb-9953-33af6db18268,4740,21640,0,0,21640,0
8000,P2_LARGEST,f5320ff1-be05-45fb-9953-33af6db18268,5109,22209,0,0,22209,0
8000,P2_LARGEST,f5320ff1-be05-45fb-9953-33af6db18268,5145,22613,0,0,22613,0
8000,P2_LARGEST,f5320ff1-be05-45fb-9953-33af6db18268,8802,22661,0,0,22661,0
8000,P2_LARGEST,f5320ff1-be05-45fb-9953-33af6db18268,11826,26327,1,4486,21841,0
8000,P2_LARGEST,f5320ff1-be05-45fb-9953-33af6db18268,14489,29455,2,6633,22822,0
8000,P2_LARGEST,f5320ff1-be05-45fb-9953-33af6db18268,22131,26172,1,2690,23482,0
8000,P2_LARGEST,f5320ff1-be05-45fb-9953-33af6db18268,22574,33686,7,10625,23061,0
8000,P2_LARGEST,f5320ff1-be05-45fb-9953-33af6db18268,22785,24035,0,0,24035,0
8000,P2_LARGEST,f5320ff1-be05-45fb-9953-33af6db18268,23115,24261,0,0,24261,0
8000,P2_LARGEST,f5320ff1-be05-45fb-9953-33af6db18268,23315,24746,1,8151,16595,0
8000,P2_LARGEST,f5320ff1-be05-45fb-9953-33af6db18268,23434,16827,0,0,16827,0
8000,P2_LARGEST,f5320ff1-be05-45fb-9953-33af6db18268,23582,16995,0,0,16995,0
8000,P2_LARGEST,f5320ff1-be05-45fb-9953-33af6db18268,23878,17160,0,0,17160,0
8000,P2_LARGEST,f5320ff1-be05-45fb-9953-33af6db18268,24179,17472,0,0,17472,0
8000,P2_LARGEST,f5320ff1-be05-45fb-9953-33af6db18268,24484,17830,0,0,17830,0
8000,P2_LARGEST,f5320ff1-be05-45fb-9953-33af6db18268,25224,18203,0,0,18203,0
none,P2_LARGEST,f5320ff1-be05-45fb-9953-33af6db18268,236,11471,0,0,11471,0
none,P2_LARGEST,f5320ff1-be05-45fb-9953-33af6db18268,632,16199,0,0,16199,0
none,P2_LARGEST,f5320ff1-be05-45fb-9953-33af6db18268,722,16652,0,0,16652,0
none,P2_LARGEST,f5320ff1-be05-45fb-9953-33af6db18268,768,16751,0,0,16751,0
none,P2_LARGEST,f5320ff1-be05-45fb-9953-33af6db18268,2883,17848,0,0,17848,0
none,P2_LARGEST,f5320ff1-be05-45fb-9953-33af6db18268,4171,20176,0,0,20176,0
none,P2_LARGEST,f5320ff1-be05-45fb-9953-33af6db18268,4740,21640,0,0,21640,0
none,P2_LARGEST,f5320ff1-be05-45fb-9953-33af6db18268,5109,22209,0,0,22209,0
none,P2_LARGEST,f5320ff1-be05-45fb-9953-33af6db18268,5145,22613,0,0,22613,0
none,P2_LARGEST,f5320ff1-be05-45fb-9953-33af6db18268,8802,22661,0,0,22661,0
none,P2_LARGEST,f5320ff1-be05-45fb-9953-33af6db18268,11826,26327,1,4486,21841,0
none,P2_LARGEST,f5320ff1-be05-45fb-9953-33af6db18268,14489,29455,2,6633,22822,0
none,P2_LARGEST,f5320ff1-be05-45fb-9953-33af6db18268,22131,26172,1,2690,23482,0
none,P2_LARGEST,f5320ff1-be05-45fb-9953-33af6db18268,22574,33686,7,10625,23061,0
none,P2_LARGEST,f5320ff1-be05-45fb-9953-33af6db18268,22785,24035,0,0,24035,0
none,P2_LARGEST,f5320ff1-be05-45fb-9953-33af6db18268,23115,24261,0,0,24261,0
none,P2_LARGEST,f5320ff1-be05-45fb-9953-33af6db18268,23315,24746,1,8151,16595,0
none,P2_LARGEST,f5320ff1-be05-45fb-9953-33af6db18268,23434,16827,0,0,16827,0
none,P2_LARGEST,f5320ff1-be05-45fb-9953-33af6db18268,23582,16995,0,0,16995,0
none,P2_LARGEST,f5320ff1-be05-45fb-9953-33af6db18268,23878,17160,0,0,17160,0
none,P2_LARGEST,f5320ff1-be05-45fb-9953-33af6db18268,24179,17472,0,0,17472,0
none,P2_LARGEST,f5320ff1-be05-45fb-9953-33af6db18268,24484,17830,0,0,17830,0
none,P2_LARGEST,f5320ff1-be05-45fb-9953-33af6db18268,25224,18203,0,0,18203,0
2000,P2_LARGEST,f59c4ea5-f08a-4968-838d-ba2d50e35480,75,1756,0,0,1756,0
2000,P2_LARGEST,f59c4ea5-f08a-4968-838d-ba2d50e35480,465,1987,0,0,1987,0
2000,P2_LARGEST,f59c4ea5-f08a-4968-838d-ba2d50e35480,588,2391,0,0,2391,0
2000,P2_LARGEST,f59c4ea5-f08a-4968-838d-ba2d50e35480,905,2624,0,0,2624,0
2000,P2_LARGEST,f59c4ea5-f08a-4968-838d-ba2d50e35480,1481,2976,0,0,2976,0
4000,P2_LARGEST,f59c4ea5-f08a-4968-838d-ba2d50e35480,75,1756,0,0,1756,0
4000,P2_LARGEST,f59c4ea5-f08a-4968-838d-ba2d50e35480,465,1987,0,0,1987,0
4000,P2_LARGEST,f59c4ea5-f08a-4968-838d-ba2d50e35480,588,2391,0,0,2391,0
4000,P2_LARGEST,f59c4ea5-f08a-4968-838d-ba2d50e35480,905,2624,0,0,2624,0
4000,P2_LARGEST,f59c4ea5-f08a-4968-838d-ba2d50e35480,1481,2976,0,0,2976,0
8000,P2_LARGEST,f59c4ea5-f08a-4968-838d-ba2d50e35480,75,1756,0,0,1756,0
8000,P2_LARGEST,f59c4ea5-f08a-4968-838d-ba2d50e35480,465,1987,0,0,1987,0
8000,P2_LARGEST,f59c4ea5-f08a-4968-838d-ba2d50e35480,588,2391,0,0,2391,0
8000,P2_LARGEST,f59c4ea5-f08a-4968-838d-ba2d50e35480,905,2624,0,0,2624,0
8000,P2_LARGEST,f59c4ea5-f08a-4968-838d-ba2d50e35480,1481,2976,0,0,2976,0
none,P2_LARGEST,f59c4ea5-f08a-4968-838d-ba2d50e35480,75,1756,0,0,1756,0
none,P2_LARGEST,f59c4ea5-f08a-4968-838d-ba2d50e35480,465,1987,0,0,1987,0
none,P2_LARGEST,f59c4ea5-f08a-4968-838d-ba2d50e35480,588,2391,0,0,2391,0
none,P2_LARGEST,f59c4ea5-f08a-4968-838d-ba2d50e35480,905,2624,0,0,2624,0
none,P2_LARGEST,f59c4ea5-f08a-4968-838d-ba2d50e35480,1481,2976,0,0,2976,0
2000,P2_LARGEST,f85bd3f8-e421-4fdf-bbff-51f1209b0c58,199,9000,0,0,9000,0
2000,P2_LARGEST,f85bd3f8-e421-4fdf-bbff-51f1209b0c58,289,9235,0,0,9235,0
2000,P2_LARGEST,f85bd3f8-e421-4fdf-bbff-51f1209b0c58,369,9334,0,0,9334,0
2000,P2_LARGEST,f85bd3f8-e421-4fdf-bbff-51f1209b0c58,732,9459,0,0,9459,0
4000,P2_LARGEST,f85bd3f8-e421-4fdf-bbff-51f1209b0c58,199,9000,0,0,9000,0
4000,P2_LARGEST,f85bd3f8-e421-4fdf-bbff-51f1209b0c58,289,9235,0,0,9235,0
4000,P2_LARGEST,f85bd3f8-e421-4fdf-bbff-51f1209b0c58,369,9334,0,0,9334,0
4000,P2_LARGEST,f85bd3f8-e421-4fdf-bbff-51f1209b0c58,732,9459,0,0,9459,0
8000,P2_LARGEST,f85bd3f8-e421-4fdf-bbff-51f1209b0c58,199,9000,0,0,9000,0
8000,P2_LARGEST,f85bd3f8-e421-4fdf-bbff-51f1209b0c58,289,9235,0,0,9235,0
8000,P2_LARGEST,f85bd3f8-e421-4fdf-bbff-51f1209b0c58,369,9334,0,0,9334,0
8000,P2_LARGEST,f85bd3f8-e421-4fdf-bbff-51f1209b0c58,732,9459,0,0,9459,0
none,P2_LARGEST,f85bd3f8-e421-4fdf-bbff-51f1209b0c58,199,9000,0,0,9000,0
none,P2_LARGEST,f85bd3f8-e421-4fdf-bbff-51f1209b0c58,289,9235,0,0,9235,0
none,P2_LARGEST,f85bd3f8-e421-4fdf-bbff-51f1209b0c58,369,9334,0,0,9334,0
none,P2_LARGEST,f85bd3f8-e421-4fdf-bbff-51f1209b0c58,732,9459,0,0,9459,0
2000,P2_LARGEST,f8f90137-b7ea-4284-8def-8ecf7f628729,15,6843,0,0,6843,0
2000,P2_LARGEST,f8f90137-b7ea-4284-8def-8ecf7f628729,23,7825,0,0,7825,0
2000,P2_LARGEST,f8f90137-b7ea-4284-8def-8ecf7f628729,28,8842,0,0,8842,0
2000,P2_LARGEST,f8f90137-b7ea-4284-8def-8ecf7f628729,36,9995,0,0,9995,0
2000,P2_LARGEST,f8f90137-b7ea-4284-8def-8ecf7f628729,41,11111,0,0,11111,0
2000,P2_LARGEST,f8f90137-b7ea-4284-8def-8ecf7f628729,46,12274,0,0,12274,0
2000,P2_LARGEST,f8f90137-b7ea-4284-8def-8ecf7f628729,54,14329,0,0,14329,0
2000,P2_LARGEST,f8f90137-b7ea-4284-8def-8ecf7f628729,59,16727,0,0,16727,0
4000,P2_LARGEST,f8f90137-b7ea-4284-8def-8ecf7f628729,15,6843,0,0,6843,0
4000,P2_LARGEST,f8f90137-b7ea-4284-8def-8ecf7f628729,23,7825,0,0,7825,0
4000,P2_LARGEST,f8f90137-b7ea-4284-8def-8ecf7f628729,28,8842,0,0,8842,0
4000,P2_LARGEST,f8f90137-b7ea-4284-8def-8ecf7f628729,36,9995,0,0,9995,0
4000,P2_LARGEST,f8f90137-b7ea-4284-8def-8ecf7f628729,41,11111,0,0,11111,0
4000,P2_LARGEST,f8f90137-b7ea-4284-8def-8ecf7f628729,46,12274,0,0,12274,0
4000,P2_LARGEST,f8f90137-b7ea-4284-8def-8ecf7f628729,54,14329,0,0,14329,0
4000,P2_LARGEST,f8f90137-b7ea-4284-8def-8ecf7f628729,59,16727,0,0,16727,0
8000,P2_LARGEST,f8f90137-b7ea-4284-8def-8ecf7f628729,15,6843,0,0,6843,0
8000,P2_LARGEST,f8f90137-b7ea-4284-8def-8ecf7f628729,23,7825,0,0,7825,0
8000,P2_LARGEST,f8f90137-b7ea-4284-8def-8ecf7f628729,28,8842,0,0,8842,0
8000,P2_LARGEST,f8f90137-b7ea-4284-8def-8ecf7f628729,36,9995,0,0,9995,0
8000,P2_LARGEST,f8f90137-b7ea-4284-8def-8ecf7f628729,41,11111,0,0,11111,0
8000,P2_LARGEST,f8f90137-b7ea-4284-8def-8ecf7f628729,46,12274,0,0,12274,0
8000,P2_LARGEST,f8f90137-b7ea-4284-8def-8ecf7f628729,54,14329,0,0,14329,0
8000,P2_LARGEST,f8f90137-b7ea-4284-8def-8ecf7f628729,59,16727,0,0,16727,0
none,P2_LARGEST,f8f90137-b7ea-4284-8def-8ecf7f628729,15,6843,0,0,6843,0
none,P2_LARGEST,f8f90137-b7ea-4284-8def-8ecf7f628729,23,7825,0,0,7825,0
none,P2_LARGEST,f8f90137-b7ea-4284-8def-8ecf7f628729,28,8842,0,0,8842,0
none,P2_LARGEST,f8f90137-b7ea-4284-8def-8ecf7f628729,36,9995,0,0,9995,0
none,P2_LARGEST,f8f90137-b7ea-4284-8def-8ecf7f628729,41,11111,0,0,11111,0
none,P2_LARGEST,f8f90137-b7ea-4284-8def-8ecf7f628729,46,12274,0,0,12274,0
none,P2_LARGEST,f8f90137-b7ea-4284-8def-8ecf7f628729,54,14329,0,0,14329,0
none,P2_LARGEST,f8f90137-b7ea-4284-8def-8ecf7f628729,59,16727,0,0,16727,0
2000,P2_LARGEST,fae09fbf-c8d7-4760-af42-e0b17638e151,132,9907,0,0,9907,0
2000,P2_LARGEST,fae09fbf-c8d7-4760-af42-e0b17638e151,240,10798,0,0,10798,0
2000,P2_LARGEST,fae09fbf-c8d7-4760-af42-e0b17638e151,427,11638,0,0,11638,0
2000,P2_LARGEST,fae09fbf-c8d7-4760-af42-e0b17638e151,627,12879,0,0,12879,0
2000,P2_LARGEST,fae09fbf-c8d7-4760-af42-e0b17638e151,710,13676,0,0,13676,0
2000,P2_LARGEST,fae09fbf-c8d7-4760-af42-e0b17638e151,1218,13845,0,0,13845,0
2000,P2_LARGEST,fae09fbf-c8d7-4760-af42-e0b17638e151,1282,14360,0,0,14360,0
2000,P2_LARGEST,fae09fbf-c8d7-4760-af42-e0b17638e151,2281,14477,0,0,14477,0
2000,P2_LARGEST,fae09fbf-c8d7-4760-af42-e0b17638e151,2654,15953,0,0,15953,0
2000,P2_LARGEST,fae09fbf-c8d7-4760-af42-e0b17638e151,3949,16787,2,2010,14777,0
2000,P2_LARGEST,fae09fbf-c8d7-4760-af42-e0b17638e151,6070,16129,0,0,16129,0
2000,P2_LARGEST,fae09fbf-c8d7-4760-af42-e0b17638e151,6129,19849,7,4721,15128,0
2000,P2_LARGEST,fae09fbf-c8d7-4760-af42-e0b17638e151,7427,16247,0,0,16247,0
2000,P2_LARGEST,fae09fbf-c8d7-4760-af42-e0b17638e151,8623,19608,3,4898,14710,0
2000,P2_LARGEST,fae09fbf-c8d7-4760-af42-e0b17638e151,11382,15987,0,0,15987,0
2000,P2_LARGEST,fae09fbf-c8d7-4760-af42-e0b17638e151,11695,20852,13,5536,15316,0
2000,P2_LARGEST,fae09fbf-c8d7-4760-af42-e0b17638e151,11861,15645,0,0,15645,0
2000,P2_LARGEST,fae09fbf-c8d7-4760-af42-e0b17638e151,14512,19229,2,4788,14441,0
2000,P2_LARGEST,fae09fbf-c8d7-4760-af42-e0b17638e151,15771,19636,2,5104,14532,0
2000,P2_LARGEST,fae09fbf-c8d7-4760-af42-e0b17638e151,17439,18877,3,4386,14491,0
2000,P2_LARGEST,fae09fbf-c8d7-4760-af42-e0b17638e151,20265,16238,0,0,16238,0
2000,P2_LARGEST,fae09fbf-c8d7-4760-af42-e0b17638e151,20450,21897,3,6688,15209,0
2000,P2_LARGEST,fae09fbf-c8d7-4760-af42-e0b17638e151,21289,16202,0,0,16202,0
2000,P2_LARGEST,fae09fbf-c8d7-4760-af42-e0b17638e151,21961,20102,6,4936,15166,0
2000,P2_LARGEST,fae09fbf-c8d7-4760-af42-e0b17638e151,27664,16282,0,0,16282,0
2000,P2_LARGEST,fae09fbf-c8d7-4760-af42-e0b17638e151,33019,22325,25,5003,17322,1
2000,P2_LARGEST,fae09fbf-c8d7-4760-af42-e0b17638e151,33366,25511,3,6439,19072,1
2000,P2_LARGEST,fae09fbf-c8d7-4760-af42-e0b17638e151,33448,19544,1,5809,13735,0
2000,P2_LARGEST,fae09fbf-c8d7-4760-af42-e0b17638e151,33728,16422,1,2304,14118,0
2000,P2_LARGEST,fae09fbf-c8d7-4760-af42-e0b17638e151,34195,14473,0,0,14473,0
2000,P2_LARGEST,fae09fbf-c8d7-4760-af42-e0b17638e151,34535,15027,0,0,15027,0
2000,P2_LARGEST,fae09fbf-c8d7-4760-af42-e0b17638e151,34737,15659,0,0,15659,0
2000,P2_LARGEST,fae09fbf-c8d7-4760-af42-e0b17638e151,34879,15869,0,0,15869,0
2000,P2_LARGEST,fae09fbf-c8d7-4760-af42-e0b17638e151,35567,16003,0,0,16003,0
4000,P2_LARGEST,fae09fbf-c8d7-4760-af42-e0b17638e151,132,9907,0,0,9907,0
4000,P2_LARGEST,fae09fbf-c8d7-4760-af42-e0b17638e151,240,10798,0,0,10798,0
4000,P2_LARGEST,fae09fbf-c8d7-4760-af42-e0b17638e151,427,11638,0,0,11638,0
4000,P2_LARGEST,fae09fbf-c8d7-4760-af42-e0b17638e151,627,12879,0,0,12879,0
4000,P2_LARGEST,fae09fbf-c8d7-4760-af42-e0b17638e151,710,13676,0,0,13676,0
4000,P2_LARGEST,fae09fbf-c8d7-4760-af42-e0b17638e151,1218,13845,0,0,13845,0
4000,P2_LARGEST,fae09fbf-c8d7-4760-af42-e0b17638e151,1282,14360,0,0,14360,0
4000,P2_LARGEST,fae09fbf-c8d7-4760-af42-e0b17638e151,2281,14477,0,0,14477,0
4000,P2_LARGEST,fae09fbf-c8d7-4760-af42-e0b17638e151,2654,15953,0,0,15953,0
4000,P2_LARGEST,fae09fbf-c8d7-4760-af42-e0b17638e151,3949,16787,2,2010,14777,0
4000,P2_LARGEST,fae09fbf-c8d7-4760-af42-e0b17638e151,6070,16129,0,0,16129,0
4000,P2_LARGEST,fae09fbf-c8d7-4760-af42-e0b17638e151,6129,19849,7,4721,15128,0
4000,P2_LARGEST,fae09fbf-c8d7-4760-af42-e0b17638e151,7427,16247,0,0,16247,0
4000,P2_LARGEST,fae09fbf-c8d7-4760-af42-e0b17638e151,8623,19608,3,4898,14710,0
4000,P2_LARGEST,fae09fbf-c8d7-4760-af42-e0b17638e151,11382,15987,0,0,15987,0
4000,P2_LARGEST,fae09fbf-c8d7-4760-af42-e0b17638e151,11695,20852,13,5536,15316,0
4000,P2_LARGEST,fae09fbf-c8d7-4760-af42-e0b17638e151,11861,15645,0,0,15645,0
4000,P2_LARGEST,fae09fbf-c8d7-4760-af42-e0b17638e151,14512,19229,2,4788,14441,0
4000,P2_LARGEST,fae09fbf-c8d7-4760-af42-e0b17638e151,15771,19636,2,5104,14532,0
4000,P2_LARGEST,fae09fbf-c8d7-4760-af42-e0b17638e151,17439,18877,3,4386,14491,0
4000,P2_LARGEST,fae09fbf-c8d7-4760-af42-e0b17638e151,20265,16238,0,0,16238,0
4000,P2_LARGEST,fae09fbf-c8d7-4760-af42-e0b17638e151,20450,21897,3,6688,15209,0
4000,P2_LARGEST,fae09fbf-c8d7-4760-af42-e0b17638e151,21289,16202,0,0,16202,0
4000,P2_LARGEST,fae09fbf-c8d7-4760-af42-e0b17638e151,21961,20102,6,4936,15166,0
4000,P2_LARGEST,fae09fbf-c8d7-4760-af42-e0b17638e151,27664,16282,0,0,16282,0
4000,P2_LARGEST,fae09fbf-c8d7-4760-af42-e0b17638e151,33019,22325,25,5003,17322,1
4000,P2_LARGEST,fae09fbf-c8d7-4760-af42-e0b17638e151,33366,25511,3,6439,19072,1
4000,P2_LARGEST,fae09fbf-c8d7-4760-af42-e0b17638e151,33448,19544,1,5809,13735,0
4000,P2_LARGEST,fae09fbf-c8d7-4760-af42-e0b17638e151,33728,16422,1,2304,14118,0
4000,P2_LARGEST,fae09fbf-c8d7-4760-af42-e0b17638e151,34195,14473,0,0,14473,0
4000,P2_LARGEST,fae09fbf-c8d7-4760-af42-e0b17638e151,34535,15027,0,0,15027,0
4000,P2_LARGEST,fae09fbf-c8d7-4760-af42-e0b17638e151,34737,15659,0,0,15659,0
4000,P2_LARGEST,fae09fbf-c8d7-4760-af42-e0b17638e151,34879,15869,0,0,15869,0
4000,P2_LARGEST,fae09fbf-c8d7-4760-af42-e0b17638e151,35567,16003,0,0,16003,0
8000,P2_LARGEST,fae09fbf-c8d7-4760-af42-e0b17638e151,132,9907,0,0,9907,0
8000,P2_LARGEST,fae09fbf-c8d7-4760-af42-e0b17638e151,240,10798,0,0,10798,0
8000,P2_LARGEST,fae09fbf-c8d7-4760-af42-e0b17638e151,427,11638,0,0,11638,0
8000,P2_LARGEST,fae09fbf-c8d7-4760-af42-e0b17638e151,627,12879,0,0,12879,0
8000,P2_LARGEST,fae09fbf-c8d7-4760-af42-e0b17638e151,710,13676,0,0,13676,0
8000,P2_LARGEST,fae09fbf-c8d7-4760-af42-e0b17638e151,1218,13845,0,0,13845,0
8000,P2_LARGEST,fae09fbf-c8d7-4760-af42-e0b17638e151,1282,14360,0,0,14360,0
8000,P2_LARGEST,fae09fbf-c8d7-4760-af42-e0b17638e151,2281,14477,0,0,14477,0
8000,P2_LARGEST,fae09fbf-c8d7-4760-af42-e0b17638e151,2654,15953,0,0,15953,0
8000,P2_LARGEST,fae09fbf-c8d7-4760-af42-e0b17638e151,3949,16787,2,2010,14777,0
8000,P2_LARGEST,fae09fbf-c8d7-4760-af42-e0b17638e151,6070,16129,0,0,16129,0
8000,P2_LARGEST,fae09fbf-c8d7-4760-af42-e0b17638e151,6129,19849,7,4721,15128,0
8000,P2_LARGEST,fae09fbf-c8d7-4760-af42-e0b17638e151,7427,16247,0,0,16247,0
8000,P2_LARGEST,fae09fbf-c8d7-4760-af42-e0b17638e151,8623,19608,3,4898,14710,0
8000,P2_LARGEST,fae09fbf-c8d7-4760-af42-e0b17638e151,11382,15987,0,0,15987,0
8000,P2_LARGEST,fae09fbf-c8d7-4760-af42-e0b17638e151,11695,20852,13,5536,15316,0
8000,P2_LARGEST,fae09fbf-c8d7-4760-af42-e0b17638e151,11861,15645,0,0,15645,0
8000,P2_LARGEST,fae09fbf-c8d7-4760-af42-e0b17638e151,14512,19229,2,4788,14441,0
8000,P2_LARGEST,fae09fbf-c8d7-4760-af42-e0b17638e151,15771,19636,2,5104,14532,0
8000,P2_LARGEST,fae09fbf-c8d7-4760-af42-e0b17638e151,17439,18877,3,4386,14491,0
8000,P2_LARGEST,fae09fbf-c8d7-4760-af42-e0b17638e151,20265,16238,0,0,16238,0
8000,P2_LARGEST,fae09fbf-c8d7-4760-af42-e0b17638e151,20450,21897,3,6688,15209,0
8000,P2_LARGEST,fae09fbf-c8d7-4760-af42-e0b17638e151,21289,16202,0,0,16202,0
8000,P2_LARGEST,fae09fbf-c8d7-4760-af42-e0b17638e151,21961,20102,6,4936,15166,0
8000,P2_LARGEST,fae09fbf-c8d7-4760-af42-e0b17638e151,27664,16282,0,0,16282,0
8000,P2_LARGEST,fae09fbf-c8d7-4760-af42-e0b17638e151,33019,22325,25,5003,17322,1
8000,P2_LARGEST,fae09fbf-c8d7-4760-af42-e0b17638e151,33366,25511,3,6439,19072,1
8000,P2_LARGEST,fae09fbf-c8d7-4760-af42-e0b17638e151,33448,19544,1,5809,13735,0
8000,P2_LARGEST,fae09fbf-c8d7-4760-af42-e0b17638e151,33728,16422,1,2304,14118,0
8000,P2_LARGEST,fae09fbf-c8d7-4760-af42-e0b17638e151,34195,14473,0,0,14473,0
8000,P2_LARGEST,fae09fbf-c8d7-4760-af42-e0b17638e151,34535,15027,0,0,15027,0
8000,P2_LARGEST,fae09fbf-c8d7-4760-af42-e0b17638e151,34737,15659,0,0,15659,0
8000,P2_LARGEST,fae09fbf-c8d7-4760-af42-e0b17638e151,34879,15869,0,0,15869,0
8000,P2_LARGEST,fae09fbf-c8d7-4760-af42-e0b17638e151,35567,16003,0,0,16003,0
none,P2_LARGEST,fae09fbf-c8d7-4760-af42-e0b17638e151,132,9907,0,0,9907,0
none,P2_LARGEST,fae09fbf-c8d7-4760-af42-e0b17638e151,240,10798,0,0,10798,0
none,P2_LARGEST,fae09fbf-c8d7-4760-af42-e0b17638e151,427,11638,0,0,11638,0
none,P2_LARGEST,fae09fbf-c8d7-4760-af42-e0b17638e151,627,12879,0,0,12879,0
none,P2_LARGEST,fae09fbf-c8d7-4760-af42-e0b17638e151,710,13676,0,0,13676,0
none,P2_LARGEST,fae09fbf-c8d7-4760-af42-e0b17638e151,1218,13845,0,0,13845,0
none,P2_LARGEST,fae09fbf-c8d7-4760-af42-e0b17638e151,1282,14360,0,0,14360,0
none,P2_LARGEST,fae09fbf-c8d7-4760-af42-e0b17638e151,2281,14477,0,0,14477,0
none,P2_LARGEST,fae09fbf-c8d7-4760-af42-e0b17638e151,2654,15953,0,0,15953,0
none,P2_LARGEST,fae09fbf-c8d7-4760-af42-e0b17638e151,3949,16787,2,2010,14777,0
none,P2_LARGEST,fae09fbf-c8d7-4760-af42-e0b17638e151,6070,16129,0,0,16129,0
none,P2_LARGEST,fae09fbf-c8d7-4760-af42-e0b17638e151,6129,19849,7,4721,15128,0
none,P2_LARGEST,fae09fbf-c8d7-4760-af42-e0b17638e151,7427,16247,0,0,16247,0
none,P2_LARGEST,fae09fbf-c8d7-4760-af42-e0b17638e151,8623,19608,3,4898,14710,0
none,P2_LARGEST,fae09fbf-c8d7-4760-af42-e0b17638e151,11382,15987,0,0,15987,0
none,P2_LARGEST,fae09fbf-c8d7-4760-af42-e0b17638e151,11695,20852,13,5536,15316,0
none,P2_LARGEST,fae09fbf-c8d7-4760-af42-e0b17638e151,11861,15645,0,0,15645,0
none,P2_LARGEST,fae09fbf-c8d7-4760-af42-e0b17638e151,14512,19229,2,4788,14441,0
none,P2_LARGEST,fae09fbf-c8d7-4760-af42-e0b17638e151,15771,19636,2,5104,14532,0
none,P2_LARGEST,fae09fbf-c8d7-4760-af42-e0b17638e151,17439,18877,3,4386,14491,0
none,P2_LARGEST,fae09fbf-c8d7-4760-af42-e0b17638e151,20265,16238,0,0,16238,0
none,P2_LARGEST,fae09fbf-c8d7-4760-af42-e0b17638e151,20450,21897,3,6688,15209,0
none,P2_LARGEST,fae09fbf-c8d7-4760-af42-e0b17638e151,21289,16202,0,0,16202,0
none,P2_LARGEST,fae09fbf-c8d7-4760-af42-e0b17638e151,21961,20102,6,4936,15166,0
none,P2_LARGEST,fae09fbf-c8d7-4760-af42-e0b17638e151,27664,16282,0,0,16282,0
none,P2_LARGEST,fae09fbf-c8d7-4760-af42-e0b17638e151,33019,22325,25,5003,17322,1
none,P2_LARGEST,fae09fbf-c8d7-4760-af42-e0b17638e151,33366,25511,3,6439,19072,1
none,P2_LARGEST,fae09fbf-c8d7-4760-af42-e0b17638e151,33448,19544,1,5809,13735,0
none,P2_LARGEST,fae09fbf-c8d7-4760-af42-e0b17638e151,33728,16422,1,2304,14118,0
none,P2_LARGEST,fae09fbf-c8d7-4760-af42-e0b17638e151,34195,14473,0,0,14473,0
none,P2_LARGEST,fae09fbf-c8d7-4760-af42-e0b17638e151,34535,15027,0,0,15027,0
none,P2_LARGEST,fae09fbf-c8d7-4760-af42-e0b17638e151,34737,15659,0,0,15659,0
none,P2_LARGEST,fae09fbf-c8d7-4760-af42-e0b17638e151,34879,15869,0,0,15869,0
none,P2_LARGEST,fae09fbf-c8d7-4760-af42-e0b17638e151,35567,16003,0,0,16003,0
2000,P2_LARGEST,fb0d9da8-6ad3-4448-9099-8a848bfe89d5,473,7861,0,0,7861,0
2000,P2_LARGEST,fb0d9da8-6ad3-4448-9099-8a848bfe89d5,829,8370,0,0,8370,0
4000,P2_LARGEST,fb0d9da8-6ad3-4448-9099-8a848bfe89d5,473,7861,0,0,7861,0
4000,P2_LARGEST,fb0d9da8-6ad3-4448-9099-8a848bfe89d5,829,8370,0,0,8370,0
8000,P2_LARGEST,fb0d9da8-6ad3-4448-9099-8a848bfe89d5,473,7861,0,0,7861,0
8000,P2_LARGEST,fb0d9da8-6ad3-4448-9099-8a848bfe89d5,829,8370,0,0,8370,0
none,P2_LARGEST,fb0d9da8-6ad3-4448-9099-8a848bfe89d5,473,7861,0,0,7861,0
none,P2_LARGEST,fb0d9da8-6ad3-4448-9099-8a848bfe89d5,829,8370,0,0,8370,0
2000,P2_LARGEST,fc9c6b67-a196-4ad2-bf38-48f904782745,103,7139,0,0,7139,0
2000,P2_LARGEST,fc9c6b67-a196-4ad2-bf38-48f904782745,335,7850,0,0,7850,0
2000,P2_LARGEST,fc9c6b67-a196-4ad2-bf38-48f904782745,505,8295,0,0,8295,0
2000,P2_LARGEST,fc9c6b67-a196-4ad2-bf38-48f904782745,671,8521,0,0,8521,0
2000,P2_LARGEST,fc9c6b67-a196-4ad2-bf38-48f904782745,983,9701,0,0,9701,0
2000,P2_LARGEST,fc9c6b67-a196-4ad2-bf38-48f904782745,1809,10524,0,0,10524,0
2000,P2_LARGEST,fc9c6b67-a196-4ad2-bf38-48f904782745,2840,12415,0,0,12415,0
2000,P2_LARGEST,fc9c6b67-a196-4ad2-bf38-48f904782745,3098,13846,0,0,13846,0
2000,P2_LARGEST,fc9c6b67-a196-4ad2-bf38-48f904782745,4289,16870,2,2003,14867,0
2000,P2_LARGEST,fc9c6b67-a196-4ad2-bf38-48f904782745,5042,16556,2,1990,14566,0
2000,P2_LARGEST,fc9c6b67-a196-4ad2-bf38-48f904782745,5633,18482,3,3598,14884,0
2000,P2_LARGEST,fc9c6b67-a196-4ad2-bf38-48f904782745,6620,16375,0,0,16375,0
2000,P2_LARGEST,fc9c6b67-a196-4ad2-bf38-48f904782745,7836,18510,3,3628,14882,0
2000,P2_LARGEST,fc9c6b67-a196-4ad2-bf38-48f904782745,8752,20136,7,4893,15243,0
2000,P2_LARGEST,fc9c6b67-a196-4ad2-bf38-48f904782745,9345,16362,0,0,16362,0
2000,P2_LARGEST,fc9c6b67-a196-4ad2-bf38-48f904782745,10622,17568,1,2881,14687,0
2000,P2_LARGEST,fc9c6b67-a196-4ad2-bf38-48f904782745,10816,16120,0,0,16120,0
2000,P2_LARGEST,fc9c6b67-a196-4ad2-bf38-48f904782745,11546,16536,1,1377,15159,0
2000,P2_LARGEST,fc9c6b67-a196-4ad2-bf38-48f904782745,11616,19373,4,4006,15367,0
2000,P2_LARGEST,fc9c6b67-a196-4ad2-bf38-48f904782745,14922,16035,0,0,16035,0
2000,P2_LARGEST,fc9c6b67-a196-4ad2-bf38-48f904782745,17509,23624,6,8431,15193,0
2000,P2_LARGEST,fc9c6b67-a196-4ad2-bf38-48f904782745,22295,21836,13,6618,15218,0
2000,P2_LARGEST,fc9c6b67-a196-4ad2-bf38-48f904782745,25491,24791,3,10967,13824,0
2000,P2_LARGEST,fc9c6b67-a196-4ad2-bf38-48f904782745,28295,22294,2,7240,15054,0
2000,P2_LARGEST,fc9c6b67-a196-4ad2-bf38-48f904782745,29691,28022,20,10082,17940,1
2000,P2_LARGEST,fc9c6b67-a196-4ad2-bf38-48f904782745,30415,20018,1,4847,15171,0
2000,P2_LARGEST,fc9c6b67-a196-4ad2-bf38-48f904782745,32374,16408,1,4836,11572,0
2000,P2_LARGEST,fc9c6b67-a196-4ad2-bf38-48f904782745,36609,15447,0,0,15447,0
2000,P2_LARGEST,fc9c6b67-a196-4ad2-bf38-48f904782745,37669,19731,4,4579,15152,0
2000,P2_LARGEST,fc9c6b67-a196-4ad2-bf38-48f904782745,40415,16529,1,4204,12325,0
2000,P2_LARGEST,fc9c6b67-a196-4ad2-bf38-48f904782745,42741,15061,0,0,15061,0
2000,P2_LARGEST,fc9c6b67-a196-4ad2-bf38-48f904782745,43340,17434,1,2715,14719,0
4000,P2_LARGEST,fc9c6b67-a196-4ad2-bf38-48f904782745,103,7139,0,0,7139,0
4000,P2_LARGEST,fc9c6b67-a196-4ad2-bf38-48f904782745,335,10306,0,0,10306,0
4000,P2_LARGEST,fc9c6b67-a196-4ad2-bf38-48f904782745,505,10751,0,0,10751,0
4000,P2_LARGEST,fc9c6b67-a196-4ad2-bf38-48f904782745,671,10977,0,0,10977,0
4000,P2_LARGEST,fc9c6b67-a196-4ad2-bf38-48f904782745,983,12157,0,0,12157,0
4000,P2_LARGEST,fc9c6b67-a196-4ad2-bf38-48f904782745,1809,12980,0,0,12980,0
4000,P2_LARGEST,fc9c6b67-a196-4ad2-bf38-48f904782745,2840,14871,0,0,14871,0
4000,P2_LARGEST,fc9c6b67-a196-4ad2-bf38-48f904782745,3098,16302,0,0,16302,0
4000,P2_LARGEST,fc9c6b67-a196-4ad2-bf38-48f904782745,4289,19326,2,3961,15365,0
4000,P2_LARGEST,fc9c6b67-a196-4ad2-bf38-48f904782745,5042,17054,2,2100,14954,0
4000,P2_LARGEST,fc9c6b67-a196-4ad2-bf38-48f904782745,5633,18870,3,3683,15187,0
4000,P2_LARGEST,fc9c6b67-a196-4ad2-bf38-48f904782745,6620,16678,1,2070,14608,0
4000,P2_LARGEST,fc9c6b67-a196-4ad2-bf38-48f904782745,7836,16743,2,1582,15161,0
4000,P2_LARGEST,fc9c6b67-a196-4ad2-bf38-48f904782745,8752,20415,7,5172,15243,0
4000,P2_LARGEST,fc9c6b67-a196-4ad2-bf38-48f904782745,9345,16362,0,0,16362,0
4000,P2_LARGEST,fc9c6b67-a196-4ad2-bf38-48f904782745,10622,17568,1,2881,14687,0
4000,P2_LARGEST,fc9c6b67-a196-4ad2-bf38-48f904782745,10816,16120,0,0,16120,0
4000,P2_LARGEST,fc9c6b67-a196-4ad2-bf38-48f904782745,11546,16536,1,1377,15159,0
4000,P2_LARGEST,fc9c6b67-a196-4ad2-bf38-48f904782745,11616,19373,4,4006,15367,0
4000,P2_LARGEST,fc9c6b67-a196-4ad2-bf38-48f904782745,14922,17911,1,3100,14811,0
4000,P2_LARGEST,fc9c6b67-a196-4ad2-bf38-48f904782745,17509,22400,5,7207,15193,0
4000,P2_LARGEST,fc9c6b67-a196-4ad2-bf38-48f904782745,22295,21836,13,6618,15218,0
4000,P2_LARGEST,fc9c6b67-a196-4ad2-bf38-48f904782745,25491,24791,3,10967,13824,0
4000,P2_LARGEST,fc9c6b67-a196-4ad2-bf38-48f904782745,28295,23875,6,8515,15360,0
4000,P2_LARGEST,fc9c6b67-a196-4ad2-bf38-48f904782745,29691,28328,16,10388,17940,1
4000,P2_LARGEST,fc9c6b67-a196-4ad2-bf38-48f904782745,30415,20018,1,4847,15171,0
4000,P2_LARGEST,fc9c6b67-a196-4ad2-bf38-48f904782745,32374,18141,1,4836,13305,0
4000,P2_LARGEST,fc9c6b67-a196-4ad2-bf38-48f904782745,36609,17180,2,2062,15118,0
4000,P2_LARGEST,fc9c6b67-a196-4ad2-bf38-48f904782745,37669,19402,2,4167,15235,0
4000,P2_LARGEST,fc9c6b67-a196-4ad2-bf38-48f904782745,40415,16612,1,4204,12408,0
4000,P2_LARGEST,fc9c6b67-a196-4ad2-bf38-48f904782745,42741,15144,0,0,15144,0
4000,P2_LARGEST,fc9c6b67-a196-4ad2-bf38-48f904782745,43340,17517,1,2715,14802,0
8000,P2_LARGEST,fc9c6b67-a196-4ad2-bf38-48f904782745,103,7139,0,0,7139,0
8000,P2_LARGEST,fc9c6b67-a196-4ad2-bf38-48f904782745,335,10306,0,0,10306,0
8000,P2_LARGEST,fc9c6b67-a196-4ad2-bf38-48f904782745,505,10751,0,0,10751,0
8000,P2_LARGEST,fc9c6b67-a196-4ad2-bf38-48f904782745,671,10977,0,0,10977,0
8000,P2_LARGEST,fc9c6b67-a196-4ad2-bf38-48f904782745,983,12157,0,0,12157,0
8000,P2_LARGEST,fc9c6b67-a196-4ad2-bf38-48f904782745,1809,17786,1,2956,14830,0
8000,P2_LARGEST,fc9c6b67-a196-4ad2-bf38-48f904782745,2840,16721,1,5306,11415,0
8000,P2_LARGEST,fc9c6b67-a196-4ad2-bf38-48f904782745,3098,12846,0,0,12846,0
8000,P2_LARGEST,fc9c6b67-a196-4ad2-bf38-48f904782745,4289,15870,0,0,15870,0
8000,P2_LARGEST,fc9c6b67-a196-4ad2-bf38-48f904782745,5042,17559,3,3105,14454,0
8000,P2_LARGEST,fc9c6b67-a196-4ad2-bf38-48f904782745,5633,18370,3,3683,14687,0
8000,P2_LARGEST,fc9c6b67-a196-4ad2-bf38-48f904782745,6620,16178,0,0,16178,0
8000,P2_LARGEST,fc9c6b67-a196-4ad2-bf38-48f904782745,7836,18313,3,3652,14661,0
8000,P2_LARGEST,fc9c6b67-a196-4ad2-bf38-48f904782745,8752,19915,6,4672,15243,0
8000,P2_LARGEST,fc9c6b67-a196-4ad2-bf38-48f904782745,9345,16362,0,0,16362,0
8000,P2_LARGEST,fc9c6b67-a196-4ad2-bf38-48f904782745,10622,17568,1,2881,14687,0
8000,P2_LARGEST,fc9c6b67-a196-4ad2-bf38-48f904782745,10816,16120,0,0,16120,0
8000,P2_LARGEST,fc9c6b67-a196-4ad2-bf38-48f904782745,11546,16536,1,1377,15159,0
8000,P2_LARGEST,fc9c6b67-a196-4ad2-bf38-48f904782745,11616,19373,4,4006,15367,0
8000,P2_LARGEST,fc9c6b67-a196-4ad2-bf38-48f904782745,14922,17911,1,3100,14811,0
8000,P2_LARGEST,fc9c6b67-a196-4ad2-bf38-48f904782745,17509,25942,25,10588,15354,0
8000,P2_LARGEST,fc9c6b67-a196-4ad2-bf38-48f904782745,22295,21997,2,7516,14481,0
8000,P2_LARGEST,fc9c6b67-a196-4ad2-bf38-48f904782745,25491,24054,3,10967,13087,0
8000,P2_LARGEST,fc9c6b67-a196-4ad2-bf38-48f904782745,28295,23138,3,7835,15303,0
8000,P2_LARGEST,fc9c6b67-a196-4ad2-bf38-48f904782745,29691,28271,10,10331,17940,1
8000,P2_LARGEST,fc9c6b67-a196-4ad2-bf38-48f904782745,30415,20018,1,4847,15171,0
8000,P2_LARGEST,fc9c6b67-a196-4ad2-bf38-48f904782745,32374,18141,1,4836,13305,0
8000,P2_LARGEST,fc9c6b67-a196-4ad2-bf38-48f904782745,36609,17180,2,2062,15118,0
8000,P2_LARGEST,fc9c6b67-a196-4ad2-bf38-48f904782745,37669,19402,2,4167,15235,0
8000,P2_LARGEST,fc9c6b67-a196-4ad2-bf38-48f904782745,40415,16612,1,4204,12408,0
8000,P2_LARGEST,fc9c6b67-a196-4ad2-bf38-48f904782745,42741,15144,0,0,15144,0
8000,P2_LARGEST,fc9c6b67-a196-4ad2-bf38-48f904782745,43340,17517,1,2715,14802,0
none,P2_LARGEST,fc9c6b67-a196-4ad2-bf38-48f904782745,103,7139,0,0,7139,0
none,P2_LARGEST,fc9c6b67-a196-4ad2-bf38-48f904782745,335,10306,0,0,10306,0
none,P2_LARGEST,fc9c6b67-a196-4ad2-bf38-48f904782745,505,10751,0,0,10751,0
none,P2_LARGEST,fc9c6b67-a196-4ad2-bf38-48f904782745,671,10977,0,0,10977,0
none,P2_LARGEST,fc9c6b67-a196-4ad2-bf38-48f904782745,983,12157,0,0,12157,0
none,P2_LARGEST,fc9c6b67-a196-4ad2-bf38-48f904782745,1809,17786,1,2956,14830,0
none,P2_LARGEST,fc9c6b67-a196-4ad2-bf38-48f904782745,2840,16721,1,5306,11415,0
none,P2_LARGEST,fc9c6b67-a196-4ad2-bf38-48f904782745,3098,12846,0,0,12846,0
none,P2_LARGEST,fc9c6b67-a196-4ad2-bf38-48f904782745,4289,15870,0,0,15870,0
none,P2_LARGEST,fc9c6b67-a196-4ad2-bf38-48f904782745,5042,17559,3,3105,14454,0
none,P2_LARGEST,fc9c6b67-a196-4ad2-bf38-48f904782745,5633,18370,3,3683,14687,0
none,P2_LARGEST,fc9c6b67-a196-4ad2-bf38-48f904782745,6620,16178,0,0,16178,0
none,P2_LARGEST,fc9c6b67-a196-4ad2-bf38-48f904782745,7836,18313,3,3652,14661,0
none,P2_LARGEST,fc9c6b67-a196-4ad2-bf38-48f904782745,8752,19915,6,4672,15243,0
none,P2_LARGEST,fc9c6b67-a196-4ad2-bf38-48f904782745,9345,16362,0,0,16362,0
none,P2_LARGEST,fc9c6b67-a196-4ad2-bf38-48f904782745,10622,17568,1,2881,14687,0
none,P2_LARGEST,fc9c6b67-a196-4ad2-bf38-48f904782745,10816,16120,0,0,16120,0
none,P2_LARGEST,fc9c6b67-a196-4ad2-bf38-48f904782745,11546,16536,1,1377,15159,0
none,P2_LARGEST,fc9c6b67-a196-4ad2-bf38-48f904782745,11616,19373,4,4006,15367,0
none,P2_LARGEST,fc9c6b67-a196-4ad2-bf38-48f904782745,14922,17911,1,3100,14811,0
none,P2_LARGEST,fc9c6b67-a196-4ad2-bf38-48f904782745,17509,25942,25,10588,15354,0
none,P2_LARGEST,fc9c6b67-a196-4ad2-bf38-48f904782745,22295,21997,2,7516,14481,0
none,P2_LARGEST,fc9c6b67-a196-4ad2-bf38-48f904782745,25491,24054,3,10967,13087,0
none,P2_LARGEST,fc9c6b67-a196-4ad2-bf38-48f904782745,28295,23138,3,7835,15303,0
none,P2_LARGEST,fc9c6b67-a196-4ad2-bf38-48f904782745,29691,28271,10,10331,17940,1
none,P2_LARGEST,fc9c6b67-a196-4ad2-bf38-48f904782745,30415,20018,1,4847,15171,0
none,P2_LARGEST,fc9c6b67-a196-4ad2-bf38-48f904782745,32374,18141,1,4836,13305,0
none,P2_LARGEST,fc9c6b67-a196-4ad2-bf38-48f904782745,36609,17180,2,2062,15118,0
none,P2_LARGEST,fc9c6b67-a196-4ad2-bf38-48f904782745,37669,19402,2,4167,15235,0
none,P2_LARGEST,fc9c6b67-a196-4ad2-bf38-48f904782745,40415,16612,1,4204,12408,0
none,P2_LARGEST,fc9c6b67-a196-4ad2-bf38-48f904782745,42741,15144,0,0,15144,0
none,P2_LARGEST,fc9c6b67-a196-4ad2-bf38-48f904782745,43340,17517,1,2715,14802,0
2000,P2_LARGEST,fccb294e-d2f0-4bbe-8439-637f03aa087c,299,6599,0,0,6599,0
2000,P2_LARGEST,fccb294e-d2f0-4bbe-8439-637f03aa087c,489,7402,0,0,7402,0
2000,P2_LARGEST,fccb294e-d2f0-4bbe-8439-637f03aa087c,932,8103,0,0,8103,0
2000,P2_LARGEST,fccb294e-d2f0-4bbe-8439-637f03aa087c,1371,8606,0,0,8606,0
2000,P2_LARGEST,fccb294e-d2f0-4bbe-8439-637f03aa087c,2283,9079,0,0,9079,0
2000,P2_LARGEST,fccb294e-d2f0-4bbe-8439-637f03aa087c,2370,9991,0,0,9991,0
2000,P2_LARGEST,fccb294e-d2f0-4bbe-8439-637f03aa087c,2969,11626,0,0,11626,0
4000,P2_LARGEST,fccb294e-d2f0-4bbe-8439-637f03aa087c,299,6599,0,0,6599,0
4000,P2_LARGEST,fccb294e-d2f0-4bbe-8439-637f03aa087c,489,10014,0,0,10014,0
4000,P2_LARGEST,fccb294e-d2f0-4bbe-8439-637f03aa087c,932,10715,0,0,10715,0
4000,P2_LARGEST,fccb294e-d2f0-4bbe-8439-637f03aa087c,1371,11218,0,0,11218,0
4000,P2_LARGEST,fccb294e-d2f0-4bbe-8439-637f03aa087c,2283,11691,0,0,11691,0
4000,P2_LARGEST,fccb294e-d2f0-4bbe-8439-637f03aa087c,2370,12603,0,0,12603,0
4000,P2_LARGEST,fccb294e-d2f0-4bbe-8439-637f03aa087c,2969,18050,0,0,18050,0
8000,P2_LARGEST,fccb294e-d2f0-4bbe-8439-637f03aa087c,299,6599,0,0,6599,0
8000,P2_LARGEST,fccb294e-d2f0-4bbe-8439-637f03aa087c,489,10014,0,0,10014,0
8000,P2_LARGEST,fccb294e-d2f0-4bbe-8439-637f03aa087c,932,14809,0,0,14809,0
8000,P2_LARGEST,fccb294e-d2f0-4bbe-8439-637f03aa087c,1371,15312,0,0,15312,0
8000,P2_LARGEST,fccb294e-d2f0-4bbe-8439-637f03aa087c,2283,15785,0,0,15785,0
8000,P2_LARGEST,fccb294e-d2f0-4bbe-8439-637f03aa087c,2370,16697,0,0,16697,0
8000,P2_LARGEST,fccb294e-d2f0-4bbe-8439-637f03aa087c,2969,29439,2,7706,21733,0
none,P2_LARGEST,fccb294e-d2f0-4bbe-8439-637f03aa087c,299,6599,0,0,6599,0
none,P2_LARGEST,fccb294e-d2f0-4bbe-8439-637f03aa087c,489,10014,0,0,10014,0
none,P2_LARGEST,fccb294e-d2f0-4bbe-8439-637f03aa087c,932,14809,0,0,14809,0
none,P2_LARGEST,fccb294e-d2f0-4bbe-8439-637f03aa087c,1371,15312,0,0,15312,0
none,P2_LARGEST,fccb294e-d2f0-4bbe-8439-637f03aa087c,2283,15785,0,0,15785,0
none,P2_LARGEST,fccb294e-d2f0-4bbe-8439-637f03aa087c,2370,16697,0,0,16697,0
none,P2_LARGEST,fccb294e-d2f0-4bbe-8439-637f03aa087c,2969,29439,2,7706,21733,0
2000,P2_LARGEST,ffddca85-dcdc-4779-b53a-40e38a40f1d4,128,6213,0,0,6213,0
2000,P2_LARGEST,ffddca85-dcdc-4779-b53a-40e38a40f1d4,627,7594,0,0,7594,0
4000,P2_LARGEST,ffddca85-dcdc-4779-b53a-40e38a40f1d4,128,6213,0,0,6213,0
4000,P2_LARGEST,ffddca85-dcdc-4779-b53a-40e38a40f1d4,627,7594,0,0,7594,0
8000,P2_LARGEST,ffddca85-dcdc-4779-b53a-40e38a40f1d4,128,6213,0,0,6213,0
8000,P2_LARGEST,ffddca85-dcdc-4779-b53a-40e38a40f1d4,627,7594,0,0,7594,0
none,P2_LARGEST,ffddca85-dcdc-4779-b53a-40e38a40f1d4,128,6213,0,0,6213,0
none,P2_LARGEST,ffddca85-dcdc-4779-b53a-40e38a40f1d4,627,7594,0,0,7594,0
2000,P2_LARGEST,ffe27f8b-9ede-4164-960e-f89e82115e96,55,9151,0,0,9151,0
2000,P2_LARGEST,ffe27f8b-9ede-4164-960e-f89e82115e96,119,9816,0,0,9816,0
2000,P2_LARGEST,ffe27f8b-9ede-4164-960e-f89e82115e96,199,11125,0,0,11125,0
2000,P2_LARGEST,ffe27f8b-9ede-4164-960e-f89e82115e96,279,11631,0,0,11631,0
2000,P2_LARGEST,ffe27f8b-9ede-4164-960e-f89e82115e96,348,12765,0,0,12765,0
2000,P2_LARGEST,ffe27f8b-9ede-4164-960e-f89e82115e96,658,13291,0,0,13291,0
2000,P2_LARGEST,ffe27f8b-9ede-4164-960e-f89e82115e96,1049,13599,0,0,13599,0
2000,P2_LARGEST,ffe27f8b-9ede-4164-960e-f89e82115e96,1224,15062,0,0,15062,0
2000,P2_LARGEST,ffe27f8b-9ede-4164-960e-f89e82115e96,1385,15666,0,0,15666,0
2000,P2_LARGEST,ffe27f8b-9ede-4164-960e-f89e82115e96,1464,17070,0,0,17070,0
2000,P2_LARGEST,ffe27f8b-9ede-4164-960e-f89e82115e96,1533,17716,0,0,17716,0
2000,P2_LARGEST,ffe27f8b-9ede-4164-960e-f89e82115e96,1676,18262,0,0,18262,0
2000,P2_LARGEST,ffe27f8b-9ede-4164-960e-f89e82115e96,1749,19023,0,0,19023,0
2000,P2_LARGEST,ffe27f8b-9ede-4164-960e-f89e82115e96,1796,19530,0,0,19530,0
2000,P2_LARGEST,ffe27f8b-9ede-4164-960e-f89e82115e96,1853,20195,0,0,20195,0
2000,P2_LARGEST,ffe27f8b-9ede-4164-960e-f89e82115e96,1931,20764,0,0,20764,0
2000,P2_LARGEST,ffe27f8b-9ede-4164-960e-f89e82115e96,1980,21460,0,0,21460,0
2000,P2_LARGEST,ffe27f8b-9ede-4164-960e-f89e82115e96,2129,22010,0,0,22010,0
2000,P2_LARGEST,ffe27f8b-9ede-4164-960e-f89e82115e96,2512,22650,0,0,22650,0
2000,P2_LARGEST,ffe27f8b-9ede-4164-960e-f89e82115e96,2859,23029,0,0,23029,0
2000,P2_LARGEST,ffe27f8b-9ede-4164-960e-f89e82115e96,3148,23387,0,0,23387,0
4000,P2_LARGEST,ffe27f8b-9ede-4164-960e-f89e82115e96,55,9151,0,0,9151,0
4000,P2_LARGEST,ffe27f8b-9ede-4164-960e-f89e82115e96,119,9816,0,0,9816,0
4000,P2_LARGEST,ffe27f8b-9ede-4164-960e-f89e82115e96,199,11125,0,0,11125,0
4000,P2_LARGEST,ffe27f8b-9ede-4164-960e-f89e82115e96,279,11631,0,0,11631,0
4000,P2_LARGEST,ffe27f8b-9ede-4164-960e-f89e82115e96,348,12765,0,0,12765,0
4000,P2_LARGEST,ffe27f8b-9ede-4164-960e-f89e82115e96,658,13291,0,0,13291,0
4000,P2_LARGEST,ffe27f8b-9ede-4164-960e-f89e82115e96,1049,13599,0,0,13599,0
4000,P2_LARGEST,ffe27f8b-9ede-4164-960e-f89e82115e96,1224,15062,0,0,15062,0
4000,P2_LARGEST,ffe27f8b-9ede-4164-960e-f89e82115e96,1385,15666,0,0,15666,0
4000,P2_LARGEST,ffe27f8b-9ede-4164-960e-f89e82115e96,1464,17070,0,0,17070,0
4000,P2_LARGEST,ffe27f8b-9ede-4164-960e-f89e82115e96,1533,17716,0,0,17716,0
4000,P2_LARGEST,ffe27f8b-9ede-4164-960e-f89e82115e96,1676,18262,0,0,18262,0
4000,P2_LARGEST,ffe27f8b-9ede-4164-960e-f89e82115e96,1749,19023,0,0,19023,0
4000,P2_LARGEST,ffe27f8b-9ede-4164-960e-f89e82115e96,1796,19530,0,0,19530,0
4000,P2_LARGEST,ffe27f8b-9ede-4164-960e-f89e82115e96,1853,20195,0,0,20195,0
4000,P2_LARGEST,ffe27f8b-9ede-4164-960e-f89e82115e96,1931,20764,0,0,20764,0
4000,P2_LARGEST,ffe27f8b-9ede-4164-960e-f89e82115e96,1980,21460,0,0,21460,0
4000,P2_LARGEST,ffe27f8b-9ede-4164-960e-f89e82115e96,2129,22010,0,0,22010,0
4000,P2_LARGEST,ffe27f8b-9ede-4164-960e-f89e82115e96,2512,22650,0,0,22650,0
4000,P2_LARGEST,ffe27f8b-9ede-4164-960e-f89e82115e96,2859,23029,0,0,23029,0
4000,P2_LARGEST,ffe27f8b-9ede-4164-960e-f89e82115e96,3148,23387,0,0,23387,0
8000,P2_LARGEST,ffe27f8b-9ede-4164-960e-f89e82115e96,55,9151,0,0,9151,0
8000,P2_LARGEST,ffe27f8b-9ede-4164-960e-f89e82115e96,119,9816,0,0,9816,0
8000,P2_LARGEST,ffe27f8b-9ede-4164-960e-f89e82115e96,199,11125,0,0,11125,0
8000,P2_LARGEST,ffe27f8b-9ede-4164-960e-f89e82115e96,279,11631,0,0,11631,0
8000,P2_LARGEST,ffe27f8b-9ede-4164-960e-f89e82115e96,348,12765,0,0,12765,0
8000,P2_LARGEST,ffe27f8b-9ede-4164-960e-f89e82115e96,658,13291,0,0,13291,0
8000,P2_LARGEST,ffe27f8b-9ede-4164-960e-f89e82115e96,1049,13599,0,0,13599,0
8000,P2_LARGEST,ffe27f8b-9ede-4164-960e-f89e82115e96,1224,15062,0,0,15062,0
8000,P2_LARGEST,ffe27f8b-9ede-4164-960e-f89e82115e96,1385,15666,0,0,15666,0
8000,P2_LARGEST,ffe27f8b-9ede-4164-960e-f89e82115e96,1464,17070,0,0,17070,0
8000,P2_LARGEST,ffe27f8b-9ede-4164-960e-f89e82115e96,1533,17716,0,0,17716,0
8000,P2_LARGEST,ffe27f8b-9ede-4164-960e-f89e82115e96,1676,18262,0,0,18262,0
8000,P2_LARGEST,ffe27f8b-9ede-4164-960e-f89e82115e96,1749,19023,0,0,19023,0
8000,P2_LARGEST,ffe27f8b-9ede-4164-960e-f89e82115e96,1796,19530,0,0,19530,0
8000,P2_LARGEST,ffe27f8b-9ede-4164-960e-f89e82115e96,1853,20195,0,0,20195,0
8000,P2_LARGEST,ffe27f8b-9ede-4164-960e-f89e82115e96,1931,20764,0,0,20764,0
8000,P2_LARGEST,ffe27f8b-9ede-4164-960e-f89e82115e96,1980,21460,0,0,21460,0
8000,P2_LARGEST,ffe27f8b-9ede-4164-960e-f89e82115e96,2129,22010,0,0,22010,0
8000,P2_LARGEST,ffe27f8b-9ede-4164-960e-f89e82115e96,2512,22650,0,0,22650,0
8000,P2_LARGEST,ffe27f8b-9ede-4164-960e-f89e82115e96,2859,23029,0,0,23029,0
8000,P2_LARGEST,ffe27f8b-9ede-4164-960e-f89e82115e96,3148,23387,0,0,23387,0
none,P2_LARGEST,ffe27f8b-9ede-4164-960e-f89e82115e96,55,9151,0,0,9151,0
none,P2_LARGEST,ffe27f8b-9ede-4164-960e-f89e82115e96,119,9816,0,0,9816,0
none,P2_LARGEST,ffe27f8b-9ede-4164-960e-f89e82115e96,199,11125,0,0,11125,0
none,P2_LARGEST,ffe27f8b-9ede-4164-960e-f89e82115e96,279,11631,0,0,11631,0
none,P2_LARGEST,ffe27f8b-9ede-4164-960e-f89e82115e96,348,12765,0,0,12765,0
none,P2_LARGEST,ffe27f8b-9ede-4164-960e-f89e82115e96,658,13291,0,0,13291,0
none,P2_LARGEST,ffe27f8b-9ede-4164-960e-f89e82115e96,1049,13599,0,0,13599,0
none,P2_LARGEST,ffe27f8b-9ede-4164-960e-f89e82115e96,1224,15062,0,0,15062,0
none,P2_LARGEST,ffe27f8b-9ede-4164-960e-f89e82115e96,1385,15666,0,0,15666,0
none,P2_LARGEST,ffe27f8b-9ede-4164-960e-f89e82115e96,1464,17070,0,0,17070,0
none,P2_LARGEST,ffe27f8b-9ede-4164-960e-f89e82115e96,1533,17716,0,0,17716,0
none,P2_LARGEST,ffe27f8b-9ede-4164-960e-f89e82115e96,1676,18262,0,0,18262,0
none,P2_LARGEST,ffe27f8b-9ede-4164-960e-f89e82115e96,1749,19023,0,0,19023,0
none,P2_LARGEST,ffe27f8b-9ede-4164-960e-f89e82115e96,1796,19530,0,0,19530,0
none,P2_LARGEST,ffe27f8b-9ede-4164-960e-f89e82115e96,1853,20195,0,0,20195,0
none,P2_LARGEST,ffe27f8b-9ede-4164-960e-f89e82115e96,1931,20764,0,0,20764,0
none,P2_LARGEST,ffe27f8b-9ede-4164-960e-f89e82115e96,1980,21460,0,0,21460,0
none,P2_LARGEST,ffe27f8b-9ede-4164-960e-f89e82115e96,2129,22010,0,0,22010,0
none,P2_LARGEST,ffe27f8b-9ede-4164-960e-f89e82115e96,2512,22650,0,0,22650,0
none,P2_LARGEST,ffe27f8b-9ede-4164-960e-f89e82115e96,2859,23029,0,0,23029,0
none,P2_LARGEST,ffe27f8b-9ede-4164-960e-f89e82115e96,3148,23387,0,0,23387,0
2000,P2_LARGEST,4bcc372d-1ca9-4b23-8f31-c9963b32b3c4,15,8169,0,0,8169,0
2000,P2_LARGEST,4bcc372d-1ca9-4b23-8f31-c9963b32b3c4,21,8401,0,0,8401,0
2000,P2_LARGEST,4bcc372d-1ca9-4b23-8f31-c9963b32b3c4,28,11022,0,0,11022,0
2000,P2_LARGEST,4bcc372d-1ca9-4b23-8f31-c9963b32b3c4,35,12056,0,0,12056,0
2000,P2_LARGEST,4bcc372d-1ca9-4b23-8f31-c9963b32b3c4,40,12687,0,0,12687,0
2000,P2_LARGEST,4bcc372d-1ca9-4b23-8f31-c9963b32b3c4,45,13017,0,0,13017,0
2000,P2_LARGEST,4bcc372d-1ca9-4b23-8f31-c9963b32b3c4,50,15017,0,0,15017,0
2000,P2_LARGEST,4bcc372d-1ca9-4b23-8f31-c9963b32b3c4,55,15722,0,0,15722,0
2000,P2_LARGEST,4bcc372d-1ca9-4b23-8f31-c9963b32b3c4,63,17320,2,3403,13917,0
2000,P2_LARGEST,4bcc372d-1ca9-4b23-8f31-c9963b32b3c4,74,17707,4,2839,14868,0
2000,P2_LARGEST,4bcc372d-1ca9-4b23-8f31-c9963b32b3c4,88,15832,0,0,15832,0
2000,P2_LARGEST,4bcc372d-1ca9-4b23-8f31-c9963b32b3c4,93,16416,1,2271,14145,0
2000,P2_LARGEST,4bcc372d-1ca9-4b23-8f31-c9963b32b3c4,103,17293,4,2317,14976,0
2000,P2_LARGEST,4bcc372d-1ca9-4b23-8f31-c9963b32b3c4,108,15347,0,0,15347,0
2000,P2_LARGEST,4bcc372d-1ca9-4b23-8f31-c9963b32b3c4,113,16514,1,2504,14010,0
2000,P2_LARGEST,4bcc372d-1ca9-4b23-8f31-c9963b32b3c4,118,14889,0,0,14889,0
2000,P2_LARGEST,4bcc372d-1ca9-4b23-8f31-c9963b32b3c4,129,21627,7,6245,15382,0
2000,P2_LARGEST,4bcc372d-1ca9-4b23-8f31-c9963b32b3c4,135,15802,0,0,15802,0
2000,P2_LARGEST,4bcc372d-1ca9-4b23-8f31-c9963b32b3c4,143,17212,1,3038,14174,0
2000,P2_LARGEST,4bcc372d-1ca9-4b23-8f31-c9963b32b3c4,148,14442,0,0,14442,0
2000,P2_LARGEST,4bcc372d-1ca9-4b23-8f31-c9963b32b3c4,160,21169,20,5907,15262,0
2000,P2_LARGEST,4bcc372d-1ca9-4b23-8f31-c9963b32b3c4,168,16844,1,3556,13288,0
2000,P2_LARGEST,4bcc372d-1ca9-4b23-8f31-c9963b32b3c4,179,19574,3,4293,15281,0
2000,P2_LARGEST,4bcc372d-1ca9-4b23-8f31-c9963b32b3c4,190,21253,4,6360,14893,0
2000,P2_LARGEST,4bcc372d-1ca9-4b23-8f31-c9963b32b3c4,195,16532,1,3968,12564,0
2000,P2_LARGEST,4bcc372d-1ca9-4b23-8f31-c9963b32b3c4,205,17193,3,2302,14891,0
2000,P2_LARGEST,4bcc372d-1ca9-4b23-8f31-c9963b32b3c4,210,16136,0,0,16136,0
2000,P2_LARGEST,4bcc372d-1ca9-4b23-8f31-c9963b32b3c4,221,24829,4,9622,15207,0
2000,P2_LARGEST,4bcc372d-1ca9-4b23-8f31-c9963b32b3c4,229,18219,1,3637,14582,0
2000,P2_LARGEST,4bcc372d-1ca9-4b23-8f31-c9963b32b3c4,234,16295,0,0,16295,0
2000,P2_LARGEST,4bcc372d-1ca9-4b23-8f31-c9963b32b3c4,244,21308,6,6187,15121,0
2000,P2_LARGEST,4bcc372d-1ca9-4b23-8f31-c9963b32b3c4,249,15505,0,0,15505,0
2000,P2_LARGEST,4bcc372d-1ca9-4b23-8f31-c9963b32b3c4,259,20115,2,4941,15174,0
2000,P2_LARGEST,4bcc372d-1ca9-4b23-8f31-c9963b32b3c4,270,21966,18,6592,15374,0
2000,P2_LARGEST,4bcc372d-1ca9-4b23-8f31-c9963b32b3c4,275,16472,1,4408,12064,0
2000,P2_LARGEST,4bcc372d-1ca9-4b23-8f31-c9963b32b3c4,282,12249,0,0,12249,0
2000,P2_LARGEST,4bcc372d-1ca9-4b23-8f31-c9963b32b3c4,287,12704,0,0,12704,0
2000,P2_LARGEST,4bcc372d-1ca9-4b23-8f31-c9963b32b3c4,299,18512,4,3262,15250,0
2000,P2_LARGEST,4bcc372d-1ca9-4b23-8f31-c9963b32b3c4,307,16485,1,4110,12375,0
2000,P2_LARGEST,4bcc372d-1ca9-4b23-8f31-c9963b32b3c4,317,18828,19,3160,15668,0
2000,P2_LARGEST,4bcc372d-1ca9-4b23-8f31-c9963b32b3c4,328,22562,4,6632,15930,0
2000,P2_LARGEST,4bcc372d-1ca9-4b23-8f31-c9963b32b3c4,335,16701,1,5741,10960,0
2000,P2_LARGEST,4bcc372d-1ca9-4b23-8f31-c9963b32b3c4,345,18069,4,1565,16504,1
2000,P2_LARGEST,4bcc372d-1ca9-4b23-8f31-c9963b32b3c4,355,21848,3,7049,14799,0
2000,P2_LARGEST,4bcc372d-1ca9-4b23-8f31-c9963b32b3c4,363,15835,0,0,15835,0
2000,P2_LARGEST,4bcc372d-1ca9-4b23-8f31-c9963b32b3c4,373,20004,2,4707,15297,0
2000,P2_LARGEST,4bcc372d-1ca9-4b23-8f31-c9963b32b3c4,390,20040,3,5271,14769,0
2000,P2_LARGEST,4bcc372d-1ca9-4b23-8f31-c9963b32b3c4,403,24101,10,7445,16656,1
2000,P2_LARGEST,4bcc372d-1ca9-4b23-8f31-c9963b32b3c4,408,18180,1,4535,13645,0
2000,P2_LARGEST,4bcc372d-1ca9-4b23-8f31-c9963b32b3c4,420,20206,3,5069,15137,0
2000,P2_LARGEST,4bcc372d-1ca9-4b23-8f31-c9963b32b3c4,432,15718,0,0,15718,0
2000,P2_LARGEST,4bcc372d-1ca9-4b23-8f31-c9963b32b3c4,443,16151,0,0,16151,0
2000,P2_LARGEST,4bcc372d-1ca9-4b23-8f31-c9963b32b3c4,473,22318,4,7054,15264,0
2000,P2_LARGEST,4bcc372d-1ca9-4b23-8f31-c9963b32b3c4,481,17292,1,4535,12757,0
2000,P2_LARGEST,4bcc372d-1ca9-4b23-8f31-c9963b32b3c4,489,13945,0,0,13945,0
2000,P2_LARGEST,4bcc372d-1ca9-4b23-8f31-c9963b32b3c4,498,15008,0,0,15008,0
2000,P2_LARGEST,4bcc372d-1ca9-4b23-8f31-c9963b32b3c4,511,22554,9,7185,15369,0
2000,P2_LARGEST,4bcc372d-1ca9-4b23-8f31-c9963b32b3c4,521,21382,19,4874,16508,1
2000,P2_LARGEST,4bcc372d-1ca9-4b23-8f31-c9963b32b3c4,527,16848,1,4277,12571,0
2000,P2_LARGEST,4bcc372d-1ca9-4b23-8f31-c9963b32b3c4,534,15569,0,0,15569,0
2000,P2_LARGEST,4bcc372d-1ca9-4b23-8f31-c9963b32b3c4,547,22055,10,6385,15670,0
2000,P2_LARGEST,4bcc372d-1ca9-4b23-8f31-c9963b32b3c4,552,17049,1,4556,12493,0
2000,P2_LARGEST,4bcc372d-1ca9-4b23-8f31-c9963b32b3c4,557,14497,0,0,14497,0
2000,P2_LARGEST,4bcc372d-1ca9-4b23-8f31-c9963b32b3c4,570,24839,8,8496,16343,0
2000,P2_LARGEST,4bcc372d-1ca9-4b23-8f31-c9963b32b3c4,586,31386,3,19133,12253,0
2000,P2_LARGEST,4bcc372d-1ca9-4b23-8f31-c9963b32b3c4,602,17916,2,3340,14576,0
2000,P2_LARGEST,4bcc372d-1ca9-4b23-8f31-c9963b32b3c4,609,20851,9,2881,17970,1
2000,P2_LARGEST,4bcc372d-1ca9-4b23-8f31-c9963b32b3c4,616,18735,1,5735,13000,0
2000,P2_LARGEST,4bcc372d-1ca9-4b23-8f31-c9963b32b3c4,625,16041,0,0,16041,0
2000,P2_LARGEST,4bcc372d-1ca9-4b23-8f31-c9963b32b3c4,639,23216,7,5908,17308,1
2000,P2_LARGEST,4bcc372d-1ca9-4b23-8f31-c9963b32b3c4,655,35114,7,18184,16930,1
2000,P2_LARGEST,4bcc372d-1ca9-4b23-8f31-c9963b32b3c4,662,24157,2,5346,18811,1
2000,P2_LARGEST,4bcc372d-1ca9-4b23-8f31-c9963b32b3c4,676,23938,4,7231,16707,1
2000,P2_LARGEST,4bcc372d-1ca9-4b23-8f31-c9963b32b3c4,682,17584,1,4714,12870,0
2000,P2_LARGEST,4bcc372d-1ca9-4b23-8f31-c9963b32b3c4,699,18340,6,1750,16590,1
2000,P2_LARGEST,4bcc372d-1ca9-4b23-8f31-c9963b32b3c4,709,20090,2,4790,15300,0
2000,P2_LARGEST,4bcc372d-1ca9-4b23-8f31-c9963b32b3c4,714,15556,0,0,15556,0
2000,P2_LARGEST,4bcc372d-1ca9-4b23-8f31-c9963b32b3c4,719,15713,0,0,15713,0
4000,P2_LARGEST,4bcc372d-1ca9-4b23-8f31-c9963b32b3c4,15,8169,0,0,8169,0
4000,P2_LARGEST,4bcc372d-1ca9-4b23-8f31-c9963b32b3c4,21,8401,0,0,8401,0
4000,P2_LARGEST,4bcc372d-1ca9-4b23-8f31-c9963b32b3c4,28,11022,0,0,11022,0
4000,P2_LARGEST,4bcc372d-1ca9-4b23-8f31-c9963b32b3c4,35,12056,0,0,12056,0
4000,P2_LARGEST,4bcc372d-1ca9-4b23-8f31-c9963b32b3c4,40,15446,0,0,15446,0
4000,P2_LARGEST,4bcc372d-1ca9-4b23-8f31-c9963b32b3c4,45,15776,0,0,15776,0
4000,P2_LARGEST,4bcc372d-1ca9-4b23-8f31-c9963b32b3c4,50,17776,1,3259,14517,0
4000,P2_LARGEST,4bcc372d-1ca9-4b23-8f31-c9963b32b3c4,55,18529,4,3588,14941,0
4000,P2_LARGEST,4bcc372d-1ca9-4b23-8f31-c9963b32b3c4,63,18337,1,3807,14530,0
4000,P2_LARGEST,4bcc372d-1ca9-4b23-8f31-c9963b32b3c4,74,18320,2,4071,14249,0
4000,P2_LARGEST,4bcc372d-1ca9-4b23-8f31-c9963b32b3c4,88,15213,0,0,15213,0
4000,P2_LARGEST,4bcc372d-1ca9-4b23-8f31-c9963b32b3c4,93,15797,0,0,15797,0
4000,P2_LARGEST,4bcc372d-1ca9-4b23-8f31-c9963b32b3c4,103,18945,3,3864,15081,0
4000,P2_LARGEST,4bcc372d-1ca9-4b23-8f31-c9963b32b3c4,108,15452,0,0,15452,0
4000,P2_LARGEST,4bcc372d-1ca9-4b23-8f31-c9963b32b3c4,113,16619,1,2504,14115,0
4000,P2_LARGEST,4bcc372d-1ca9-4b23-8f31-c9963b32b3c4,118,14994,0,0,14994,0
4000,P2_LARGEST,4bcc372d-1ca9-4b23-8f31-c9963b32b3c4,129,21732,7,6350,15382,0
4000,P2_LARGEST,4bcc372d-1ca9-4b23-8f31-c9963b32b3c4,135,15802,0,0,15802,0
4000,P2_LARGEST,4bcc372d-1ca9-4b23-8f31-c9963b32b3c4,143,19245,4,4040,15205,0
4000,P2_LARGEST,4bcc372d-1ca9-4b23-8f31-c9963b32b3c4,148,15473,0,0,15473,0
4000,P2_LARGEST,4bcc372d-1ca9-4b23-8f31-c9963b32b3c4,160,22200,17,6938,15262,0
4000,P2_LARGEST,4bcc372d-1ca9-4b23-8f31-c9963b32b3c4,168,19395,2,5252,14143,0
4000,P2_LARGEST,4bcc372d-1ca9-4b23-8f31-c9963b32b3c4,179,20429,3,5648,14781,0
4000,P2_LARGEST,4bcc372d-1ca9-4b23-8f31-c9963b32b3c4,190,20753,3,5860,14893,0
4000,P2_LARGEST,4bcc372d-1ca9-4b23-8f31-c9963b32b3c4,195,16532,1,3968,12564,0
4000,P2_LARGEST,4bcc372d-1ca9-4b23-8f31-c9963b32b3c4,205,17193,3,2302,14891,0
4000,P2_LARGEST,4bcc372d-1ca9-4b23-8f31-c9963b32b3c4,210,16136,0,0,16136,0
4000,P2_LARGEST,4bcc372d-1ca9-4b23-8f31-c9963b32b3c4,221,24829,4,9622,15207,0
4000,P2_LARGEST,4bcc372d-1ca9-4b23-8f31-c9963b32b3c4,229,18219,1,3637,14582,0
4000,P2_LARGEST,4bcc372d-1ca9-4b23-8f31-c9963b32b3c4,234,16295,0,0,16295,0
4000,P2_LARGEST,4bcc372d-1ca9-4b23-8f31-c9963b32b3c4,244,21308,6,6187,15121,0
4000,P2_LARGEST,4bcc372d-1ca9-4b23-8f31-c9963b32b3c4,249,15505,0,0,15505,0
4000,P2_LARGEST,4bcc372d-1ca9-4b23-8f31-c9963b32b3c4,259,20115,2,4941,15174,0
4000,P2_LARGEST,4bcc372d-1ca9-4b23-8f31-c9963b32b3c4,270,21966,18,6592,15374,0
4000,P2_LARGEST,4bcc372d-1ca9-4b23-8f31-c9963b32b3c4,275,16472,1,4408,12064,0
4000,P2_LARGEST,4bcc372d-1ca9-4b23-8f31-c9963b32b3c4,282,12249,0,0,12249,0
4000,P2_LARGEST,4bcc372d-1ca9-4b23-8f31-c9963b32b3c4,287,12704,0,0,12704,0
4000,P2_LARGEST,4bcc372d-1ca9-4b23-8f31-c9963b32b3c4,299,18512,4,3262,15250,0
4000,P2_LARGEST,4bcc372d-1ca9-4b23-8f31-c9963b32b3c4,307,16485,1,4110,12375,0
4000,P2_LARGEST,4bcc372d-1ca9-4b23-8f31-c9963b32b3c4,317,18828,19,3160,15668,0
4000,P2_LARGEST,4bcc372d-1ca9-4b23-8f31-c9963b32b3c4,328,24292,4,6632,17660,1
4000,P2_LARGEST,4bcc372d-1ca9-4b23-8f31-c9963b32b3c4,335,20374,1,5741,14633,0
4000,P2_LARGEST,4bcc372d-1ca9-4b23-8f31-c9963b32b3c4,345,21742,4,5238,16504,1
4000,P2_LARGEST,4bcc372d-1ca9-4b23-8f31-c9963b32b3c4,355,21848,3,7049,14799,0
4000,P2_LARGEST,4bcc372d-1ca9-4b23-8f31-c9963b32b3c4,363,15835,0,0,15835,0
4000,P2_LARGEST,4bcc372d-1ca9-4b23-8f31-c9963b32b3c4,373,20004,2,4707,15297,0
4000,P2_LARGEST,4bcc372d-1ca9-4b23-8f31-c9963b32b3c4,390,20040,3,5271,14769,0
4000,P2_LARGEST,4bcc372d-1ca9-4b23-8f31-c9963b32b3c4,403,26805,10,10149,16656,1
4000,P2_LARGEST,4bcc372d-1ca9-4b23-8f31-c9963b32b3c4,408,18180,1,4535,13645,0
4000,P2_LARGEST,4bcc372d-1ca9-4b23-8f31-c9963b32b3c4,420,20206,3,5069,15137,0
4000,P2_LARGEST,4bcc372d-1ca9-4b23-8f31-c9963b32b3c4,432,15718,0,0,15718,0
4000,P2_LARGEST,4bcc372d-1ca9-4b23-8f31-c9963b32b3c4,443,16151,0,0,16151,0
4000,P2_LARGEST,4bcc372d-1ca9-4b23-8f31-c9963b32b3c4,473,22318,4,7054,15264,0
4000,P2_LARGEST,4bcc372d-1ca9-4b23-8f31-c9963b32b3c4,481,17292,1,4535,12757,0
4000,P2_LARGEST,4bcc372d-1ca9-4b23-8f31-c9963b32b3c4,489,16814,1,1542,15272,0
4000,P2_LARGEST,4bcc372d-1ca9-4b23-8f31-c9963b32b3c4,498,18795,2,3869,14926,0
4000,P2_LARGEST,4bcc372d-1ca9-4b23-8f31-c9963b32b3c4,511,22472,6,7103,15369,0
4000,P2_LARGEST,4bcc372d-1ca9-4b23-8f31-c9963b32b3c4,521,21382,19,4874,16508,1
4000,P2_LARGEST,4bcc372d-1ca9-4b23-8f31-c9963b32b3c4,527,16848,1,4277,12571,0
4000,P2_LARGEST,4bcc372d-1ca9-4b23-8f31-c9963b32b3c4,534,15569,0,0,15569,0
4000,P2_LARGEST,4bcc372d-1ca9-4b23-8f31-c9963b32b3c4,547,22055,10,6385,15670,0
4000,P2_LARGEST,4bcc372d-1ca9-4b23-8f31-c9963b32b3c4,552,17049,1,4556,12493,0
4000,P2_LARGEST,4bcc372d-1ca9-4b23-8f31-c9963b32b3c4,557,14497,0,0,14497,0
4000,P2_LARGEST,4bcc372d-1ca9-4b23-8f31-c9963b32b3c4,570,24839,8,8496,16343,0
4000,P2_LARGEST,4bcc372d-1ca9-4b23-8f31-c9963b32b3c4,586,31386,3,19133,12253,0
4000,P2_LARGEST,4bcc372d-1ca9-4b23-8f31-c9963b32b3c4,602,22520,9,5221,17299,1
4000,P2_LARGEST,4bcc372d-1ca9-4b23-8f31-c9963b32b3c4,609,25792,2,3844,21948,1
4000,P2_LARGEST,4bcc372d-1ca9-4b23-8f31-c9963b32b3c4,616,22713,2,7995,14718,0
4000,P2_LARGEST,4bcc372d-1ca9-4b23-8f31-c9963b32b3c4,625,17759,1,2718,15041,0
4000,P2_LARGEST,4bcc372d-1ca9-4b23-8f31-c9963b32b3c4,639,22216,5,4908,17308,1
4000,P2_LARGEST,4bcc372d-1ca9-4b23-8f31-c9963b32b3c4,655,36652,7,19722,16930,1
4000,P2_LARGEST,4bcc372d-1ca9-4b23-8f31-c9963b32b3c4,662,24157,2,5346,18811,1
4000,P2_LARGEST,4bcc372d-1ca9-4b23-8f31-c9963b32b3c4,676,23938,4,7231,16707,1
4000,P2_LARGEST,4bcc372d-1ca9-4b23-8f31-c9963b32b3c4,682,19173,1,4714,14459,0
4000,P2_LARGEST,4bcc372d-1ca9-4b23-8f31-c9963b32b3c4,699,19929,6,3339,16590,1
4000,P2_LARGEST,4bcc372d-1ca9-4b23-8f31-c9963b32b3c4,709,20090,2,4790,15300,0
4000,P2_LARGEST,4bcc372d-1ca9-4b23-8f31-c9963b32b3c4,714,15556,0,0,15556,0
4000,P2_LARGEST,4bcc372d-1ca9-4b23-8f31-c9963b32b3c4,719,15713,0,0,15713,0
8000,P2_LARGEST,4bcc372d-1ca9-4b23-8f31-c9963b32b3c4,15,8169,0,0,8169,0
8000,P2_LARGEST,4bcc372d-1ca9-4b23-8f31-c9963b32b3c4,21,8401,0,0,8401,0
8000,P2_LARGEST,4bcc372d-1ca9-4b23-8f31-c9963b32b3c4,28,11022,0,0,11022,0
8000,P2_LARGEST,4bcc372d-1ca9-4b23-8f31-c9963b32b3c4,35,12056,0,0,12056,0
8000,P2_LARGEST,4bcc372d-1ca9-4b23-8f31-c9963b32b3c4,40,15446,0,0,15446,0
8000,P2_LARGEST,4bcc372d-1ca9-4b23-8f31-c9963b32b3c4,45,15776,0,0,15776,0
8000,P2_LARGEST,4bcc372d-1ca9-4b23-8f31-c9963b32b3c4,50,17776,1,3259,14517,0
8000,P2_LARGEST,4bcc372d-1ca9-4b23-8f31-c9963b32b3c4,55,18529,4,3588,14941,0
8000,P2_LARGEST,4bcc372d-1ca9-4b23-8f31-c9963b32b3c4,63,18337,1,3807,14530,0
8000,P2_LARGEST,4bcc372d-1ca9-4b23-8f31-c9963b32b3c4,74,18320,2,4071,14249,0
8000,P2_LARGEST,4bcc372d-1ca9-4b23-8f31-c9963b32b3c4,88,15213,0,0,15213,0
8000,P2_LARGEST,4bcc372d-1ca9-4b23-8f31-c9963b32b3c4,93,15797,0,0,15797,0
8000,P2_LARGEST,4bcc372d-1ca9-4b23-8f31-c9963b32b3c4,103,18945,3,3864,15081,0
8000,P2_LARGEST,4bcc372d-1ca9-4b23-8f31-c9963b32b3c4,108,15452,0,0,15452,0
8000,P2_LARGEST,4bcc372d-1ca9-4b23-8f31-c9963b32b3c4,113,16619,1,2504,14115,0
8000,P2_LARGEST,4bcc372d-1ca9-4b23-8f31-c9963b32b3c4,118,14994,0,0,14994,0
8000,P2_LARGEST,4bcc372d-1ca9-4b23-8f31-c9963b32b3c4,129,21732,7,6350,15382,0
8000,P2_LARGEST,4bcc372d-1ca9-4b23-8f31-c9963b32b3c4,135,15802,0,0,15802,0
8000,P2_LARGEST,4bcc372d-1ca9-4b23-8f31-c9963b32b3c4,143,19245,4,4040,15205,0
8000,P2_LARGEST,4bcc372d-1ca9-4b23-8f31-c9963b32b3c4,148,15473,0,0,15473,0
8000,P2_LARGEST,4bcc372d-1ca9-4b23-8f31-c9963b32b3c4,160,22200,17,6938,15262,0
8000,P2_LARGEST,4bcc372d-1ca9-4b23-8f31-c9963b32b3c4,168,19395,2,5252,14143,0
8000,P2_LARGEST,4bcc372d-1ca9-4b23-8f31-c9963b32b3c4,179,20429,3,5648,14781,0
8000,P2_LARGEST,4bcc372d-1ca9-4b23-8f31-c9963b32b3c4,190,20753,3,5860,14893,0
8000,P2_LARGEST,4bcc372d-1ca9-4b23-8f31-c9963b32b3c4,195,16532,1,3968,12564,0
8000,P2_LARGEST,4bcc372d-1ca9-4b23-8f31-c9963b32b3c4,205,17193,3,2302,14891,0
8000,P2_LARGEST,4bcc372d-1ca9-4b23-8f31-c9963b32b3c4,210,16136,0,0,16136,0
8000,P2_LARGEST,4bcc372d-1ca9-4b23-8f31-c9963b32b3c4,221,24829,4,9622,15207,0
8000,P2_LARGEST,4bcc372d-1ca9-4b23-8f31-c9963b32b3c4,229,18219,1,3637,14582,0
8000,P2_LARGEST,4bcc372d-1ca9-4b23-8f31-c9963b32b3c4,234,16295,0,0,16295,0
8000,P2_LARGEST,4bcc372d-1ca9-4b23-8f31-c9963b32b3c4,244,21308,6,6187,15121,0
8000,P2_LARGEST,4bcc372d-1ca9-4b23-8f31-c9963b32b3c4,249,15505,0,0,15505,0
8000,P2_LARGEST,4bcc372d-1ca9-4b23-8f31-c9963b32b3c4,259,20115,2,4941,15174,0
8000,P2_LARGEST,4bcc372d-1ca9-4b23-8f31-c9963b32b3c4,270,21966,18,6592,15374,0
8000,P2_LARGEST,4bcc372d-1ca9-4b23-8f31-c9963b32b3c4,275,16472,1,4408,12064,0
8000,P2_LARGEST,4bcc372d-1ca9-4b23-8f31-c9963b32b3c4,282,12249,0,0,12249,0
8000,P2_LARGEST,4bcc372d-1ca9-4b23-8f31-c9963b32b3c4,287,12704,0,0,12704,0
8000,P2_LARGEST,4bcc372d-1ca9-4b23-8f31-c9963b32b3c4,299,18512,4,3262,15250,0
8000,P2_LARGEST,4bcc372d-1ca9-4b23-8f31-c9963b32b3c4,307,16485,1,4110,12375,0
8000,P2_LARGEST,4bcc372d-1ca9-4b23-8f31-c9963b32b3c4,317,22320,19,3160,19160,1
8000,P2_LARGEST,4bcc372d-1ca9-4b23-8f31-c9963b32b3c4,328,27784,4,10124,17660,1
8000,P2_LARGEST,4bcc372d-1ca9-4b23-8f31-c9963b32b3c4,335,20374,1,5741,14633,0
8000,P2_LARGEST,4bcc372d-1ca9-4b23-8f31-c9963b32b3c4,345,21742,4,5238,16504,1
8000,P2_LARGEST,4bcc372d-1ca9-4b23-8f31-c9963b32b3c4,355,21848,3,7049,14799,0
8000,P2_LARGEST,4bcc372d-1ca9-4b23-8f31-c9963b32b3c4,363,15835,0,0,15835,0
8000,P2_LARGEST,4bcc372d-1ca9-4b23-8f31-c9963b32b3c4,373,20004,2,4707,15297,0
8000,P2_LARGEST,4bcc372d-1ca9-4b23-8f31-c9963b32b3c4,390,20040,3,5271,14769,0
8000,P2_LARGEST,4bcc372d-1ca9-4b23-8f31-c9963b32b3c4,403,26805,10,10149,16656,1
8000,P2_LARGEST,4bcc372d-1ca9-4b23-8f31-c9963b32b3c4,408,18180,1,4535,13645,0
8000,P2_LARGEST,4bcc372d-1ca9-4b23-8f31-c9963b32b3c4,420,20206,3,5069,15137,0
8000,P2_LARGEST,4bcc372d-1ca9-4b23-8f31-c9963b32b3c4,432,15718,0,0,15718,0
8000,P2_LARGEST,4bcc372d-1ca9-4b23-8f31-c9963b32b3c4,443,16151,0,0,16151,0
8000,P2_LARGEST,4bcc372d-1ca9-4b23-8f31-c9963b32b3c4,473,22318,4,7054,15264,0
8000,P2_LARGEST,4bcc372d-1ca9-4b23-8f31-c9963b32b3c4,481,17292,1,4535,12757,0
8000,P2_LARGEST,4bcc372d-1ca9-4b23-8f31-c9963b32b3c4,489,22104,17,2482,19622,1
8000,P2_LARGEST,4bcc372d-1ca9-4b23-8f31-c9963b32b3c4,498,23145,2,9159,13986,0
8000,P2_LARGEST,4bcc372d-1ca9-4b23-8f31-c9963b32b3c4,511,21532,3,6167,15365,0
8000,P2_LARGEST,4bcc372d-1ca9-4b23-8f31-c9963b32b3c4,521,21378,6,4870,16508,1
8000,P2_LARGEST,4bcc372d-1ca9-4b23-8f31-c9963b32b3c4,527,16848,1,4277,12571,0
8000,P2_LARGEST,4bcc372d-1ca9-4b23-8f31-c9963b32b3c4,534,15569,0,0,15569,0
8000,P2_LARGEST,4bcc372d-1ca9-4b23-8f31-c9963b32b3c4,547,22055,10,6385,15670,0
8000,P2_LARGEST,4bcc372d-1ca9-4b23-8f31-c9963b32b3c4,552,17049,1,4556,12493,0
8000,P2_LARGEST,4bcc372d-1ca9-4b23-8f31-c9963b32b3c4,557,14497,0,0,14497,0
8000,P2_LARGEST,4bcc372d-1ca9-4b23-8f31-c9963b32b3c4,570,29624,8,8496,21128,1
8000,P2_LARGEST,4bcc372d-1ca9-4b23-8f31-c9963b32b3c4,586,36171,4,24418,11753,0
8000,P2_LARGEST,4bcc372d-1ca9-4b23-8f31-c9963b32b3c4,602,33979,8,10318,23661,1
8000,P2_LARGEST,4bcc372d-1ca9-4b23-8f31-c9963b32b3c4,609,32154,2,10206,21948,1
8000,P2_LARGEST,4bcc372d-1ca9-4b23-8f31-c9963b32b3c4,616,22713,2,7995,14718,0
8000,P2_LARGEST,4bcc372d-1ca9-4b23-8f31-c9963b32b3c4,625,17759,1,2718,15041,0
8000,P2_LARGEST,4bcc372d-1ca9-4b23-8f31-c9963b32b3c4,639,22216,5,4908,17308,1
8000,P2_LARGEST,4bcc372d-1ca9-4b23-8f31-c9963b32b3c4,655,36652,7,19722,16930,1
8000,P2_LARGEST,4bcc372d-1ca9-4b23-8f31-c9963b32b3c4,662,24157,2,5346,18811,1
8000,P2_LARGEST,4bcc372d-1ca9-4b23-8f31-c9963b32b3c4,676,23938,4,7231,16707,1
8000,P2_LARGEST,4bcc372d-1ca9-4b23-8f31-c9963b32b3c4,682,19173,1,4714,14459,0
8000,P2_LARGEST,4bcc372d-1ca9-4b23-8f31-c9963b32b3c4,699,19929,6,3339,16590,1
8000,P2_LARGEST,4bcc372d-1ca9-4b23-8f31-c9963b32b3c4,709,20090,2,4790,15300,0
8000,P2_LARGEST,4bcc372d-1ca9-4b23-8f31-c9963b32b3c4,714,15556,0,0,15556,0
8000,P2_LARGEST,4bcc372d-1ca9-4b23-8f31-c9963b32b3c4,719,15713,0,0,15713,0
none,P2_LARGEST,4bcc372d-1ca9-4b23-8f31-c9963b32b3c4,15,8169,0,0,8169,0
none,P2_LARGEST,4bcc372d-1ca9-4b23-8f31-c9963b32b3c4,21,8401,0,0,8401,0
none,P2_LARGEST,4bcc372d-1ca9-4b23-8f31-c9963b32b3c4,28,11022,0,0,11022,0
none,P2_LARGEST,4bcc372d-1ca9-4b23-8f31-c9963b32b3c4,35,12056,0,0,12056,0
none,P2_LARGEST,4bcc372d-1ca9-4b23-8f31-c9963b32b3c4,40,15446,0,0,15446,0
none,P2_LARGEST,4bcc372d-1ca9-4b23-8f31-c9963b32b3c4,45,15776,0,0,15776,0
none,P2_LARGEST,4bcc372d-1ca9-4b23-8f31-c9963b32b3c4,50,17776,1,3259,14517,0
none,P2_LARGEST,4bcc372d-1ca9-4b23-8f31-c9963b32b3c4,55,18529,4,3588,14941,0
none,P2_LARGEST,4bcc372d-1ca9-4b23-8f31-c9963b32b3c4,63,18337,1,3807,14530,0
none,P2_LARGEST,4bcc372d-1ca9-4b23-8f31-c9963b32b3c4,74,18320,2,4071,14249,0
none,P2_LARGEST,4bcc372d-1ca9-4b23-8f31-c9963b32b3c4,88,15213,0,0,15213,0
none,P2_LARGEST,4bcc372d-1ca9-4b23-8f31-c9963b32b3c4,93,15797,0,0,15797,0
none,P2_LARGEST,4bcc372d-1ca9-4b23-8f31-c9963b32b3c4,103,18945,3,3864,15081,0
none,P2_LARGEST,4bcc372d-1ca9-4b23-8f31-c9963b32b3c4,108,15452,0,0,15452,0
none,P2_LARGEST,4bcc372d-1ca9-4b23-8f31-c9963b32b3c4,113,16619,1,2504,14115,0
none,P2_LARGEST,4bcc372d-1ca9-4b23-8f31-c9963b32b3c4,118,14994,0,0,14994,0
none,P2_LARGEST,4bcc372d-1ca9-4b23-8f31-c9963b32b3c4,129,21732,7,6350,15382,0
none,P2_LARGEST,4bcc372d-1ca9-4b23-8f31-c9963b32b3c4,135,15802,0,0,15802,0
none,P2_LARGEST,4bcc372d-1ca9-4b23-8f31-c9963b32b3c4,143,28760,29,7787,20973,1
none,P2_LARGEST,4bcc372d-1ca9-4b23-8f31-c9963b32b3c4,148,21241,1,10015,11226,0
none,P2_LARGEST,4bcc372d-1ca9-4b23-8f31-c9963b32b3c4,160,17953,2,2893,15060,0
none,P2_LARGEST,4bcc372d-1ca9-4b23-8f31-c9963b32b3c4,168,29538,6,6865,22673,1
none,P2_LARGEST,4bcc372d-1ca9-4b23-8f31-c9963b32b3c4,179,28959,2,13896,15063,0
none,P2_LARGEST,4bcc372d-1ca9-4b23-8f31-c9963b32b3c4,190,21035,2,5749,15286,0
none,P2_LARGEST,4bcc372d-1ca9-4b23-8f31-c9963b32b3c4,195,16925,1,3968,12957,0
none,P2_LARGEST,4bcc372d-1ca9-4b23-8f31-c9963b32b3c4,205,17586,3,2750,14836,0
none,P2_LARGEST,4bcc372d-1ca9-4b23-8f31-c9963b32b3c4,210,16081,0,0,16081,0
none,P2_LARGEST,4bcc372d-1ca9-4b23-8f31-c9963b32b3c4,221,24774,4,9622,15152,0
none,P2_LARGEST,4bcc372d-1ca9-4b23-8f31-c9963b32b3c4,229,18164,1,3637,14527,0
none,P2_LARGEST,4bcc372d-1ca9-4b23-8f31-c9963b32b3c4,234,16240,0,0,16240,0
none,P2_LARGEST,4bcc372d-1ca9-4b23-8f31-c9963b32b3c4,244,21253,5,6244,15009,0
none,P2_LARGEST,4bcc372d-1ca9-4b23-8f31-c9963b32b3c4,249,15393,0,0,15393,0
none,P2_LARGEST,4bcc372d-1ca9-4b23-8f31-c9963b32b3c4,259,20003,2,4941,15062,0
none,P2_LARGEST,4bcc372d-1ca9-4b23-8f31-c9963b32b3c4,270,21854,12,6487,15367,0
none,P2_LARGEST,4bcc372d-1ca9-4b23-8f31-c9963b32b3c4,275,16465,1,4408,12057,0
none,P2_LARGEST,4bcc372d-1ca9-4b23-8f31-c9963b32b3c4,282,12242,0,0,12242,0
none,P2_LARGEST,4bcc372d-1ca9-4b23-8f31-c9963b32b3c4,287,12697,0,0,12697,0
none,P2_LARGEST,4bcc372d-1ca9-4b23-8f31-c9963b32b3c4,299,18505,4,3262,15243,0
none,P2_LARGEST,4bcc372d-1ca9-4b23-8f31-c9963b32b3c4,307,16478,1,4110,12368,0
none,P2_LARGEST,4bcc372d-1ca9-4b23-8f31-c9963b32b3c4,317,22313,13,3153,19160,1
none,P2_LARGEST,4bcc372d-1ca9-4b23-8f31-c9963b32b3c4,328,27784,4,10124,17660,1
none,P2_LARGEST,4bcc372d-1ca9-4b23-8f31-c9963b32b3c4,335,20374,1,5741,14633,0
none,P2_LARGEST,4bcc372d-1ca9-4b23-8f31-c9963b32b3c4,345,21742,4,5238,16504,1
none,P2_LARGEST,4bcc372d-1ca9-4b23-8f31-c9963b32b3c4,355,21848,3,7049,14799,0
none,P2_LARGEST,4bcc372d-1ca9-4b23-8f31-c9963b32b3c4,363,15835,0,0,15835,0
none,P2_LARGEST,4bcc372d-1ca9-4b23-8f31-c9963b32b3c4,373,20004,2,4707,15297,0
none,P2_LARGEST,4bcc372d-1ca9-4b23-8f31-c9963b32b3c4,390,20040,3,5271,14769,0
none,P2_LARGEST,4bcc372d-1ca9-4b23-8f31-c9963b32b3c4,403,26805,10,10149,16656,1
none,P2_LARGEST,4bcc372d-1ca9-4b23-8f31-c9963b32b3c4,408,18180,1,4535,13645,0
none,P2_LARGEST,4bcc372d-1ca9-4b23-8f31-c9963b32b3c4,420,20206,3,5069,15137,0
none,P2_LARGEST,4bcc372d-1ca9-4b23-8f31-c9963b32b3c4,432,15718,0,0,15718,0
none,P2_LARGEST,4bcc372d-1ca9-4b23-8f31-c9963b32b3c4,443,16151,0,0,16151,0
none,P2_LARGEST,4bcc372d-1ca9-4b23-8f31-c9963b32b3c4,473,22318,4,7054,15264,0
none,P2_LARGEST,4bcc372d-1ca9-4b23-8f31-c9963b32b3c4,481,17292,1,4535,12757,0
none,P2_LARGEST,4bcc372d-1ca9-4b23-8f31-c9963b32b3c4,489,22104,17,2482,19622,1
none,P2_LARGEST,4bcc372d-1ca9-4b23-8f31-c9963b32b3c4,498,23145,2,9159,13986,0
none,P2_LARGEST,4bcc372d-1ca9-4b23-8f31-c9963b32b3c4,511,21532,3,6167,15365,0
none,P2_LARGEST,4bcc372d-1ca9-4b23-8f31-c9963b32b3c4,521,21378,6,4870,16508,1
none,P2_LARGEST,4bcc372d-1ca9-4b23-8f31-c9963b32b3c4,527,16848,1,4277,12571,0
none,P2_LARGEST,4bcc372d-1ca9-4b23-8f31-c9963b32b3c4,534,15569,0,0,15569,0
none,P2_LARGEST,4bcc372d-1ca9-4b23-8f31-c9963b32b3c4,547,22055,10,6385,15670,0
none,P2_LARGEST,4bcc372d-1ca9-4b23-8f31-c9963b32b3c4,552,17049,1,4556,12493,0
none,P2_LARGEST,4bcc372d-1ca9-4b23-8f31-c9963b32b3c4,557,14497,0,0,14497,0
none,P2_LARGEST,4bcc372d-1ca9-4b23-8f31-c9963b32b3c4,570,29624,8,8496,21128,1
none,P2_LARGEST,4bcc372d-1ca9-4b23-8f31-c9963b32b3c4,586,36171,4,24418,11753,0
none,P2_LARGEST,4bcc372d-1ca9-4b23-8f31-c9963b32b3c4,602,33979,8,10318,23661,1
none,P2_LARGEST,4bcc372d-1ca9-4b23-8f31-c9963b32b3c4,609,32154,2,10206,21948,1
none,P2_LARGEST,4bcc372d-1ca9-4b23-8f31-c9963b32b3c4,616,22713,2,7995,14718,0
none,P2_LARGEST,4bcc372d-1ca9-4b23-8f31-c9963b32b3c4,625,17759,1,2718,15041,0
none,P2_LARGEST,4bcc372d-1ca9-4b23-8f31-c9963b32b3c4,639,22216,5,4908,17308,1
none,P2_LARGEST,4bcc372d-1ca9-4b23-8f31-c9963b32b3c4,655,36652,7,19722,16930,1
none,P2_LARGEST,4bcc372d-1ca9-4b23-8f31-c9963b32b3c4,662,24157,2,5346,18811,1
none,P2_LARGEST,4bcc372d-1ca9-4b23-8f31-c9963b32b3c4,676,23938,4,7231,16707,1
none,P2_LARGEST,4bcc372d-1ca9-4b23-8f31-c9963b32b3c4,682,19173,1,4714,14459,0
none,P2_LARGEST,4bcc372d-1ca9-4b23-8f31-c9963b32b3c4,699,19929,6,3339,16590,1
none,P2_LARGEST,4bcc372d-1ca9-4b23-8f31-c9963b32b3c4,709,20090,2,4790,15300,0
none,P2_LARGEST,4bcc372d-1ca9-4b23-8f31-c9963b32b3c4,714,15556,0,0,15556,0
none,P2_LARGEST,4bcc372d-1ca9-4b23-8f31-c9963b32b3c4,719,15713,0,0,15713,0
2000,P2_LARGEST,f90c794a-f384-4cac-b5d0-a9b9146f1d11,15,7591,0,0,7591,0
2000,P2_LARGEST,f90c794a-f384-4cac-b5d0-a9b9146f1d11,20,8814,0,0,8814,0
2000,P2_LARGEST,f90c794a-f384-4cac-b5d0-a9b9146f1d11,27,10276,0,0,10276,0
2000,P2_LARGEST,f90c794a-f384-4cac-b5d0-a9b9146f1d11,32,10703,0,0,10703,0
2000,P2_LARGEST,f90c794a-f384-4cac-b5d0-a9b9146f1d11,37,11803,0,0,11803,0
2000,P2_LARGEST,f90c794a-f384-4cac-b5d0-a9b9146f1d11,42,12733,0,0,12733,0
2000,P2_LARGEST,f90c794a-f384-4cac-b5d0-a9b9146f1d11,50,13768,0,0,13768,0
2000,P2_LARGEST,f90c794a-f384-4cac-b5d0-a9b9146f1d11,56,15681,0,0,15681,0
2000,P2_LARGEST,f90c794a-f384-4cac-b5d0-a9b9146f1d11,61,16871,1,1876,14995,0
2000,P2_LARGEST,f90c794a-f384-4cac-b5d0-a9b9146f1d11,67,15287,0,0,15287,0
2000,P2_LARGEST,f90c794a-f384-4cac-b5d0-a9b9146f1d11,72,15717,0,0,15717,0
2000,P2_LARGEST,f90c794a-f384-4cac-b5d0-a9b9146f1d11,78,15896,0,0,15896,0
2000,P2_LARGEST,f90c794a-f384-4cac-b5d0-a9b9146f1d11,83,16027,0,0,16027,0
2000,P2_LARGEST,f90c794a-f384-4cac-b5d0-a9b9146f1d11,88,16150,0,0,16150,0
2000,P2_LARGEST,f90c794a-f384-4cac-b5d0-a9b9146f1d11,93,16808,2,2570,14238,0
2000,P2_LARGEST,f90c794a-f384-4cac-b5d0-a9b9146f1d11,98,15309,0,0,15309,0
2000,P2_LARGEST,f90c794a-f384-4cac-b5d0-a9b9146f1d11,103,15399,0,0,15399,0
2000,P2_LARGEST,f90c794a-f384-4cac-b5d0-a9b9146f1d11,114,19235,4,4284,14951,0
2000,P2_LARGEST,f90c794a-f384-4cac-b5d0-a9b9146f1d11,120,15239,0,0,15239,0
2000,P2_LARGEST,f90c794a-f384-4cac-b5d0-a9b9146f1d11,125,16796,1,1861,14935,0
2000,P2_LARGEST,f90c794a-f384-4cac-b5d0-a9b9146f1d11,130,16554,1,1531,15023,0
2000,P2_LARGEST,f90c794a-f384-4cac-b5d0-a9b9146f1d11,135,15313,0,0,15313,0
2000,P2_LARGEST,f90c794a-f384-4cac-b5d0-a9b9146f1d11,142,15631,0,0,15631,0
2000,P2_LARGEST,f90c794a-f384-4cac-b5d0-a9b9146f1d11,148,16372,0,0,16372,0
2000,P2_LARGEST,f90c794a-f384-4cac-b5d0-a9b9146f1d11,156,17138,2,2335,14803,0
2000,P2_LARGEST,f90c794a-f384-4cac-b5d0-a9b9146f1d11,163,14991,0,0,14991,0
2000,P2_LARGEST,f90c794a-f384-4cac-b5d0-a9b9146f1d11,170,15496,0,0,15496,0
2000,P2_LARGEST,f90c794a-f384-4cac-b5d0-a9b9146f1d11,188,19416,6,4077,15339,0
2000,P2_LARGEST,f90c794a-f384-4cac-b5d0-a9b9146f1d11,194,16379,0,0,16379,0
2000,P2_LARGEST,f90c794a-f384-4cac-b5d0-a9b9146f1d11,199,16564,1,2302,14262,0
2000,P2_LARGEST,f90c794a-f384-4cac-b5d0-a9b9146f1d11,207,14594,0,0,14594,0
2000,P2_LARGEST,f90c794a-f384-4cac-b5d0-a9b9146f1d11,225,22431,6,7228,15203,0
2000,P2_LARGEST,f90c794a-f384-4cac-b5d0-a9b9146f1d11,232,16561,1,2333,14228,0
2000,P2_LARGEST,f90c794a-f384-4cac-b5d0-a9b9146f1d11,237,15703,0,0,15703,0
2000,P2_LARGEST,f90c794a-f384-4cac-b5d0-a9b9146f1d11,245,18474,4,3175,15299,0
2000,P2_LARGEST,f90c794a-f384-4cac-b5d0-a9b9146f1d11,258,23172,7,7890,15282,0
2000,P2_LARGEST,f90c794a-f384-4cac-b5d0-a9b9146f1d11,264,19118,4,3825,15293,0
2000,P2_LARGEST,f90c794a-f384-4cac-b5d0-a9b9146f1d11,276,19616,5,4407,15209,0
2000,P2_LARGEST,f90c794a-f384-4cac-b5d0-a9b9146f1d11,281,17061,2,1751,15310,0
2000,P2_LARGEST,f90c794a-f384-4cac-b5d0-a9b9146f1d11,292,21100,9,5822,15278,0
2000,P2_LARGEST,f90c794a-f384-4cac-b5d0-a9b9146f1d11,297,17232,1,2743,14489,0
2000,P2_LARGEST,f90c794a-f384-4cac-b5d0-a9b9146f1d11,307,19199,4,3957,15242,0
2000,P2_LARGEST,f90c794a-f384-4cac-b5d0-a9b9146f1d11,313,16459,1,3161,13298,0
2000,P2_LARGEST,f90c794a-f384-4cac-b5d0-a9b9146f1d11,318,14861,0,0,14861,0
2000,P2_LARGEST,f90c794a-f384-4cac-b5d0-a9b9146f1d11,329,21130,16,5747,15383,0
2000,P2_LARGEST,f90c794a-f384-4cac-b5d0-a9b9146f1d11,334,16971,1,3690,13281,0
2000,P2_LARGEST,f90c794a-f384-4cac-b5d0-a9b9146f1d11,344,17799,3,2854,14945,0
2000,P2_LARGEST,f90c794a-f384-4cac-b5d0-a9b9146f1d11,349,16658,3,1453,15205,0
2000,P2_LARGEST,f90c794a-f384-4cac-b5d0-a9b9146f1d11,354,15693,0,0,15693,0
2000,P2_LARGEST,f90c794a-f384-4cac-b5d0-a9b9146f1d11,368,24122,2,9313,14809,0
2000,P2_LARGEST,f90c794a-f384-4cac-b5d0-a9b9146f1d11,376,16776,1,1787,14989,0
2000,P2_LARGEST,f90c794a-f384-4cac-b5d0-a9b9146f1d11,383,15949,0,0,15949,0
2000,P2_LARGEST,f90c794a-f384-4cac-b5d0-a9b9146f1d11,390,17612,2,2766,14846,0
2000,P2_LARGEST,f90c794a-f384-4cac-b5d0-a9b9146f1d11,401,18940,4,4155,14785,0
2000,P2_LARGEST,f90c794a-f384-4cac-b5d0-a9b9146f1d11,406,15096,0,0,15096,0
2000,P2_LARGEST,f90c794a-f384-4cac-b5d0-a9b9146f1d11,411,16814,1,1694,15120,0
2000,P2_LARGEST,f90c794a-f384-4cac-b5d0-a9b9146f1d11,416,15854,0,0,15854,0
2000,P2_LARGEST,f90c794a-f384-4cac-b5d0-a9b9146f1d11,421,17481,2,2155,15326,0
2000,P2_LARGEST,f90c794a-f384-4cac-b5d0-a9b9146f1d11,429,17342,2,2014,15328,0
2000,P2_LARGEST,f90c794a-f384-4cac-b5d0-a9b9146f1d11,442,20090,8,5028,15062,0
2000,P2_LARGEST,f90c794a-f384-4cac-b5d0-a9b9146f1d11,450,17005,1,2331,14674,0
2000,P2_LARGEST,f90c794a-f384-4cac-b5d0-a9b9146f1d11,455,15366,0,0,15366,0
2000,P2_LARGEST,f90c794a-f384-4cac-b5d0-a9b9146f1d11,460,15862,0,0,15862,0
2000,P2_LARGEST,f90c794a-f384-4cac-b5d0-a9b9146f1d11,465,16130,0,0,16130,0
2000,P2_LARGEST,f90c794a-f384-4cac-b5d0-a9b9146f1d11,470,16707,2,1575,15132,0
2000,P2_LARGEST,f90c794a-f384-4cac-b5d0-a9b9146f1d11,475,15571,0,0,15571,0
2000,P2_LARGEST,f90c794a-f384-4cac-b5d0-a9b9146f1d11,480,15858,0,0,15858,0
2000,P2_LARGEST,f90c794a-f384-4cac-b5d0-a9b9146f1d11,494,23555,15,8205,15350,0
2000,P2_LARGEST,f90c794a-f384-4cac-b5d0-a9b9146f1d11,500,18448,2,3377,15071,0
2000,P2_LARGEST,f90c794a-f384-4cac-b5d0-a9b9146f1d11,505,15538,0,0,15538,0
2000,P2_LARGEST,f90c794a-f384-4cac-b5d0-a9b9146f1d11,510,16918,1,2951,13967,0
2000,P2_LARGEST,f90c794a-f384-4cac-b5d0-a9b9146f1d11,521,21479,6,6141,15338,0
2000,P2_LARGEST,f90c794a-f384-4cac-b5d0-a9b9146f1d11,527,15558,0,0,15558,0
2000,P2_LARGEST,f90c794a-f384-4cac-b5d0-a9b9146f1d11,535,16349,0,0,16349,0
2000,P2_LARGEST,f90c794a-f384-4cac-b5d0-a9b9146f1d11,543,17851,1,2844,15007,0
2000,P2_LARGEST,f90c794a-f384-4cac-b5d0-a9b9146f1d11,548,15726,0,0,15726,0
2000,P2_LARGEST,f90c794a-f384-4cac-b5d0-a9b9146f1d11,553,16563,1,1388,15175,0
2000,P2_LARGEST,f90c794a-f384-4cac-b5d0-a9b9146f1d11,560,15699,0,0,15699,0
2000,P2_LARGEST,f90c794a-f384-4cac-b5d0-a9b9146f1d11,567,16232,0,0,16232,0
2000,P2_LARGEST,f90c794a-f384-4cac-b5d0-a9b9146f1d11,578,20292,18,4922,15370,0
2000,P2_LARGEST,f90c794a-f384-4cac-b5d0-a9b9146f1d11,587,15805,0,0,15805,0
2000,P2_LARGEST,f90c794a-f384-4cac-b5d0-a9b9146f1d11,594,17486,1,2716,14770,0
2000,P2_LARGEST,f90c794a-f384-4cac-b5d0-a9b9146f1d11,601,14965,0,0,14965,0
2000,P2_LARGEST,f90c794a-f384-4cac-b5d0-a9b9146f1d11,606,15482,0,0,15482,0
2000,P2_LARGEST,f90c794a-f384-4cac-b5d0-a9b9146f1d11,611,15750,0,0,15750,0
2000,P2_LARGEST,f90c794a-f384-4cac-b5d0-a9b9146f1d11,618,17521,3,2280,15241,0
2000,P2_LARGEST,f90c794a-f384-4cac-b5d0-a9b9146f1d11,630,18901,24,3555,15346,0
2000,P2_LARGEST,f90c794a-f384-4cac-b5d0-a9b9146f1d11,635,16103,0,0,16103,0
2000,P2_LARGEST,f90c794a-f384-4cac-b5d0-a9b9146f1d11,640,17398,1,2531,14867,0
2000,P2_LARGEST,f90c794a-f384-4cac-b5d0-a9b9146f1d11,645,14972,0,0,14972,0
2000,P2_LARGEST,f90c794a-f384-4cac-b5d0-a9b9146f1d11,653,16141,0,0,16141,0
2000,P2_LARGEST,f90c794a-f384-4cac-b5d0-a9b9146f1d11,664,20073,20,4703,15370,0
2000,P2_LARGEST,f90c794a-f384-4cac-b5d0-a9b9146f1d11,670,16411,1,2947,13464,0
2000,P2_LARGEST,f90c794a-f384-4cac-b5d0-a9b9146f1d11,675,13552,0,0,13552,0
2000,P2_LARGEST,f90c794a-f384-4cac-b5d0-a9b9146f1d11,680,14524,0,0,14524,0
2000,P2_LARGEST,f90c794a-f384-4cac-b5d0-a9b9146f1d11,685,14891,0,0,14891,0
2000,P2_LARGEST,f90c794a-f384-4cac-b5d0-a9b9146f1d11,693,15578,0,0,15578,0
2000,P2_LARGEST,f90c794a-f384-4cac-b5d0-a9b9146f1d11,698,16877,2,1742,15135,0
2000,P2_LARGEST,f90c794a-f384-4cac-b5d0-a9b9146f1d11,715,17989,4,2673,15316,0
2000,P2_LARGEST,f90c794a-f384-4cac-b5d0-a9b9146f1d11,720,16669,1,2659,14010,0
2000,P2_LARGEST,f90c794a-f384-4cac-b5d0-a9b9146f1d11,725,14104,0,0,14104,0
4000,P2_LARGEST,f90c794a-f384-4cac-b5d0-a9b9146f1d11,15,7591,0,0,7591,0
4000,P2_LARGEST,f90c794a-f384-4cac-b5d0-a9b9146f1d11,20,8814,0,0,8814,0
4000,P2_LARGEST,f90c794a-f384-4cac-b5d0-a9b9146f1d11,27,10276,0,0,10276,0
4000,P2_LARGEST,f90c794a-f384-4cac-b5d0-a9b9146f1d11,32,10703,0,0,10703,0
4000,P2_LARGEST,f90c794a-f384-4cac-b5d0-a9b9146f1d11,37,11803,0,0,11803,0
4000,P2_LARGEST,f90c794a-f384-4cac-b5d0-a9b9146f1d11,42,12733,0,0,12733,0
4000,P2_LARGEST,f90c794a-f384-4cac-b5d0-a9b9146f1d11,50,13768,0,0,13768,0
4000,P2_LARGEST,f90c794a-f384-4cac-b5d0-a9b9146f1d11,56,15681,0,0,15681,0
4000,P2_LARGEST,f90c794a-f384-4cac-b5d0-a9b9146f1d11,61,16871,1,1876,14995,0
4000,P2_LARGEST,f90c794a-f384-4cac-b5d0-a9b9146f1d11,67,15287,0,0,15287,0
4000,P2_LARGEST,f90c794a-f384-4cac-b5d0-a9b9146f1d11,72,15717,0,0,15717,0
4000,P2_LARGEST,f90c794a-f384-4cac-b5d0-a9b9146f1d11,78,15896,0,0,15896,0
4000,P2_LARGEST,f90c794a-f384-4cac-b5d0-a9b9146f1d11,83,16027,0,0,16027,0
4000,P2_LARGEST,f90c794a-f384-4cac-b5d0-a9b9146f1d11,88,16150,0,0,16150,0
4000,P2_LARGEST,f90c794a-f384-4cac-b5d0-a9b9146f1d11,93,16808,2,2570,14238,0
4000,P2_LARGEST,f90c794a-f384-4cac-b5d0-a9b9146f1d11,98,15309,0,0,15309,0
4000,P2_LARGEST,f90c794a-f384-4cac-b5d0-a9b9146f1d11,103,15399,0,0,15399,0
4000,P2_LARGEST,f90c794a-f384-4cac-b5d0-a9b9146f1d11,114,19235,4,4284,14951,0
4000,P2_LARGEST,f90c794a-f384-4cac-b5d0-a9b9146f1d11,120,15239,0,0,15239,0
4000,P2_LARGEST,f90c794a-f384-4cac-b5d0-a9b9146f1d11,125,16796,1,1861,14935,0
4000,P2_LARGEST,f90c794a-f384-4cac-b5d0-a9b9146f1d11,130,16554,1,1531,15023,0
4000,P2_LARGEST,f90c794a-f384-4cac-b5d0-a9b9146f1d11,135,15313,0,0,15313,0
4000,P2_LARGEST,f90c794a-f384-4cac-b5d0-a9b9146f1d11,142,15631,0,0,15631,0
4000,P2_LARGEST,f90c794a-f384-4cac-b5d0-a9b9146f1d11,148,16372,0,0,16372,0
4000,P2_LARGEST,f90c794a-f384-4cac-b5d0-a9b9146f1d11,156,17138,2,2335,14803,0
4000,P2_LARGEST,f90c794a-f384-4cac-b5d0-a9b9146f1d11,163,14991,0,0,14991,0
4000,P2_LARGEST,f90c794a-f384-4cac-b5d0-a9b9146f1d11,170,15496,0,0,15496,0
4000,P2_LARGEST,f90c794a-f384-4cac-b5d0-a9b9146f1d11,188,19416,6,4077,15339,0
4000,P2_LARGEST,f90c794a-f384-4cac-b5d0-a9b9146f1d11,194,16379,0,0,16379,0
4000,P2_LARGEST,f90c794a-f384-4cac-b5d0-a9b9146f1d11,199,16564,1,2302,14262,0
4000,P2_LARGEST,f90c794a-f384-4cac-b5d0-a9b9146f1d11,207,14594,0,0,14594,0
4000,P2_LARGEST,f90c794a-f384-4cac-b5d0-a9b9146f1d11,225,22431,6,7228,15203,0
4000,P2_LARGEST,f90c794a-f384-4cac-b5d0-a9b9146f1d11,232,16561,1,2333,14228,0
4000,P2_LARGEST,f90c794a-f384-4cac-b5d0-a9b9146f1d11,237,15703,0,0,15703,0
4000,P2_LARGEST,f90c794a-f384-4cac-b5d0-a9b9146f1d11,245,18474,4,3175,15299,0
4000,P2_LARGEST,f90c794a-f384-4cac-b5d0-a9b9146f1d11,258,23172,7,7890,15282,0
4000,P2_LARGEST,f90c794a-f384-4cac-b5d0-a9b9146f1d11,264,19118,4,3825,15293,0
4000,P2_LARGEST,f90c794a-f384-4cac-b5d0-a9b9146f1d11,276,21363,20,6030,15333,0
4000,P2_LARGEST,f90c794a-f384-4cac-b5d0-a9b9146f1d11,281,17185,1,2247,14938,0
4000,P2_LARGEST,f90c794a-f384-4cac-b5d0-a9b9146f1d11,292,20728,4,6109,14619,0
4000,P2_LARGEST,f90c794a-f384-4cac-b5d0-a9b9146f1d11,297,16573,1,2743,13830,0
4000,P2_LARGEST,f90c794a-f384-4cac-b5d0-a9b9146f1d11,307,20955,42,4904,16051,0
4000,P2_LARGEST,f90c794a-f384-4cac-b5d0-a9b9146f1d11,313,17268,1,3161,14107,0
4000,P2_LARGEST,f90c794a-f384-4cac-b5d0-a9b9146f1d11,318,15670,0,0,15670,0
4000,P2_LARGEST,f90c794a-f384-4cac-b5d0-a9b9146f1d11,329,21939,5,6811,15128,0
4000,P2_LARGEST,f90c794a-f384-4cac-b5d0-a9b9146f1d11,334,16716,1,3690,13026,0
4000,P2_LARGEST,f90c794a-f384-4cac-b5d0-a9b9146f1d11,344,17544,2,2329,15215,0
4000,P2_LARGEST,f90c794a-f384-4cac-b5d0-a9b9146f1d11,349,16928,3,1644,15284,0
4000,P2_LARGEST,f90c794a-f384-4cac-b5d0-a9b9146f1d11,354,15772,0,0,15772,0
4000,P2_LARGEST,f90c794a-f384-4cac-b5d0-a9b9146f1d11,368,24201,2,9313,14888,0
4000,P2_LARGEST,f90c794a-f384-4cac-b5d0-a9b9146f1d11,376,16855,1,1787,15068,0
4000,P2_LARGEST,f90c794a-f384-4cac-b5d0-a9b9146f1d11,383,16028,0,0,16028,0
4000,P2_LARGEST,f90c794a-f384-4cac-b5d0-a9b9146f1d11,390,17691,2,2766,14925,0
4000,P2_LARGEST,f90c794a-f384-4cac-b5d0-a9b9146f1d11,401,19019,4,4155,14864,0
4000,P2_LARGEST,f90c794a-f384-4cac-b5d0-a9b9146f1d11,406,15175,0,0,15175,0
4000,P2_LARGEST,f90c794a-f384-4cac-b5d0-a9b9146f1d11,411,16893,1,1694,15199,0
4000,P2_LARGEST,f90c794a-f384-4cac-b5d0-a9b9146f1d11,416,15933,0,0,15933,0
4000,P2_LARGEST,f90c794a-f384-4cac-b5d0-a9b9146f1d11,421,17560,3,2532,15028,0
4000,P2_LARGEST,f90c794a-f384-4cac-b5d0-a9b9146f1d11,429,17044,2,2014,15030,0
4000,P2_LARGEST,f90c794a-f384-4cac-b5d0-a9b9146f1d11,442,19792,7,4693,15099,0
4000,P2_LARGEST,f90c794a-f384-4cac-b5d0-a9b9146f1d11,450,17042,1,2331,14711,0
4000,P2_LARGEST,f90c794a-f384-4cac-b5d0-a9b9146f1d11,455,15403,0,0,15403,0
4000,P2_LARGEST,f90c794a-f384-4cac-b5d0-a9b9146f1d11,460,15899,0,0,15899,0
4000,P2_LARGEST,f90c794a-f384-4cac-b5d0-a9b9146f1d11,465,16167,0,0,16167,0
4000,P2_LARGEST,f90c794a-f384-4cac-b5d0-a9b9146f1d11,470,16744,2,1575,15169,0
4000,P2_LARGEST,f90c794a-f384-4cac-b5d0-a9b9146f1d11,475,15608,0,0,15608,0
4000,P2_LARGEST,f90c794a-f384-4cac-b5d0-a9b9146f1d11,480,15895,0,0,15895,0
4000,P2_LARGEST,f90c794a-f384-4cac-b5d0-a9b9146f1d11,494,23592,14,8323,15269,0
4000,P2_LARGEST,f90c794a-f384-4cac-b5d0-a9b9146f1d11,500,18367,1,3043,15324,0
4000,P2_LARGEST,f90c794a-f384-4cac-b5d0-a9b9146f1d11,505,15791,0,0,15791,0
4000,P2_LARGEST,f90c794a-f384-4cac-b5d0-a9b9146f1d11,510,17171,1,2951,14220,0
4000,P2_LARGEST,f90c794a-f384-4cac-b5d0-a9b9146f1d11,521,21732,6,6526,15206,0
4000,P2_LARGEST,f90c794a-f384-4cac-b5d0-a9b9146f1d11,527,15426,0,0,15426,0
4000,P2_LARGEST,f90c794a-f384-4cac-b5d0-a9b9146f1d11,535,16217,0,0,16217,0
4000,P2_LARGEST,f90c794a-f384-4cac-b5d0-a9b9146f1d11,543,17719,1,2844,14875,0
4000,P2_LARGEST,f90c794a-f384-4cac-b5d0-a9b9146f1d11,548,15594,0,0,15594,0
4000,P2_LARGEST,f90c794a-f384-4cac-b5d0-a9b9146f1d11,553,16431,1,1388,15043,0
4000,P2_LARGEST,f90c794a-f384-4cac-b5d0-a9b9146f1d11,560,15567,0,0,15567,0
4000,P2_LARGEST,f90c794a-f384-4cac-b5d0-a9b9146f1d11,567,16100,0,0,16100,0
4000,P2_LARGEST,f90c794a-f384-4cac-b5d0-a9b9146f1d11,578,20160,13,4783,15377,0
4000,P2_LARGEST,f90c794a-f384-4cac-b5d0-a9b9146f1d11,587,15812,0,0,15812,0
4000,P2_LARGEST,f90c794a-f384-4cac-b5d0-a9b9146f1d11,594,17493,1,2716,14777,0
4000,P2_LARGEST,f90c794a-f384-4cac-b5d0-a9b9146f1d11,601,14972,0,0,14972,0
4000,P2_LARGEST,f90c794a-f384-4cac-b5d0-a9b9146f1d11,606,15489,0,0,15489,0
4000,P2_LARGEST,f90c794a-f384-4cac-b5d0-a9b9146f1d11,611,15757,0,0,15757,0
4000,P2_LARGEST,f90c794a-f384-4cac-b5d0-a9b9146f1d11,618,17528,3,2280,15248,0
4000,P2_LARGEST,f90c794a-f384-4cac-b5d0-a9b9146f1d11,630,18908,21,3585,15323,0
4000,P2_LARGEST,f90c794a-f384-4cac-b5d0-a9b9146f1d11,635,16080,0,0,16080,0
4000,P2_LARGEST,f90c794a-f384-4cac-b5d0-a9b9146f1d11,640,17375,1,2531,14844,0
4000,P2_LARGEST,f90c794a-f384-4cac-b5d0-a9b9146f1d11,645,14949,0,0,14949,0
4000,P2_LARGEST,f90c794a-f384-4cac-b5d0-a9b9146f1d11,653,16118,0,0,16118,0
4000,P2_LARGEST,f90c794a-f384-4cac-b5d0-a9b9146f1d11,664,21888,31,4663,17225,1
4000,P2_LARGEST,f90c794a-f384-4cac-b5d0-a9b9146f1d11,670,18266,1,2947,15319,0
4000,P2_LARGEST,f90c794a-f384-4cac-b5d0-a9b9146f1d11,675,15407,0,0,15407,0
4000,P2_LARGEST,f90c794a-f384-4cac-b5d0-a9b9146f1d11,680,16379,0,0,16379,0
4000,P2_LARGEST,f90c794a-f384-4cac-b5d0-a9b9146f1d11,685,16746,1,2338,14408,0
4000,P2_LARGEST,f90c794a-f384-4cac-b5d0-a9b9146f1d11,693,15095,0,0,15095,0
4000,P2_LARGEST,f90c794a-f384-4cac-b5d0-a9b9146f1d11,698,16394,2,1742,14652,0
4000,P2_LARGEST,f90c794a-f384-4cac-b5d0-a9b9146f1d11,715,17506,3,2173,15333,0
4000,P2_LARGEST,f90c794a-f384-4cac-b5d0-a9b9146f1d11,720,16686,1,2659,14027,0
4000,P2_LARGEST,f90c794a-f384-4cac-b5d0-a9b9146f1d11,725,14121,0,0,14121,0
8000,P2_LARGEST,f90c794a-f384-4cac-b5d0-a9b9146f1d11,15,7591,0,0,7591,0
8000,P2_LARGEST,f90c794a-f384-4cac-b5d0-a9b9146f1d11,20,8814,0,0,8814,0
8000,P2_LARGEST,f90c794a-f384-4cac-b5d0-a9b9146f1d11,27,10276,0,0,10276,0
8000,P2_LARGEST,f90c794a-f384-4cac-b5d0-a9b9146f1d11,32,10703,0,0,10703,0
8000,P2_LARGEST,f90c794a-f384-4cac-b5d0-a9b9146f1d11,37,11803,0,0,11803,0
8000,P2_LARGEST,f90c794a-f384-4cac-b5d0-a9b9146f1d11,42,12733,0,0,12733,0
8000,P2_LARGEST,f90c794a-f384-4cac-b5d0-a9b9146f1d11,50,13768,0,0,13768,0
8000,P2_LARGEST,f90c794a-f384-4cac-b5d0-a9b9146f1d11,56,15681,0,0,15681,0
8000,P2_LARGEST,f90c794a-f384-4cac-b5d0-a9b9146f1d11,61,16871,1,1876,14995,0
8000,P2_LARGEST,f90c794a-f384-4cac-b5d0-a9b9146f1d11,67,15287,0,0,15287,0
8000,P2_LARGEST,f90c794a-f384-4cac-b5d0-a9b9146f1d11,72,15717,0,0,15717,0
8000,P2_LARGEST,f90c794a-f384-4cac-b5d0-a9b9146f1d11,78,15896,0,0,15896,0
8000,P2_LARGEST,f90c794a-f384-4cac-b5d0-a9b9146f1d11,83,16027,0,0,16027,0
8000,P2_LARGEST,f90c794a-f384-4cac-b5d0-a9b9146f1d11,88,16150,0,0,16150,0
8000,P2_LARGEST,f90c794a-f384-4cac-b5d0-a9b9146f1d11,93,16808,2,2570,14238,0
8000,P2_LARGEST,f90c794a-f384-4cac-b5d0-a9b9146f1d11,98,15309,0,0,15309,0
8000,P2_LARGEST,f90c794a-f384-4cac-b5d0-a9b9146f1d11,103,15399,0,0,15399,0
8000,P2_LARGEST,f90c794a-f384-4cac-b5d0-a9b9146f1d11,114,19235,4,4284,14951,0
8000,P2_LARGEST,f90c794a-f384-4cac-b5d0-a9b9146f1d11,120,15239,0,0,15239,0
8000,P2_LARGEST,f90c794a-f384-4cac-b5d0-a9b9146f1d11,125,16796,1,1861,14935,0
8000,P2_LARGEST,f90c794a-f384-4cac-b5d0-a9b9146f1d11,130,16554,1,1531,15023,0
8000,P2_LARGEST,f90c794a-f384-4cac-b5d0-a9b9146f1d11,135,15313,0,0,15313,0
8000,P2_LARGEST,f90c794a-f384-4cac-b5d0-a9b9146f1d11,142,15631,0,0,15631,0
8000,P2_LARGEST,f90c794a-f384-4cac-b5d0-a9b9146f1d11,148,16372,0,0,16372,0
8000,P2_LARGEST,f90c794a-f384-4cac-b5d0-a9b9146f1d11,156,17138,2,2335,14803,0
8000,P2_LARGEST,f90c794a-f384-4cac-b5d0-a9b9146f1d11,163,14991,0,0,14991,0
8000,P2_LARGEST,f90c794a-f384-4cac-b5d0-a9b9146f1d11,170,15496,0,0,15496,0
8000,P2_LARGEST,f90c794a-f384-4cac-b5d0-a9b9146f1d11,188,19416,6,4077,15339,0
8000,P2_LARGEST,f90c794a-f384-4cac-b5d0-a9b9146f1d11,194,16379,0,0,16379,0
8000,P2_LARGEST,f90c794a-f384-4cac-b5d0-a9b9146f1d11,199,16564,1,2302,14262,0
8000,P2_LARGEST,f90c794a-f384-4cac-b5d0-a9b9146f1d11,207,14594,0,0,14594,0
8000,P2_LARGEST,f90c794a-f384-4cac-b5d0-a9b9146f1d11,225,22431,6,7228,15203,0
8000,P2_LARGEST,f90c794a-f384-4cac-b5d0-a9b9146f1d11,232,16561,1,2333,14228,0
8000,P2_LARGEST,f90c794a-f384-4cac-b5d0-a9b9146f1d11,237,15703,0,0,15703,0
8000,P2_LARGEST,f90c794a-f384-4cac-b5d0-a9b9146f1d11,245,18474,4,3175,15299,0
8000,P2_LARGEST,f90c794a-f384-4cac-b5d0-a9b9146f1d11,258,23172,7,7890,15282,0
8000,P2_LARGEST,f90c794a-f384-4cac-b5d0-a9b9146f1d11,264,19118,4,3825,15293,0
8000,P2_LARGEST,f90c794a-f384-4cac-b5d0-a9b9146f1d11,276,21363,20,6030,15333,0
8000,P2_LARGEST,f90c794a-f384-4cac-b5d0-a9b9146f1d11,281,17185,1,2247,14938,0
8000,P2_LARGEST,f90c794a-f384-4cac-b5d0-a9b9146f1d11,292,20728,4,6109,14619,0
8000,P2_LARGEST,f90c794a-f384-4cac-b5d0-a9b9146f1d11,297,16573,1,2743,13830,0
8000,P2_LARGEST,f90c794a-f384-4cac-b5d0-a9b9146f1d11,307,20955,42,4904,16051,0
8000,P2_LARGEST,f90c794a-f384-4cac-b5d0-a9b9146f1d11,313,17268,1,3161,14107,0
8000,P2_LARGEST,f90c794a-f384-4cac-b5d0-a9b9146f1d11,318,15670,0,0,15670,0
8000,P2_LARGEST,f90c794a-f384-4cac-b5d0-a9b9146f1d11,329,21939,5,6811,15128,0
8000,P2_LARGEST,f90c794a-f384-4cac-b5d0-a9b9146f1d11,334,16716,1,3690,13026,0
8000,P2_LARGEST,f90c794a-f384-4cac-b5d0-a9b9146f1d11,344,17544,2,2329,15215,0
8000,P2_LARGEST,f90c794a-f384-4cac-b5d0-a9b9146f1d11,349,16928,3,1644,15284,0
8000,P2_LARGEST,f90c794a-f384-4cac-b5d0-a9b9146f1d11,354,15772,0,0,15772,0
8000,P2_LARGEST,f90c794a-f384-4cac-b5d0-a9b9146f1d11,368,24201,2,9313,14888,0
8000,P2_LARGEST,f90c794a-f384-4cac-b5d0-a9b9146f1d11,376,16855,1,1787,15068,0
8000,P2_LARGEST,f90c794a-f384-4cac-b5d0-a9b9146f1d11,383,16028,0,0,16028,0
8000,P2_LARGEST,f90c794a-f384-4cac-b5d0-a9b9146f1d11,390,17691,2,2766,14925,0
8000,P2_LARGEST,f90c794a-f384-4cac-b5d0-a9b9146f1d11,401,19019,4,4155,14864,0
8000,P2_LARGEST,f90c794a-f384-4cac-b5d0-a9b9146f1d11,406,15175,0,0,15175,0
8000,P2_LARGEST,f90c794a-f384-4cac-b5d0-a9b9146f1d11,411,16893,1,1694,15199,0
8000,P2_LARGEST,f90c794a-f384-4cac-b5d0-a9b9146f1d11,416,15933,0,0,15933,0
8000,P2_LARGEST,f90c794a-f384-4cac-b5d0-a9b9146f1d11,421,17560,3,2532,15028,0
8000,P2_LARGEST,f90c794a-f384-4cac-b5d0-a9b9146f1d11,429,17044,2,2014,15030,0
8000,P2_LARGEST,f90c794a-f384-4cac-b5d0-a9b9146f1d11,442,19792,7,4693,15099,0
8000,P2_LARGEST,f90c794a-f384-4cac-b5d0-a9b9146f1d11,450,17042,1,2331,14711,0
8000,P2_LARGEST,f90c794a-f384-4cac-b5d0-a9b9146f1d11,455,15403,0,0,15403,0
8000,P2_LARGEST,f90c794a-f384-4cac-b5d0-a9b9146f1d11,460,15899,0,0,15899,0
8000,P2_LARGEST,f90c794a-f384-4cac-b5d0-a9b9146f1d11,465,16167,0,0,16167,0
8000,P2_LARGEST,f90c794a-f384-4cac-b5d0-a9b9146f1d11,470,16744,2,1575,15169,0
8000,P2_LARGEST,f90c794a-f384-4cac-b5d0-a9b9146f1d11,475,15608,0,0,15608,0
8000,P2_LARGEST,f90c794a-f384-4cac-b5d0-a9b9146f1d11,480,15895,0,0,15895,0
8000,P2_LARGEST,f90c794a-f384-4cac-b5d0-a9b9146f1d11,494,23592,14,8323,15269,0
8000,P2_LARGEST,f90c794a-f384-4cac-b5d0-a9b9146f1d11,500,18367,1,3043,15324,0
8000,P2_LARGEST,f90c794a-f384-4cac-b5d0-a9b9146f1d11,505,15791,0,0,15791,0
8000,P2_LARGEST,f90c794a-f384-4cac-b5d0-a9b9146f1d11,510,17171,1,2951,14220,0
8000,P2_LARGEST,f90c794a-f384-4cac-b5d0-a9b9146f1d11,521,21732,6,6526,15206,0
8000,P2_LARGEST,f90c794a-f384-4cac-b5d0-a9b9146f1d11,527,15426,0,0,15426,0
8000,P2_LARGEST,f90c794a-f384-4cac-b5d0-a9b9146f1d11,535,16217,0,0,16217,0
8000,P2_LARGEST,f90c794a-f384-4cac-b5d0-a9b9146f1d11,543,17719,1,2844,14875,0
8000,P2_LARGEST,f90c794a-f384-4cac-b5d0-a9b9146f1d11,548,15594,0,0,15594,0
8000,P2_LARGEST,f90c794a-f384-4cac-b5d0-a9b9146f1d11,553,16431,1,1388,15043,0
8000,P2_LARGEST,f90c794a-f384-4cac-b5d0-a9b9146f1d11,560,15567,0,0,15567,0
8000,P2_LARGEST,f90c794a-f384-4cac-b5d0-a9b9146f1d11,567,16100,0,0,16100,0
8000,P2_LARGEST,f90c794a-f384-4cac-b5d0-a9b9146f1d11,578,20160,13,4783,15377,0
8000,P2_LARGEST,f90c794a-f384-4cac-b5d0-a9b9146f1d11,587,15812,0,0,15812,0
8000,P2_LARGEST,f90c794a-f384-4cac-b5d0-a9b9146f1d11,594,17493,1,2716,14777,0
8000,P2_LARGEST,f90c794a-f384-4cac-b5d0-a9b9146f1d11,601,14972,0,0,14972,0
8000,P2_LARGEST,f90c794a-f384-4cac-b5d0-a9b9146f1d11,606,15489,0,0,15489,0
8000,P2_LARGEST,f90c794a-f384-4cac-b5d0-a9b9146f1d11,611,15757,0,0,15757,0
8000,P2_LARGEST,f90c794a-f384-4cac-b5d0-a9b9146f1d11,618,17528,3,2280,15248,0
8000,P2_LARGEST,f90c794a-f384-4cac-b5d0-a9b9146f1d11,630,18908,21,3585,15323,0
8000,P2_LARGEST,f90c794a-f384-4cac-b5d0-a9b9146f1d11,635,16080,0,0,16080,0
8000,P2_LARGEST,f90c794a-f384-4cac-b5d0-a9b9146f1d11,640,17375,1,2531,14844,0
8000,P2_LARGEST,f90c794a-f384-4cac-b5d0-a9b9146f1d11,645,14949,0,0,14949,0
8000,P2_LARGEST,f90c794a-f384-4cac-b5d0-a9b9146f1d11,653,16118,0,0,16118,0
8000,P2_LARGEST,f90c794a-f384-4cac-b5d0-a9b9146f1d11,664,21888,31,4663,17225,1
8000,P2_LARGEST,f90c794a-f384-4cac-b5d0-a9b9146f1d11,670,18266,1,2947,15319,0
8000,P2_LARGEST,f90c794a-f384-4cac-b5d0-a9b9146f1d11,675,15407,0,0,15407,0
8000,P2_LARGEST,f90c794a-f384-4cac-b5d0-a9b9146f1d11,680,16379,0,0,16379,0
8000,P2_LARGEST,f90c794a-f384-4cac-b5d0-a9b9146f1d11,685,16746,1,2338,14408,0
8000,P2_LARGEST,f90c794a-f384-4cac-b5d0-a9b9146f1d11,693,15095,0,0,15095,0
8000,P2_LARGEST,f90c794a-f384-4cac-b5d0-a9b9146f1d11,698,16394,2,1742,14652,0
8000,P2_LARGEST,f90c794a-f384-4cac-b5d0-a9b9146f1d11,715,17506,3,2173,15333,0
8000,P2_LARGEST,f90c794a-f384-4cac-b5d0-a9b9146f1d11,720,16686,1,2659,14027,0
8000,P2_LARGEST,f90c794a-f384-4cac-b5d0-a9b9146f1d11,725,14121,0,0,14121,0
none,P2_LARGEST,f90c794a-f384-4cac-b5d0-a9b9146f1d11,15,7591,0,0,7591,0
none,P2_LARGEST,f90c794a-f384-4cac-b5d0-a9b9146f1d11,20,8814,0,0,8814,0
none,P2_LARGEST,f90c794a-f384-4cac-b5d0-a9b9146f1d11,27,10276,0,0,10276,0
none,P2_LARGEST,f90c794a-f384-4cac-b5d0-a9b9146f1d11,32,10703,0,0,10703,0
none,P2_LARGEST,f90c794a-f384-4cac-b5d0-a9b9146f1d11,37,11803,0,0,11803,0
none,P2_LARGEST,f90c794a-f384-4cac-b5d0-a9b9146f1d11,42,12733,0,0,12733,0
none,P2_LARGEST,f90c794a-f384-4cac-b5d0-a9b9146f1d11,50,13768,0,0,13768,0
none,P2_LARGEST,f90c794a-f384-4cac-b5d0-a9b9146f1d11,56,15681,0,0,15681,0
none,P2_LARGEST,f90c794a-f384-4cac-b5d0-a9b9146f1d11,61,16871,1,1876,14995,0
none,P2_LARGEST,f90c794a-f384-4cac-b5d0-a9b9146f1d11,67,15287,0,0,15287,0
none,P2_LARGEST,f90c794a-f384-4cac-b5d0-a9b9146f1d11,72,15717,0,0,15717,0
none,P2_LARGEST,f90c794a-f384-4cac-b5d0-a9b9146f1d11,78,15896,0,0,15896,0
none,P2_LARGEST,f90c794a-f384-4cac-b5d0-a9b9146f1d11,83,16027,0,0,16027,0
none,P2_LARGEST,f90c794a-f384-4cac-b5d0-a9b9146f1d11,88,16150,0,0,16150,0
none,P2_LARGEST,f90c794a-f384-4cac-b5d0-a9b9146f1d11,93,16808,2,2570,14238,0
none,P2_LARGEST,f90c794a-f384-4cac-b5d0-a9b9146f1d11,98,15309,0,0,15309,0
none,P2_LARGEST,f90c794a-f384-4cac-b5d0-a9b9146f1d11,103,15399,0,0,15399,0
none,P2_LARGEST,f90c794a-f384-4cac-b5d0-a9b9146f1d11,114,19235,4,4284,14951,0
none,P2_LARGEST,f90c794a-f384-4cac-b5d0-a9b9146f1d11,120,15239,0,0,15239,0
none,P2_LARGEST,f90c794a-f384-4cac-b5d0-a9b9146f1d11,125,16796,1,1861,14935,0
none,P2_LARGEST,f90c794a-f384-4cac-b5d0-a9b9146f1d11,130,16554,1,1531,15023,0
none,P2_LARGEST,f90c794a-f384-4cac-b5d0-a9b9146f1d11,135,15313,0,0,15313,0
none,P2_LARGEST,f90c794a-f384-4cac-b5d0-a9b9146f1d11,142,15631,0,0,15631,0
none,P2_LARGEST,f90c794a-f384-4cac-b5d0-a9b9146f1d11,148,16372,0,0,16372,0
none,P2_LARGEST,f90c794a-f384-4cac-b5d0-a9b9146f1d11,156,17138,2,2335,14803,0
none,P2_LARGEST,f90c794a-f384-4cac-b5d0-a9b9146f1d11,163,14991,0,0,14991,0
none,P2_LARGEST,f90c794a-f384-4cac-b5d0-a9b9146f1d11,170,15496,0,0,15496,0
none,P2_LARGEST,f90c794a-f384-4cac-b5d0-a9b9146f1d11,188,19416,6,4077,15339,0
none,P2_LARGEST,f90c794a-f384-4cac-b5d0-a9b9146f1d11,194,16379,0,0,16379,0
none,P2_LARGEST,f90c794a-f384-4cac-b5d0-a9b9146f1d11,199,16564,1,2302,14262,0
none,P2_LARGEST,f90c794a-f384-4cac-b5d0-a9b9146f1d11,207,14594,0,0,14594,0
none,P2_LARGEST,f90c794a-f384-4cac-b5d0-a9b9146f1d11,225,22431,6,7228,15203,0
none,P2_LARGEST,f90c794a-f384-4cac-b5d0-a9b9146f1d11,232,16561,1,2333,14228,0
none,P2_LARGEST,f90c794a-f384-4cac-b5d0-a9b9146f1d11,237,15703,0,0,15703,0
none,P2_LARGEST,f90c794a-f384-4cac-b5d0-a9b9146f1d11,245,18474,4,3175,15299,0
none,P2_LARGEST,f90c794a-f384-4cac-b5d0-a9b9146f1d11,258,23172,7,7890,15282,0
none,P2_LARGEST,f90c794a-f384-4cac-b5d0-a9b9146f1d11,264,19118,4,3825,15293,0
none,P2_LARGEST,f90c794a-f384-4cac-b5d0-a9b9146f1d11,276,21363,20,6030,15333,0
none,P2_LARGEST,f90c794a-f384-4cac-b5d0-a9b9146f1d11,281,17185,1,2247,14938,0
none,P2_LARGEST,f90c794a-f384-4cac-b5d0-a9b9146f1d11,292,20728,4,6109,14619,0
none,P2_LARGEST,f90c794a-f384-4cac-b5d0-a9b9146f1d11,297,16573,1,2743,13830,0
none,P2_LARGEST,f90c794a-f384-4cac-b5d0-a9b9146f1d11,307,20955,42,4904,16051,0
none,P2_LARGEST,f90c794a-f384-4cac-b5d0-a9b9146f1d11,313,17268,1,3161,14107,0
none,P2_LARGEST,f90c794a-f384-4cac-b5d0-a9b9146f1d11,318,15670,0,0,15670,0
none,P2_LARGEST,f90c794a-f384-4cac-b5d0-a9b9146f1d11,329,21939,5,6811,15128,0
none,P2_LARGEST,f90c794a-f384-4cac-b5d0-a9b9146f1d11,334,16716,1,3690,13026,0
none,P2_LARGEST,f90c794a-f384-4cac-b5d0-a9b9146f1d11,344,17544,2,2329,15215,0
none,P2_LARGEST,f90c794a-f384-4cac-b5d0-a9b9146f1d11,349,16928,3,1644,15284,0
none,P2_LARGEST,f90c794a-f384-4cac-b5d0-a9b9146f1d11,354,15772,0,0,15772,0
none,P2_LARGEST,f90c794a-f384-4cac-b5d0-a9b9146f1d11,368,24201,2,9313,14888,0
none,P2_LARGEST,f90c794a-f384-4cac-b5d0-a9b9146f1d11,376,16855,1,1787,15068,0
none,P2_LARGEST,f90c794a-f384-4cac-b5d0-a9b9146f1d11,383,16028,0,0,16028,0
none,P2_LARGEST,f90c794a-f384-4cac-b5d0-a9b9146f1d11,390,17691,2,2766,14925,0
none,P2_LARGEST,f90c794a-f384-4cac-b5d0-a9b9146f1d11,401,19019,4,4155,14864,0
none,P2_LARGEST,f90c794a-f384-4cac-b5d0-a9b9146f1d11,406,15175,0,0,15175,0
none,P2_LARGEST,f90c794a-f384-4cac-b5d0-a9b9146f1d11,411,16893,1,1694,15199,0
none,P2_LARGEST,f90c794a-f384-4cac-b5d0-a9b9146f1d11,416,15933,0,0,15933,0
none,P2_LARGEST,f90c794a-f384-4cac-b5d0-a9b9146f1d11,421,17560,3,2532,15028,0
none,P2_LARGEST,f90c794a-f384-4cac-b5d0-a9b9146f1d11,429,17044,2,2014,15030,0
none,P2_LARGEST,f90c794a-f384-4cac-b5d0-a9b9146f1d11,442,19792,7,4693,15099,0
none,P2_LARGEST,f90c794a-f384-4cac-b5d0-a9b9146f1d11,450,17042,1,2331,14711,0
none,P2_LARGEST,f90c794a-f384-4cac-b5d0-a9b9146f1d11,455,15403,0,0,15403,0
none,P2_LARGEST,f90c794a-f384-4cac-b5d0-a9b9146f1d11,460,15899,0,0,15899,0
none,P2_LARGEST,f90c794a-f384-4cac-b5d0-a9b9146f1d11,465,16167,0,0,16167,0
none,P2_LARGEST,f90c794a-f384-4cac-b5d0-a9b9146f1d11,470,16744,2,1575,15169,0
none,P2_LARGEST,f90c794a-f384-4cac-b5d0-a9b9146f1d11,475,15608,0,0,15608,0
none,P2_LARGEST,f90c794a-f384-4cac-b5d0-a9b9146f1d11,480,15895,0,0,15895,0
none,P2_LARGEST,f90c794a-f384-4cac-b5d0-a9b9146f1d11,494,23592,14,8323,15269,0
none,P2_LARGEST,f90c794a-f384-4cac-b5d0-a9b9146f1d11,500,18367,1,3043,15324,0
none,P2_LARGEST,f90c794a-f384-4cac-b5d0-a9b9146f1d11,505,15791,0,0,15791,0
none,P2_LARGEST,f90c794a-f384-4cac-b5d0-a9b9146f1d11,510,17171,1,2951,14220,0
none,P2_LARGEST,f90c794a-f384-4cac-b5d0-a9b9146f1d11,521,21732,6,6526,15206,0
none,P2_LARGEST,f90c794a-f384-4cac-b5d0-a9b9146f1d11,527,15426,0,0,15426,0
none,P2_LARGEST,f90c794a-f384-4cac-b5d0-a9b9146f1d11,535,16217,0,0,16217,0
none,P2_LARGEST,f90c794a-f384-4cac-b5d0-a9b9146f1d11,543,17719,1,2844,14875,0
none,P2_LARGEST,f90c794a-f384-4cac-b5d0-a9b9146f1d11,548,15594,0,0,15594,0
none,P2_LARGEST,f90c794a-f384-4cac-b5d0-a9b9146f1d11,553,16431,1,1388,15043,0
none,P2_LARGEST,f90c794a-f384-4cac-b5d0-a9b9146f1d11,560,15567,0,0,15567,0
none,P2_LARGEST,f90c794a-f384-4cac-b5d0-a9b9146f1d11,567,16100,0,0,16100,0
none,P2_LARGEST,f90c794a-f384-4cac-b5d0-a9b9146f1d11,578,20160,13,4783,15377,0
none,P2_LARGEST,f90c794a-f384-4cac-b5d0-a9b9146f1d11,587,15812,0,0,15812,0
none,P2_LARGEST,f90c794a-f384-4cac-b5d0-a9b9146f1d11,594,17493,1,2716,14777,0
none,P2_LARGEST,f90c794a-f384-4cac-b5d0-a9b9146f1d11,601,14972,0,0,14972,0
none,P2_LARGEST,f90c794a-f384-4cac-b5d0-a9b9146f1d11,606,15489,0,0,15489,0
none,P2_LARGEST,f90c794a-f384-4cac-b5d0-a9b9146f1d11,611,15757,0,0,15757,0
none,P2_LARGEST,f90c794a-f384-4cac-b5d0-a9b9146f1d11,618,17528,3,2280,15248,0
none,P2_LARGEST,f90c794a-f384-4cac-b5d0-a9b9146f1d11,630,18908,21,3585,15323,0
none,P2_LARGEST,f90c794a-f384-4cac-b5d0-a9b9146f1d11,635,16080,0,0,16080,0
none,P2_LARGEST,f90c794a-f384-4cac-b5d0-a9b9146f1d11,640,17375,1,2531,14844,0
none,P2_LARGEST,f90c794a-f384-4cac-b5d0-a9b9146f1d11,645,14949,0,0,14949,0
none,P2_LARGEST,f90c794a-f384-4cac-b5d0-a9b9146f1d11,653,16118,0,0,16118,0
none,P2_LARGEST,f90c794a-f384-4cac-b5d0-a9b9146f1d11,664,21888,31,4663,17225,1
none,P2_LARGEST,f90c794a-f384-4cac-b5d0-a9b9146f1d11,670,18266,1,2947,15319,0
none,P2_LARGEST,f90c794a-f384-4cac-b5d0-a9b9146f1d11,675,15407,0,0,15407,0
none,P2_LARGEST,f90c794a-f384-4cac-b5d0-a9b9146f1d11,680,16379,0,0,16379,0
none,P2_LARGEST,f90c794a-f384-4cac-b5d0-a9b9146f1d11,685,16746,1,2338,14408,0
none,P2_LARGEST,f90c794a-f384-4cac-b5d0-a9b9146f1d11,693,15095,0,0,15095,0
none,P2_LARGEST,f90c794a-f384-4cac-b5d0-a9b9146f1d11,698,16394,2,1742,14652,0
none,P2_LARGEST,f90c794a-f384-4cac-b5d0-a9b9146f1d11,715,17506,3,2173,15333,0
none,P2_LARGEST,f90c794a-f384-4cac-b5d0-a9b9146f1d11,720,16686,1,2659,14027,0
none,P2_LARGEST,f90c794a-f384-4cac-b5d0-a9b9146f1d11,725,14121,0,0,14121,0
2000,P2_LARGEST,4ba0c0e7-bf7c-4744-94bd-add5b5a20878,15,7559,0,0,7559,0
2000,P2_LARGEST,4ba0c0e7-bf7c-4744-94bd-add5b5a20878,22,9284,0,0,9284,0
2000,P2_LARGEST,4ba0c0e7-bf7c-4744-94bd-add5b5a20878,27,14206,0,0,14206,0
2000,P2_LARGEST,4ba0c0e7-bf7c-4744-94bd-add5b5a20878,32,15588,0,0,15588,0
2000,P2_LARGEST,4ba0c0e7-bf7c-4744-94bd-add5b5a20878,37,15722,0,0,15722,0
2000,P2_LARGEST,4ba0c0e7-bf7c-4744-94bd-add5b5a20878,42,16017,0,0,16017,0
2000,P2_LARGEST,4ba0c0e7-bf7c-4744-94bd-add5b5a20878,47,16134,0,0,16134,0
2000,P2_LARGEST,4ba0c0e7-bf7c-4744-94bd-add5b5a20878,52,16279,0,0,16279,0
2000,P2_LARGEST,4ba0c0e7-bf7c-4744-94bd-add5b5a20878,59,17009,1,4880,12129,0
2000,P2_LARGEST,4ba0c0e7-bf7c-4744-94bd-add5b5a20878,64,12333,0,0,12333,0
2000,P2_LARGEST,4ba0c0e7-bf7c-4744-94bd-add5b5a20878,69,12552,0,0,12552,0
2000,P2_LARGEST,4ba0c0e7-bf7c-4744-94bd-add5b5a20878,76,12782,0,0,12782,0
2000,P2_LARGEST,4ba0c0e7-bf7c-4744-94bd-add5b5a20878,81,13166,0,0,13166,0
2000,P2_LARGEST,4ba0c0e7-bf7c-4744-94bd-add5b5a20878,89,14094,0,0,14094,0
2000,P2_LARGEST,4ba0c0e7-bf7c-4744-94bd-add5b5a20878,94,16189,0,0,16189,0
2000,P2_LARGEST,4ba0c0e7-bf7c-4744-94bd-add5b5a20878,105,19743,4,5022,14721,0
2000,P2_LARGEST,4ba0c0e7-bf7c-4744-94bd-add5b5a20878,111,14957,0,0,14957,0
2000,P2_LARGEST,4ba0c0e7-bf7c-4744-94bd-add5b5a20878,116,15108,0,0,15108,0
2000,P2_LARGEST,4ba0c0e7-bf7c-4744-94bd-add5b5a20878,121,15283,0,0,15283,0
2000,P2_LARGEST,4ba0c0e7-bf7c-4744-94bd-add5b5a20878,129,15994,0,0,15994,0
2000,P2_LARGEST,4ba0c0e7-bf7c-4744-94bd-add5b5a20878,136,18628,3,3549,15079,0
2000,P2_LARGEST,4ba0c0e7-bf7c-4744-94bd-add5b5a20878,141,16551,2,1586,14965,0
2000,P2_LARGEST,4ba0c0e7-bf7c-4744-94bd-add5b5a20878,146,15195,0,0,15195,0
2000,P2_LARGEST,4ba0c0e7-bf7c-4744-94bd-add5b5a20878,151,15892,0,0,15892,0
2000,P2_LARGEST,4ba0c0e7-bf7c-4744-94bd-add5b5a20878,162,19756,6,4619,15137,0
2000,P2_LARGEST,4ba0c0e7-bf7c-4744-94bd-add5b5a20878,168,15475,0,0,15475,0
2000,P2_LARGEST,4ba0c0e7-bf7c-4744-94bd-add5b5a20878,173,16764,1,2811,13953,0
2000,P2_LARGEST,4ba0c0e7-bf7c-4744-94bd-add5b5a20878,181,14854,0,0,14854,0
2000,P2_LARGEST,4ba0c0e7-bf7c-4744-94bd-add5b5a20878,186,16874,2,1784,15090,0
2000,P2_LARGEST,4ba0c0e7-bf7c-4744-94bd-add5b5a20878,197,19607,8,4256,15351,0
4000,P2_LARGEST,4ba0c0e7-bf7c-4744-94bd-add5b5a20878,15,7559,0,0,7559,0
4000,P2_LARGEST,4ba0c0e7-bf7c-4744-94bd-add5b5a20878,22,9284,0,0,9284,0
4000,P2_LARGEST,4ba0c0e7-bf7c-4744-94bd-add5b5a20878,27,14206,0,0,14206,0
4000,P2_LARGEST,4ba0c0e7-bf7c-4744-94bd-add5b5a20878,32,15588,0,0,15588,0
4000,P2_LARGEST,4ba0c0e7-bf7c-4744-94bd-add5b5a20878,37,15722,0,0,15722,0
4000,P2_LARGEST,4ba0c0e7-bf7c-4744-94bd-add5b5a20878,42,16017,0,0,16017,0
4000,P2_LARGEST,4ba0c0e7-bf7c-4744-94bd-add5b5a20878,47,16134,0,0,16134,0
4000,P2_LARGEST,4ba0c0e7-bf7c-4744-94bd-add5b5a20878,52,16279,0,0,16279,0
4000,P2_LARGEST,4ba0c0e7-bf7c-4744-94bd-add5b5a20878,59,17009,1,4880,12129,0
4000,P2_LARGEST,4ba0c0e7-bf7c-4744-94bd-add5b5a20878,64,12333,0,0,12333,0
4000,P2_LARGEST,4ba0c0e7-bf7c-4744-94bd-add5b5a20878,69,12552,0,0,12552,0
4000,P2_LARGEST,4ba0c0e7-bf7c-4744-94bd-add5b5a20878,76,12782,0,0,12782,0
4000,P2_LARGEST,4ba0c0e7-bf7c-4744-94bd-add5b5a20878,81,13166,0,0,13166,0
4000,P2_LARGEST,4ba0c0e7-bf7c-4744-94bd-add5b5a20878,89,14094,0,0,14094,0
4000,P2_LARGEST,4ba0c0e7-bf7c-4744-94bd-add5b5a20878,94,16189,0,0,16189,0
4000,P2_LARGEST,4ba0c0e7-bf7c-4744-94bd-add5b5a20878,105,19743,4,5022,14721,0
4000,P2_LARGEST,4ba0c0e7-bf7c-4744-94bd-add5b5a20878,111,14957,0,0,14957,0
4000,P2_LARGEST,4ba0c0e7-bf7c-4744-94bd-add5b5a20878,116,15108,0,0,15108,0
4000,P2_LARGEST,4ba0c0e7-bf7c-4744-94bd-add5b5a20878,121,15283,0,0,15283,0
4000,P2_LARGEST,4ba0c0e7-bf7c-4744-94bd-add5b5a20878,129,15994,0,0,15994,0
4000,P2_LARGEST,4ba0c0e7-bf7c-4744-94bd-add5b5a20878,136,18628,3,3549,15079,0
4000,P2_LARGEST,4ba0c0e7-bf7c-4744-94bd-add5b5a20878,141,16551,2,1586,14965,0
4000,P2_LARGEST,4ba0c0e7-bf7c-4744-94bd-add5b5a20878,146,15195,0,0,15195,0
4000,P2_LARGEST,4ba0c0e7-bf7c-4744-94bd-add5b5a20878,151,15892,0,0,15892,0
4000,P2_LARGEST,4ba0c0e7-bf7c-4744-94bd-add5b5a20878,162,19756,6,4619,15137,0
4000,P2_LARGEST,4ba0c0e7-bf7c-4744-94bd-add5b5a20878,168,15475,0,0,15475,0
4000,P2_LARGEST,4ba0c0e7-bf7c-4744-94bd-add5b5a20878,173,16764,1,2811,13953,0
4000,P2_LARGEST,4ba0c0e7-bf7c-4744-94bd-add5b5a20878,181,14854,0,0,14854,0
4000,P2_LARGEST,4ba0c0e7-bf7c-4744-94bd-add5b5a20878,186,16874,2,1784,15090,0
4000,P2_LARGEST,4ba0c0e7-bf7c-4744-94bd-add5b5a20878,197,19607,8,4256,15351,0
8000,P2_LARGEST,4ba0c0e7-bf7c-4744-94bd-add5b5a20878,15,7559,0,0,7559,0
8000,P2_LARGEST,4ba0c0e7-bf7c-4744-94bd-add5b5a20878,22,9284,0,0,9284,0
8000,P2_LARGEST,4ba0c0e7-bf7c-4744-94bd-add5b5a20878,27,14206,0,0,14206,0
8000,P2_LARGEST,4ba0c0e7-bf7c-4744-94bd-add5b5a20878,32,15588,0,0,15588,0
8000,P2_LARGEST,4ba0c0e7-bf7c-4744-94bd-add5b5a20878,37,15722,0,0,15722,0
8000,P2_LARGEST,4ba0c0e7-bf7c-4744-94bd-add5b5a20878,42,16017,0,0,16017,0
8000,P2_LARGEST,4ba0c0e7-bf7c-4744-94bd-add5b5a20878,47,16134,0,0,16134,0
8000,P2_LARGEST,4ba0c0e7-bf7c-4744-94bd-add5b5a20878,52,16279,0,0,16279,0
8000,P2_LARGEST,4ba0c0e7-bf7c-4744-94bd-add5b5a20878,59,17009,1,4880,12129,0
8000,P2_LARGEST,4ba0c0e7-bf7c-4744-94bd-add5b5a20878,64,12333,0,0,12333,0
8000,P2_LARGEST,4ba0c0e7-bf7c-4744-94bd-add5b5a20878,69,12552,0,0,12552,0
8000,P2_LARGEST,4ba0c0e7-bf7c-4744-94bd-add5b5a20878,76,12782,0,0,12782,0
8000,P2_LARGEST,4ba0c0e7-bf7c-4744-94bd-add5b5a20878,81,13166,0,0,13166,0
8000,P2_LARGEST,4ba0c0e7-bf7c-4744-94bd-add5b5a20878,89,14094,0,0,14094,0
8000,P2_LARGEST,4ba0c0e7-bf7c-4744-94bd-add5b5a20878,94,16189,0,0,16189,0
8000,P2_LARGEST,4ba0c0e7-bf7c-4744-94bd-add5b5a20878,105,19743,4,5022,14721,0
8000,P2_LARGEST,4ba0c0e7-bf7c-4744-94bd-add5b5a20878,111,14957,0,0,14957,0
8000,P2_LARGEST,4ba0c0e7-bf7c-4744-94bd-add5b5a20878,116,15108,0,0,15108,0
8000,P2_LARGEST,4ba0c0e7-bf7c-4744-94bd-add5b5a20878,121,15283,0,0,15283,0
8000,P2_LARGEST,4ba0c0e7-bf7c-4744-94bd-add5b5a20878,129,15994,0,0,15994,0
8000,P2_LARGEST,4ba0c0e7-bf7c-4744-94bd-add5b5a20878,136,18628,3,3549,15079,0
8000,P2_LARGEST,4ba0c0e7-bf7c-4744-94bd-add5b5a20878,141,16551,2,1586,14965,0
8000,P2_LARGEST,4ba0c0e7-bf7c-4744-94bd-add5b5a20878,146,15195,0,0,15195,0
8000,P2_LARGEST,4ba0c0e7-bf7c-4744-94bd-add5b5a20878,151,15892,0,0,15892,0
8000,P2_LARGEST,4ba0c0e7-bf7c-4744-94bd-add5b5a20878,162,19756,6,4619,15137,0
8000,P2_LARGEST,4ba0c0e7-bf7c-4744-94bd-add5b5a20878,168,15475,0,0,15475,0
8000,P2_LARGEST,4ba0c0e7-bf7c-4744-94bd-add5b5a20878,173,16764,1,2811,13953,0
8000,P2_LARGEST,4ba0c0e7-bf7c-4744-94bd-add5b5a20878,181,14854,0,0,14854,0
8000,P2_LARGEST,4ba0c0e7-bf7c-4744-94bd-add5b5a20878,186,16874,2,1784,15090,0
8000,P2_LARGEST,4ba0c0e7-bf7c-4744-94bd-add5b5a20878,197,19607,8,4256,15351,0
none,P2_LARGEST,4ba0c0e7-bf7c-4744-94bd-add5b5a20878,15,7559,0,0,7559,0
none,P2_LARGEST,4ba0c0e7-bf7c-4744-94bd-add5b5a20878,22,9284,0,0,9284,0
none,P2_LARGEST,4ba0c0e7-bf7c-4744-94bd-add5b5a20878,27,14206,0,0,14206,0
none,P2_LARGEST,4ba0c0e7-bf7c-4744-94bd-add5b5a20878,32,15588,0,0,15588,0
none,P2_LARGEST,4ba0c0e7-bf7c-4744-94bd-add5b5a20878,37,15722,0,0,15722,0
none,P2_LARGEST,4ba0c0e7-bf7c-4744-94bd-add5b5a20878,42,16017,0,0,16017,0
none,P2_LARGEST,4ba0c0e7-bf7c-4744-94bd-add5b5a20878,47,16134,0,0,16134,0
none,P2_LARGEST,4ba0c0e7-bf7c-4744-94bd-add5b5a20878,52,16279,0,0,16279,0
none,P2_LARGEST,4ba0c0e7-bf7c-4744-94bd-add5b5a20878,59,17009,1,4880,12129,0
none,P2_LARGEST,4ba0c0e7-bf7c-4744-94bd-add5b5a20878,64,12333,0,0,12333,0
none,P2_LARGEST,4ba0c0e7-bf7c-4744-94bd-add5b5a20878,69,12552,0,0,12552,0
none,P2_LARGEST,4ba0c0e7-bf7c-4744-94bd-add5b5a20878,76,12782,0,0,12782,0
none,P2_LARGEST,4ba0c0e7-bf7c-4744-94bd-add5b5a20878,81,13166,0,0,13166,0
none,P2_LARGEST,4ba0c0e7-bf7c-4744-94bd-add5b5a20878,89,14094,0,0,14094,0
none,P2_LARGEST,4ba0c0e7-bf7c-4744-94bd-add5b5a20878,94,16189,0,0,16189,0
none,P2_LARGEST,4ba0c0e7-bf7c-4744-94bd-add5b5a20878,105,19743,4,5022,14721,0
none,P2_LARGEST,4ba0c0e7-bf7c-4744-94bd-add5b5a20878,111,14957,0,0,14957,0
none,P2_LARGEST,4ba0c0e7-bf7c-4744-94bd-add5b5a20878,116,15108,0,0,15108,0
none,P2_LARGEST,4ba0c0e7-bf7c-4744-94bd-add5b5a20878,121,15283,0,0,15283,0
none,P2_LARGEST,4ba0c0e7-bf7c-4744-94bd-add5b5a20878,129,15994,0,0,15994,0
none,P2_LARGEST,4ba0c0e7-bf7c-4744-94bd-add5b5a20878,136,18628,3,3549,15079,0
none,P2_LARGEST,4ba0c0e7-bf7c-4744-94bd-add5b5a20878,141,16551,2,1586,14965,0
none,P2_LARGEST,4ba0c0e7-bf7c-4744-94bd-add5b5a20878,146,15195,0,0,15195,0
none,P2_LARGEST,4ba0c0e7-bf7c-4744-94bd-add5b5a20878,151,15892,0,0,15892,0
none,P2_LARGEST,4ba0c0e7-bf7c-4744-94bd-add5b5a20878,162,19756,6,4619,15137,0
none,P2_LARGEST,4ba0c0e7-bf7c-4744-94bd-add5b5a20878,168,15475,0,0,15475,0
none,P2_LARGEST,4ba0c0e7-bf7c-4744-94bd-add5b5a20878,173,16764,1,2811,13953,0
none,P2_LARGEST,4ba0c0e7-bf7c-4744-94bd-add5b5a20878,181,14854,0,0,14854,0
none,P2_LARGEST,4ba0c0e7-bf7c-4744-94bd-add5b5a20878,186,16874,2,1784,15090,0
none,P2_LARGEST,4ba0c0e7-bf7c-4744-94bd-add5b5a20878,197,19607,8,4256,15351,0
2000,P2_LARGEST,0af63a3c-1a5e-4d85-a100-0425b82a9a98,15,7361,0,0,7361,0
2000,P2_LARGEST,0af63a3c-1a5e-4d85-a100-0425b82a9a98,22,7743,0,0,7743,0
2000,P2_LARGEST,0af63a3c-1a5e-4d85-a100-0425b82a9a98,27,7946,0,0,7946,0
2000,P2_LARGEST,0af63a3c-1a5e-4d85-a100-0425b82a9a98,32,9844,0,0,9844,0
2000,P2_LARGEST,0af63a3c-1a5e-4d85-a100-0425b82a9a98,37,10003,0,0,10003,0
2000,P2_LARGEST,0af63a3c-1a5e-4d85-a100-0425b82a9a98,42,10341,0,0,10341,0
2000,P2_LARGEST,0af63a3c-1a5e-4d85-a100-0425b82a9a98,47,10506,0,0,10506,0
2000,P2_LARGEST,0af63a3c-1a5e-4d85-a100-0425b82a9a98,52,11187,0,0,11187,0
2000,P2_LARGEST,0af63a3c-1a5e-4d85-a100-0425b82a9a98,57,11661,0,0,11661,0
2000,P2_LARGEST,0af63a3c-1a5e-4d85-a100-0425b82a9a98,62,12119,0,0,12119,0
2000,P2_LARGEST,0af63a3c-1a5e-4d85-a100-0425b82a9a98,67,14972,0,0,14972,0
2000,P2_LARGEST,0af63a3c-1a5e-4d85-a100-0425b82a9a98,75,16179,0,0,16179,0
2000,P2_LARGEST,0af63a3c-1a5e-4d85-a100-0425b82a9a98,86,18582,0,0,18582,0
2000,P2_LARGEST,0af63a3c-1a5e-4d85-a100-0425b82a9a98,92,19432,0,0,19432,0
2000,P2_LARGEST,0af63a3c-1a5e-4d85-a100-0425b82a9a98,97,19894,0,0,19894,0
2000,P2_LARGEST,0af63a3c-1a5e-4d85-a100-0425b82a9a98,107,23139,0,0,23139,0
2000,P2_LARGEST,0af63a3c-1a5e-4d85-a100-0425b82a9a98,112,23974,0,0,23974,0
2000,P2_LARGEST,0af63a3c-1a5e-4d85-a100-0425b82a9a98,117,24696,1,2792,21904,0
2000,P2_LARGEST,0af63a3c-1a5e-4d85-a100-0425b82a9a98,122,22028,0,0,22028,0
2000,P2_LARGEST,0af63a3c-1a5e-4d85-a100-0425b82a9a98,132,24751,1,1813,22938,0
2000,P2_LARGEST,0af63a3c-1a5e-4d85-a100-0425b82a9a98,137,24085,0,0,24085,0
2000,P2_LARGEST,0af63a3c-1a5e-4d85-a100-0425b82a9a98,148,27270,2,3835,23435,0
2000,P2_LARGEST,0af63a3c-1a5e-4d85-a100-0425b82a9a98,154,23907,0,0,23907,0
2000,P2_LARGEST,0af63a3c-1a5e-4d85-a100-0425b82a9a98,164,27934,3,5144,22790,0
2000,P2_LARGEST,0af63a3c-1a5e-4d85-a100-0425b82a9a98,174,26474,2,3924,22550,0
2000,P2_LARGEST,0af63a3c-1a5e-4d85-a100-0425b82a9a98,184,26012,1,2548,23464,0
2000,P2_LARGEST,0af63a3c-1a5e-4d85-a100-0425b82a9a98,200,29602,5,6283,23319,0
2000,P2_LARGEST,0af63a3c-1a5e-4d85-a100-0425b82a9a98,215,31670,4,8346,23324,0
2000,P2_LARGEST,0af63a3c-1a5e-4d85-a100-0425b82a9a98,226,27979,2,5249,22730,0
2000,P2_LARGEST,0af63a3c-1a5e-4d85-a100-0425b82a9a98,236,26603,2,4250,22353,0
4000,P2_LARGEST,0af63a3c-1a5e-4d85-a100-0425b82a9a98,15,7361,0,0,7361,0
4000,P2_LARGEST,0af63a3c-1a5e-4d85-a100-0425b82a9a98,22,7743,0,0,7743,0
4000,P2_LARGEST,0af63a3c-1a5e-4d85-a100-0425b82a9a98,27,7946,0,0,7946,0
4000,P2_LARGEST,0af63a3c-1a5e-4d85-a100-0425b82a9a98,32,9844,0,0,9844,0
4000,P2_LARGEST,0af63a3c-1a5e-4d85-a100-0425b82a9a98,37,10003,0,0,10003,0
4000,P2_LARGEST,0af63a3c-1a5e-4d85-a100-0425b82a9a98,42,10341,0,0,10341,0
4000,P2_LARGEST,0af63a3c-1a5e-4d85-a100-0425b82a9a98,47,10506,0,0,10506,0
4000,P2_LARGEST,0af63a3c-1a5e-4d85-a100-0425b82a9a98,52,11187,0,0,11187,0
4000,P2_LARGEST,0af63a3c-1a5e-4d85-a100-0425b82a9a98,57,11661,0,0,11661,0
4000,P2_LARGEST,0af63a3c-1a5e-4d85-a100-0425b82a9a98,62,12119,0,0,12119,0
4000,P2_LARGEST,0af63a3c-1a5e-4d85-a100-0425b82a9a98,67,14972,0,0,14972,0
4000,P2_LARGEST,0af63a3c-1a5e-4d85-a100-0425b82a9a98,75,17967,0,0,17967,0
4000,P2_LARGEST,0af63a3c-1a5e-4d85-a100-0425b82a9a98,86,20370,0,0,20370,0
4000,P2_LARGEST,0af63a3c-1a5e-4d85-a100-0425b82a9a98,92,21220,0,0,21220,0
4000,P2_LARGEST,0af63a3c-1a5e-4d85-a100-0425b82a9a98,97,21682,0,0,21682,0
4000,P2_LARGEST,0af63a3c-1a5e-4d85-a100-0425b82a9a98,107,24927,1,2792,22135,0
4000,P2_LARGEST,0af63a3c-1a5e-4d85-a100-0425b82a9a98,112,22970,0,0,22970,0
4000,P2_LARGEST,0af63a3c-1a5e-4d85-a100-0425b82a9a98,117,23692,0,0,23692,0
4000,P2_LARGEST,0af63a3c-1a5e-4d85-a100-0425b82a9a98,122,23816,0,0,23816,0
4000,P2_LARGEST,0af63a3c-1a5e-4d85-a100-0425b82a9a98,132,26539,2,4101,22438,0
4000,P2_LARGEST,0af63a3c-1a5e-4d85-a100-0425b82a9a98,137,23585,0,0,23585,0
4000,P2_LARGEST,0af63a3c-1a5e-4d85-a100-0425b82a9a98,148,28847,3,5322,23525,0
4000,P2_LARGEST,0af63a3c-1a5e-4d85-a100-0425b82a9a98,154,23997,0,0,23997,0
4000,P2_LARGEST,0af63a3c-1a5e-4d85-a100-0425b82a9a98,164,28024,2,4837,23187,0
4000,P2_LARGEST,0af63a3c-1a5e-4d85-a100-0425b82a9a98,174,26871,2,3924,22947,0
4000,P2_LARGEST,0af63a3c-1a5e-4d85-a100-0425b82a9a98,184,26409,2,3945,22464,0
4000,P2_LARGEST,0af63a3c-1a5e-4d85-a100-0425b82a9a98,200,28602,4,5536,23066,0
4000,P2_LARGEST,0af63a3c-1a5e-4d85-a100-0425b82a9a98,215,31417,4,8441,22976,0
4000,P2_LARGEST,0af63a3c-1a5e-4d85-a100-0425b82a9a98,226,27631,2,5249,22382,0
4000,P2_LARGEST,0af63a3c-1a5e-4d85-a100-0425b82a9a98,236,26255,2,4250,22005,0
8000,P2_LARGEST,0af63a3c-1a5e-4d85-a100-0425b82a9a98,15,7361,0,0,7361,0
8000,P2_LARGEST,0af63a3c-1a5e-4d85-a100-0425b82a9a98,22,7743,0,0,7743,0
8000,P2_LARGEST,0af63a3c-1a5e-4d85-a100-0425b82a9a98,27,7946,0,0,7946,0
8000,P2_LARGEST,0af63a3c-1a5e-4d85-a100-0425b82a9a98,32,9844,0,0,9844,0
8000,P2_LARGEST,0af63a3c-1a5e-4d85-a100-0425b82a9a98,37,10003,0,0,10003,0
8000,P2_LARGEST,0af63a3c-1a5e-4d85-a100-0425b82a9a98,42,10341,0,0,10341,0
8000,P2_LARGEST,0af63a3c-1a5e-4d85-a100-0425b82a9a98,47,10506,0,0,10506,0
8000,P2_LARGEST,0af63a3c-1a5e-4d85-a100-0425b82a9a98,52,11187,0,0,11187,0
8000,P2_LARGEST,0af63a3c-1a5e-4d85-a100-0425b82a9a98,57,11661,0,0,11661,0
8000,P2_LARGEST,0af63a3c-1a5e-4d85-a100-0425b82a9a98,62,12119,0,0,12119,0
8000,P2_LARGEST,0af63a3c-1a5e-4d85-a100-0425b82a9a98,67,14972,0,0,14972,0
8000,P2_LARGEST,0af63a3c-1a5e-4d85-a100-0425b82a9a98,75,17967,0,0,17967,0
8000,P2_LARGEST,0af63a3c-1a5e-4d85-a100-0425b82a9a98,86,20370,0,0,20370,0
8000,P2_LARGEST,0af63a3c-1a5e-4d85-a100-0425b82a9a98,92,21220,0,0,21220,0
8000,P2_LARGEST,0af63a3c-1a5e-4d85-a100-0425b82a9a98,97,21682,0,0,21682,0
8000,P2_LARGEST,0af63a3c-1a5e-4d85-a100-0425b82a9a98,107,24927,1,2792,22135,0
8000,P2_LARGEST,0af63a3c-1a5e-4d85-a100-0425b82a9a98,112,22970,0,0,22970,0
8000,P2_LARGEST,0af63a3c-1a5e-4d85-a100-0425b82a9a98,117,23692,0,0,23692,0
8000,P2_LARGEST,0af63a3c-1a5e-4d85-a100-0425b82a9a98,122,23816,0,0,23816,0
8000,P2_LARGEST,0af63a3c-1a5e-4d85-a100-0425b82a9a98,132,26539,2,4101,22438,0
8000,P2_LARGEST,0af63a3c-1a5e-4d85-a100-0425b82a9a98,137,23585,0,0,23585,0
8000,P2_LARGEST,0af63a3c-1a5e-4d85-a100-0425b82a9a98,148,28847,3,5322,23525,0
8000,P2_LARGEST,0af63a3c-1a5e-4d85-a100-0425b82a9a98,154,23997,0,0,23997,0
8000,P2_LARGEST,0af63a3c-1a5e-4d85-a100-0425b82a9a98,164,28024,2,4837,23187,0
8000,P2_LARGEST,0af63a3c-1a5e-4d85-a100-0425b82a9a98,174,26871,2,3924,22947,0
8000,P2_LARGEST,0af63a3c-1a5e-4d85-a100-0425b82a9a98,184,26409,2,3945,22464,0
8000,P2_LARGEST,0af63a3c-1a5e-4d85-a100-0425b82a9a98,200,28602,4,5536,23066,0
8000,P2_LARGEST,0af63a3c-1a5e-4d85-a100-0425b82a9a98,215,31417,4,8441,22976,0
8000,P2_LARGEST,0af63a3c-1a5e-4d85-a100-0425b82a9a98,226,27631,2,5249,22382,0
8000,P2_LARGEST,0af63a3c-1a5e-4d85-a100-0425b82a9a98,236,26255,2,4250,22005,0
none,P2_LARGEST,0af63a3c-1a5e-4d85-a100-0425b82a9a98,15,7361,0,0,7361,0
none,P2_LARGEST,0af63a3c-1a5e-4d85-a100-0425b82a9a98,22,7743,0,0,7743,0
none,P2_LARGEST,0af63a3c-1a5e-4d85-a100-0425b82a9a98,27,7946,0,0,7946,0
none,P2_LARGEST,0af63a3c-1a5e-4d85-a100-0425b82a9a98,32,9844,0,0,9844,0
none,P2_LARGEST,0af63a3c-1a5e-4d85-a100-0425b82a9a98,37,10003,0,0,10003,0
none,P2_LARGEST,0af63a3c-1a5e-4d85-a100-0425b82a9a98,42,10341,0,0,10341,0
none,P2_LARGEST,0af63a3c-1a5e-4d85-a100-0425b82a9a98,47,10506,0,0,10506,0
none,P2_LARGEST,0af63a3c-1a5e-4d85-a100-0425b82a9a98,52,11187,0,0,11187,0
none,P2_LARGEST,0af63a3c-1a5e-4d85-a100-0425b82a9a98,57,11661,0,0,11661,0
none,P2_LARGEST,0af63a3c-1a5e-4d85-a100-0425b82a9a98,62,12119,0,0,12119,0
none,P2_LARGEST,0af63a3c-1a5e-4d85-a100-0425b82a9a98,67,14972,0,0,14972,0
none,P2_LARGEST,0af63a3c-1a5e-4d85-a100-0425b82a9a98,75,26663,2,4605,22058,0
none,P2_LARGEST,0af63a3c-1a5e-4d85-a100-0425b82a9a98,86,24461,0,0,24461,0
none,P2_LARGEST,0af63a3c-1a5e-4d85-a100-0425b82a9a98,92,25311,1,9196,16115,0
none,P2_LARGEST,0af63a3c-1a5e-4d85-a100-0425b82a9a98,97,16577,0,0,16577,0
none,P2_LARGEST,0af63a3c-1a5e-4d85-a100-0425b82a9a98,107,19822,0,0,19822,0
none,P2_LARGEST,0af63a3c-1a5e-4d85-a100-0425b82a9a98,112,20657,0,0,20657,0
none,P2_LARGEST,0af63a3c-1a5e-4d85-a100-0425b82a9a98,117,21379,0,0,21379,0
none,P2_LARGEST,0af63a3c-1a5e-4d85-a100-0425b82a9a98,122,21503,0,0,21503,0
none,P2_LARGEST,0af63a3c-1a5e-4d85-a100-0425b82a9a98,132,24226,0,0,24226,0
none,P2_LARGEST,0af63a3c-1a5e-4d85-a100-0425b82a9a98,137,25373,1,2288,23085,0
none,P2_LARGEST,0af63a3c-1a5e-4d85-a100-0425b82a9a98,148,28347,3,5322,23025,0
none,P2_LARGEST,0af63a3c-1a5e-4d85-a100-0425b82a9a98,154,23497,0,0,23497,0
none,P2_LARGEST,0af63a3c-1a5e-4d85-a100-0425b82a9a98,164,27524,2,4837,22687,0
none,P2_LARGEST,0af63a3c-1a5e-4d85-a100-0425b82a9a98,174,26371,2,3924,22447,0
none,P2_LARGEST,0af63a3c-1a5e-4d85-a100-0425b82a9a98,184,25909,1,2548,23361,0
none,P2_LARGEST,0af63a3c-1a5e-4d85-a100-0425b82a9a98,200,29499,4,6157,23342,0
none,P2_LARGEST,0af63a3c-1a5e-4d85-a100-0425b82a9a98,215,31693,4,8470,23223,0
none,P2_LARGEST,0af63a3c-1a5e-4d85-a100-0425b82a9a98,226,27878,2,5249,22629,0
none,P2_LARGEST,0af63a3c-1a5e-4d85-a100-0425b82a9a98,236,26502,2,4250,22252,0
2000,P2_LARGEST,1d45643b-f336-4e9b-8f69-dab99de4c1bf,16,7377,0,0,7377,0
2000,P2_LARGEST,1d45643b-f336-4e9b-8f69-dab99de4c1bf,21,18274,2,585,17689,1
2000,P2_LARGEST,1d45643b-f336-4e9b-8f69-dab99de4c1bf,26,18362,1,10838,7524,0
2000,P2_LARGEST,1d45643b-f336-4e9b-8f69-dab99de4c1bf,34,8823,0,0,8823,0
2000,P2_LARGEST,1d45643b-f336-4e9b-8f69-dab99de4c1bf,39,13489,0,0,13489,0
2000,P2_LARGEST,1d45643b-f336-4e9b-8f69-dab99de4c1bf,44,13776,0,0,13776,0
2000,P2_LARGEST,1d45643b-f336-4e9b-8f69-dab99de4c1bf,49,14303,0,0,14303,0
2000,P2_LARGEST,1d45643b-f336-4e9b-8f69-dab99de4c1bf,54,18170,1,4002,14168,0
2000,P2_LARGEST,1d45643b-f336-4e9b-8f69-dab99de4c1bf,59,14599,0,0,14599,0
2000,P2_LARGEST,1d45643b-f336-4e9b-8f69-dab99de4c1bf,66,14938,0,0,14938,0
2000,P2_LARGEST,1d45643b-f336-4e9b-8f69-dab99de4c1bf,71,15155,0,0,15155,0
2000,P2_LARGEST,1d45643b-f336-4e9b-8f69-dab99de4c1bf,76,15456,0,0,15456,0
4000,P2_LARGEST,1d45643b-f336-4e9b-8f69-dab99de4c1bf,16,7377,0,0,7377,0
4000,P2_LARGEST,1d45643b-f336-4e9b-8f69-dab99de4c1bf,21,18274,2,585,17689,1
4000,P2_LARGEST,1d45643b-f336-4e9b-8f69-dab99de4c1bf,26,18362,1,10838,7524,0
4000,P2_LARGEST,1d45643b-f336-4e9b-8f69-dab99de4c1bf,34,8823,0,0,8823,0
4000,P2_LARGEST,1d45643b-f336-4e9b-8f69-dab99de4c1bf,39,13489,0,0,13489,0
4000,P2_LARGEST,1d45643b-f336-4e9b-8f69-dab99de4c1bf,44,13776,0,0,13776,0
4000,P2_LARGEST,1d45643b-f336-4e9b-8f69-dab99de4c1bf,49,14303,0,0,14303,0
4000,P2_LARGEST,1d45643b-f336-4e9b-8f69-dab99de4c1bf,54,18170,1,4002,14168,0
4000,P2_LARGEST,1d45643b-f336-4e9b-8f69-dab99de4c1bf,59,14599,0,0,14599,0
4000,P2_LARGEST,1d45643b-f336-4e9b-8f69-dab99de4c1bf,66,14938,0,0,14938,0
4000,P2_LARGEST,1d45643b-f336-4e9b-8f69-dab99de4c1bf,71,15155,0,0,15155,0
4000,P2_LARGEST,1d45643b-f336-4e9b-8f69-dab99de4c1bf,76,15456,0,0,15456,0
8000,P2_LARGEST,1d45643b-f336-4e9b-8f69-dab99de4c1bf,16,7377,0,0,7377,0
8000,P2_LARGEST,1d45643b-f336-4e9b-8f69-dab99de4c1bf,21,18274,2,585,17689,1
8000,P2_LARGEST,1d45643b-f336-4e9b-8f69-dab99de4c1bf,26,18362,1,10838,7524,0
8000,P2_LARGEST,1d45643b-f336-4e9b-8f69-dab99de4c1bf,34,8823,0,0,8823,0
8000,P2_LARGEST,1d45643b-f336-4e9b-8f69-dab99de4c1bf,39,13489,0,0,13489,0
8000,P2_LARGEST,1d45643b-f336-4e9b-8f69-dab99de4c1bf,44,13776,0,0,13776,0
8000,P2_LARGEST,1d45643b-f336-4e9b-8f69-dab99de4c1bf,49,14303,0,0,14303,0
8000,P2_LARGEST,1d45643b-f336-4e9b-8f69-dab99de4c1bf,54,18170,1,4002,14168,0
8000,P2_LARGEST,1d45643b-f336-4e9b-8f69-dab99de4c1bf,59,14599,0,0,14599,0
8000,P2_LARGEST,1d45643b-f336-4e9b-8f69-dab99de4c1bf,66,14938,0,0,14938,0
8000,P2_LARGEST,1d45643b-f336-4e9b-8f69-dab99de4c1bf,71,15155,0,0,15155,0
8000,P2_LARGEST,1d45643b-f336-4e9b-8f69-dab99de4c1bf,76,15456,0,0,15456,0
none,P2_LARGEST,1d45643b-f336-4e9b-8f69-dab99de4c1bf,16,7377,0,0,7377,0
none,P2_LARGEST,1d45643b-f336-4e9b-8f69-dab99de4c1bf,21,18274,2,585,17689,1
none,P2_LARGEST,1d45643b-f336-4e9b-8f69-dab99de4c1bf,26,18362,1,10838,7524,0
none,P2_LARGEST,1d45643b-f336-4e9b-8f69-dab99de4c1bf,34,8823,0,0,8823,0
none,P2_LARGEST,1d45643b-f336-4e9b-8f69-dab99de4c1bf,39,13489,0,0,13489,0
none,P2_LARGEST,1d45643b-f336-4e9b-8f69-dab99de4c1bf,44,13776,0,0,13776,0
none,P2_LARGEST,1d45643b-f336-4e9b-8f69-dab99de4c1bf,49,14303,0,0,14303,0
none,P2_LARGEST,1d45643b-f336-4e9b-8f69-dab99de4c1bf,54,18170,1,4002,14168,0
none,P2_LARGEST,1d45643b-f336-4e9b-8f69-dab99de4c1bf,59,14599,0,0,14599,0
none,P2_LARGEST,1d45643b-f336-4e9b-8f69-dab99de4c1bf,66,14938,0,0,14938,0
none,P2_LARGEST,1d45643b-f336-4e9b-8f69-dab99de4c1bf,71,15155,0,0,15155,0
none,P2_LARGEST,1d45643b-f336-4e9b-8f69-dab99de4c1bf,76,15456,0,0,15456,0
2000,P2_LARGEST,57d9d488-beed-4237-b3cb-af3d078bb34d,15,7869,0,0,7869,0
2000,P2_LARGEST,57d9d488-beed-4237-b3cb-af3d078bb34d,22,8634,0,0,8634,0
2000,P2_LARGEST,57d9d488-beed-4237-b3cb-af3d078bb34d,27,9543,0,0,9543,0
2000,P2_LARGEST,57d9d488-beed-4237-b3cb-af3d078bb34d,34,10702,0,0,10702,0
2000,P2_LARGEST,57d9d488-beed-4237-b3cb-af3d078bb34d,39,11881,0,0,11881,0
2000,P2_LARGEST,57d9d488-beed-4237-b3cb-af3d078bb34d,44,12901,0,0,12901,0
2000,P2_LARGEST,57d9d488-beed-4237-b3cb-af3d078bb34d,49,13242,0,0,13242,0
2000,P2_LARGEST,57d9d488-beed-4237-b3cb-af3d078bb34d,54,15619,0,0,15619,0
2000,P2_LARGEST,57d9d488-beed-4237-b3cb-af3d078bb34d,59,16394,2,1549,14845,0
2000,P2_LARGEST,57d9d488-beed-4237-b3cb-af3d078bb34d,64,18428,4,3493,14935,0
4000,P2_LARGEST,57d9d488-beed-4237-b3cb-af3d078bb34d,15,7869,0,0,7869,0
4000,P2_LARGEST,57d9d488-beed-4237-b3cb-af3d078bb34d,22,11460,0,0,11460,0
4000,P2_LARGEST,57d9d488-beed-4237-b3cb-af3d078bb34d,27,12369,0,0,12369,0
4000,P2_LARGEST,57d9d488-beed-4237-b3cb-af3d078bb34d,34,15730,0,0,15730,0
4000,P2_LARGEST,57d9d488-beed-4237-b3cb-af3d078bb34d,39,16909,1,3326,13583,0
4000,P2_LARGEST,57d9d488-beed-4237-b3cb-af3d078bb34d,44,14603,0,0,14603,0
4000,P2_LARGEST,57d9d488-beed-4237-b3cb-af3d078bb34d,49,14944,0,0,14944,0
4000,P2_LARGEST,57d9d488-beed-4237-b3cb-af3d078bb34d,54,17321,1,2702,14619,0
4000,P2_LARGEST,57d9d488-beed-4237-b3cb-af3d078bb34d,59,15394,0,0,15394,0
4000,P2_LARGEST,57d9d488-beed-4237-b3cb-af3d078bb34d,64,20835,7,5542,15293,0
8000,P2_LARGEST,57d9d488-beed-4237-b3cb-af3d078bb34d,15,7869,0,0,7869,0
8000,P2_LARGEST,57d9d488-beed-4237-b3cb-af3d078bb34d,22,11460,0,0,11460,0
8000,P2_LARGEST,57d9d488-beed-4237-b3cb-af3d078bb34d,27,12369,0,0,12369,0
8000,P2_LARGEST,57d9d488-beed-4237-b3cb-af3d078bb34d,34,15730,0,0,15730,0
8000,P2_LARGEST,57d9d488-beed-4237-b3cb-af3d078bb34d,39,22840,5,7773,15067,0
8000,P2_LARGEST,57d9d488-beed-4237-b3cb-af3d078bb34d,44,16087,0,0,16087,0
8000,P2_LARGEST,57d9d488-beed-4237-b3cb-af3d078bb34d,49,16428,1,6431,9997,0
8000,P2_LARGEST,57d9d488-beed-4237-b3cb-af3d078bb34d,54,12374,0,0,12374,0
8000,P2_LARGEST,57d9d488-beed-4237-b3cb-af3d078bb34d,59,13149,0,0,13149,0
8000,P2_LARGEST,57d9d488-beed-4237-b3cb-af3d078bb34d,64,18590,4,3794,14796,0
none,P2_LARGEST,57d9d488-beed-4237-b3cb-af3d078bb34d,15,7869,0,0,7869,0
none,P2_LARGEST,57d9d488-beed-4237-b3cb-af3d078bb34d,22,11460,0,0,11460,0
none,P2_LARGEST,57d9d488-beed-4237-b3cb-af3d078bb34d,27,12369,0,0,12369,0
none,P2_LARGEST,57d9d488-beed-4237-b3cb-af3d078bb34d,34,15730,0,0,15730,0
none,P2_LARGEST,57d9d488-beed-4237-b3cb-af3d078bb34d,39,22840,5,7773,15067,0
none,P2_LARGEST,57d9d488-beed-4237-b3cb-af3d078bb34d,44,16087,0,0,16087,0
none,P2_LARGEST,57d9d488-beed-4237-b3cb-af3d078bb34d,49,16428,1,6431,9997,0
none,P2_LARGEST,57d9d488-beed-4237-b3cb-af3d078bb34d,54,12374,0,0,12374,0
none,P2_LARGEST,57d9d488-beed-4237-b3cb-af3d078bb34d,59,13149,0,0,13149,0
none,P2_LARGEST,57d9d488-beed-4237-b3cb-af3d078bb34d,64,18590,4,3794,14796,0
2000,P2_LARGEST,7bae77bb-3c0e-4c05-96ba-4b1209d66c8b,39,7803,0,0,7803,0
2000,P2_LARGEST,7bae77bb-3c0e-4c05-96ba-4b1209d66c8b,48,10981,0,0,10981,0
2000,P2_LARGEST,7bae77bb-3c0e-4c05-96ba-4b1209d66c8b,53,11643,0,0,11643,0
2000,P2_LARGEST,7bae77bb-3c0e-4c05-96ba-4b1209d66c8b,58,11978,0,0,11978,0
2000,P2_LARGEST,7bae77bb-3c0e-4c05-96ba-4b1209d66c8b,63,12328,0,0,12328,0
2000,P2_LARGEST,7bae77bb-3c0e-4c05-96ba-4b1209d66c8b,68,12665,0,0,12665,0
2000,P2_LARGEST,7bae77bb-3c0e-4c05-96ba-4b1209d66c8b,73,13129,0,0,13129,0
2000,P2_LARGEST,7bae77bb-3c0e-4c05-96ba-4b1209d66c8b,78,13492,0,0,13492,0
2000,P2_LARGEST,7bae77bb-3c0e-4c05-96ba-4b1209d66c8b,83,13934,0,0,13934,0
2000,P2_LARGEST,7bae77bb-3c0e-4c05-96ba-4b1209d66c8b,88,14878,0,0,14878,0
2000,P2_LARGEST,7bae77bb-3c0e-4c05-96ba-4b1209d66c8b,93,16492,1,1567,14925,0
2000,P2_LARGEST,7bae77bb-3c0e-4c05-96ba-4b1209d66c8b,98,16887,1,1545,15342,0
2000,P2_LARGEST,7bae77bb-3c0e-4c05-96ba-4b1209d66c8b,103,17132,1,1766,15366,0
2000,P2_LARGEST,7bae77bb-3c0e-4c05-96ba-4b1209d66c8b,114,21244,3,6072,15172,0
2000,P2_LARGEST,7bae77bb-3c0e-4c05-96ba-4b1209d66c8b,120,15516,0,0,15516,0
2000,P2_LARGEST,7bae77bb-3c0e-4c05-96ba-4b1209d66c8b,125,16050,0,0,16050,0
2000,P2_LARGEST,7bae77bb-3c0e-4c05-96ba-4b1209d66c8b,130,16689,1,2128,14561,0
2000,P2_LARGEST,7bae77bb-3c0e-4c05-96ba-4b1209d66c8b,138,15613,0,0,15613,0
2000,P2_LARGEST,7bae77bb-3c0e-4c05-96ba-4b1209d66c8b,160,23550,10,8240,15310,0
2000,P2_LARGEST,7bae77bb-3c0e-4c05-96ba-4b1209d66c8b,171,16943,1,2615,14328,0
2000,P2_LARGEST,7bae77bb-3c0e-4c05-96ba-4b1209d66c8b,184,19851,5,4753,15098,0
2000,P2_LARGEST,7bae77bb-3c0e-4c05-96ba-4b1209d66c8b,196,16924,1,1715,15209,0
2000,P2_LARGEST,7bae77bb-3c0e-4c05-96ba-4b1209d66c8b,207,18087,3,2751,15336,0
2000,P2_LARGEST,7bae77bb-3c0e-4c05-96ba-4b1209d66c8b,214,15596,0,0,15596,0
2000,P2_LARGEST,7bae77bb-3c0e-4c05-96ba-4b1209d66c8b,219,15982,0,0,15982,0
2000,P2_LARGEST,7bae77bb-3c0e-4c05-96ba-4b1209d66c8b,229,16743,1,2362,14381,0
2000,P2_LARGEST,7bae77bb-3c0e-4c05-96ba-4b1209d66c8b,234,19929,16,4563,15366,0
2000,P2_LARGEST,7bae77bb-3c0e-4c05-96ba-4b1209d66c8b,239,15827,0,0,15827,0
2000,P2_LARGEST,7bae77bb-3c0e-4c05-96ba-4b1209d66c8b,247,17788,1,5489,12299,0
2000,P2_LARGEST,7bae77bb-3c0e-4c05-96ba-4b1209d66c8b,254,13942,0,0,13942,0
2000,P2_LARGEST,7bae77bb-3c0e-4c05-96ba-4b1209d66c8b,259,16659,1,1586,15073,0
4000,P2_LARGEST,7bae77bb-3c0e-4c05-96ba-4b1209d66c8b,39,7803,0,0,7803,0
4000,P2_LARGEST,7bae77bb-3c0e-4c05-96ba-4b1209d66c8b,48,10981,0,0,10981,0
4000,P2_LARGEST,7bae77bb-3c0e-4c05-96ba-4b1209d66c8b,53,11643,0,0,11643,0
4000,P2_LARGEST,7bae77bb-3c0e-4c05-96ba-4b1209d66c8b,58,11978,0,0,11978,0
4000,P2_LARGEST,7bae77bb-3c0e-4c05-96ba-4b1209d66c8b,63,12328,0,0,12328,0
4000,P2_LARGEST,7bae77bb-3c0e-4c05-96ba-4b1209d66c8b,68,12665,0,0,12665,0
4000,P2_LARGEST,7bae77bb-3c0e-4c05-96ba-4b1209d66c8b,73,13129,0,0,13129,0
4000,P2_LARGEST,7bae77bb-3c0e-4c05-96ba-4b1209d66c8b,78,13492,0,0,13492,0
4000,P2_LARGEST,7bae77bb-3c0e-4c05-96ba-4b1209d66c8b,83,13934,0,0,13934,0
4000,P2_LARGEST,7bae77bb-3c0e-4c05-96ba-4b1209d66c8b,88,14878,0,0,14878,0
4000,P2_LARGEST,7bae77bb-3c0e-4c05-96ba-4b1209d66c8b,93,16492,1,1567,14925,0
4000,P2_LARGEST,7bae77bb-3c0e-4c05-96ba-4b1209d66c8b,98,16887,1,1545,15342,0
4000,P2_LARGEST,7bae77bb-3c0e-4c05-96ba-4b1209d66c8b,103,17132,1,1766,15366,0
4000,P2_LARGEST,7bae77bb-3c0e-4c05-96ba-4b1209d66c8b,114,21244,3,6072,15172,0
4000,P2_LARGEST,7bae77bb-3c0e-4c05-96ba-4b1209d66c8b,120,15516,0,0,15516,0
4000,P2_LARGEST,7bae77bb-3c0e-4c05-96ba-4b1209d66c8b,125,16050,0,0,16050,0
4000,P2_LARGEST,7bae77bb-3c0e-4c05-96ba-4b1209d66c8b,130,16689,1,2128,14561,0
4000,P2_LARGEST,7bae77bb-3c0e-4c05-96ba-4b1209d66c8b,138,15613,0,0,15613,0
4000,P2_LARGEST,7bae77bb-3c0e-4c05-96ba-4b1209d66c8b,160,25905,10,10595,15310,0
4000,P2_LARGEST,7bae77bb-3c0e-4c05-96ba-4b1209d66c8b,171,19141,4,3926,15215,0
4000,P2_LARGEST,7bae77bb-3c0e-4c05-96ba-4b1209d66c8b,184,20738,2,5640,15098,0
4000,P2_LARGEST,7bae77bb-3c0e-4c05-96ba-4b1209d66c8b,196,16924,1,1715,15209,0
4000,P2_LARGEST,7bae77bb-3c0e-4c05-96ba-4b1209d66c8b,207,18087,3,2751,15336,0
4000,P2_LARGEST,7bae77bb-3c0e-4c05-96ba-4b1209d66c8b,214,15596,0,0,15596,0
4000,P2_LARGEST,7bae77bb-3c0e-4c05-96ba-4b1209d66c8b,219,15982,0,0,15982,0
4000,P2_LARGEST,7bae77bb-3c0e-4c05-96ba-4b1209d66c8b,229,16743,1,2362,14381,0
4000,P2_LARGEST,7bae77bb-3c0e-4c05-96ba-4b1209d66c8b,234,19929,16,4563,15366,0
4000,P2_LARGEST,7bae77bb-3c0e-4c05-96ba-4b1209d66c8b,239,15827,0,0,15827,0
4000,P2_LARGEST,7bae77bb-3c0e-4c05-96ba-4b1209d66c8b,247,17788,1,5489,12299,0
4000,P2_LARGEST,7bae77bb-3c0e-4c05-96ba-4b1209d66c8b,254,15458,0,0,15458,0
4000,P2_LARGEST,7bae77bb-3c0e-4c05-96ba-4b1209d66c8b,259,18175,2,3602,14573,0
8000,P2_LARGEST,7bae77bb-3c0e-4c05-96ba-4b1209d66c8b,39,7803,0,0,7803,0
8000,P2_LARGEST,7bae77bb-3c0e-4c05-96ba-4b1209d66c8b,48,10981,0,0,10981,0
8000,P2_LARGEST,7bae77bb-3c0e-4c05-96ba-4b1209d66c8b,53,11643,0,0,11643,0
8000,P2_LARGEST,7bae77bb-3c0e-4c05-96ba-4b1209d66c8b,58,11978,0,0,11978,0
8000,P2_LARGEST,7bae77bb-3c0e-4c05-96ba-4b1209d66c8b,63,12328,0,0,12328,0
8000,P2_LARGEST,7bae77bb-3c0e-4c05-96ba-4b1209d66c8b,68,12665,0,0,12665,0
8000,P2_LARGEST,7bae77bb-3c0e-4c05-96ba-4b1209d66c8b,73,13129,0,0,13129,0
8000,P2_LARGEST,7bae77bb-3c0e-4c05-96ba-4b1209d66c8b,78,13492,0,0,13492,0
8000,P2_LARGEST,7bae77bb-3c0e-4c05-96ba-4b1209d66c8b,83,13934,0,0,13934,0
8000,P2_LARGEST,7bae77bb-3c0e-4c05-96ba-4b1209d66c8b,88,14878,0,0,14878,0
8000,P2_LARGEST,7bae77bb-3c0e-4c05-96ba-4b1209d66c8b,93,16492,1,1567,14925,0
8000,P2_LARGEST,7bae77bb-3c0e-4c05-96ba-4b1209d66c8b,98,16887,1,1545,15342,0
8000,P2_LARGEST,7bae77bb-3c0e-4c05-96ba-4b1209d66c8b,103,17132,1,1766,15366,0
8000,P2_LARGEST,7bae77bb-3c0e-4c05-96ba-4b1209d66c8b,114,21244,3,6072,15172,0
8000,P2_LARGEST,7bae77bb-3c0e-4c05-96ba-4b1209d66c8b,120,15516,0,0,15516,0
8000,P2_LARGEST,7bae77bb-3c0e-4c05-96ba-4b1209d66c8b,125,16050,0,0,16050,0
8000,P2_LARGEST,7bae77bb-3c0e-4c05-96ba-4b1209d66c8b,130,16689,1,2128,14561,0
8000,P2_LARGEST,7bae77bb-3c0e-4c05-96ba-4b1209d66c8b,138,15613,0,0,15613,0
8000,P2_LARGEST,7bae77bb-3c0e-4c05-96ba-4b1209d66c8b,160,25905,10,10595,15310,0
8000,P2_LARGEST,7bae77bb-3c0e-4c05-96ba-4b1209d66c8b,171,19141,4,3926,15215,0
8000,P2_LARGEST,7bae77bb-3c0e-4c05-96ba-4b1209d66c8b,184,20738,2,5640,15098,0
8000,P2_LARGEST,7bae77bb-3c0e-4c05-96ba-4b1209d66c8b,196,16924,1,1715,15209,0
8000,P2_LARGEST,7bae77bb-3c0e-4c05-96ba-4b1209d66c8b,207,18087,3,2751,15336,0
8000,P2_LARGEST,7bae77bb-3c0e-4c05-96ba-4b1209d66c8b,214,15596,0,0,15596,0
8000,P2_LARGEST,7bae77bb-3c0e-4c05-96ba-4b1209d66c8b,219,15982,0,0,15982,0
8000,P2_LARGEST,7bae77bb-3c0e-4c05-96ba-4b1209d66c8b,229,16743,1,2362,14381,0
8000,P2_LARGEST,7bae77bb-3c0e-4c05-96ba-4b1209d66c8b,234,19929,16,4563,15366,0
8000,P2_LARGEST,7bae77bb-3c0e-4c05-96ba-4b1209d66c8b,239,15827,0,0,15827,0
8000,P2_LARGEST,7bae77bb-3c0e-4c05-96ba-4b1209d66c8b,247,17788,1,5489,12299,0
8000,P2_LARGEST,7bae77bb-3c0e-4c05-96ba-4b1209d66c8b,254,15458,0,0,15458,0
8000,P2_LARGEST,7bae77bb-3c0e-4c05-96ba-4b1209d66c8b,259,18175,2,3602,14573,0
none,P2_LARGEST,7bae77bb-3c0e-4c05-96ba-4b1209d66c8b,39,7803,0,0,7803,0
none,P2_LARGEST,7bae77bb-3c0e-4c05-96ba-4b1209d66c8b,48,10981,0,0,10981,0
none,P2_LARGEST,7bae77bb-3c0e-4c05-96ba-4b1209d66c8b,53,11643,0,0,11643,0
none,P2_LARGEST,7bae77bb-3c0e-4c05-96ba-4b1209d66c8b,58,11978,0,0,11978,0
none,P2_LARGEST,7bae77bb-3c0e-4c05-96ba-4b1209d66c8b,63,12328,0,0,12328,0
none,P2_LARGEST,7bae77bb-3c0e-4c05-96ba-4b1209d66c8b,68,12665,0,0,12665,0
none,P2_LARGEST,7bae77bb-3c0e-4c05-96ba-4b1209d66c8b,73,13129,0,0,13129,0
none,P2_LARGEST,7bae77bb-3c0e-4c05-96ba-4b1209d66c8b,78,13492,0,0,13492,0
none,P2_LARGEST,7bae77bb-3c0e-4c05-96ba-4b1209d66c8b,83,13934,0,0,13934,0
none,P2_LARGEST,7bae77bb-3c0e-4c05-96ba-4b1209d66c8b,88,14878,0,0,14878,0
none,P2_LARGEST,7bae77bb-3c0e-4c05-96ba-4b1209d66c8b,93,16492,1,1567,14925,0
none,P2_LARGEST,7bae77bb-3c0e-4c05-96ba-4b1209d66c8b,98,16887,1,1545,15342,0
none,P2_LARGEST,7bae77bb-3c0e-4c05-96ba-4b1209d66c8b,103,17132,1,1766,15366,0
none,P2_LARGEST,7bae77bb-3c0e-4c05-96ba-4b1209d66c8b,114,21244,3,6072,15172,0
none,P2_LARGEST,7bae77bb-3c0e-4c05-96ba-4b1209d66c8b,120,15516,0,0,15516,0
none,P2_LARGEST,7bae77bb-3c0e-4c05-96ba-4b1209d66c8b,125,16050,0,0,16050,0
none,P2_LARGEST,7bae77bb-3c0e-4c05-96ba-4b1209d66c8b,130,16689,1,2128,14561,0
none,P2_LARGEST,7bae77bb-3c0e-4c05-96ba-4b1209d66c8b,138,15613,0,0,15613,0
none,P2_LARGEST,7bae77bb-3c0e-4c05-96ba-4b1209d66c8b,160,25905,10,10595,15310,0
none,P2_LARGEST,7bae77bb-3c0e-4c05-96ba-4b1209d66c8b,171,29734,4,14519,15215,0
none,P2_LARGEST,7bae77bb-3c0e-4c05-96ba-4b1209d66c8b,184,20738,2,5640,15098,0
none,P2_LARGEST,7bae77bb-3c0e-4c05-96ba-4b1209d66c8b,196,16924,1,1715,15209,0
none,P2_LARGEST,7bae77bb-3c0e-4c05-96ba-4b1209d66c8b,207,18087,3,2751,15336,0
none,P2_LARGEST,7bae77bb-3c0e-4c05-96ba-4b1209d66c8b,214,15596,0,0,15596,0
none,P2_LARGEST,7bae77bb-3c0e-4c05-96ba-4b1209d66c8b,219,15982,0,0,15982,0
none,P2_LARGEST,7bae77bb-3c0e-4c05-96ba-4b1209d66c8b,229,16743,1,2362,14381,0
none,P2_LARGEST,7bae77bb-3c0e-4c05-96ba-4b1209d66c8b,234,19929,16,4563,15366,0
none,P2_LARGEST,7bae77bb-3c0e-4c05-96ba-4b1209d66c8b,239,15827,0,0,15827,0
none,P2_LARGEST,7bae77bb-3c0e-4c05-96ba-4b1209d66c8b,247,17788,1,5489,12299,0
none,P2_LARGEST,7bae77bb-3c0e-4c05-96ba-4b1209d66c8b,254,15458,0,0,15458,0
none,P2_LARGEST,7bae77bb-3c0e-4c05-96ba-4b1209d66c8b,259,18175,2,3602,14573,0
2000,P2_LARGEST,9b46292f-5a33-48d5-bb3e-ebad55f2ac79,15,7557,0,0,7557,0
2000,P2_LARGEST,9b46292f-5a33-48d5-bb3e-ebad55f2ac79,22,7868,0,0,7868,0
2000,P2_LARGEST,9b46292f-5a33-48d5-bb3e-ebad55f2ac79,27,9810,0,0,9810,0
2000,P2_LARGEST,9b46292f-5a33-48d5-bb3e-ebad55f2ac79,32,10490,0,0,10490,0
2000,P2_LARGEST,9b46292f-5a33-48d5-bb3e-ebad55f2ac79,37,11251,0,0,11251,0
2000,P2_LARGEST,9b46292f-5a33-48d5-bb3e-ebad55f2ac79,44,12396,0,0,12396,0
2000,P2_LARGEST,9b46292f-5a33-48d5-bb3e-ebad55f2ac79,49,13436,0,0,13436,0
2000,P2_LARGEST,9b46292f-5a33-48d5-bb3e-ebad55f2ac79,62,18101,0,0,18101,0
2000,P2_LARGEST,9b46292f-5a33-48d5-bb3e-ebad55f2ac79,68,18448,0,0,18448,0
2000,P2_LARGEST,9b46292f-5a33-48d5-bb3e-ebad55f2ac79,73,18808,0,0,18808,0
2000,P2_LARGEST,9b46292f-5a33-48d5-bb3e-ebad55f2ac79,80,19192,0,0,19192,0
2000,P2_LARGEST,9b46292f-5a33-48d5-bb3e-ebad55f2ac79,89,20198,0,0,20198,0
2000,P2_LARGEST,9b46292f-5a33-48d5-bb3e-ebad55f2ac79,97,21214,0,0,21214,0
2000,P2_LARGEST,9b46292f-5a33-48d5-bb3e-ebad55f2ac79,107,24845,1,2321,22524,0
2000,P2_LARGEST,9b46292f-5a33-48d5-bb3e-ebad55f2ac79,112,23181,0,0,23181,0
2000,P2_LARGEST,9b46292f-5a33-48d5-bb3e-ebad55f2ac79,117,25590,1,2052,23538,0
2000,P2_LARGEST,9b46292f-5a33-48d5-bb3e-ebad55f2ac79,122,24481,0,0,24481,0
2000,P2_LARGEST,9b46292f-5a33-48d5-bb3e-ebad55f2ac79,127,25229,1,1850,23379,0
2000,P2_LARGEST,9b46292f-5a33-48d5-bb3e-ebad55f2ac79,140,27936,4,5001,22935,0
2000,P2_LARGEST,9b46292f-5a33-48d5-bb3e-ebad55f2ac79,154,31886,2,8432,23454,0
2000,P2_LARGEST,9b46292f-5a33-48d5-bb3e-ebad55f2ac79,165,34272,3,10874,23398,0
2000,P2_LARGEST,9b46292f-5a33-48d5-bb3e-ebad55f2ac79,171,23727,0,0,23727,0
2000,P2_LARGEST,9b46292f-5a33-48d5-bb3e-ebad55f2ac79,181,31746,11,8185,23561,0
2000,P2_LARGEST,9b46292f-5a33-48d5-bb3e-ebad55f2ac79,186,25615,1,4935,20680,0
2000,P2_LARGEST,9b46292f-5a33-48d5-bb3e-ebad55f2ac79,191,23202,0,0,23202,0
2000,P2_LARGEST,9b46292f-5a33-48d5-bb3e-ebad55f2ac79,196,23722,0,0,23722,0
2000,P2_LARGEST,9b46292f-5a33-48d5-bb3e-ebad55f2ac79,207,27625,2,5052,22573,0
2000,P2_LARGEST,9b46292f-5a33-48d5-bb3e-ebad55f2ac79,213,23754,0,0,23754,0
2000,P2_LARGEST,9b46292f-5a33-48d5-bb3e-ebad55f2ac79,218,25606,1,2064,23542,0
2000,P2_LARGEST,9b46292f-5a33-48d5-bb3e-ebad55f2ac79,231,29855,4,6363,23492,0
2000,P2_LARGEST,9b46292f-5a33-48d5-bb3e-ebad55f2ac79,236,24731,1,2449,22282,0
2000,P2_LARGEST,9b46292f-5a33-48d5-bb3e-ebad55f2ac79,241,23470,0,0,23470,0
2000,P2_LARGEST,9b46292f-5a33-48d5-bb3e-ebad55f2ac79,249,24998,1,1689,23309,0
2000,P2_LARGEST,9b46292f-5a33-48d5-bb3e-ebad55f2ac79,260,29009,4,5701,23308,0
2000,P2_LARGEST,9b46292f-5a33-48d5-bb3e-ebad55f2ac79,266,26011,1,2567,23444,0
2000,P2_LARGEST,9b46292f-5a33-48d5-bb3e-ebad55f2ac79,271,25069,1,2464,22605,0
2000,P2_LARGEST,9b46292f-5a33-48d5-bb3e-ebad55f2ac79,282,33271,3,9775,23496,0
2000,P2_LARGEST,9b46292f-5a33-48d5-bb3e-ebad55f2ac79,288,23928,0,0,23928,0
2000,P2_LARGEST,9b46292f-5a33-48d5-bb3e-ebad55f2ac79,299,32875,3,9299,23576,0
2000,P2_LARGEST,9b46292f-5a33-48d5-bb3e-ebad55f2ac79,305,24455,0,0,24455,0
2000,P2_LARGEST,9b46292f-5a33-48d5-bb3e-ebad55f2ac79,310,26976,3,3679,23297,0
2000,P2_LARGEST,9b46292f-5a33-48d5-bb3e-ebad55f2ac79,318,25606,1,2461,23145,0
2000,P2_LARGEST,9b46292f-5a33-48d5-bb3e-ebad55f2ac79,329,27834,7,4268,23566,0
2000,P2_LARGEST,9b46292f-5a33-48d5-bb3e-ebad55f2ac79,334,24173,0,0,24173,0
2000,P2_LARGEST,9b46292f-5a33-48d5-bb3e-ebad55f2ac79,339,24426,0,0,24426,0
2000,P2_LARGEST,9b46292f-5a33-48d5-bb3e-ebad55f2ac79,344,24745,1,2891,21854,0
2000,P2_LARGEST,9b46292f-5a33-48d5-bb3e-ebad55f2ac79,349,22916,0,0,22916,0
2000,P2_LARGEST,9b46292f-5a33-48d5-bb3e-ebad55f2ac79,354,23207,0,0,23207,0
2000,P2_LARGEST,9b46292f-5a33-48d5-bb3e-ebad55f2ac79,359,26207,3,2835,23372,0
2000,P2_LARGEST,9b46292f-5a33-48d5-bb3e-ebad55f2ac79,364,23610,0,0,23610,0
2000,P2_LARGEST,9b46292f-5a33-48d5-bb3e-ebad55f2ac79,369,23788,0,0,23788,0
2000,P2_LARGEST,9b46292f-5a33-48d5-bb3e-ebad55f2ac79,380,27968,5,4651,23317,0
2000,P2_LARGEST,9b46292f-5a33-48d5-bb3e-ebad55f2ac79,386,23628,0,0,23628,0
2000,P2_LARGEST,9b46292f-5a33-48d5-bb3e-ebad55f2ac79,391,23949,0,0,23949,0
2000,P2_LARGEST,9b46292f-5a33-48d5-bb3e-ebad55f2ac79,396,24157,0,0,24157,0
2000,P2_LARGEST,9b46292f-5a33-48d5-bb3e-ebad55f2ac79,401,24313,0,0,24313,0
2000,P2_LARGEST,9b46292f-5a33-48d5-bb3e-ebad55f2ac79,406,24585,1,3078,21507,0
2000,P2_LARGEST,9b46292f-5a33-48d5-bb3e-ebad55f2ac79,411,21751,0,0,21751,0
2000,P2_LARGEST,9b46292f-5a33-48d5-bb3e-ebad55f2ac79,416,21884,0,0,21884,0
2000,P2_LARGEST,9b46292f-5a33-48d5-bb3e-ebad55f2ac79,421,23342,0,0,23342,0
2000,P2_LARGEST,9b46292f-5a33-48d5-bb3e-ebad55f2ac79,432,31089,9,7745,23344,0
2000,P2_LARGEST,9b46292f-5a33-48d5-bb3e-ebad55f2ac79,441,24825,1,3166,21659,0
2000,P2_LARGEST,9b46292f-5a33-48d5-bb3e-ebad55f2ac79,454,28706,3,5296,23410,0
2000,P2_LARGEST,9b46292f-5a33-48d5-bb3e-ebad55f2ac79,459,24015,0,0,24015,0
2000,P2_LARGEST,9b46292f-5a33-48d5-bb3e-ebad55f2ac79,470,25049,1,2697,22352,0
2000,P2_LARGEST,9b46292f-5a33-48d5-bb3e-ebad55f2ac79,475,22785,0,0,22785,0
2000,P2_LARGEST,9b46292f-5a33-48d5-bb3e-ebad55f2ac79,485,24699,2,1422,23277,0
2000,P2_LARGEST,9b46292f-5a33-48d5-bb3e-ebad55f2ac79,493,24172,0,0,24172,0
2000,P2_LARGEST,9b46292f-5a33-48d5-bb3e-ebad55f2ac79,498,26063,3,2679,23384,0
2000,P2_LARGEST,9b46292f-5a33-48d5-bb3e-ebad55f2ac79,511,26882,7,3578,23304,0
2000,P2_LARGEST,9b46292f-5a33-48d5-bb3e-ebad55f2ac79,519,28029,1,4494,23535,0
2000,P2_LARGEST,9b46292f-5a33-48d5-bb3e-ebad55f2ac79,532,28915,9,5474,23441,0
2000,P2_LARGEST,9b46292f-5a33-48d5-bb3e-ebad55f2ac79,537,24044,0,0,24044,0
2000,P2_LARGEST,9b46292f-5a33-48d5-bb3e-ebad55f2ac79,550,34376,8,10984,23392,0
2000,P2_LARGEST,9b46292f-5a33-48d5-bb3e-ebad55f2ac79,556,25575,1,3070,22505,0
2000,P2_LARGEST,9b46292f-5a33-48d5-bb3e-ebad55f2ac79,562,22571,0,0,22571,0
2000,P2_LARGEST,9b46292f-5a33-48d5-bb3e-ebad55f2ac79,572,24975,1,2032,22943,0
2000,P2_LARGEST,9b46292f-5a33-48d5-bb3e-ebad55f2ac79,586,29091,9,5520,23571,0
2000,P2_LARGEST,9b46292f-5a33-48d5-bb3e-ebad55f2ac79,593,25926,1,3565,22361,0
2000,P2_LARGEST,9b46292f-5a33-48d5-bb3e-ebad55f2ac79,611,33119,3,9749,23370,0
2000,P2_LARGEST,9b46292f-5a33-48d5-bb3e-ebad55f2ac79,619,24476,0,0,24476,0
2000,P2_LARGEST,9b46292f-5a33-48d5-bb3e-ebad55f2ac79,624,24703,1,4153,20550,0
2000,P2_LARGEST,9b46292f-5a33-48d5-bb3e-ebad55f2ac79,629,21269,0,0,21269,0
2000,P2_LARGEST,9b46292f-5a33-48d5-bb3e-ebad55f2ac79,634,22151,0,0,22151,0
2000,P2_LARGEST,9b46292f-5a33-48d5-bb3e-ebad55f2ac79,647,30454,11,6985,23469,0
2000,P2_LARGEST,9b46292f-5a33-48d5-bb3e-ebad55f2ac79,653,25032,1,2991,22041,0
2000,P2_LARGEST,9b46292f-5a33-48d5-bb3e-ebad55f2ac79,658,22817,0,0,22817,0
2000,P2_LARGEST,9b46292f-5a33-48d5-bb3e-ebad55f2ac79,663,25059,1,1834,23225,0
2000,P2_LARGEST,9b46292f-5a33-48d5-bb3e-ebad55f2ac79,674,29670,5,6526,23144,0
2000,P2_LARGEST,9b46292f-5a33-48d5-bb3e-ebad55f2ac79,711,26632,1,3123,23509,0
2000,P2_LARGEST,9b46292f-5a33-48d5-bb3e-ebad55f2ac79,721,27773,4,4277,23496,0
2000,P2_LARGEST,9b46292f-5a33-48d5-bb3e-ebad55f2ac79,727,24860,1,3261,21599,0
2000,P2_LARGEST,9b46292f-5a33-48d5-bb3e-ebad55f2ac79,732,22432,0,0,22432,0
2000,P2_LARGEST,9b46292f-5a33-48d5-bb3e-ebad55f2ac79,743,23174,0,0,23174,0
2000,P2_LARGEST,9b46292f-5a33-48d5-bb3e-ebad55f2ac79,748,23254,0,0,23254,0
2000,P2_LARGEST,9b46292f-5a33-48d5-bb3e-ebad55f2ac79,759,27762,9,4319,23443,0
2000,P2_LARGEST,9b46292f-5a33-48d5-bb3e-ebad55f2ac79,764,24226,0,0,24226,0
2000,P2_LARGEST,9b46292f-5a33-48d5-bb3e-ebad55f2ac79,775,24415,0,0,24415,0
2000,P2_LARGEST,9b46292f-5a33-48d5-bb3e-ebad55f2ac79,782,24415,0,0,24415,0
2000,P2_LARGEST,9b46292f-5a33-48d5-bb3e-ebad55f2ac79,787,24415,0,0,24415,0
2000,P2_LARGEST,9b46292f-5a33-48d5-bb3e-ebad55f2ac79,795,24415,0,0,24415,0
2000,P2_LARGEST,9b46292f-5a33-48d5-bb3e-ebad55f2ac79,808,24415,0,0,24415,0
2000,P2_LARGEST,9b46292f-5a33-48d5-bb3e-ebad55f2ac79,814,24415,0,0,24415,0
2000,P2_LARGEST,9b46292f-5a33-48d5-bb3e-ebad55f2ac79,825,24415,0,0,24415,0
2000,P2_LARGEST,9b46292f-5a33-48d5-bb3e-ebad55f2ac79,830,24415,0,0,24415,0
2000,P2_LARGEST,9b46292f-5a33-48d5-bb3e-ebad55f2ac79,835,24415,0,0,24415,0
2000,P2_LARGEST,9b46292f-5a33-48d5-bb3e-ebad55f2ac79,840,24415,0,0,24415,0
2000,P2_LARGEST,9b46292f-5a33-48d5-bb3e-ebad55f2ac79,845,24415,0,0,24415,0
2000,P2_LARGEST,9b46292f-5a33-48d5-bb3e-ebad55f2ac79,850,24415,0,0,24415,0
2000,P2_LARGEST,9b46292f-5a33-48d5-bb3e-ebad55f2ac79,864,24415,0,0,24415,0
2000,P2_LARGEST,9b46292f-5a33-48d5-bb3e-ebad55f2ac79,870,24415,0,0,24415,0
2000,P2_LARGEST,9b46292f-5a33-48d5-bb3e-ebad55f2ac79,883,24415,0,0,24415,0
2000,P2_LARGEST,9b46292f-5a33-48d5-bb3e-ebad55f2ac79,889,24415,0,0,24415,0
2000,P2_LARGEST,9b46292f-5a33-48d5-bb3e-ebad55f2ac79,894,24415,0,0,24415,0
2000,P2_LARGEST,9b46292f-5a33-48d5-bb3e-ebad55f2ac79,899,24415,0,0,24415,0
2000,P2_LARGEST,9b46292f-5a33-48d5-bb3e-ebad55f2ac79,913,24415,0,0,24415,0
2000,P2_LARGEST,9b46292f-5a33-48d5-bb3e-ebad55f2ac79,923,24415,0,0,24415,0
2000,P2_LARGEST,9b46292f-5a33-48d5-bb3e-ebad55f2ac79,928,24415,0,0,24415,0
2000,P2_LARGEST,9b46292f-5a33-48d5-bb3e-ebad55f2ac79,941,24415,0,0,24415,0
2000,P2_LARGEST,9b46292f-5a33-48d5-bb3e-ebad55f2ac79,947,24415,0,0,24415,0
2000,P2_LARGEST,9b46292f-5a33-48d5-bb3e-ebad55f2ac79,952,24415,0,0,24415,0
2000,P2_LARGEST,9b46292f-5a33-48d5-bb3e-ebad55f2ac79,957,24415,0,0,24415,0
4000,P2_LARGEST,9b46292f-5a33-48d5-bb3e-ebad55f2ac79,15,7557,0,0,7557,0
4000,P2_LARGEST,9b46292f-5a33-48d5-bb3e-ebad55f2ac79,22,7868,0,0,7868,0
4000,P2_LARGEST,9b46292f-5a33-48d5-bb3e-ebad55f2ac79,27,9810,0,0,9810,0
4000,P2_LARGEST,9b46292f-5a33-48d5-bb3e-ebad55f2ac79,32,12062,0,0,12062,0
4000,P2_LARGEST,9b46292f-5a33-48d5-bb3e-ebad55f2ac79,37,14700,0,0,14700,0
4000,P2_LARGEST,9b46292f-5a33-48d5-bb3e-ebad55f2ac79,44,15845,0,0,15845,0
4000,P2_LARGEST,9b46292f-5a33-48d5-bb3e-ebad55f2ac79,49,16885,0,0,16885,0
4000,P2_LARGEST,9b46292f-5a33-48d5-bb3e-ebad55f2ac79,62,23469,0,0,23469,0
4000,P2_LARGEST,9b46292f-5a33-48d5-bb3e-ebad55f2ac79,68,23816,0,0,23816,0
4000,P2_LARGEST,9b46292f-5a33-48d5-bb3e-ebad55f2ac79,73,24176,0,0,24176,0
4000,P2_LARGEST,9b46292f-5a33-48d5-bb3e-ebad55f2ac79,80,24560,0,0,24560,0
4000,P2_LARGEST,9b46292f-5a33-48d5-bb3e-ebad55f2ac79,89,25566,1,2419,23147,0
4000,P2_LARGEST,9b46292f-5a33-48d5-bb3e-ebad55f2ac79,97,24163,0,0,24163,0
4000,P2_LARGEST,9b46292f-5a33-48d5-bb3e-ebad55f2ac79,107,27794,2,4698,23096,0
4000,P2_LARGEST,9b46292f-5a33-48d5-bb3e-ebad55f2ac79,112,23753,0,0,23753,0
4000,P2_LARGEST,9b46292f-5a33-48d5-bb3e-ebad55f2ac79,117,26162,2,4124,22038,0
4000,P2_LARGEST,9b46292f-5a33-48d5-bb3e-ebad55f2ac79,122,22981,0,0,22981,0
4000,P2_LARGEST,9b46292f-5a33-48d5-bb3e-ebad55f2ac79,127,23729,0,0,23729,0
4000,P2_LARGEST,9b46292f-5a33-48d5-bb3e-ebad55f2ac79,140,30026,5,6851,23175,0
4000,P2_LARGEST,9b46292f-5a33-48d5-bb3e-ebad55f2ac79,154,32126,3,10672,21454,0
4000,P2_LARGEST,9b46292f-5a33-48d5-bb3e-ebad55f2ac79,165,32272,2,10167,22105,0
4000,P2_LARGEST,9b46292f-5a33-48d5-bb3e-ebad55f2ac79,171,22434,0,0,22434,0
4000,P2_LARGEST,9b46292f-5a33-48d5-bb3e-ebad55f2ac79,181,30453,8,6892,23561,0
4000,P2_LARGEST,9b46292f-5a33-48d5-bb3e-ebad55f2ac79,186,25615,1,4935,20680,0
4000,P2_LARGEST,9b46292f-5a33-48d5-bb3e-ebad55f2ac79,191,23202,0,0,23202,0
4000,P2_LARGEST,9b46292f-5a33-48d5-bb3e-ebad55f2ac79,196,23722,0,0,23722,0
4000,P2_LARGEST,9b46292f-5a33-48d5-bb3e-ebad55f2ac79,207,27625,2,5052,22573,0
4000,P2_LARGEST,9b46292f-5a33-48d5-bb3e-ebad55f2ac79,213,23754,0,0,23754,0
4000,P2_LARGEST,9b46292f-5a33-48d5-bb3e-ebad55f2ac79,218,25606,1,2064,23542,0
4000,P2_LARGEST,9b46292f-5a33-48d5-bb3e-ebad55f2ac79,231,29855,4,6363,23492,0
4000,P2_LARGEST,9b46292f-5a33-48d5-bb3e-ebad55f2ac79,236,24731,1,2449,22282,0
4000,P2_LARGEST,9b46292f-5a33-48d5-bb3e-ebad55f2ac79,241,23470,0,0,23470,0
4000,P2_LARGEST,9b46292f-5a33-48d5-bb3e-ebad55f2ac79,249,24998,1,1689,23309,0
4000,P2_LARGEST,9b46292f-5a33-48d5-bb3e-ebad55f2ac79,260,31403,8,8195,23208,0
4000,P2_LARGEST,9b46292f-5a33-48d5-bb3e-ebad55f2ac79,266,25911,1,2894,23017,0
4000,P2_LARGEST,9b46292f-5a33-48d5-bb3e-ebad55f2ac79,271,24642,1,2567,22075,0
4000,P2_LARGEST,9b46292f-5a33-48d5-bb3e-ebad55f2ac79,282,32741,2,9943,22798,0
4000,P2_LARGEST,9b46292f-5a33-48d5-bb3e-ebad55f2ac79,288,23230,0,0,23230,0
4000,P2_LARGEST,9b46292f-5a33-48d5-bb3e-ebad55f2ac79,299,32177,2,8799,23378,0
4000,P2_LARGEST,9b46292f-5a33-48d5-bb3e-ebad55f2ac79,305,24257,0,0,24257,0
4000,P2_LARGEST,9b46292f-5a33-48d5-bb3e-ebad55f2ac79,310,26778,2,3710,23068,0
4000,P2_LARGEST,9b46292f-5a33-48d5-bb3e-ebad55f2ac79,318,25377,1,2461,22916,0
4000,P2_LARGEST,9b46292f-5a33-48d5-bb3e-ebad55f2ac79,329,27605,6,4039,23566,0
4000,P2_LARGEST,9b46292f-5a33-48d5-bb3e-ebad55f2ac79,334,24173,0,0,24173,0
4000,P2_LARGEST,9b46292f-5a33-48d5-bb3e-ebad55f2ac79,339,24426,0,0,24426,0
4000,P2_LARGEST,9b46292f-5a33-48d5-bb3e-ebad55f2ac79,344,24745,1,2891,21854,0
4000,P2_LARGEST,9b46292f-5a33-48d5-bb3e-ebad55f2ac79,349,22916,0,0,22916,0
4000,P2_LARGEST,9b46292f-5a33-48d5-bb3e-ebad55f2ac79,354,23207,0,0,23207,0
4000,P2_LARGEST,9b46292f-5a33-48d5-bb3e-ebad55f2ac79,359,26207,3,2835,23372,0
4000,P2_LARGEST,9b46292f-5a33-48d5-bb3e-ebad55f2ac79,364,23610,0,0,23610,0
4000,P2_LARGEST,9b46292f-5a33-48d5-bb3e-ebad55f2ac79,369,23788,0,0,23788,0
4000,P2_LARGEST,9b46292f-5a33-48d5-bb3e-ebad55f2ac79,380,27968,5,4651,23317,0
4000,P2_LARGEST,9b46292f-5a33-48d5-bb3e-ebad55f2ac79,386,23628,0,0,23628,0
4000,P2_LARGEST,9b46292f-5a33-48d5-bb3e-ebad55f2ac79,391,23949,0,0,23949,0
4000,P2_LARGEST,9b46292f-5a33-48d5-bb3e-ebad55f2ac79,396,24157,0,0,24157,0
4000,P2_LARGEST,9b46292f-5a33-48d5-bb3e-ebad55f2ac79,401,24313,0,0,24313,0
4000,P2_LARGEST,9b46292f-5a33-48d5-bb3e-ebad55f2ac79,406,24585,1,3078,21507,0
4000,P2_LARGEST,9b46292f-5a33-48d5-bb3e-ebad55f2ac79,411,21751,0,0,21751,0
4000,P2_LARGEST,9b46292f-5a33-48d5-bb3e-ebad55f2ac79,416,21884,0,0,21884,0
4000,P2_LARGEST,9b46292f-5a33-48d5-bb3e-ebad55f2ac79,421,23342,0,0,23342,0
4000,P2_LARGEST,9b46292f-5a33-48d5-bb3e-ebad55f2ac79,432,31089,9,7745,23344,0
4000,P2_LARGEST,9b46292f-5a33-48d5-bb3e-ebad55f2ac79,441,24825,1,3166,21659,0
4000,P2_LARGEST,9b46292f-5a33-48d5-bb3e-ebad55f2ac79,454,28706,3,5296,23410,0
4000,P2_LARGEST,9b46292f-5a33-48d5-bb3e-ebad55f2ac79,459,24015,0,0,24015,0
4000,P2_LARGEST,9b46292f-5a33-48d5-bb3e-ebad55f2ac79,470,25049,1,2697,22352,0
4000,P2_LARGEST,9b46292f-5a33-48d5-bb3e-ebad55f2ac79,475,22785,0,0,22785,0
4000,P2_LARGEST,9b46292f-5a33-48d5-bb3e-ebad55f2ac79,485,24699,2,1422,23277,0
4000,P2_LARGEST,9b46292f-5a33-48d5-bb3e-ebad55f2ac79,493,24172,0,0,24172,0
4000,P2_LARGEST,9b46292f-5a33-48d5-bb3e-ebad55f2ac79,498,26063,3,2679,23384,0
4000,P2_LARGEST,9b46292f-5a33-48d5-bb3e-ebad55f2ac79,511,26882,7,3578,23304,0
4000,P2_LARGEST,9b46292f-5a33-48d5-bb3e-ebad55f2ac79,519,28029,1,4494,23535,0
4000,P2_LARGEST,9b46292f-5a33-48d5-bb3e-ebad55f2ac79,532,28915,9,5474,23441,0
4000,P2_LARGEST,9b46292f-5a33-48d5-bb3e-ebad55f2ac79,537,27005,2,4284,22721,0
4000,P2_LARGEST,9b46292f-5a33-48d5-bb3e-ebad55f2ac79,550,33053,6,9661,23392,0
4000,P2_LARGEST,9b46292f-5a33-48d5-bb3e-ebad55f2ac79,556,25575,1,3070,22505,0
4000,P2_LARGEST,9b46292f-5a33-48d5-bb3e-ebad55f2ac79,562,22571,0,0,22571,0
4000,P2_LARGEST,9b46292f-5a33-48d5-bb3e-ebad55f2ac79,572,24975,1,2032,22943,0
4000,P2_LARGEST,9b46292f-5a33-48d5-bb3e-ebad55f2ac79,586,32111,27,8580,23531,0
4000,P2_LARGEST,9b46292f-5a33-48d5-bb3e-ebad55f2ac79,593,25886,1,3565,22321,0
4000,P2_LARGEST,9b46292f-5a33-48d5-bb3e-ebad55f2ac79,611,33079,2,9654,23425,0
4000,P2_LARGEST,9b46292f-5a33-48d5-bb3e-ebad55f2ac79,619,24531,0,0,24531,0
4000,P2_LARGEST,9b46292f-5a33-48d5-bb3e-ebad55f2ac79,624,24758,1,4153,20605,0
4000,P2_LARGEST,9b46292f-5a33-48d5-bb3e-ebad55f2ac79,629,21324,0,0,21324,0
4000,P2_LARGEST,9b46292f-5a33-48d5-bb3e-ebad55f2ac79,634,22206,0,0,22206,0
4000,P2_LARGEST,9b46292f-5a33-48d5-bb3e-ebad55f2ac79,647,33112,5,10113,22999,0
4000,P2_LARGEST,9b46292f-5a33-48d5-bb3e-ebad55f2ac79,653,24562,0,0,24562,0
4000,P2_LARGEST,9b46292f-5a33-48d5-bb3e-ebad55f2ac79,658,25338,1,2991,22347,0
4000,P2_LARGEST,9b46292f-5a33-48d5-bb3e-ebad55f2ac79,663,24589,1,1834,22755,0
4000,P2_LARGEST,9b46292f-5a33-48d5-bb3e-ebad55f2ac79,674,29200,4,5945,23255,0
4000,P2_LARGEST,9b46292f-5a33-48d5-bb3e-ebad55f2ac79,711,26743,2,6192,20551,0
4000,P2_LARGEST,9b46292f-5a33-48d5-bb3e-ebad55f2ac79,721,24815,3,1644,23171,0
4000,P2_LARGEST,9b46292f-5a33-48d5-bb3e-ebad55f2ac79,727,24535,0,0,24535,0
4000,P2_LARGEST,9b46292f-5a33-48d5-bb3e-ebad55f2ac79,732,25368,1,3261,22107,0
4000,P2_LARGEST,9b46292f-5a33-48d5-bb3e-ebad55f2ac79,743,22849,0,0,22849,0
4000,P2_LARGEST,9b46292f-5a33-48d5-bb3e-ebad55f2ac79,748,22929,0,0,22929,0
4000,P2_LARGEST,9b46292f-5a33-48d5-bb3e-ebad55f2ac79,759,27437,6,4125,23312,0
4000,P2_LARGEST,9b46292f-5a33-48d5-bb3e-ebad55f2ac79,764,25703,1,3565,22138,0
4000,P2_LARGEST,9b46292f-5a33-48d5-bb3e-ebad55f2ac79,775,22327,0,0,22327,0
4000,P2_LARGEST,9b46292f-5a33-48d5-bb3e-ebad55f2ac79,782,22327,0,0,22327,0
4000,P2_LARGEST,9b46292f-5a33-48d5-bb3e-ebad55f2ac79,787,22327,0,0,22327,0
4000,P2_LARGEST,9b46292f-5a33-48d5-bb3e-ebad55f2ac79,795,22327,0,0,22327,0
4000,P2_LARGEST,9b46292f-5a33-48d5-bb3e-ebad55f2ac79,808,22327,0,0,22327,0
4000,P2_LARGEST,9b46292f-5a33-48d5-bb3e-ebad55f2ac79,814,22327,0,0,22327,0
4000,P2_LARGEST,9b46292f-5a33-48d5-bb3e-ebad55f2ac79,825,22327,0,0,22327,0
4000,P2_LARGEST,9b46292f-5a33-48d5-bb3e-ebad55f2ac79,830,22327,0,0,22327,0
4000,P2_LARGEST,9b46292f-5a33-48d5-bb3e-ebad55f2ac79,835,22327,0,0,22327,0
4000,P2_LARGEST,9b46292f-5a33-48d5-bb3e-ebad55f2ac79,840,22327,0,0,22327,0
4000,P2_LARGEST,9b46292f-5a33-48d5-bb3e-ebad55f2ac79,845,22327,0,0,22327,0
4000,P2_LARGEST,9b46292f-5a33-48d5-bb3e-ebad55f2ac79,850,22327,0,0,22327,0
4000,P2_LARGEST,9b46292f-5a33-48d5-bb3e-ebad55f2ac79,864,22327,0,0,22327,0
4000,P2_LARGEST,9b46292f-5a33-48d5-bb3e-ebad55f2ac79,870,22327,0,0,22327,0
4000,P2_LARGEST,9b46292f-5a33-48d5-bb3e-ebad55f2ac79,883,22327,0,0,22327,0
4000,P2_LARGEST,9b46292f-5a33-48d5-bb3e-ebad55f2ac79,889,22327,0,0,22327,0
4000,P2_LARGEST,9b46292f-5a33-48d5-bb3e-ebad55f2ac79,894,22327,0,0,22327,0
4000,P2_LARGEST,9b46292f-5a33-48d5-bb3e-ebad55f2ac79,899,22327,0,0,22327,0
4000,P2_LARGEST,9b46292f-5a33-48d5-bb3e-ebad55f2ac79,913,22327,0,0,22327,0
4000,P2_LARGEST,9b46292f-5a33-48d5-bb3e-ebad55f2ac79,923,22327,0,0,22327,0
4000,P2_LARGEST,9b46292f-5a33-48d5-bb3e-ebad55f2ac79,928,22327,0,0,22327,0
4000,P2_LARGEST,9b46292f-5a33-48d5-bb3e-ebad55f2ac79,941,22327,0,0,22327,0
4000,P2_LARGEST,9b46292f-5a33-48d5-bb3e-ebad55f2ac79,947,22327,0,0,22327,0
4000,P2_LARGEST,9b46292f-5a33-48d5-bb3e-ebad55f2ac79,952,22327,0,0,22327,0
4000,P2_LARGEST,9b46292f-5a33-48d5-bb3e-ebad55f2ac79,957,22327,0,0,22327,0
8000,P2_LARGEST,9b46292f-5a33-48d5-bb3e-ebad55f2ac79,15,7557,0,0,7557,0
8000,P2_LARGEST,9b46292f-5a33-48d5-bb3e-ebad55f2ac79,22,7868,0,0,7868,0
8000,P2_LARGEST,9b46292f-5a33-48d5-bb3e-ebad55f2ac79,27,9810,0,0,9810,0
8000,P2_LARGEST,9b46292f-5a33-48d5-bb3e-ebad55f2ac79,32,12062,0,0,12062,0
8000,P2_LARGEST,9b46292f-5a33-48d5-bb3e-ebad55f2ac79,37,14700,0,0,14700,0
8000,P2_LARGEST,9b46292f-5a33-48d5-bb3e-ebad55f2ac79,44,15845,0,0,15845,0
8000,P2_LARGEST,9b46292f-5a33-48d5-bb3e-ebad55f2ac79,49,20588,0,0,20588,0
8000,P2_LARGEST,9b46292f-5a33-48d5-bb3e-ebad55f2ac79,62,27172,1,4203,22969,0
8000,P2_LARGEST,9b46292f-5a33-48d5-bb3e-ebad55f2ac79,68,23316,0,0,23316,0
8000,P2_LARGEST,9b46292f-5a33-48d5-bb3e-ebad55f2ac79,73,23676,0,0,23676,0
8000,P2_LARGEST,9b46292f-5a33-48d5-bb3e-ebad55f2ac79,80,24060,0,0,24060,0
8000,P2_LARGEST,9b46292f-5a33-48d5-bb3e-ebad55f2ac79,89,25066,1,2419,22647,0
8000,P2_LARGEST,9b46292f-5a33-48d5-bb3e-ebad55f2ac79,97,23663,0,0,23663,0
8000,P2_LARGEST,9b46292f-5a33-48d5-bb3e-ebad55f2ac79,107,27294,2,4698,22596,0
8000,P2_LARGEST,9b46292f-5a33-48d5-bb3e-ebad55f2ac79,112,23253,0,0,23253,0
8000,P2_LARGEST,9b46292f-5a33-48d5-bb3e-ebad55f2ac79,117,25662,2,4124,21538,0
8000,P2_LARGEST,9b46292f-5a33-48d5-bb3e-ebad55f2ac79,122,22481,0,0,22481,0
8000,P2_LARGEST,9b46292f-5a33-48d5-bb3e-ebad55f2ac79,127,23229,0,0,23229,0
8000,P2_LARGEST,9b46292f-5a33-48d5-bb3e-ebad55f2ac79,140,29526,4,6140,23386,0
8000,P2_LARGEST,9b46292f-5a33-48d5-bb3e-ebad55f2ac79,154,32337,3,10672,21665,0
8000,P2_LARGEST,9b46292f-5a33-48d5-bb3e-ebad55f2ac79,165,32483,2,10167,22316,0
8000,P2_LARGEST,9b46292f-5a33-48d5-bb3e-ebad55f2ac79,171,22645,0,0,22645,0
8000,P2_LARGEST,9b46292f-5a33-48d5-bb3e-ebad55f2ac79,181,30664,8,7103,23561,0
8000,P2_LARGEST,9b46292f-5a33-48d5-bb3e-ebad55f2ac79,186,25615,1,4935,20680,0
8000,P2_LARGEST,9b46292f-5a33-48d5-bb3e-ebad55f2ac79,191,23202,0,0,23202,0
8000,P2_LARGEST,9b46292f-5a33-48d5-bb3e-ebad55f2ac79,196,23722,0,0,23722,0
8000,P2_LARGEST,9b46292f-5a33-48d5-bb3e-ebad55f2ac79,207,27625,2,5052,22573,0
8000,P2_LARGEST,9b46292f-5a33-48d5-bb3e-ebad55f2ac79,213,23754,0,0,23754,0
8000,P2_LARGEST,9b46292f-5a33-48d5-bb3e-ebad55f2ac79,218,29196,4,6490,22706,0
8000,P2_LARGEST,9b46292f-5a33-48d5-bb3e-ebad55f2ac79,231,29019,2,5769,23250,0
8000,P2_LARGEST,9b46292f-5a33-48d5-bb3e-ebad55f2ac79,236,24489,0,0,24489,0
8000,P2_LARGEST,9b46292f-5a33-48d5-bb3e-ebad55f2ac79,241,25677,1,2449,23228,0
8000,P2_LARGEST,9b46292f-5a33-48d5-bb3e-ebad55f2ac79,249,24756,1,1689,23067,0
8000,P2_LARGEST,9b46292f-5a33-48d5-bb3e-ebad55f2ac79,260,31161,7,7953,23208,0
8000,P2_LARGEST,9b46292f-5a33-48d5-bb3e-ebad55f2ac79,266,25911,1,2894,23017,0
8000,P2_LARGEST,9b46292f-5a33-48d5-bb3e-ebad55f2ac79,271,24642,1,2567,22075,0
8000,P2_LARGEST,9b46292f-5a33-48d5-bb3e-ebad55f2ac79,282,32741,2,9943,22798,0
8000,P2_LARGEST,9b46292f-5a33-48d5-bb3e-ebad55f2ac79,288,23230,0,0,23230,0
8000,P2_LARGEST,9b46292f-5a33-48d5-bb3e-ebad55f2ac79,299,32177,2,8799,23378,0
8000,P2_LARGEST,9b46292f-5a33-48d5-bb3e-ebad55f2ac79,305,24257,0,0,24257,0
8000,P2_LARGEST,9b46292f-5a33-48d5-bb3e-ebad55f2ac79,310,26778,2,3710,23068,0
8000,P2_LARGEST,9b46292f-5a33-48d5-bb3e-ebad55f2ac79,318,29790,11,6386,23404,0
8000,P2_LARGEST,9b46292f-5a33-48d5-bb3e-ebad55f2ac79,329,28093,1,4913,23180,0
8000,P2_LARGEST,9b46292f-5a33-48d5-bb3e-ebad55f2ac79,334,23787,0,0,23787,0
8000,P2_LARGEST,9b46292f-5a33-48d5-bb3e-ebad55f2ac79,339,24040,0,0,24040,0
8000,P2_LARGEST,9b46292f-5a33-48d5-bb3e-ebad55f2ac79,344,24359,0,0,24359,0
8000,P2_LARGEST,9b46292f-5a33-48d5-bb3e-ebad55f2ac79,349,25421,1,2891,22530,0
8000,P2_LARGEST,9b46292f-5a33-48d5-bb3e-ebad55f2ac79,354,22821,0,0,22821,0
8000,P2_LARGEST,9b46292f-5a33-48d5-bb3e-ebad55f2ac79,359,25821,2,2958,22863,0
8000,P2_LARGEST,9b46292f-5a33-48d5-bb3e-ebad55f2ac79,364,23101,0,0,23101,0
8000,P2_LARGEST,9b46292f-5a33-48d5-bb3e-ebad55f2ac79,369,23279,0,0,23279,0
8000,P2_LARGEST,9b46292f-5a33-48d5-bb3e-ebad55f2ac79,380,27459,2,3942,23517,0
8000,P2_LARGEST,9b46292f-5a33-48d5-bb3e-ebad55f2ac79,386,23828,0,0,23828,0
8000,P2_LARGEST,9b46292f-5a33-48d5-bb3e-ebad55f2ac79,391,24149,0,0,24149,0
8000,P2_LARGEST,9b46292f-5a33-48d5-bb3e-ebad55f2ac79,396,24357,0,0,24357,0
8000,P2_LARGEST,9b46292f-5a33-48d5-bb3e-ebad55f2ac79,401,24513,0,0,24513,0
8000,P2_LARGEST,9b46292f-5a33-48d5-bb3e-ebad55f2ac79,406,24785,1,3078,21707,0
8000,P2_LARGEST,9b46292f-5a33-48d5-bb3e-ebad55f2ac79,411,21951,0,0,21951,0
8000,P2_LARGEST,9b46292f-5a33-48d5-bb3e-ebad55f2ac79,416,22084,0,0,22084,0
8000,P2_LARGEST,9b46292f-5a33-48d5-bb3e-ebad55f2ac79,421,23542,0,0,23542,0
8000,P2_LARGEST,9b46292f-5a33-48d5-bb3e-ebad55f2ac79,432,31289,8,7945,23344,0
8000,P2_LARGEST,9b46292f-5a33-48d5-bb3e-ebad55f2ac79,441,24825,1,3166,21659,0
8000,P2_LARGEST,9b46292f-5a33-48d5-bb3e-ebad55f2ac79,454,28706,3,5296,23410,0
8000,P2_LARGEST,9b46292f-5a33-48d5-bb3e-ebad55f2ac79,459,28428,8,5015,23413,0
8000,P2_LARGEST,9b46292f-5a33-48d5-bb3e-ebad55f2ac79,470,24447,0,0,24447,0
8000,P2_LARGEST,9b46292f-5a33-48d5-bb3e-ebad55f2ac79,475,24880,1,4913,19967,0
8000,P2_LARGEST,9b46292f-5a33-48d5-bb3e-ebad55f2ac79,485,21881,0,0,21881,0
8000,P2_LARGEST,9b46292f-5a33-48d5-bb3e-ebad55f2ac79,493,22776,0,0,22776,0
8000,P2_LARGEST,9b46292f-5a33-48d5-bb3e-ebad55f2ac79,498,24667,1,1643,23024,0
8000,P2_LARGEST,9b46292f-5a33-48d5-bb3e-ebad55f2ac79,511,26522,3,3200,23322,0
8000,P2_LARGEST,9b46292f-5a33-48d5-bb3e-ebad55f2ac79,519,28047,1,4494,23553,0
8000,P2_LARGEST,9b46292f-5a33-48d5-bb3e-ebad55f2ac79,532,33440,9,9999,23441,0
8000,P2_LARGEST,9b46292f-5a33-48d5-bb3e-ebad55f2ac79,537,27005,2,4284,22721,0
8000,P2_LARGEST,9b46292f-5a33-48d5-bb3e-ebad55f2ac79,550,33053,6,9661,23392,0
8000,P2_LARGEST,9b46292f-5a33-48d5-bb3e-ebad55f2ac79,556,25575,1,3070,22505,0
8000,P2_LARGEST,9b46292f-5a33-48d5-bb3e-ebad55f2ac79,562,22571,0,0,22571,0
8000,P2_LARGEST,9b46292f-5a33-48d5-bb3e-ebad55f2ac79,572,29482,11,6085,23397,0
8000,P2_LARGEST,9b46292f-5a33-48d5-bb3e-ebad55f2ac79,586,32565,17,9034,23531,0
8000,P2_LARGEST,9b46292f-5a33-48d5-bb3e-ebad55f2ac79,593,25886,1,3565,22321,0
8000,P2_LARGEST,9b46292f-5a33-48d5-bb3e-ebad55f2ac79,611,33079,2,9654,23425,0
8000,P2_LARGEST,9b46292f-5a33-48d5-bb3e-ebad55f2ac79,619,24531,0,0,24531,0
8000,P2_LARGEST,9b46292f-5a33-48d5-bb3e-ebad55f2ac79,624,24758,1,4153,20605,0
8000,P2_LARGEST,9b46292f-5a33-48d5-bb3e-ebad55f2ac79,629,21324,0,0,21324,0
8000,P2_LARGEST,9b46292f-5a33-48d5-bb3e-ebad55f2ac79,634,22206,0,0,22206,0
8000,P2_LARGEST,9b46292f-5a33-48d5-bb3e-ebad55f2ac79,647,33112,5,10113,22999,0
8000,P2_LARGEST,9b46292f-5a33-48d5-bb3e-ebad55f2ac79,653,24562,0,0,24562,0
8000,P2_LARGEST,9b46292f-5a33-48d5-bb3e-ebad55f2ac79,658,25338,1,2991,22347,0
8000,P2_LARGEST,9b46292f-5a33-48d5-bb3e-ebad55f2ac79,663,24589,1,1834,22755,0
8000,P2_LARGEST,9b46292f-5a33-48d5-bb3e-ebad55f2ac79,674,29200,4,5945,23255,0
8000,P2_LARGEST,9b46292f-5a33-48d5-bb3e-ebad55f2ac79,711,26743,2,6192,20551,0
8000,P2_LARGEST,9b46292f-5a33-48d5-bb3e-ebad55f2ac79,721,24815,3,1644,23171,0
8000,P2_LARGEST,9b46292f-5a33-48d5-bb3e-ebad55f2ac79,727,24535,0,0,24535,0
8000,P2_LARGEST,9b46292f-5a33-48d5-bb3e-ebad55f2ac79,732,25368,1,3261,22107,0
8000,P2_LARGEST,9b46292f-5a33-48d5-bb3e-ebad55f2ac79,743,22849,0,0,22849,0
8000,P2_LARGEST,9b46292f-5a33-48d5-bb3e-ebad55f2ac79,748,22929,0,0,22929,0
8000,P2_LARGEST,9b46292f-5a33-48d5-bb3e-ebad55f2ac79,759,27437,6,4125,23312,0
8000,P2_LARGEST,9b46292f-5a33-48d5-bb3e-ebad55f2ac79,764,25703,1,3565,22138,0
8000,P2_LARGEST,9b46292f-5a33-48d5-bb3e-ebad55f2ac79,775,22327,0,0,22327,0
8000,P2_LARGEST,9b46292f-5a33-48d5-bb3e-ebad55f2ac79,782,22327,0,0,22327,0
8000,P2_LARGEST,9b46292f-5a33-48d5-bb3e-ebad55f2ac79,787,22327,0,0,22327,0
8000,P2_LARGEST,9b46292f-5a33-48d5-bb3e-ebad55f2ac79,795,22327,0,0,22327,0
8000,P2_LARGEST,9b46292f-5a33-48d5-bb3e-ebad55f2ac79,808,22327,0,0,22327,0
8000,P2_LARGEST,9b46292f-5a33-48d5-bb3e-ebad55f2ac79,814,22327,0,0,22327,0
8000,P2_LARGEST,9b46292f-5a33-48d5-bb3e-ebad55f2ac79,825,22327,0,0,22327,0
8000,P2_LARGEST,9b46292f-5a33-48d5-bb3e-ebad55f2ac79,830,22327,0,0,22327,0
8000,P2_LARGEST,9b46292f-5a33-48d5-bb3e-ebad55f2ac79,835,22327,0,0,22327,0
8000,P2_LARGEST,9b46292f-5a33-48d5-bb3e-ebad55f2ac79,840,22327,0,0,22327,0
8000,P2_LARGEST,9b46292f-5a33-48d5-bb3e-ebad55f2ac79,845,22327,0,0,22327,0
8000,P2_LARGEST,9b46292f-5a33-48d5-bb3e-ebad55f2ac79,850,22327,0,0,22327,0
8000,P2_LARGEST,9b46292f-5a33-48d5-bb3e-ebad55f2ac79,864,22327,0,0,22327,0
8000,P2_LARGEST,9b46292f-5a33-48d5-bb3e-ebad55f2ac79,870,22327,0,0,22327,0
8000,P2_LARGEST,9b46292f-5a33-48d5-bb3e-ebad55f2ac79,883,22327,0,0,22327,0
8000,P2_LARGEST,9b46292f-5a33-48d5-bb3e-ebad55f2ac79,889,22327,0,0,22327,0
8000,P2_LARGEST,9b46292f-5a33-48d5-bb3e-ebad55f2ac79,894,22327,0,0,22327,0
8000,P2_LARGEST,9b46292f-5a33-48d5-bb3e-ebad55f2ac79,899,22327,0,0,22327,0
8000,P2_LARGEST,9b46292f-5a33-48d5-bb3e-ebad55f2ac79,913,22327,0,0,22327,0
8000,P2_LARGEST,9b46292f-5a33-48d5-bb3e-ebad55f2ac79,923,22327,0,0,22327,0
8000,P2_LARGEST,9b46292f-5a33-48d5-bb3e-ebad55f2ac79,928,22327,0,0,22327,0
8000,P2_LARGEST,9b46292f-5a33-48d5-bb3e-ebad55f2ac79,941,22327,0,0,22327,0
8000,P2_LARGEST,9b46292f-5a33-48d5-bb3e-ebad55f2ac79,947,22327,0,0,22327,0
8000,P2_LARGEST,9b46292f-5a33-48d5-bb3e-ebad55f2ac79,952,22327,0,0,22327,0
8000,P2_LARGEST,9b46292f-5a33-48d5-bb3e-ebad55f2ac79,957,22327,0,0,22327,0
none,P2_LARGEST,9b46292f-5a33-48d5-bb3e-ebad55f2ac79,15,7557,0,0,7557,0
none,P2_LARGEST,9b46292f-5a33-48d5-bb3e-ebad55f2ac79,22,7868,0,0,7868,0
none,P2_LARGEST,9b46292f-5a33-48d5-bb3e-ebad55f2ac79,27,9810,0,0,9810,0
none,P2_LARGEST,9b46292f-5a33-48d5-bb3e-ebad55f2ac79,32,12062,0,0,12062,0
none,P2_LARGEST,9b46292f-5a33-48d5-bb3e-ebad55f2ac79,37,14700,0,0,14700,0
none,P2_LARGEST,9b46292f-5a33-48d5-bb3e-ebad55f2ac79,44,15845,0,0,15845,0
none,P2_LARGEST,9b46292f-5a33-48d5-bb3e-ebad55f2ac79,49,20588,0,0,20588,0
none,P2_LARGEST,9b46292f-5a33-48d5-bb3e-ebad55f2ac79,62,27172,1,4203,22969,0
none,P2_LARGEST,9b46292f-5a33-48d5-bb3e-ebad55f2ac79,68,23316,0,0,23316,0
none,P2_LARGEST,9b46292f-5a33-48d5-bb3e-ebad55f2ac79,73,23676,0,0,23676,0
none,P2_LARGEST,9b46292f-5a33-48d5-bb3e-ebad55f2ac79,80,24060,0,0,24060,0
none,P2_LARGEST,9b46292f-5a33-48d5-bb3e-ebad55f2ac79,89,25066,1,2419,22647,0
none,P2_LARGEST,9b46292f-5a33-48d5-bb3e-ebad55f2ac79,97,23663,0,0,23663,0
none,P2_LARGEST,9b46292f-5a33-48d5-bb3e-ebad55f2ac79,107,27294,2,4698,22596,0
none,P2_LARGEST,9b46292f-5a33-48d5-bb3e-ebad55f2ac79,112,23253,0,0,23253,0
none,P2_LARGEST,9b46292f-5a33-48d5-bb3e-ebad55f2ac79,117,25662,2,4124,21538,0
none,P2_LARGEST,9b46292f-5a33-48d5-bb3e-ebad55f2ac79,122,22481,0,0,22481,0
none,P2_LARGEST,9b46292f-5a33-48d5-bb3e-ebad55f2ac79,127,23229,0,0,23229,0
none,P2_LARGEST,9b46292f-5a33-48d5-bb3e-ebad55f2ac79,140,37993,5,15107,22886,0
none,P2_LARGEST,9b46292f-5a33-48d5-bb3e-ebad55f2ac79,154,31837,2,8432,23405,0
none,P2_LARGEST,9b46292f-5a33-48d5-bb3e-ebad55f2ac79,165,34223,3,12407,21816,0
none,P2_LARGEST,9b46292f-5a33-48d5-bb3e-ebad55f2ac79,171,22145,0,0,22145,0
none,P2_LARGEST,9b46292f-5a33-48d5-bb3e-ebad55f2ac79,181,30164,7,6603,23561,0
none,P2_LARGEST,9b46292f-5a33-48d5-bb3e-ebad55f2ac79,186,25615,1,4935,20680,0
none,P2_LARGEST,9b46292f-5a33-48d5-bb3e-ebad55f2ac79,191,23202,0,0,23202,0
none,P2_LARGEST,9b46292f-5a33-48d5-bb3e-ebad55f2ac79,196,23722,0,0,23722,0
none,P2_LARGEST,9b46292f-5a33-48d5-bb3e-ebad55f2ac79,207,27625,2,5052,22573,0
none,P2_LARGEST,9b46292f-5a33-48d5-bb3e-ebad55f2ac79,213,23754,0,0,23754,0
none,P2_LARGEST,9b46292f-5a33-48d5-bb3e-ebad55f2ac79,218,29196,4,6490,22706,0
none,P2_LARGEST,9b46292f-5a33-48d5-bb3e-ebad55f2ac79,231,29019,2,5769,23250,0
none,P2_LARGEST,9b46292f-5a33-48d5-bb3e-ebad55f2ac79,236,24489,0,0,24489,0
none,P2_LARGEST,9b46292f-5a33-48d5-bb3e-ebad55f2ac79,241,25677,1,2449,23228,0
none,P2_LARGEST,9b46292f-5a33-48d5-bb3e-ebad55f2ac79,249,24756,1,1689,23067,0
none,P2_LARGEST,9b46292f-5a33-48d5-bb3e-ebad55f2ac79,260,31161,7,7953,23208,0
none,P2_LARGEST,9b46292f-5a33-48d5-bb3e-ebad55f2ac79,266,25911,1,2894,23017,0
none,P2_LARGEST,9b46292f-5a33-48d5-bb3e-ebad55f2ac79,271,24642,1,2567,22075,0
none,P2_LARGEST,9b46292f-5a33-48d5-bb3e-ebad55f2ac79,282,32741,2,9943,22798,0
none,P2_LARGEST,9b46292f-5a33-48d5-bb3e-ebad55f2ac79,288,23230,0,0,23230,0
none,P2_LARGEST,9b46292f-5a33-48d5-bb3e-ebad55f2ac79,299,32177,2,8799,23378,0
none,P2_LARGEST,9b46292f-5a33-48d5-bb3e-ebad55f2ac79,305,24257,0,0,24257,0
none,P2_LARGEST,9b46292f-5a33-48d5-bb3e-ebad55f2ac79,310,26778,2,3710,23068,0
none,P2_LARGEST,9b46292f-5a33-48d5-bb3e-ebad55f2ac79,318,29790,11,6386,23404,0
none,P2_LARGEST,9b46292f-5a33-48d5-bb3e-ebad55f2ac79,329,28093,1,4913,23180,0
none,P2_LARGEST,9b46292f-5a33-48d5-bb3e-ebad55f2ac79,334,23787,0,0,23787,0
none,P2_LARGEST,9b46292f-5a33-48d5-bb3e-ebad55f2ac79,339,24040,0,0,24040,0
none,P2_LARGEST,9b46292f-5a33-48d5-bb3e-ebad55f2ac79,344,24359,0,0,24359,0
none,P2_LARGEST,9b46292f-5a33-48d5-bb3e-ebad55f2ac79,349,25421,1,2891,22530,0
none,P2_LARGEST,9b46292f-5a33-48d5-bb3e-ebad55f2ac79,354,22821,0,0,22821,0
none,P2_LARGEST,9b46292f-5a33-48d5-bb3e-ebad55f2ac79,359,25821,2,2958,22863,0
none,P2_LARGEST,9b46292f-5a33-48d5-bb3e-ebad55f2ac79,364,23101,0,0,23101,0
none,P2_LARGEST,9b46292f-5a33-48d5-bb3e-ebad55f2ac79,369,23279,0,0,23279,0
none,P2_LARGEST,9b46292f-5a33-48d5-bb3e-ebad55f2ac79,380,27459,2,3942,23517,0
none,P2_LARGEST,9b46292f-5a33-48d5-bb3e-ebad55f2ac79,386,23828,0,0,23828,0
none,P2_LARGEST,9b46292f-5a33-48d5-bb3e-ebad55f2ac79,391,24149,0,0,24149,0
none,P2_LARGEST,9b46292f-5a33-48d5-bb3e-ebad55f2ac79,396,24357,0,0,24357,0
none,P2_LARGEST,9b46292f-5a33-48d5-bb3e-ebad55f2ac79,401,24513,0,0,24513,0
none,P2_LARGEST,9b46292f-5a33-48d5-bb3e-ebad55f2ac79,406,24785,1,3078,21707,0
none,P2_LARGEST,9b46292f-5a33-48d5-bb3e-ebad55f2ac79,411,21951,0,0,21951,0
none,P2_LARGEST,9b46292f-5a33-48d5-bb3e-ebad55f2ac79,416,22084,0,0,22084,0
none,P2_LARGEST,9b46292f-5a33-48d5-bb3e-ebad55f2ac79,421,23542,0,0,23542,0
none,P2_LARGEST,9b46292f-5a33-48d5-bb3e-ebad55f2ac79,432,31289,8,7945,23344,0
none,P2_LARGEST,9b46292f-5a33-48d5-bb3e-ebad55f2ac79,441,24825,1,3166,21659,0
none,P2_LARGEST,9b46292f-5a33-48d5-bb3e-ebad55f2ac79,454,28706,3,5296,23410,0
none,P2_LARGEST,9b46292f-5a33-48d5-bb3e-ebad55f2ac79,459,28428,8,5015,23413,0
none,P2_LARGEST,9b46292f-5a33-48d5-bb3e-ebad55f2ac79,470,24447,0,0,24447,0
none,P2_LARGEST,9b46292f-5a33-48d5-bb3e-ebad55f2ac79,475,24880,1,4913,19967,0
none,P2_LARGEST,9b46292f-5a33-48d5-bb3e-ebad55f2ac79,485,21881,0,0,21881,0
none,P2_LARGEST,9b46292f-5a33-48d5-bb3e-ebad55f2ac79,493,22776,0,0,22776,0
none,P2_LARGEST,9b46292f-5a33-48d5-bb3e-ebad55f2ac79,498,24667,1,1643,23024,0
none,P2_LARGEST,9b46292f-5a33-48d5-bb3e-ebad55f2ac79,511,26522,3,3200,23322,0
none,P2_LARGEST,9b46292f-5a33-48d5-bb3e-ebad55f2ac79,519,28047,1,4494,23553,0
none,P2_LARGEST,9b46292f-5a33-48d5-bb3e-ebad55f2ac79,532,33440,9,9999,23441,0
none,P2_LARGEST,9b46292f-5a33-48d5-bb3e-ebad55f2ac79,537,27005,2,4284,22721,0
none,P2_LARGEST,9b46292f-5a33-48d5-bb3e-ebad55f2ac79,550,33053,6,9661,23392,0
none,P2_LARGEST,9b46292f-5a33-48d5-bb3e-ebad55f2ac79,556,25575,1,3070,22505,0
none,P2_LARGEST,9b46292f-5a33-48d5-bb3e-ebad55f2ac79,562,22571,0,0,22571,0
none,P2_LARGEST,9b46292f-5a33-48d5-bb3e-ebad55f2ac79,572,29482,11,6085,23397,0
none,P2_LARGEST,9b46292f-5a33-48d5-bb3e-ebad55f2ac79,586,32565,17,9034,23531,0
none,P2_LARGEST,9b46292f-5a33-48d5-bb3e-ebad55f2ac79,593,25886,1,3565,22321,0
none,P2_LARGEST,9b46292f-5a33-48d5-bb3e-ebad55f2ac79,611,33079,2,9654,23425,0
none,P2_LARGEST,9b46292f-5a33-48d5-bb3e-ebad55f2ac79,619,24531,0,0,24531,0
none,P2_LARGEST,9b46292f-5a33-48d5-bb3e-ebad55f2ac79,624,24758,1,4153,20605,0
none,P2_LARGEST,9b46292f-5a33-48d5-bb3e-ebad55f2ac79,629,21324,0,0,21324,0
none,P2_LARGEST,9b46292f-5a33-48d5-bb3e-ebad55f2ac79,634,22206,0,0,22206,0
none,P2_LARGEST,9b46292f-5a33-48d5-bb3e-ebad55f2ac79,647,33112,5,10113,22999,0
none,P2_LARGEST,9b46292f-5a33-48d5-bb3e-ebad55f2ac79,653,24562,0,0,24562,0
none,P2_LARGEST,9b46292f-5a33-48d5-bb3e-ebad55f2ac79,658,25338,1,2991,22347,0
none,P2_LARGEST,9b46292f-5a33-48d5-bb3e-ebad55f2ac79,663,24589,1,1834,22755,0
none,P2_LARGEST,9b46292f-5a33-48d5-bb3e-ebad55f2ac79,674,29200,4,5945,23255,0
none,P2_LARGEST,9b46292f-5a33-48d5-bb3e-ebad55f2ac79,711,26743,2,6192,20551,0
none,P2_LARGEST,9b46292f-5a33-48d5-bb3e-ebad55f2ac79,721,24815,3,1644,23171,0
none,P2_LARGEST,9b46292f-5a33-48d5-bb3e-ebad55f2ac79,727,24535,0,0,24535,0
none,P2_LARGEST,9b46292f-5a33-48d5-bb3e-ebad55f2ac79,732,25368,1,3261,22107,0
none,P2_LARGEST,9b46292f-5a33-48d5-bb3e-ebad55f2ac79,743,22849,0,0,22849,0
none,P2_LARGEST,9b46292f-5a33-48d5-bb3e-ebad55f2ac79,748,22929,0,0,22929,0
none,P2_LARGEST,9b46292f-5a33-48d5-bb3e-ebad55f2ac79,759,27437,6,4125,23312,0
none,P2_LARGEST,9b46292f-5a33-48d5-bb3e-ebad55f2ac79,764,25703,1,3565,22138,0
none,P2_LARGEST,9b46292f-5a33-48d5-bb3e-ebad55f2ac79,775,22327,0,0,22327,0
none,P2_LARGEST,9b46292f-5a33-48d5-bb3e-ebad55f2ac79,782,22327,0,0,22327,0
none,P2_LARGEST,9b46292f-5a33-48d5-bb3e-ebad55f2ac79,787,22327,0,0,22327,0
none,P2_LARGEST,9b46292f-5a33-48d5-bb3e-ebad55f2ac79,795,22327,0,0,22327,0
none,P2_LARGEST,9b46292f-5a33-48d5-bb3e-ebad55f2ac79,808,22327,0,0,22327,0
none,P2_LARGEST,9b46292f-5a33-48d5-bb3e-ebad55f2ac79,814,22327,0,0,22327,0
none,P2_LARGEST,9b46292f-5a33-48d5-bb3e-ebad55f2ac79,825,22327,0,0,22327,0
none,P2_LARGEST,9b46292f-5a33-48d5-bb3e-ebad55f2ac79,830,22327,0,0,22327,0
none,P2_LARGEST,9b46292f-5a33-48d5-bb3e-ebad55f2ac79,835,22327,0,0,22327,0
none,P2_LARGEST,9b46292f-5a33-48d5-bb3e-ebad55f2ac79,840,22327,0,0,22327,0
none,P2_LARGEST,9b46292f-5a33-48d5-bb3e-ebad55f2ac79,845,22327,0,0,22327,0
none,P2_LARGEST,9b46292f-5a33-48d5-bb3e-ebad55f2ac79,850,22327,0,0,22327,0
none,P2_LARGEST,9b46292f-5a33-48d5-bb3e-ebad55f2ac79,864,22327,0,0,22327,0
none,P2_LARGEST,9b46292f-5a33-48d5-bb3e-ebad55f2ac79,870,22327,0,0,22327,0
none,P2_LARGEST,9b46292f-5a33-48d5-bb3e-ebad55f2ac79,883,22327,0,0,22327,0
none,P2_LARGEST,9b46292f-5a33-48d5-bb3e-ebad55f2ac79,889,22327,0,0,22327,0
none,P2_LARGEST,9b46292f-5a33-48d5-bb3e-ebad55f2ac79,894,22327,0,0,22327,0
none,P2_LARGEST,9b46292f-5a33-48d5-bb3e-ebad55f2ac79,899,22327,0,0,22327,0
none,P2_LARGEST,9b46292f-5a33-48d5-bb3e-ebad55f2ac79,913,22327,0,0,22327,0
none,P2_LARGEST,9b46292f-5a33-48d5-bb3e-ebad55f2ac79,923,22327,0,0,22327,0
none,P2_LARGEST,9b46292f-5a33-48d5-bb3e-ebad55f2ac79,928,22327,0,0,22327,0
none,P2_LARGEST,9b46292f-5a33-48d5-bb3e-ebad55f2ac79,941,22327,0,0,22327,0
none,P2_LARGEST,9b46292f-5a33-48d5-bb3e-ebad55f2ac79,947,22327,0,0,22327,0
none,P2_LARGEST,9b46292f-5a33-48d5-bb3e-ebad55f2ac79,952,22327,0,0,22327,0
none,P2_LARGEST,9b46292f-5a33-48d5-bb3e-ebad55f2ac79,957,22327,0,0,22327,0
2000,P2_LARGEST,afc6e887-21fc-4d0b-be61-1dc97c5e4f32,16,7783,0,0,7783,0
2000,P2_LARGEST,afc6e887-21fc-4d0b-be61-1dc97c5e4f32,24,8138,0,0,8138,0
2000,P2_LARGEST,afc6e887-21fc-4d0b-be61-1dc97c5e4f32,29,8215,0,0,8215,0
2000,P2_LARGEST,afc6e887-21fc-4d0b-be61-1dc97c5e4f32,34,9530,0,0,9530,0
2000,P2_LARGEST,afc6e887-21fc-4d0b-be61-1dc97c5e4f32,39,10204,0,0,10204,0
2000,P2_LARGEST,afc6e887-21fc-4d0b-be61-1dc97c5e4f32,44,11162,0,0,11162,0
2000,P2_LARGEST,afc6e887-21fc-4d0b-be61-1dc97c5e4f32,52,19231,0,0,19231,0
2000,P2_LARGEST,afc6e887-21fc-4d0b-be61-1dc97c5e4f32,57,19641,0,0,19641,0
2000,P2_LARGEST,afc6e887-21fc-4d0b-be61-1dc97c5e4f32,62,20235,0,0,20235,0
2000,P2_LARGEST,afc6e887-21fc-4d0b-be61-1dc97c5e4f32,67,23643,0,0,23643,0
2000,P2_LARGEST,afc6e887-21fc-4d0b-be61-1dc97c5e4f32,72,23940,0,0,23940,0
2000,P2_LARGEST,afc6e887-21fc-4d0b-be61-1dc97c5e4f32,77,24915,1,7999,16916,0
2000,P2_LARGEST,afc6e887-21fc-4d0b-be61-1dc97c5e4f32,82,17691,0,0,17691,0
2000,P2_LARGEST,afc6e887-21fc-4d0b-be61-1dc97c5e4f32,87,18325,0,0,18325,0
2000,P2_LARGEST,afc6e887-21fc-4d0b-be61-1dc97c5e4f32,92,18523,0,0,18523,0
2000,P2_LARGEST,afc6e887-21fc-4d0b-be61-1dc97c5e4f32,97,18953,0,0,18953,0
2000,P2_LARGEST,afc6e887-21fc-4d0b-be61-1dc97c5e4f32,102,19982,0,0,19982,0
2000,P2_LARGEST,afc6e887-21fc-4d0b-be61-1dc97c5e4f32,107,21613,0,0,21613,0
2000,P2_LARGEST,afc6e887-21fc-4d0b-be61-1dc97c5e4f32,112,22594,0,0,22594,0
4000,P2_LARGEST,afc6e887-21fc-4d0b-be61-1dc97c5e4f32,16,7783,0,0,7783,0
4000,P2_LARGEST,afc6e887-21fc-4d0b-be61-1dc97c5e4f32,24,8138,0,0,8138,0
4000,P2_LARGEST,afc6e887-21fc-4d0b-be61-1dc97c5e4f32,29,8215,0,0,8215,0
4000,P2_LARGEST,afc6e887-21fc-4d0b-be61-1dc97c5e4f32,34,9530,0,0,9530,0
4000,P2_LARGEST,afc6e887-21fc-4d0b-be61-1dc97c5e4f32,39,10204,0,0,10204,0
4000,P2_LARGEST,afc6e887-21fc-4d0b-be61-1dc97c5e4f32,44,11162,0,0,11162,0
4000,P2_LARGEST,afc6e887-21fc-4d0b-be61-1dc97c5e4f32,52,19231,0,0,19231,0
4000,P2_LARGEST,afc6e887-21fc-4d0b-be61-1dc97c5e4f32,57,19641,0,0,19641,0
4000,P2_LARGEST,afc6e887-21fc-4d0b-be61-1dc97c5e4f32,62,22437,0,0,22437,0
4000,P2_LARGEST,afc6e887-21fc-4d0b-be61-1dc97c5e4f32,67,25845,1,7999,17846,0
4000,P2_LARGEST,afc6e887-21fc-4d0b-be61-1dc97c5e4f32,72,18143,0,0,18143,0
4000,P2_LARGEST,afc6e887-21fc-4d0b-be61-1dc97c5e4f32,77,19118,0,0,19118,0
4000,P2_LARGEST,afc6e887-21fc-4d0b-be61-1dc97c5e4f32,82,19893,0,0,19893,0
4000,P2_LARGEST,afc6e887-21fc-4d0b-be61-1dc97c5e4f32,87,20527,0,0,20527,0
4000,P2_LARGEST,afc6e887-21fc-4d0b-be61-1dc97c5e4f32,92,20725,0,0,20725,0
4000,P2_LARGEST,afc6e887-21fc-4d0b-be61-1dc97c5e4f32,97,21155,0,0,21155,0
4000,P2_LARGEST,afc6e887-21fc-4d0b-be61-1dc97c5e4f32,102,22184,0,0,22184,0
4000,P2_LARGEST,afc6e887-21fc-4d0b-be61-1dc97c5e4f32,107,23815,0,0,23815,0
4000,P2_LARGEST,afc6e887-21fc-4d0b-be61-1dc97c5e4f32,112,24796,1,3349,21447,0
8000,P2_LARGEST,afc6e887-21fc-4d0b-be61-1dc97c5e4f32,16,7783,0,0,7783,0
8000,P2_LARGEST,afc6e887-21fc-4d0b-be61-1dc97c5e4f32,24,8138,0,0,8138,0
8000,P2_LARGEST,afc6e887-21fc-4d0b-be61-1dc97c5e4f32,29,8215,0,0,8215,0
8000,P2_LARGEST,afc6e887-21fc-4d0b-be61-1dc97c5e4f32,34,9530,0,0,9530,0
8000,P2_LARGEST,afc6e887-21fc-4d0b-be61-1dc97c5e4f32,39,10204,0,0,10204,0
8000,P2_LARGEST,afc6e887-21fc-4d0b-be61-1dc97c5e4f32,44,11162,0,0,11162,0
8000,P2_LARGEST,afc6e887-21fc-4d0b-be61-1dc97c5e4f32,52,19231,0,0,19231,0
8000,P2_LARGEST,afc6e887-21fc-4d0b-be61-1dc97c5e4f32,57,19641,0,0,19641,0
8000,P2_LARGEST,afc6e887-21fc-4d0b-be61-1dc97c5e4f32,62,22437,0,0,22437,0
8000,P2_LARGEST,afc6e887-21fc-4d0b-be61-1dc97c5e4f32,67,25845,1,7999,17846,0
8000,P2_LARGEST,afc6e887-21fc-4d0b-be61-1dc97c5e4f32,72,18143,0,0,18143,0
8000,P2_LARGEST,afc6e887-21fc-4d0b-be61-1dc97c5e4f32,77,19118,0,0,19118,0
8000,P2_LARGEST,afc6e887-21fc-4d0b-be61-1dc97c5e4f32,82,19893,0,0,19893,0
8000,P2_LARGEST,afc6e887-21fc-4d0b-be61-1dc97c5e4f32,87,20527,0,0,20527,0
8000,P2_LARGEST,afc6e887-21fc-4d0b-be61-1dc97c5e4f32,92,20725,0,0,20725,0
8000,P2_LARGEST,afc6e887-21fc-4d0b-be61-1dc97c5e4f32,97,21155,0,0,21155,0
8000,P2_LARGEST,afc6e887-21fc-4d0b-be61-1dc97c5e4f32,102,22184,0,0,22184,0
8000,P2_LARGEST,afc6e887-21fc-4d0b-be61-1dc97c5e4f32,107,23815,0,0,23815,0
8000,P2_LARGEST,afc6e887-21fc-4d0b-be61-1dc97c5e4f32,112,24796,1,3349,21447,0
none,P2_LARGEST,afc6e887-21fc-4d0b-be61-1dc97c5e4f32,16,7783,0,0,7783,0
none,P2_LARGEST,afc6e887-21fc-4d0b-be61-1dc97c5e4f32,24,8138,0,0,8138,0
none,P2_LARGEST,afc6e887-21fc-4d0b-be61-1dc97c5e4f32,29,8215,0,0,8215,0
none,P2_LARGEST,afc6e887-21fc-4d0b-be61-1dc97c5e4f32,34,9530,0,0,9530,0
none,P2_LARGEST,afc6e887-21fc-4d0b-be61-1dc97c5e4f32,39,10204,0,0,10204,0
none,P2_LARGEST,afc6e887-21fc-4d0b-be61-1dc97c5e4f32,44,11162,0,0,11162,0
none,P2_LARGEST,afc6e887-21fc-4d0b-be61-1dc97c5e4f32,52,19231,0,0,19231,0
none,P2_LARGEST,afc6e887-21fc-4d0b-be61-1dc97c5e4f32,57,19641,0,0,19641,0
none,P2_LARGEST,afc6e887-21fc-4d0b-be61-1dc97c5e4f32,62,22437,0,0,22437,0
none,P2_LARGEST,afc6e887-21fc-4d0b-be61-1dc97c5e4f32,67,25845,1,7999,17846,0
none,P2_LARGEST,afc6e887-21fc-4d0b-be61-1dc97c5e4f32,72,18143,0,0,18143,0
none,P2_LARGEST,afc6e887-21fc-4d0b-be61-1dc97c5e4f32,77,19118,0,0,19118,0
none,P2_LARGEST,afc6e887-21fc-4d0b-be61-1dc97c5e4f32,82,19893,0,0,19893,0
none,P2_LARGEST,afc6e887-21fc-4d0b-be61-1dc97c5e4f32,87,20527,0,0,20527,0
none,P2_LARGEST,afc6e887-21fc-4d0b-be61-1dc97c5e4f32,92,20725,0,0,20725,0
none,P2_LARGEST,afc6e887-21fc-4d0b-be61-1dc97c5e4f32,97,21155,0,0,21155,0
none,P2_LARGEST,afc6e887-21fc-4d0b-be61-1dc97c5e4f32,102,22184,0,0,22184,0
none,P2_LARGEST,afc6e887-21fc-4d0b-be61-1dc97c5e4f32,107,23815,0,0,23815,0
none,P2_LARGEST,afc6e887-21fc-4d0b-be61-1dc97c5e4f32,112,24796,1,3349,21447,0
2000,P2_LARGEST,c6771188-d34a-4cc3-af42-76f611a031d5,15,7361,0,0,7361,0
2000,P2_LARGEST,c6771188-d34a-4cc3-af42-76f611a031d5,20,7973,0,0,7973,0
2000,P2_LARGEST,c6771188-d34a-4cc3-af42-76f611a031d5,25,8926,0,0,8926,0
2000,P2_LARGEST,c6771188-d34a-4cc3-af42-76f611a031d5,30,9799,0,0,9799,0
2000,P2_LARGEST,c6771188-d34a-4cc3-af42-76f611a031d5,35,11835,0,0,11835,0
2000,P2_LARGEST,c6771188-d34a-4cc3-af42-76f611a031d5,40,13742,0,0,13742,0
2000,P2_LARGEST,c6771188-d34a-4cc3-af42-76f611a031d5,45,15028,0,0,15028,0
2000,P2_LARGEST,c6771188-d34a-4cc3-af42-76f611a031d5,50,17332,0,0,17332,0
2000,P2_LARGEST,c6771188-d34a-4cc3-af42-76f611a031d5,55,20261,0,0,20261,0
2000,P2_LARGEST,c6771188-d34a-4cc3-af42-76f611a031d5,60,20470,0,0,20470,0
4000,P2_LARGEST,c6771188-d34a-4cc3-af42-76f611a031d5,15,7361,0,0,7361,0
4000,P2_LARGEST,c6771188-d34a-4cc3-af42-76f611a031d5,20,7973,0,0,7973,0
4000,P2_LARGEST,c6771188-d34a-4cc3-af42-76f611a031d5,25,8926,0,0,8926,0
4000,P2_LARGEST,c6771188-d34a-4cc3-af42-76f611a031d5,30,9799,0,0,9799,0
4000,P2_LARGEST,c6771188-d34a-4cc3-af42-76f611a031d5,35,11835,0,0,11835,0
4000,P2_LARGEST,c6771188-d34a-4cc3-af42-76f611a031d5,40,13742,0,0,13742,0
4000,P2_LARGEST,c6771188-d34a-4cc3-af42-76f611a031d5,45,15028,0,0,15028,0
4000,P2_LARGEST,c6771188-d34a-4cc3-af42-76f611a031d5,50,17332,0,0,17332,0
4000,P2_LARGEST,c6771188-d34a-4cc3-af42-76f611a031d5,55,20261,0,0,20261,0
4000,P2_LARGEST,c6771188-d34a-4cc3-af42-76f611a031d5,60,20470,0,0,20470,0
8000,P2_LARGEST,c6771188-d34a-4cc3-af42-76f611a031d5,15,7361,0,0,7361,0
8000,P2_LARGEST,c6771188-d34a-4cc3-af42-76f611a031d5,20,7973,0,0,7973,0
8000,P2_LARGEST,c6771188-d34a-4cc3-af42-76f611a031d5,25,8926,0,0,8926,0
8000,P2_LARGEST,c6771188-d34a-4cc3-af42-76f611a031d5,30,9799,0,0,9799,0
8000,P2_LARGEST,c6771188-d34a-4cc3-af42-76f611a031d5,35,11835,0,0,11835,0
8000,P2_LARGEST,c6771188-d34a-4cc3-af42-76f611a031d5,40,13742,0,0,13742,0
8000,P2_LARGEST,c6771188-d34a-4cc3-af42-76f611a031d5,45,15028,0,0,15028,0
8000,P2_LARGEST,c6771188-d34a-4cc3-af42-76f611a031d5,50,17332,0,0,17332,0
8000,P2_LARGEST,c6771188-d34a-4cc3-af42-76f611a031d5,55,20261,0,0,20261,0
8000,P2_LARGEST,c6771188-d34a-4cc3-af42-76f611a031d5,60,20470,0,0,20470,0
none,P2_LARGEST,c6771188-d34a-4cc3-af42-76f611a031d5,15,7361,0,0,7361,0
none,P2_LARGEST,c6771188-d34a-4cc3-af42-76f611a031d5,20,7973,0,0,7973,0
none,P2_LARGEST,c6771188-d34a-4cc3-af42-76f611a031d5,25,8926,0,0,8926,0
none,P2_LARGEST,c6771188-d34a-4cc3-af42-76f611a031d5,30,9799,0,0,9799,0
none,P2_LARGEST,c6771188-d34a-4cc3-af42-76f611a031d5,35,11835,0,0,11835,0
none,P2_LARGEST,c6771188-d34a-4cc3-af42-76f611a031d5,40,13742,0,0,13742,0
none,P2_LARGEST,c6771188-d34a-4cc3-af42-76f611a031d5,45,15028,0,0,15028,0
none,P2_LARGEST,c6771188-d34a-4cc3-af42-76f611a031d5,50,17332,0,0,17332,0
none,P2_LARGEST,c6771188-d34a-4cc3-af42-76f611a031d5,55,20261,0,0,20261,0
none,P2_LARGEST,c6771188-d34a-4cc3-af42-76f611a031d5,60,20470,0,0,20470,0
2000,P2_LARGEST,cc991b84-204b-486f-b945-55a98e9110d0,15,7803,0,0,7803,0
2000,P2_LARGEST,cc991b84-204b-486f-b945-55a98e9110d0,22,8042,0,0,8042,0
2000,P2_LARGEST,cc991b84-204b-486f-b945-55a98e9110d0,29,8721,0,0,8721,0
2000,P2_LARGEST,cc991b84-204b-486f-b945-55a98e9110d0,36,9620,0,0,9620,0
2000,P2_LARGEST,cc991b84-204b-486f-b945-55a98e9110d0,43,11535,0,0,11535,0
2000,P2_LARGEST,cc991b84-204b-486f-b945-55a98e9110d0,50,12333,0,0,12333,0
2000,P2_LARGEST,cc991b84-204b-486f-b945-55a98e9110d0,55,12559,0,0,12559,0
2000,P2_LARGEST,cc991b84-204b-486f-b945-55a98e9110d0,62,12936,0,0,12936,0
2000,P2_LARGEST,cc991b84-204b-486f-b945-55a98e9110d0,67,14209,0,0,14209,0
2000,P2_LARGEST,cc991b84-204b-486f-b945-55a98e9110d0,74,15077,0,0,15077,0
2000,P2_LARGEST,cc991b84-204b-486f-b945-55a98e9110d0,79,15678,0,0,15678,0
2000,P2_LARGEST,cc991b84-204b-486f-b945-55a98e9110d0,86,16102,0,0,16102,0
2000,P2_LARGEST,cc991b84-204b-486f-b945-55a98e9110d0,91,17053,2,2060,14993,0
2000,P2_LARGEST,cc991b84-204b-486f-b945-55a98e9110d0,98,16008,0,0,16008,0
2000,P2_LARGEST,cc991b84-204b-486f-b945-55a98e9110d0,103,17008,3,2191,14817,0
2000,P2_LARGEST,cc991b84-204b-486f-b945-55a98e9110d0,118,21929,11,6819,15110,0
2000,P2_LARGEST,cc991b84-204b-486f-b945-55a98e9110d0,126,16421,1,2568,13853,0
2000,P2_LARGEST,cc991b84-204b-486f-b945-55a98e9110d0,131,14646,0,0,14646,0
2000,P2_LARGEST,cc991b84-204b-486f-b945-55a98e9110d0,136,15656,0,0,15656,0
2000,P2_LARGEST,cc991b84-204b-486f-b945-55a98e9110d0,141,16313,0,0,16313,0
2000,P2_LARGEST,cc991b84-204b-486f-b945-55a98e9110d0,146,16484,2,1817,14667,0
2000,P2_LARGEST,cc991b84-204b-486f-b945-55a98e9110d0,151,15422,0,0,15422,0
2000,P2_LARGEST,cc991b84-204b-486f-b945-55a98e9110d0,156,15945,0,0,15945,0
2000,P2_LARGEST,cc991b84-204b-486f-b945-55a98e9110d0,161,16275,0,0,16275,0
2000,P2_LARGEST,cc991b84-204b-486f-b945-55a98e9110d0,166,17134,3,1809,15325,0
2000,P2_LARGEST,cc991b84-204b-486f-b945-55a98e9110d0,177,19829,14,4532,15297,0
2000,P2_LARGEST,cc991b84-204b-486f-b945-55a98e9110d0,183,16897,1,2973,13924,0
2000,P2_LARGEST,cc991b84-204b-486f-b945-55a98e9110d0,188,14820,0,0,14820,0
2000,P2_LARGEST,cc991b84-204b-486f-b945-55a98e9110d0,193,15655,0,0,15655,0
2000,P2_LARGEST,cc991b84-204b-486f-b945-55a98e9110d0,198,16401,1,1224,15177,0
2000,P2_LARGEST,cc991b84-204b-486f-b945-55a98e9110d0,203,16690,2,1543,15147,0
2000,P2_LARGEST,cc991b84-204b-486f-b945-55a98e9110d0,214,20839,21,5507,15332,0
2000,P2_LARGEST,cc991b84-204b-486f-b945-55a98e9110d0,220,18455,1,4052,14403,0
2000,P2_LARGEST,cc991b84-204b-486f-b945-55a98e9110d0,225,15017,0,0,15017,0
2000,P2_LARGEST,cc991b84-204b-486f-b945-55a98e9110d0,230,15569,0,0,15569,0
2000,P2_LARGEST,cc991b84-204b-486f-b945-55a98e9110d0,241,24663,7,9353,15310,0
2000,P2_LARGEST,cc991b84-204b-486f-b945-55a98e9110d0,247,15459,0,0,15459,0
4000,P2_LARGEST,cc991b84-204b-486f-b945-55a98e9110d0,15,7803,0,0,7803,0
4000,P2_LARGEST,cc991b84-204b-486f-b945-55a98e9110d0,22,8042,0,0,8042,0
4000,P2_LARGEST,cc991b84-204b-486f-b945-55a98e9110d0,29,8721,0,0,8721,0
4000,P2_LARGEST,cc991b84-204b-486f-b945-55a98e9110d0,36,9620,0,0,9620,0
4000,P2_LARGEST,cc991b84-204b-486f-b945-55a98e9110d0,43,11535,0,0,11535,0
4000,P2_LARGEST,cc991b84-204b-486f-b945-55a98e9110d0,50,12333,0,0,12333,0
4000,P2_LARGEST,cc991b84-204b-486f-b945-55a98e9110d0,55,12559,0,0,12559,0
4000,P2_LARGEST,cc991b84-204b-486f-b945-55a98e9110d0,62,12936,0,0,12936,0
4000,P2_LARGEST,cc991b84-204b-486f-b945-55a98e9110d0,67,14209,0,0,14209,0
4000,P2_LARGEST,cc991b84-204b-486f-b945-55a98e9110d0,74,15077,0,0,15077,0
4000,P2_LARGEST,cc991b84-204b-486f-b945-55a98e9110d0,79,15678,0,0,15678,0
4000,P2_LARGEST,cc991b84-204b-486f-b945-55a98e9110d0,86,16102,0,0,16102,0
4000,P2_LARGEST,cc991b84-204b-486f-b945-55a98e9110d0,91,17053,2,2060,14993,0
4000,P2_LARGEST,cc991b84-204b-486f-b945-55a98e9110d0,98,16008,0,0,16008,0
4000,P2_LARGEST,cc991b84-204b-486f-b945-55a98e9110d0,103,17008,3,2191,14817,0
4000,P2_LARGEST,cc991b84-204b-486f-b945-55a98e9110d0,118,21929,11,6819,15110,0
4000,P2_LARGEST,cc991b84-204b-486f-b945-55a98e9110d0,126,16421,1,2568,13853,0
4000,P2_LARGEST,cc991b84-204b-486f-b945-55a98e9110d0,131,14646,0,0,14646,0
4000,P2_LARGEST,cc991b84-204b-486f-b945-55a98e9110d0,136,15656,0,0,15656,0
4000,P2_LARGEST,cc991b84-204b-486f-b945-55a98e9110d0,141,16313,0,0,16313,0
4000,P2_LARGEST,cc991b84-204b-486f-b945-55a98e9110d0,146,16484,2,1817,14667,0
4000,P2_LARGEST,cc991b84-204b-486f-b945-55a98e9110d0,151,15422,0,0,15422,0
4000,P2_LARGEST,cc991b84-204b-486f-b945-55a98e9110d0,156,15945,0,0,15945,0
4000,P2_LARGEST,cc991b84-204b-486f-b945-55a98e9110d0,161,16275,0,0,16275,0
4000,P2_LARGEST,cc991b84-204b-486f-b945-55a98e9110d0,166,17134,3,1809,15325,0
4000,P2_LARGEST,cc991b84-204b-486f-b945-55a98e9110d0,177,19829,14,4532,15297,0
4000,P2_LARGEST,cc991b84-204b-486f-b945-55a98e9110d0,183,16897,1,2973,13924,0
4000,P2_LARGEST,cc991b84-204b-486f-b945-55a98e9110d0,188,14820,0,0,14820,0
4000,P2_LARGEST,cc991b84-204b-486f-b945-55a98e9110d0,193,15655,0,0,15655,0
4000,P2_LARGEST,cc991b84-204b-486f-b945-55a98e9110d0,198,16401,1,1224,15177,0
4000,P2_LARGEST,cc991b84-204b-486f-b945-55a98e9110d0,203,16690,2,1543,15147,0
4000,P2_LARGEST,cc991b84-204b-486f-b945-55a98e9110d0,214,20839,21,5507,15332,0
4000,P2_LARGEST,cc991b84-204b-486f-b945-55a98e9110d0,220,18455,1,4052,14403,0
4000,P2_LARGEST,cc991b84-204b-486f-b945-55a98e9110d0,225,15017,0,0,15017,0
4000,P2_LARGEST,cc991b84-204b-486f-b945-55a98e9110d0,230,15569,0,0,15569,0
4000,P2_LARGEST,cc991b84-204b-486f-b945-55a98e9110d0,241,24663,7,9353,15310,0
4000,P2_LARGEST,cc991b84-204b-486f-b945-55a98e9110d0,247,15459,0,0,15459,0
8000,P2_LARGEST,cc991b84-204b-486f-b945-55a98e9110d0,15,7803,0,0,7803,0
8000,P2_LARGEST,cc991b84-204b-486f-b945-55a98e9110d0,22,8042,0,0,8042,0
8000,P2_LARGEST,cc991b84-204b-486f-b945-55a98e9110d0,29,8721,0,0,8721,0
8000,P2_LARGEST,cc991b84-204b-486f-b945-55a98e9110d0,36,9620,0,0,9620,0
8000,P2_LARGEST,cc991b84-204b-486f-b945-55a98e9110d0,43,11535,0,0,11535,0
8000,P2_LARGEST,cc991b84-204b-486f-b945-55a98e9110d0,50,12333,0,0,12333,0
8000,P2_LARGEST,cc991b84-204b-486f-b945-55a98e9110d0,55,12559,0,0,12559,0
8000,P2_LARGEST,cc991b84-204b-486f-b945-55a98e9110d0,62,12936,0,0,12936,0
8000,P2_LARGEST,cc991b84-204b-486f-b945-55a98e9110d0,67,14209,0,0,14209,0
8000,P2_LARGEST,cc991b84-204b-486f-b945-55a98e9110d0,74,15077,0,0,15077,0
8000,P2_LARGEST,cc991b84-204b-486f-b945-55a98e9110d0,79,15678,0,0,15678,0
8000,P2_LARGEST,cc991b84-204b-486f-b945-55a98e9110d0,86,16102,0,0,16102,0
8000,P2_LARGEST,cc991b84-204b-486f-b945-55a98e9110d0,91,17053,2,2060,14993,0
8000,P2_LARGEST,cc991b84-204b-486f-b945-55a98e9110d0,98,16008,0,0,16008,0
8000,P2_LARGEST,cc991b84-204b-486f-b945-55a98e9110d0,103,17008,3,2191,14817,0
8000,P2_LARGEST,cc991b84-204b-486f-b945-55a98e9110d0,118,21929,11,6819,15110,0
8000,P2_LARGEST,cc991b84-204b-486f-b945-55a98e9110d0,126,16421,1,2568,13853,0
8000,P2_LARGEST,cc991b84-204b-486f-b945-55a98e9110d0,131,14646,0,0,14646,0
8000,P2_LARGEST,cc991b84-204b-486f-b945-55a98e9110d0,136,15656,0,0,15656,0
8000,P2_LARGEST,cc991b84-204b-486f-b945-55a98e9110d0,141,16313,0,0,16313,0
8000,P2_LARGEST,cc991b84-204b-486f-b945-55a98e9110d0,146,16484,2,1817,14667,0
8000,P2_LARGEST,cc991b84-204b-486f-b945-55a98e9110d0,151,15422,0,0,15422,0
8000,P2_LARGEST,cc991b84-204b-486f-b945-55a98e9110d0,156,15945,0,0,15945,0
8000,P2_LARGEST,cc991b84-204b-486f-b945-55a98e9110d0,161,16275,0,0,16275,0
8000,P2_LARGEST,cc991b84-204b-486f-b945-55a98e9110d0,166,17134,3,1809,15325,0
8000,P2_LARGEST,cc991b84-204b-486f-b945-55a98e9110d0,177,19829,14,4532,15297,0
8000,P2_LARGEST,cc991b84-204b-486f-b945-55a98e9110d0,183,16897,1,2973,13924,0
8000,P2_LARGEST,cc991b84-204b-486f-b945-55a98e9110d0,188,14820,0,0,14820,0
8000,P2_LARGEST,cc991b84-204b-486f-b945-55a98e9110d0,193,15655,0,0,15655,0
8000,P2_LARGEST,cc991b84-204b-486f-b945-55a98e9110d0,198,16401,1,1224,15177,0
8000,P2_LARGEST,cc991b84-204b-486f-b945-55a98e9110d0,203,16690,2,1543,15147,0
8000,P2_LARGEST,cc991b84-204b-486f-b945-55a98e9110d0,214,20839,21,5507,15332,0
8000,P2_LARGEST,cc991b84-204b-486f-b945-55a98e9110d0,220,18455,1,4052,14403,0
8000,P2_LARGEST,cc991b84-204b-486f-b945-55a98e9110d0,225,15017,0,0,15017,0
8000,P2_LARGEST,cc991b84-204b-486f-b945-55a98e9110d0,230,15569,0,0,15569,0
8000,P2_LARGEST,cc991b84-204b-486f-b945-55a98e9110d0,241,24663,7,9353,15310,0
8000,P2_LARGEST,cc991b84-204b-486f-b945-55a98e9110d0,247,15459,0,0,15459,0
none,P2_LARGEST,cc991b84-204b-486f-b945-55a98e9110d0,15,7803,0,0,7803,0
none,P2_LARGEST,cc991b84-204b-486f-b945-55a98e9110d0,22,8042,0,0,8042,0
none,P2_LARGEST,cc991b84-204b-486f-b945-55a98e9110d0,29,8721,0,0,8721,0
none,P2_LARGEST,cc991b84-204b-486f-b945-55a98e9110d0,36,9620,0,0,9620,0
none,P2_LARGEST,cc991b84-204b-486f-b945-55a98e9110d0,43,11535,0,0,11535,0
none,P2_LARGEST,cc991b84-204b-486f-b945-55a98e9110d0,50,12333,0,0,12333,0
none,P2_LARGEST,cc991b84-204b-486f-b945-55a98e9110d0,55,12559,0,0,12559,0
none,P2_LARGEST,cc991b84-204b-486f-b945-55a98e9110d0,62,12936,0,0,12936,0
none,P2_LARGEST,cc991b84-204b-486f-b945-55a98e9110d0,67,14209,0,0,14209,0
none,P2_LARGEST,cc991b84-204b-486f-b945-55a98e9110d0,74,15077,0,0,15077,0
none,P2_LARGEST,cc991b84-204b-486f-b945-55a98e9110d0,79,15678,0,0,15678,0
none,P2_LARGEST,cc991b84-204b-486f-b945-55a98e9110d0,86,16102,0,0,16102,0
none,P2_LARGEST,cc991b84-204b-486f-b945-55a98e9110d0,91,17053,2,2060,14993,0
none,P2_LARGEST,cc991b84-204b-486f-b945-55a98e9110d0,98,16008,0,0,16008,0
none,P2_LARGEST,cc991b84-204b-486f-b945-55a98e9110d0,103,17008,3,2191,14817,0
none,P2_LARGEST,cc991b84-204b-486f-b945-55a98e9110d0,118,21929,11,6819,15110,0
none,P2_LARGEST,cc991b84-204b-486f-b945-55a98e9110d0,126,16421,1,2568,13853,0
none,P2_LARGEST,cc991b84-204b-486f-b945-55a98e9110d0,131,14646,0,0,14646,0
none,P2_LARGEST,cc991b84-204b-486f-b945-55a98e9110d0,136,15656,0,0,15656,0
none,P2_LARGEST,cc991b84-204b-486f-b945-55a98e9110d0,141,16313,0,0,16313,0
none,P2_LARGEST,cc991b84-204b-486f-b945-55a98e9110d0,146,16484,2,1817,14667,0
none,P2_LARGEST,cc991b84-204b-486f-b945-55a98e9110d0,151,15422,0,0,15422,0
none,P2_LARGEST,cc991b84-204b-486f-b945-55a98e9110d0,156,15945,0,0,15945,0
none,P2_LARGEST,cc991b84-204b-486f-b945-55a98e9110d0,161,16275,0,0,16275,0
none,P2_LARGEST,cc991b84-204b-486f-b945-55a98e9110d0,166,17134,3,1809,15325,0
none,P2_LARGEST,cc991b84-204b-486f-b945-55a98e9110d0,177,19829,14,4532,15297,0
none,P2_LARGEST,cc991b84-204b-486f-b945-55a98e9110d0,183,16897,1,2973,13924,0
none,P2_LARGEST,cc991b84-204b-486f-b945-55a98e9110d0,188,14820,0,0,14820,0
none,P2_LARGEST,cc991b84-204b-486f-b945-55a98e9110d0,193,15655,0,0,15655,0
none,P2_LARGEST,cc991b84-204b-486f-b945-55a98e9110d0,198,16401,1,1224,15177,0
none,P2_LARGEST,cc991b84-204b-486f-b945-55a98e9110d0,203,16690,2,1543,15147,0
none,P2_LARGEST,cc991b84-204b-486f-b945-55a98e9110d0,214,20839,21,5507,15332,0
none,P2_LARGEST,cc991b84-204b-486f-b945-55a98e9110d0,220,18455,1,4052,14403,0
none,P2_LARGEST,cc991b84-204b-486f-b945-55a98e9110d0,225,15017,0,0,15017,0
none,P2_LARGEST,cc991b84-204b-486f-b945-55a98e9110d0,230,15569,0,0,15569,0
none,P2_LARGEST,cc991b84-204b-486f-b945-55a98e9110d0,241,24663,7,9353,15310,0
none,P2_LARGEST,cc991b84-204b-486f-b945-55a98e9110d0,247,15459,0,0,15459,0
2000,P2_LARGEST,cf893a7d-1b1d-4f4b-b833-d33d87a55298,15,7603,0,0,7603,0
2000,P2_LARGEST,cf893a7d-1b1d-4f4b-b833-d33d87a55298,20,7903,0,0,7903,0
2000,P2_LARGEST,cf893a7d-1b1d-4f4b-b833-d33d87a55298,27,8960,0,0,8960,0
2000,P2_LARGEST,cf893a7d-1b1d-4f4b-b833-d33d87a55298,34,12314,0,0,12314,0
2000,P2_LARGEST,cf893a7d-1b1d-4f4b-b833-d33d87a55298,41,13731,0,0,13731,0
2000,P2_LARGEST,cf893a7d-1b1d-4f4b-b833-d33d87a55298,48,16403,0,0,16403,0
2000,P2_LARGEST,cf893a7d-1b1d-4f4b-b833-d33d87a55298,55,20109,0,0,20109,0
2000,P2_LARGEST,cf893a7d-1b1d-4f4b-b833-d33d87a55298,68,25130,1,1700,23430,0
2000,P2_LARGEST,cf893a7d-1b1d-4f4b-b833-d33d87a55298,76,27977,3,5264,22713,0
2000,P2_LARGEST,cf893a7d-1b1d-4f4b-b833-d33d87a55298,81,24548,0,0,24548,0
2000,P2_LARGEST,cf893a7d-1b1d-4f4b-b833-d33d87a55298,88,25185,1,1827,23358,0
4000,P2_LARGEST,cf893a7d-1b1d-4f4b-b833-d33d87a55298,15,7603,0,0,7603,0
4000,P2_LARGEST,cf893a7d-1b1d-4f4b-b833-d33d87a55298,20,7903,0,0,7903,0
4000,P2_LARGEST,cf893a7d-1b1d-4f4b-b833-d33d87a55298,27,8960,0,0,8960,0
4000,P2_LARGEST,cf893a7d-1b1d-4f4b-b833-d33d87a55298,34,12314,0,0,12314,0
4000,P2_LARGEST,cf893a7d-1b1d-4f4b-b833-d33d87a55298,41,13731,0,0,13731,0
4000,P2_LARGEST,cf893a7d-1b1d-4f4b-b833-d33d87a55298,48,16403,0,0,16403,0
4000,P2_LARGEST,cf893a7d-1b1d-4f4b-b833-d33d87a55298,55,20109,0,0,20109,0
4000,P2_LARGEST,cf893a7d-1b1d-4f4b-b833-d33d87a55298,68,25130,1,1700,23430,0
4000,P2_LARGEST,cf893a7d-1b1d-4f4b-b833-d33d87a55298,76,27977,3,5264,22713,0
4000,P2_LARGEST,cf893a7d-1b1d-4f4b-b833-d33d87a55298,81,24548,0,0,24548,0
4000,P2_LARGEST,cf893a7d-1b1d-4f4b-b833-d33d87a55298,88,25185,1,1827,23358,0
8000,P2_LARGEST,cf893a7d-1b1d-4f4b-b833-d33d87a55298,15,7603,0,0,7603,0
8000,P2_LARGEST,cf893a7d-1b1d-4f4b-b833-d33d87a55298,20,7903,0,0,7903,0
8000,P2_LARGEST,cf893a7d-1b1d-4f4b-b833-d33d87a55298,27,8960,0,0,8960,0
8000,P2_LARGEST,cf893a7d-1b1d-4f4b-b833-d33d87a55298,34,12314,0,0,12314,0
8000,P2_LARGEST,cf893a7d-1b1d-4f4b-b833-d33d87a55298,41,13731,0,0,13731,0
8000,P2_LARGEST,cf893a7d-1b1d-4f4b-b833-d33d87a55298,48,16403,0,0,16403,0
8000,P2_LARGEST,cf893a7d-1b1d-4f4b-b833-d33d87a55298,55,20109,0,0,20109,0
8000,P2_LARGEST,cf893a7d-1b1d-4f4b-b833-d33d87a55298,68,25130,1,1700,23430,0
8000,P2_LARGEST,cf893a7d-1b1d-4f4b-b833-d33d87a55298,76,27977,3,5264,22713,0
8000,P2_LARGEST,cf893a7d-1b1d-4f4b-b833-d33d87a55298,81,24548,0,0,24548,0
8000,P2_LARGEST,cf893a7d-1b1d-4f4b-b833-d33d87a55298,88,25185,1,1827,23358,0
none,P2_LARGEST,cf893a7d-1b1d-4f4b-b833-d33d87a55298,15,7603,0,0,7603,0
none,P2_LARGEST,cf893a7d-1b1d-4f4b-b833-d33d87a55298,20,7903,0,0,7903,0
none,P2_LARGEST,cf893a7d-1b1d-4f4b-b833-d33d87a55298,27,8960,0,0,8960,0
none,P2_LARGEST,cf893a7d-1b1d-4f4b-b833-d33d87a55298,34,12314,0,0,12314,0
none,P2_LARGEST,cf893a7d-1b1d-4f4b-b833-d33d87a55298,41,13731,0,0,13731,0
none,P2_LARGEST,cf893a7d-1b1d-4f4b-b833-d33d87a55298,48,16403,0,0,16403,0
none,P2_LARGEST,cf893a7d-1b1d-4f4b-b833-d33d87a55298,55,20109,0,0,20109,0
none,P2_LARGEST,cf893a7d-1b1d-4f4b-b833-d33d87a55298,68,25130,1,1700,23430,0
none,P2_LARGEST,cf893a7d-1b1d-4f4b-b833-d33d87a55298,76,27977,3,5264,22713,0
none,P2_LARGEST,cf893a7d-1b1d-4f4b-b833-d33d87a55298,81,24548,0,0,24548,0
none,P2_LARGEST,cf893a7d-1b1d-4f4b-b833-d33d87a55298,88,25185,1,1827,23358,0
2000,P2_LARGEST,e7e6ba6b-14d0-45df-a870-da2a7bca55c6,15,8095,0,0,8095,0
2000,P2_LARGEST,e7e6ba6b-14d0-45df-a870-da2a7bca55c6,20,8654,0,0,8654,0
2000,P2_LARGEST,e7e6ba6b-14d0-45df-a870-da2a7bca55c6,26,13231,0,0,13231,0
2000,P2_LARGEST,e7e6ba6b-14d0-45df-a870-da2a7bca55c6,31,13818,0,0,13818,0
2000,P2_LARGEST,e7e6ba6b-14d0-45df-a870-da2a7bca55c6,36,14643,0,0,14643,0
2000,P2_LARGEST,e7e6ba6b-14d0-45df-a870-da2a7bca55c6,41,15067,0,0,15067,0
2000,P2_LARGEST,e7e6ba6b-14d0-45df-a870-da2a7bca55c6,46,15242,0,0,15242,0
2000,P2_LARGEST,e7e6ba6b-14d0-45df-a870-da2a7bca55c6,51,15375,0,0,15375,0
2000,P2_LARGEST,e7e6ba6b-14d0-45df-a870-da2a7bca55c6,56,15567,0,0,15567,0
2000,P2_LARGEST,e7e6ba6b-14d0-45df-a870-da2a7bca55c6,61,15708,0,0,15708,0
2000,P2_LARGEST,e7e6ba6b-14d0-45df-a870-da2a7bca55c6,66,16257,0,0,16257,0
2000,P2_LARGEST,e7e6ba6b-14d0-45df-a870-da2a7bca55c6,71,16555,0,0,16555,0
2000,P2_LARGEST,e7e6ba6b-14d0-45df-a870-da2a7bca55c6,76,17151,0,0,17151,0
2000,P2_LARGEST,e7e6ba6b-14d0-45df-a870-da2a7bca55c6,81,18038,0,0,18038,0
2000,P2_LARGEST,e7e6ba6b-14d0-45df-a870-da2a7bca55c6,87,19440,0,0,19440,0
2000,P2_LARGEST,e7e6ba6b-14d0-45df-a870-da2a7bca55c6,95,20342,0,0,20342,0
2000,P2_LARGEST,e7e6ba6b-14d0-45df-a870-da2a7bca55c6,102,22309,0,0,22309,0
2000,P2_LARGEST,e7e6ba6b-14d0-45df-a870-da2a7bca55c6,107,25913,1,4540,21373,0
2000,P2_LARGEST,e7e6ba6b-14d0-45df-a870-da2a7bca55c6,112,22198,0,0,22198,0
2000,P2_LARGEST,e7e6ba6b-14d0-45df-a870-da2a7bca55c6,120,23511,0,0,23511,0
4000,P2_LARGEST,e7e6ba6b-14d0-45df-a870-da2a7bca55c6,15,8095,0,0,8095,0
4000,P2_LARGEST,e7e6ba6b-14d0-45df-a870-da2a7bca55c6,20,12117,0,0,12117,0
4000,P2_LARGEST,e7e6ba6b-14d0-45df-a870-da2a7bca55c6,26,16694,0,0,16694,0
4000,P2_LARGEST,e7e6ba6b-14d0-45df-a870-da2a7bca55c6,31,17281,0,0,17281,0
4000,P2_LARGEST,e7e6ba6b-14d0-45df-a870-da2a7bca55c6,36,18106,0,0,18106,0
4000,P2_LARGEST,e7e6ba6b-14d0-45df-a870-da2a7bca55c6,41,18530,0,0,18530,0
4000,P2_LARGEST,e7e6ba6b-14d0-45df-a870-da2a7bca55c6,46,18705,0,0,18705,0
4000,P2_LARGEST,e7e6ba6b-14d0-45df-a870-da2a7bca55c6,51,18838,0,0,18838,0
4000,P2_LARGEST,e7e6ba6b-14d0-45df-a870-da2a7bca55c6,56,19030,0,0,19030,0
4000,P2_LARGEST,e7e6ba6b-14d0-45df-a870-da2a7bca55c6,61,19171,0,0,19171,0
4000,P2_LARGEST,e7e6ba6b-14d0-45df-a870-da2a7bca55c6,66,19720,0,0,19720,0
4000,P2_LARGEST,e7e6ba6b-14d0-45df-a870-da2a7bca55c6,71,20018,0,0,20018,0
4000,P2_LARGEST,e7e6ba6b-14d0-45df-a870-da2a7bca55c6,76,20614,0,0,20614,0
4000,P2_LARGEST,e7e6ba6b-14d0-45df-a870-da2a7bca55c6,81,21501,0,0,21501,0
4000,P2_LARGEST,e7e6ba6b-14d0-45df-a870-da2a7bca55c6,87,22903,0,0,22903,0
4000,P2_LARGEST,e7e6ba6b-14d0-45df-a870-da2a7bca55c6,95,23805,0,0,23805,0
4000,P2_LARGEST,e7e6ba6b-14d0-45df-a870-da2a7bca55c6,102,25772,1,4540,21232,0
4000,P2_LARGEST,e7e6ba6b-14d0-45df-a870-da2a7bca55c6,107,24836,1,3963,20873,0
4000,P2_LARGEST,e7e6ba6b-14d0-45df-a870-da2a7bca55c6,112,21698,0,0,21698,0
4000,P2_LARGEST,e7e6ba6b-14d0-45df-a870-da2a7bca55c6,120,23011,0,0,23011,0
8000,P2_LARGEST,e7e6ba6b-14d0-45df-a870-da2a7bca55c6,15,8095,0,0,8095,0
8000,P2_LARGEST,e7e6ba6b-14d0-45df-a870-da2a7bca55c6,20,12117,0,0,12117,0
8000,P2_LARGEST,e7e6ba6b-14d0-45df-a870-da2a7bca55c6,26,16694,0,0,16694,0
8000,P2_LARGEST,e7e6ba6b-14d0-45df-a870-da2a7bca55c6,31,17281,0,0,17281,0
8000,P2_LARGEST,e7e6ba6b-14d0-45df-a870-da2a7bca55c6,36,18106,0,0,18106,0
8000,P2_LARGEST,e7e6ba6b-14d0-45df-a870-da2a7bca55c6,41,18530,0,0,18530,0
8000,P2_LARGEST,e7e6ba6b-14d0-45df-a870-da2a7bca55c6,46,18705,0,0,18705,0
8000,P2_LARGEST,e7e6ba6b-14d0-45df-a870-da2a7bca55c6,51,18838,0,0,18838,0
8000,P2_LARGEST,e7e6ba6b-14d0-45df-a870-da2a7bca55c6,56,19030,0,0,19030,0
8000,P2_LARGEST,e7e6ba6b-14d0-45df-a870-da2a7bca55c6,61,19171,0,0,19171,0
8000,P2_LARGEST,e7e6ba6b-14d0-45df-a870-da2a7bca55c6,66,19720,0,0,19720,0
8000,P2_LARGEST,e7e6ba6b-14d0-45df-a870-da2a7bca55c6,71,20018,0,0,20018,0
8000,P2_LARGEST,e7e6ba6b-14d0-45df-a870-da2a7bca55c6,76,20614,0,0,20614,0
8000,P2_LARGEST,e7e6ba6b-14d0-45df-a870-da2a7bca55c6,81,21501,0,0,21501,0
8000,P2_LARGEST,e7e6ba6b-14d0-45df-a870-da2a7bca55c6,87,22903,0,0,22903,0
8000,P2_LARGEST,e7e6ba6b-14d0-45df-a870-da2a7bca55c6,95,23805,0,0,23805,0
8000,P2_LARGEST,e7e6ba6b-14d0-45df-a870-da2a7bca55c6,102,25772,1,4540,21232,0
8000,P2_LARGEST,e7e6ba6b-14d0-45df-a870-da2a7bca55c6,107,24836,1,3963,20873,0
8000,P2_LARGEST,e7e6ba6b-14d0-45df-a870-da2a7bca55c6,112,21698,0,0,21698,0
8000,P2_LARGEST,e7e6ba6b-14d0-45df-a870-da2a7bca55c6,120,23011,0,0,23011,0
none,P2_LARGEST,e7e6ba6b-14d0-45df-a870-da2a7bca55c6,15,8095,0,0,8095,0
none,P2_LARGEST,e7e6ba6b-14d0-45df-a870-da2a7bca55c6,20,12117,0,0,12117,0
none,P2_LARGEST,e7e6ba6b-14d0-45df-a870-da2a7bca55c6,26,16694,0,0,16694,0
none,P2_LARGEST,e7e6ba6b-14d0-45df-a870-da2a7bca55c6,31,17281,0,0,17281,0
none,P2_LARGEST,e7e6ba6b-14d0-45df-a870-da2a7bca55c6,36,18106,0,0,18106,0
none,P2_LARGEST,e7e6ba6b-14d0-45df-a870-da2a7bca55c6,41,18530,0,0,18530,0
none,P2_LARGEST,e7e6ba6b-14d0-45df-a870-da2a7bca55c6,46,18705,0,0,18705,0
none,P2_LARGEST,e7e6ba6b-14d0-45df-a870-da2a7bca55c6,51,18838,0,0,18838,0
none,P2_LARGEST,e7e6ba6b-14d0-45df-a870-da2a7bca55c6,56,19030,0,0,19030,0
none,P2_LARGEST,e7e6ba6b-14d0-45df-a870-da2a7bca55c6,61,19171,0,0,19171,0
none,P2_LARGEST,e7e6ba6b-14d0-45df-a870-da2a7bca55c6,66,19720,0,0,19720,0
none,P2_LARGEST,e7e6ba6b-14d0-45df-a870-da2a7bca55c6,71,20018,0,0,20018,0
none,P2_LARGEST,e7e6ba6b-14d0-45df-a870-da2a7bca55c6,76,20614,0,0,20614,0
none,P2_LARGEST,e7e6ba6b-14d0-45df-a870-da2a7bca55c6,81,21501,0,0,21501,0
none,P2_LARGEST,e7e6ba6b-14d0-45df-a870-da2a7bca55c6,87,22903,0,0,22903,0
none,P2_LARGEST,e7e6ba6b-14d0-45df-a870-da2a7bca55c6,95,23805,0,0,23805,0
none,P2_LARGEST,e7e6ba6b-14d0-45df-a870-da2a7bca55c6,102,25772,1,4540,21232,0
none,P2_LARGEST,e7e6ba6b-14d0-45df-a870-da2a7bca55c6,107,24836,1,3963,20873,0
none,P2_LARGEST,e7e6ba6b-14d0-45df-a870-da2a7bca55c6,112,21698,0,0,21698,0
none,P2_LARGEST,e7e6ba6b-14d0-45df-a870-da2a7bca55c6,120,23011,0,0,23011,0
