uuid,step,observed_prompt,base,surface_est,metered,reserved,headroom
01e268e6-b99f-4d90-b192-667992d574b7,179,9338,9338,391.0,9729.0,0,252415
01e268e6-b99f-4d90-b192-667992d574b7,346,11134,9338,2103.0,11441.0,0,250703
01e268e6-b99f-4d90-b192-667992d574b7,554,13436,9338,4290.0,13628.0,0,248516
01e268e6-b99f-4d90-b192-667992d574b7,926,15999,9338,6738.0,16076.0,0,246068
3696034f-d67b-4ccf-955f-9a734797d153,116,9171,9171,224.0,9395.0,0,252749
621406b3-39db-4b2d-894d-6ec9ec475b12,273,9174,9174,227.0,9401.0,0,252743
dceef225-d947-42c3-9dff-d202e74e4370,114,9180,9180,233.0,9413.0,0,252731
dceef225-d947-42c3-9dff-d202e74e4370,475,24323,9180,15332.0,24512.0,0,237632
00e3b756-6d28-40a4-97fb-0327e2ca15f3,65,9198,9198,99.0,9297.0,16384,72623
00e3b756-6d28-40a4-97fb-0327e2ca15f3,132,9783,9198,645.0,9843.0,16384,72077
00e3b756-6d28-40a4-97fb-0327e2ca15f3,192,9941,9198,759.0,9957.0,16384,71963
00e3b756-6d28-40a4-97fb-0327e2ca15f3,435,10419,9198,1193.0,10391.0,16384,71529
00e3b756-6d28-40a4-97fb-0327e2ca15f3,742,11199,9198,1929.0,11127.0,16384,70793
02916586-2a93-45cb-b397-e91f985e52f6,15,7552,7552,1835.0,9387.0,16384,11093
02916586-2a93-45cb-b397-e91f985e52f6,22,10420,7552,4635.0,12187.0,16384,8293
02916586-2a93-45cb-b397-e91f985e52f6,27,11754,7552,5929.0,13481.0,16384,6999
02916586-2a93-45cb-b397-e91f985e52f6,32,18523,7552,12737.0,20289.0,16384,191
02916586-2a93-45cb-b397-e91f985e52f6,40,19420,7552,13620.0,21172.0,16384,-692
02916586-2a93-45cb-b397-e91f985e52f6,48,20703,7552,14889.0,22441.0,16384,-1961
02916586-2a93-45cb-b397-e91f985e52f6,56,23289,7552,17461.0,25013.0,16384,-4533
02916586-2a93-45cb-b397-e91f985e52f6,69,14521,7552,8753.0,16305.0,16384,4175
02916586-2a93-45cb-b397-e91f985e52f6,77,17352,7552,11509.0,19061.0,16384,1419
02916586-2a93-45cb-b397-e91f985e52f6,84,20340,7552,14426.0,21978.0,16384,-1498
02916586-2a93-45cb-b397-e91f985e52f6,89,24508,7552,18551.0,26103.0,16384,-5623
02916586-2a93-45cb-b397-e91f985e52f6,102,16068,7552,10300.0,17852.0,16384,2628
02916586-2a93-45cb-b397-e91f985e52f6,108,19683,7552,13900.0,21452.0,16384,-972
02916586-2a93-45cb-b397-e91f985e52f6,116,21850,7552,16053.0,23605.0,16384,-3125
02916586-2a93-45cb-b397-e91f985e52f6,126,14482,7552,8700.0,16252.0,16384,4228
032ac214-c4ac-4b5e-86b5-87982f132965,680,8870,8870,106.0,8976.0,0,253168
05c95d34-0b28-4dae-8a1c-40ff236e281d,186,5811,5811,99.0,5910.0,16384,10474
05c95d34-0b28-4dae-8a1c-40ff236e281d,248,5997,5811,271.0,6082.0,16384,10302
05c95d34-0b28-4dae-8a1c-40ff236e281d,306,6105,5811,335.0,6146.0,16384,10238
05c95d34-0b28-4dae-8a1c-40ff236e281d,793,6169,5811,385.0,6196.0,16384,10188
05c95d34-0b28-4dae-8a1c-40ff236e281d,1238,7567,5811,1743.0,7554.0,16384,8830
05c95d34-0b28-4dae-8a1c-40ff236e281d,1401,8024,5811,2186.0,7997.0,16384,8387
05c95d34-0b28-4dae-8a1c-40ff236e281d,1555,9149,5811,3270.0,9081.0,16384,7303
05c95d34-0b28-4dae-8a1c-40ff236e281d,2867,10962,5811,5042.0,10853.0,16384,5531
06a8c5ee-cd3f-4e43-be56-bc000ce77807,96,1722,1722,8.0,1730.0,0,260414
06a8c5ee-cd3f-4e43-be56-bc000ce77807,131,1865,1722,108.0,1830.0,0,260314
06a8c5ee-cd3f-4e43-be56-bc000ce77807,454,1963,1722,156.0,1878.0,0,260266
06d3d0c0-ef39-4291-a3bc-b19b8eeb42ac,193,9058,9058,107.0,9165.0,0,252979
06d3d0c0-ef39-4291-a3bc-b19b8eeb42ac,334,10429,9058,1418.0,10476.0,0,251668
06d3d0c0-ef39-4291-a3bc-b19b8eeb42ac,2195,11647,9058,2546.0,11604.0,0,250540
0947a960-6d42-4c99-8b7c-5a0df6a32ac3,428,9187,9187,110.0,9297.0,0,252847
0947a960-6d42-4c99-8b7c-5a0df6a32ac3,1236,10260,9187,1143.0,10330.0,0,251814
0947a960-6d42-4c99-8b7c-5a0df6a32ac3,1430,11078,9187,1947.0,11134.0,0,251010
0947a960-6d42-4c99-8b7c-5a0df6a32ac3,2214,12690,9187,3469.0,12656.0,0,249488
0947a960-6d42-4c99-8b7c-5a0df6a32ac3,3903,20942,9187,11642.0,20829.0,0,241315
0947a960-6d42-4c99-8b7c-5a0df6a32ac3,4130,22639,9187,13325.0,22512.0,0,239632
0947a960-6d42-4c99-8b7c-5a0df6a32ac3,4230,23587,9187,14233.0,23420.0,0,238724
0947a960-6d42-4c99-8b7c-5a0df6a32ac3,4499,24427,9187,14984.0,24171.0,0,237973
0947a960-6d42-4c99-8b7c-5a0df6a32ac3,5533,25666,9187,16176.0,25363.0,0,236781
0947a960-6d42-4c99-8b7c-5a0df6a32ac3,5652,26706,9187,17202.0,26389.0,0,235755
0947a960-6d42-4c99-8b7c-5a0df6a32ac3,6105,28228,9187,18634.0,27821.0,0,234323
0947a960-6d42-4c99-8b7c-5a0df6a32ac3,7000,29776,9187,20136.0,29323.0,0,232821
0947a960-6d42-4c99-8b7c-5a0df6a32ac3,7974,30848,9187,21191.0,30378.0,0,231766
0cdb67f2-b71b-4cc3-b158-c6db05c7dff9,239,10255,10255,1178.0,11433.0,0,250711
0cdb67f2-b71b-4cc3-b158-c6db05c7dff9,2621,11524,10255,2396.0,12651.0,0,249493
0cdb67f2-b71b-4cc3-b158-c6db05c7dff9,2750,13808,10255,4636.0,14891.0,0,247253
0cdb67f2-b71b-4cc3-b158-c6db05c7dff9,2960,14031,10255,4815.0,15070.0,0,247074
0cdb67f2-b71b-4cc3-b158-c6db05c7dff9,5385,14306,10255,5041.0,15296.0,0,246848
0cdb67f2-b71b-4cc3-b158-c6db05c7dff9,9516,16743,10255,7464.0,17719.0,0,244425
0e54e7bf-4e3e-4800-b4ea-04f12fc15440,205,6146,6146,434.0,6580.0,16384,9804
0e54e7bf-4e3e-4800-b4ea-04f12fc15440,344,7683,6146,1908.0,8054.0,16384,8330
0e54e7bf-4e3e-4800-b4ea-04f12fc15440,446,8999,6146,3157.0,9303.0,16384,7081
0e54e7bf-4e3e-4800-b4ea-04f12fc15440,974,13284,6146,7384.0,13530.0,16384,2854
0e54e7bf-4e3e-4800-b4ea-04f12fc15440,1544,14536,6146,8564.0,14710.0,16384,1674
0e54e7bf-4e3e-4800-b4ea-04f12fc15440,1779,15320,6146,9275.0,15421.0,16384,963
0e54e7bf-4e3e-4800-b4ea-04f12fc15440,2054,16630,6146,10542.0,16688.0,16384,-304
0e54e7bf-4e3e-4800-b4ea-04f12fc15440,2136,17183,6146,11055.0,17201.0,16384,-817
0e54e7bf-4e3e-4800-b4ea-04f12fc15440,2249,17683,6146,11512.0,17658.0,16384,-1274
0e54e7bf-4e3e-4800-b4ea-04f12fc15440,2318,17917,6146,11702.0,17848.0,16384,-1464
0e54e7bf-4e3e-4800-b4ea-04f12fc15440,2742,19574,6146,13308.0,19454.0,16384,-3070
0e54e7bf-4e3e-4800-b4ea-04f12fc15440,2843,20035,6146,13732.0,19878.0,16384,-3494
0e54e7bf-4e3e-4800-b4ea-04f12fc15440,2960,20780,6146,14434.0,20580.0,16384,-4196
0e54e7bf-4e3e-4800-b4ea-04f12fc15440,3116,19659,6146,13271.0,19417.0,16384,-3033
0e54e7bf-4e3e-4800-b4ea-04f12fc15440,3326,20060,6146,13629.0,19775.0,16384,-3391
0e54e7bf-4e3e-4800-b4ea-04f12fc15440,4107,21282,6146,14800.0,20946.0,16384,-4562
0e54e7bf-4e3e-4800-b4ea-04f12fc15440,4320,22624,6146,16066.0,22212.0,16384,-5828
0e54e7bf-4e3e-4800-b4ea-04f12fc15440,4533,14816,6146,8734.0,14880.0,16384,1504
0e54e7bf-4e3e-4800-b4ea-04f12fc15440,7687,22795,6146,16666.0,22812.0,16384,-6428
0e7258b7-8ba9-4620-acc0-dd57f775a1f5,136,9176,9176,99.0,9275.0,16384,7109
0e7258b7-8ba9-4620-acc0-dd57f775a1f5,198,10170,9176,1054.0,10230.0,16384,6154
0e7258b7-8ba9-4620-acc0-dd57f775a1f5,283,10749,9176,1593.0,10769.0,16384,5615
0e7258b7-8ba9-4620-acc0-dd57f775a1f5,690,11987,9176,2760.0,11936.0,16384,4448
0e7258b7-8ba9-4620-acc0-dd57f775a1f5,1494,13621,9176,4343.0,13519.0,16384,2865
0e7258b7-8ba9-4620-acc0-dd57f775a1f5,1588,14436,9176,5144.0,14320.0,16384,2064
0e7258b7-8ba9-4620-acc0-dd57f775a1f5,1809,15532,9176,6189.0,15365.0,16384,1019
0e7258b7-8ba9-4620-acc0-dd57f775a1f5,3143,16929,9176,7535.0,16711.0,16384,-327
0e7258b7-8ba9-4620-acc0-dd57f775a1f5,3317,18271,9176,8863.0,18039.0,16384,-1655
0e7258b7-8ba9-4620-acc0-dd57f775a1f5,3481,20237,9176,10743.0,19919.0,16384,-3535
0e7258b7-8ba9-4620-acc0-dd57f775a1f5,5120,21521,9176,11969.0,21145.0,16384,-4761
10e941dd-6bd7-4ccd-94f4-0f7102534336,253,8863,8863,99.0,8962.0,0,253182
10e941dd-6bd7-4ccd-94f4-0f7102534336,328,9188,8863,388.0,9251.0,0,252893
10e941dd-6bd7-4ccd-94f4-0f7102534336,379,9326,8863,475.0,9338.0,0,252806
10e941dd-6bd7-4ccd-94f4-0f7102534336,682,9440,8863,538.0,9401.0,0,252743
10e941dd-6bd7-4ccd-94f4-0f7102534336,1120,9751,8863,835.0,9698.0,0,252446
10e941dd-6bd7-4ccd-94f4-0f7102534336,1443,10233,8863,1274.0,10137.0,0,252007
10e941dd-6bd7-4ccd-94f4-0f7102534336,1498,10572,8863,1599.0,10462.0,0,251682
10e941dd-6bd7-4ccd-94f4-0f7102534336,1588,10871,8863,1862.0,10725.0,0,251419
10e941dd-6bd7-4ccd-94f4-0f7102534336,1857,11042,8863,1997.0,10860.0,0,251284
10e941dd-6bd7-4ccd-94f4-0f7102534336,2166,11374,8863,2278.0,11141.0,0,251003
10e941dd-6bd7-4ccd-94f4-0f7102534336,2768,11764,8863,2632.0,11495.0,0,250649
10e941dd-6bd7-4ccd-94f4-0f7102534336,2832,12380,8863,3234.0,12097.0,0,250047
10e941dd-6bd7-4ccd-94f4-0f7102534336,3535,12521,8863,3339.0,12202.0,0,249942
10e941dd-6bd7-4ccd-94f4-0f7102534336,4054,13287,8863,4054.0,12917.0,0,249227
17057ddc-a421-4a4b-a456-72f5ba856f5d,80,9200,9200,101.0,9301.0,16384,72619
17057ddc-a421-4a4b-a456-72f5ba856f5d,127,9758,9200,620.0,9820.0,16384,72100
17057ddc-a421-4a4b-a456-72f5ba856f5d,177,10106,9200,917.0,10117.0,16384,71803
17057ddc-a421-4a4b-a456-72f5ba856f5d,313,10551,9200,1311.0,10511.0,16384,71409
17057ddc-a421-4a4b-a456-72f5ba856f5d,420,11276,9200,1954.0,11154.0,16384,70766
17057ddc-a421-4a4b-a456-72f5ba856f5d,524,11965,9200,2592.0,11792.0,16384,70128
17057ddc-a421-4a4b-a456-72f5ba856f5d,1181,12487,9200,3063.0,12263.0,16384,69657
17057ddc-a421-4a4b-a456-72f5ba856f5d,1291,13155,9200,3717.0,12917.0,16384,69003
17057ddc-a421-4a4b-a456-72f5ba856f5d,1564,14515,9200,4973.0,14173.0,16384,67747
17057ddc-a421-4a4b-a456-72f5ba856f5d,1787,16508,9200,6869.0,16069.0,16384,65851
17057ddc-a421-4a4b-a456-72f5ba856f5d,1983,18027,9200,8299.0,17499.0,16384,64421
17057ddc-a421-4a4b-a456-72f5ba856f5d,3352,19075,9200,9289.0,18489.0,16384,63431
1a89fdc5-b4c3-4d01-a9a4-91048d822fae,236,7052,7052,130.0,7182.0,16384,13298
1e420fff-717d-4724-8fb9-fccd86cb9f0b,83,1167,1167,48.0,1215.0,256000,4929
1e420fff-717d-4724-8fb9-fccd86cb9f0b,171,1287,1167,124.0,1291.0,256000,4853
1e420fff-717d-4724-8fb9-fccd86cb9f0b,228,1588,1167,390.0,1557.0,256000,4587
1e420fff-717d-4724-8fb9-fccd86cb9f0b,757,1723,1167,483.0,1650.0,256000,4494
1e420fff-717d-4724-8fb9-fccd86cb9f0b,840,2259,1167,1005.0,2172.0,256000,3972
1e420fff-717d-4724-8fb9-fccd86cb9f0b,919,2412,1167,1111.0,2278.0,256000,3866
1e420fff-717d-4724-8fb9-fccd86cb9f0b,1075,2645,1167,1277.0,2444.0,256000,3700
1e420fff-717d-4724-8fb9-fccd86cb9f0b,1142,2806,1167,1424.0,2591.0,256000,3553
1e420fff-717d-4724-8fb9-fccd86cb9f0b,1270,3033,1167,1614.0,2781.0,256000,3363
1e420fff-717d-4724-8fb9-fccd86cb9f0b,1354,3289,1167,1833.0,3000.0,256000,3144
1f1b7734-1543-4d63-b848-850b4911495e,383,5960,5960,243.0,6203.0,16384,10181
1f1b7734-1543-4d63-b848-850b4911495e,1428,7867,5960,2109.0,8069.0,16384,8315
1f45dbf1-6e0a-4537-ae86-c6c06024e0f7,208,9176,9176,99.0,9275.0,0,252869
1f45dbf1-6e0a-4537-ae86-c6c06024e0f7,327,9944,9176,828.0,10004.0,0,252140
1f45dbf1-6e0a-4537-ae86-c6c06024e0f7,418,10982,9176,1787.0,10963.0,0,251181
1f45dbf1-6e0a-4537-ae86-c6c06024e0f7,855,11739,9176,2493.0,11669.0,0,250475
1f45dbf1-6e0a-4537-ae86-c6c06024e0f7,1737,13483,9176,4193.0,13369.0,0,248775
1f45dbf1-6e0a-4537-ae86-c6c06024e0f7,2390,15309,9176,5978.0,15154.0,0,246990
20a1f102-30b9-44e2-98ec-ae70233c6bcd,1029,1130,1130,16.0,1146.0,0,260998
22984eb4-1779-45ac-a179-4ab1aa246bb8,15,6391,6391,450.0,6841.0,16384,13639
22984eb4-1779-45ac-a179-4ab1aa246bb8,20,7714,6391,1734.0,8125.0,16384,12355
22984eb4-1779-45ac-a179-4ab1aa246bb8,28,8164,6391,2170.0,8561.0,16384,11919
22984eb4-1779-45ac-a179-4ab1aa246bb8,35,21922,6391,15844.0,22235.0,16384,-1755
22984eb4-1779-45ac-a179-4ab1aa246bb8,49,14497,6391,8338.0,14729.0,16384,5751
22984eb4-1779-45ac-a179-4ab1aa246bb8,54,15012,6391,8809.0,15200.0,16384,5280
22984eb4-1779-45ac-a179-4ab1aa246bb8,59,15604,6391,9349.0,15740.0,16384,4740
22984eb4-1779-45ac-a179-4ab1aa246bb8,64,15842,6391,9545.0,15936.0,16384,4544
22984eb4-1779-45ac-a179-4ab1aa246bb8,69,17824,6391,11484.0,17875.0,16384,2605
22984eb4-1779-45ac-a179-4ab1aa246bb8,74,18467,6391,12089.0,18480.0,16384,2000
22984eb4-1779-45ac-a179-4ab1aa246bb8,79,20957,6391,14544.0,20935.0,16384,-455
22984eb4-1779-45ac-a179-4ab1aa246bb8,87,21702,6391,15275.0,21666.0,16384,-1186
22984eb4-1779-45ac-a179-4ab1aa246bb8,92,23230,6391,16762.0,23153.0,16384,-2673
22984eb4-1779-45ac-a179-4ab1aa246bb8,105,14250,6391,8142.0,14533.0,16384,5947
22984eb4-1779-45ac-a179-4ab1aa246bb8,111,19164,6391,13007.0,19398.0,16384,1082
22984eb4-1779-45ac-a179-4ab1aa246bb8,116,21443,6391,15243.0,21634.0,16384,-1154
22984eb4-1779-45ac-a179-4ab1aa246bb8,121,22552,6391,16308.0,22699.0,16384,-2219
22984eb4-1779-45ac-a179-4ab1aa246bb8,126,23946,6391,17658.0,24049.0,16384,-3569
25665ca6-e254-4ec9-aea4-a8217955328d,92,5830,5830,118.0,5948.0,16384,10436
25665ca6-e254-4ec9-aea4-a8217955328d,705,7172,5830,1420.0,7250.0,16384,9134
25665ca6-e254-4ec9-aea4-a8217955328d,1398,9085,5830,3292.0,9122.0,16384,7262
25665ca6-e254-4ec9-aea4-a8217955328d,2946,10921,5830,5087.0,10917.0,16384,5467
259e7108-c993-417d-809d-f841cd6155c9,133,5809,5809,99.0,5908.0,16384,10476
259e7108-c993-417d-809d-f841cd6155c9,493,7111,5809,1362.0,7171.0,16384,9213
25caa0a0-f0fa-4dab-914c-e178809c5b34,102,1153,1153,39.0,1192.0,0,260952
25caa0a0-f0fa-4dab-914c-e178809c5b34,211,1330,1153,179.0,1332.0,0,260812
25caa0a0-f0fa-4dab-914c-e178809c5b34,335,2670,1153,1426.0,2579.0,0,259565
25caa0a0-f0fa-4dab-914c-e178809c5b34,1192,4918,1153,3582.0,4735.0,0,257409
25caa0a0-f0fa-4dab-914c-e178809c5b34,2089,5980,1153,4607.0,5760.0,0,256384
27e55b69-af50-4b4a-bcd1-3bcb3d420858,63,5811,5811,99.0,5910.0,16384,10474
27e55b69-af50-4b4a-bcd1-3bcb3d420858,460,6663,5811,912.0,6723.0,16384,9661
2826ba22-9488-4ae5-b463-2bd02a275265,222,8900,8900,98.0,8998.0,0,253146
2826ba22-9488-4ae5-b463-2bd02a275265,303,9194,8900,356.0,9256.0,0,252888
2826ba22-9488-4ae5-b463-2bd02a275265,347,9338,8900,449.0,9349.0,0,252795
2826ba22-9488-4ae5-b463-2bd02a275265,427,9623,8900,705.0,9605.0,0,252539
2826ba22-9488-4ae5-b463-2bd02a275265,544,9784,8900,830.0,9730.0,0,252414
2826ba22-9488-4ae5-b463-2bd02a275265,631,9964,8900,959.0,9859.0,0,252285
2826ba22-9488-4ae5-b463-2bd02a275265,862,10114,8900,1058.0,9958.0,0,252186
2826ba22-9488-4ae5-b463-2bd02a275265,1173,10398,8900,1299.0,10199.0,0,251945
2826ba22-9488-4ae5-b463-2bd02a275265,1370,10807,8900,1677.0,10577.0,0,251567
2826ba22-9488-4ae5-b463-2bd02a275265,1606,16704,8900,7530.0,16430.0,0,245714
2826ba22-9488-4ae5-b463-2bd02a275265,1893,19076,8900,9858.0,18758.0,0,243386
2826ba22-9488-4ae5-b463-2bd02a275265,2228,19376,8900,10144.0,19044.0,0,243100
2826ba22-9488-4ae5-b463-2bd02a275265,2678,22043,8900,12767.0,21667.0,0,240477
2826ba22-9488-4ae5-b463-2bd02a275265,3130,12427,8900,3586.0,12486.0,0,249658
2826ba22-9488-4ae5-b463-2bd02a275265,3818,25761,8900,16871.0,25771.0,0,236373
2826ba22-9488-4ae5-b463-2bd02a275265,4233,26474,8900,17570.0,26470.0,0,235674
2826ba22-9488-4ae5-b463-2bd02a275265,4568,28298,8900,19350.0,28250.0,0,233894
2826ba22-9488-4ae5-b463-2bd02a275265,4896,29457,8900,20426.0,29326.0,0,232818
2826ba22-9488-4ae5-b463-2bd02a275265,5505,12584,8900,3705.0,12605.0,0,249539
2826ba22-9488-4ae5-b463-2bd02a275265,6977,30113,8900,21184.0,30084.0,0,232060
2c60f1d1-155b-40c6-93db-89e916cce48f,66,9172,9172,99.0,9271.0,8192,15305
2c60f1d1-155b-40c6-93db-89e916cce48f,136,9690,9172,578.0,9750.0,8192,14826
2c60f1d1-155b-40c6-93db-89e916cce48f,187,10418,9172,1266.0,10438.0,8192,14138
2c60f1d1-155b-40c6-93db-89e916cce48f,324,10828,9172,1632.0,10804.0,8192,13772
2c60f1d1-155b-40c6-93db-89e916cce48f,437,10846,9172,1768.0,10940.0,8192,13636
2c60f1d1-155b-40c6-93db-89e916cce48f,515,10908,9172,1872.0,11044.0,8192,13532
2c60f1d1-155b-40c6-93db-89e916cce48f,608,10937,9172,1937.0,11109.0,8192,13467
2c60f1d1-155b-40c6-93db-89e916cce48f,657,10970,9172,2018.0,11190.0,8192,13386
2c60f1d1-155b-40c6-93db-89e916cce48f,712,11571,9172,2579.0,11751.0,8192,12825
2c60f1d1-155b-40c6-93db-89e916cce48f,765,12192,9172,3160.0,12332.0,8192,12244
2c60f1d1-155b-40c6-93db-89e916cce48f,820,12304,9172,3228.0,12400.0,8192,12176
2c60f1d1-155b-40c6-93db-89e916cce48f,914,12258,9172,3278.0,12450.0,8192,12126
2c60f1d1-155b-40c6-93db-89e916cce48f,967,12823,9172,3804.0,12976.0,8192,11600
2c60f1d1-155b-40c6-93db-89e916cce48f,1094,13553,9172,4490.0,13662.0,8192,10914
2c60f1d1-155b-40c6-93db-89e916cce48f,1152,14114,9172,5011.0,14183.0,8192,10393
2c60f1d1-155b-40c6-93db-89e916cce48f,1200,14629,9172,5486.0,14658.0,8192,9918
2c60f1d1-155b-40c6-93db-89e916cce48f,1356,15140,9172,5953.0,15125.0,8192,9451
2db662b3-7c1a-411d-92b4-51bd64b2b471,182,9238,9238,161.0,9399.0,16384,6985
2db662b3-7c1a-411d-92b4-51bd64b2b471,3307,13966,9238,4820.0,14058.0,16384,2326
2db662b3-7c1a-411d-92b4-51bd64b2b471,7515,17366,9238,8178.0,17416.0,16384,-1032
2db662b3-7c1a-411d-92b4-51bd64b2b471,8043,21924,9238,12880.0,22118.0,16384,-5734
2db662b3-7c1a-411d-92b4-51bd64b2b471,8222,22527,9238,13435.0,22673.0,16384,-6289
2db662b3-7c1a-411d-92b4-51bd64b2b471,8331,24748,9238,15612.0,24850.0,16384,-8466
2db662b3-7c1a-411d-92b4-51bd64b2b471,8457,27151,9238,17972.0,27210.0,16384,-10826
2db662b3-7c1a-411d-92b4-51bd64b2b471,8584,22450,9238,13352.0,22590.0,16384,-6206
2db662b3-7c1a-411d-92b4-51bd64b2b471,8642,25487,9238,16333.0,25571.0,16384,-9187
2db662b3-7c1a-411d-92b4-51bd64b2b471,12433,22151,9238,12894.0,22132.0,16384,-5748
2db662b3-7c1a-411d-92b4-51bd64b2b471,12992,26234,9238,16948.0,26186.0,16384,-9802
2db662b3-7c1a-411d-92b4-51bd64b2b471,13608,19774,9238,10583.0,19821.0,16384,-3437
2db662b3-7c1a-411d-92b4-51bd64b2b471,20675,20655,9238,11425.0,20663.0,16384,-4279
2f1e6d07-04f4-476f-a233-9788971e428c,1759,10684,10684,1607.0,12291.0,0,249853
2f1e6d07-04f4-476f-a233-9788971e428c,2571,12457,10684,3366.0,14050.0,0,248094
2f1e6d07-04f4-476f-a233-9788971e428c,2676,13818,10684,4686.0,15370.0,0,246774
2f1e6d07-04f4-476f-a233-9788971e428c,4319,14456,10684,5283.0,15967.0,0,246177
2f1e6d07-04f4-476f-a233-9788971e428c,6928,16144,10684,6957.0,17641.0,0,244503
2f97e709-2137-44e0-87ff-343f1756fb4c,617,7771,7771,106.0,7877.0,0,254267
2f97e709-2137-44e0-87ff-343f1756fb4c,1261,8460,7771,759.0,8530.0,0,253614
30f5ba7f-64b0-49e6-8a23-4abc3e905f92,127,1130,1130,16.0,1146.0,0,260998
30f5ba7f-64b0-49e6-8a23-4abc3e905f92,206,1374,1130,227.0,1357.0,0,260787
30f5ba7f-64b0-49e6-8a23-4abc3e905f92,320,1529,1130,340.0,1470.0,0,260674
30f5ba7f-64b0-49e6-8a23-4abc3e905f92,380,1714,1130,478.0,1608.0,0,260536
30f5ba7f-64b0-49e6-8a23-4abc3e905f92,478,1896,1130,618.0,1748.0,0,260396
30f5ba7f-64b0-49e6-8a23-4abc3e905f92,567,2059,1130,744.0,1874.0,0,260270
30f5ba7f-64b0-49e6-8a23-4abc3e905f92,774,2184,1130,832.0,1962.0,0,260182
30f5ba7f-64b0-49e6-8a23-4abc3e905f92,909,2433,1130,1067.0,2197.0,0,259947
3532f9fc-0904-4334-bf23-8b44218421f9,15,4922,4922,452.0,5374.0,16384,15106
3532f9fc-0904-4334-bf23-8b44218421f9,20,5191,4922,681.0,5603.0,16384,14877
3532f9fc-0904-4334-bf23-8b44218421f9,25,5312,4922,763.0,5685.0,16384,14795
358cf613-b67f-495e-83fa-634953f24f16,15,6393,6393,453.0,6846.0,16384,13634
358cf613-b67f-495e-83fa-634953f24f16,20,7757,6393,1776.0,8169.0,16384,12311
363ccd78-1458-42cd-a7e6-426b01177eb5,104,5831,5831,99.0,5930.0,16384,75990
363ccd78-1458-42cd-a7e6-426b01177eb5,150,6292,5831,521.0,6352.0,16384,75568
363ccd78-1458-42cd-a7e6-426b01177eb5,197,6685,5831,878.0,6709.0,16384,75211
363ccd78-1458-42cd-a7e6-426b01177eb5,289,7023,5831,1172.0,7003.0,16384,74917
363ccd78-1458-42cd-a7e6-426b01177eb5,340,7420,5831,1533.0,7364.0,16384,74556
363ccd78-1458-42cd-a7e6-426b01177eb5,753,7997,5831,2066.0,7897.0,16384,74023
37054a65-196d-44e6-b2a4-e8c6132b0e73,257,6337,6337,620.0,6957.0,16384,9427
37054a65-196d-44e6-b2a4-e8c6132b0e73,726,8821,6337,2999.0,9336.0,16384,7048
37054a65-196d-44e6-b2a4-e8c6132b0e73,1635,12799,6337,6916.0,13253.0,16384,3131
37054a65-196d-44e6-b2a4-e8c6132b0e73,4679,18191,6337,12322.0,18659.0,16384,-2275
37054a65-196d-44e6-b2a4-e8c6132b0e73,14293,20864,6337,14952.0,21289.0,16384,-4905
37054a65-196d-44e6-b2a4-e8c6132b0e73,18150,19498,6337,13657.0,19994.0,16384,-3610
37054a65-196d-44e6-b2a4-e8c6132b0e73,20933,23950,6337,18036.0,24373.0,16384,-7989
37054a65-196d-44e6-b2a4-e8c6132b0e73,25269,18446,6337,12559.0,18896.0,16384,-2512
37054a65-196d-44e6-b2a4-e8c6132b0e73,27098,19074,6337,13191.0,19528.0,16384,-3144
37054a65-196d-44e6-b2a4-e8c6132b0e73,29231,17492,6337,11664.0,18001.0,16384,-1617
37054a65-196d-44e6-b2a4-e8c6132b0e73,33268,20170,6337,14306.0,20643.0,16384,-4259
37054a65-196d-44e6-b2a4-e8c6132b0e73,34943,24435,6337,18534.0,24871.0,16384,-8487
37054a65-196d-44e6-b2a4-e8c6132b0e73,36582,18800,6337,12975.0,19312.0,16384,-2928
37054a65-196d-44e6-b2a4-e8c6132b0e73,40212,18235,6337,12400.0,18737.0,16384,-2353
37054a65-196d-44e6-b2a4-e8c6132b0e73,44977,23157,6337,17305.0,23642.0,16384,-7258
37054a65-196d-44e6-b2a4-e8c6132b0e73,49552,19926,6337,14162.0,20499.0,16384,-4115
37054a65-196d-44e6-b2a4-e8c6132b0e73,50869,20935,6337,15144.0,21481.0,16384,-5097
37054a65-196d-44e6-b2a4-e8c6132b0e73,52745,16673,6337,10893.0,17230.0,16384,-846
37054a65-196d-44e6-b2a4-e8c6132b0e73,57620,18789,6337,12974.0,19311.0,16384,-2927
37c1c9c4-7af0-4b46-abad-cc47725cd17f,1297,7732,7732,2015.0,9747.0,16384,10733
40c4a9b8-b103-42da-b576-0ffe6c051c4e,388,9754,9754,681.0,10435.0,16384,5949
40c4a9b8-b103-42da-b576-0ffe6c051c4e,484,10267,9754,1124.0,10878.0,16384,5506
40c4a9b8-b103-42da-b576-0ffe6c051c4e,658,10448,9754,1262.0,11016.0,16384,5368
40c4a9b8-b103-42da-b576-0ffe6c051c4e,981,15801,9754,6580.0,16334.0,16384,50
40c4a9b8-b103-42da-b576-0ffe6c051c4e,1451,17594,9754,8337.0,18091.0,16384,-1707
40c4a9b8-b103-42da-b576-0ffe6c051c4e,2218,18110,9754,8798.0,18552.0,16384,-2168
40c4a9b8-b103-42da-b576-0ffe6c051c4e,2946,19010,9754,9681.0,19435.0,16384,-3051
40c4a9b8-b103-42da-b576-0ffe6c051c4e,3620,19882,9754,10532.0,20286.0,16384,-3902
40c4a9b8-b103-42da-b576-0ffe6c051c4e,3705,20678,9754,11306.0,21060.0,16384,-4676
40c4a9b8-b103-42da-b576-0ffe6c051c4e,3808,21130,9754,11714.0,21468.0,16384,-5084
40c4a9b8-b103-42da-b576-0ffe6c051c4e,4565,21628,9754,12171.0,21925.0,16384,-5541
40c4a9b8-b103-42da-b576-0ffe6c051c4e,5293,22825,9754,13352.0,23106.0,16384,-6722
40c4a9b8-b103-42da-b576-0ffe6c051c4e,6005,24001,9754,14513.0,24267.0,16384,-7883
40c4a9b8-b103-42da-b576-0ffe6c051c4e,6699,24930,9754,15425.0,25179.0,16384,-8795
40c4a9b8-b103-42da-b576-0ffe6c051c4e,6836,25749,9754,16227.0,25981.0,16384,-9597
40c4a9b8-b103-42da-b576-0ffe6c051c4e,7527,26121,9754,16560.0,26314.0,16384,-9930
40c4a9b8-b103-42da-b576-0ffe6c051c4e,7810,23335,9754,13758.0,23512.0,16384,-7128
40c4a9b8-b103-42da-b576-0ffe6c051c4e,8163,23660,9754,14028.0,23782.0,16384,-7398
40c4a9b8-b103-42da-b576-0ffe6c051c4e,8428,24230,9754,14584.0,24338.0,16384,-7954
40c4a9b8-b103-42da-b576-0ffe6c051c4e,8805,24539,9754,14838.0,24592.0,16384,-8208
40c4a9b8-b103-42da-b576-0ffe6c051c4e,10807,26225,9754,16499.0,26253.0,16384,-9869
40c4a9b8-b103-42da-b576-0ffe6c051c4e,15687,16798,9754,7492.0,17246.0,16384,-862
40c4a9b8-b103-42da-b576-0ffe6c051c4e,22276,15830,9754,13326.0,23080.0,16384,-6696
40c4a9b8-b103-42da-b576-0ffe6c051c4e,22291,15836,9754,19932.0,29686.0,16384,-13302
40c4a9b8-b103-42da-b576-0ffe6c051c4e,22639,10588,9754,8116.0,17870.0,16384,-1486
40c4a9b8-b103-42da-b576-0ffe6c051c4e,30438,12811,9754,10364.0,20118.0,16384,-3734
40c4a9b8-b103-42da-b576-0ffe6c051c4e,30728,11240,9754,10134.0,19888.0,16384,-3504
40c4a9b8-b103-42da-b576-0ffe6c051c4e,30964,11618,9754,10564.0,20318.0,16384,-3934
40c4a9b8-b103-42da-b576-0ffe6c051c4e,31390,12064,9754,10974.0,20728.0,16384,-4344
40c4a9b8-b103-42da-b576-0ffe6c051c4e,32015,14607,9754,13480.0,23234.0,16384,-6850
40c4a9b8-b103-42da-b576-0ffe6c051c4e,32397,15477,9754,14314.0,24068.0,16384,-7684
40c4a9b8-b103-42da-b576-0ffe6c051c4e,32728,15341,9754,14897.0,24651.0,16384,-8267
40c4a9b8-b103-42da-b576-0ffe6c051c4e,35501,15929,9754,15449.0,25203.0,16384,-8819
40c4a9b8-b103-42da-b576-0ffe6c051c4e,35967,16778,9754,18546.0,28300.0,24576,-20108
40c4a9b8-b103-42da-b576-0ffe6c051c4e,36199,17344,9754,19086.0,28840.0,24576,-20648
40c4a9b8-b103-42da-b576-0ffe6c051c4e,36407,17760,9754,19469.0,29223.0,24576,-21031
40c4a9b8-b103-42da-b576-0ffe6c051c4e,37758,18404,9754,20078.0,29832.0,24576,-21640
40c4a9b8-b103-42da-b576-0ffe6c051c4e,38778,19921,9754,21627.0,31381.0,24576,-23189
40c4a9b8-b103-42da-b576-0ffe6c051c4e,39601,16060,9754,9046.0,18800.0,24576,-10608
40c4a9b8-b103-42da-b576-0ffe6c051c4e,39685,16522,9754,10096.0,19850.0,24576,-11658
40c4a9b8-b103-42da-b576-0ffe6c051c4e,39747,16671,9754,10201.0,19955.0,24576,-11763
40c4a9b8-b103-42da-b576-0ffe6c051c4e,39916,16814,9754,10300.0,20054.0,24576,-11862
40c4a9b8-b103-42da-b576-0ffe6c051c4e,40037,17087,9754,10532.0,20286.0,24576,-12094
40c4a9b8-b103-42da-b576-0ffe6c051c4e,40180,17281,9754,10681.0,20435.0,24576,-12243
40c4a9b8-b103-42da-b576-0ffe6c051c4e,40302,17614,9754,10973.0,20727.0,24576,-12535
40c4a9b8-b103-42da-b576-0ffe6c051c4e,41016,18403,9754,11718.0,21472.0,24576,-13280
40c4a9b8-b103-42da-b576-0ffe6c051c4e,41874,19385,9754,12690.0,22444.0,24576,-14252
40c4a9b8-b103-42da-b576-0ffe6c051c4e,42610,20396,9754,13690.0,23444.0,24576,-15252
40c4a9b8-b103-42da-b576-0ffe6c051c4e,42737,21638,9754,14936.0,24690.0,24576,-16498
40c4a9b8-b103-42da-b576-0ffe6c051c4e,42859,21832,9754,15077.0,24831.0,24576,-16639
40c4a9b8-b103-42da-b576-0ffe6c051c4e,42979,22325,9754,15526.0,25280.0,24576,-17088
40c4a9b8-b103-42da-b576-0ffe6c051c4e,43103,22523,9754,15680.0,25434.0,24576,-17242
40c4a9b8-b103-42da-b576-0ffe6c051c4e,43235,23023,9754,16139.0,25893.0,24576,-17701
40c4a9b8-b103-42da-b576-0ffe6c051c4e,43490,23252,9754,16316.0,26070.0,24576,-17878
40c4a9b8-b103-42da-b576-0ffe6c051c4e,43571,23861,9754,16881.0,26635.0,24576,-18443
40c4a9b8-b103-42da-b576-0ffe6c051c4e,43714,23986,9754,16962.0,26716.0,24576,-18524
40c4a9b8-b103-42da-b576-0ffe6c051c4e,43857,24247,9754,17173.0,26927.0,24576,-18735
40c4a9b8-b103-42da-b576-0ffe6c051c4e,44001,24452,9754,17327.0,27081.0,24576,-18889
40c4a9b8-b103-42da-b576-0ffe6c051c4e,44218,24648,9754,17471.0,27225.0,24576,-19033
40c4a9b8-b103-42da-b576-0ffe6c051c4e,44440,24931,9754,17711.0,27465.0,24576,-19273
40c4a9b8-b103-42da-b576-0ffe6c051c4e,44684,25218,9754,17946.0,27700.0,24576,-19508
40c4a9b8-b103-42da-b576-0ffe6c051c4e,44808,25603,9754,18279.0,28033.0,24576,-19841
40c4a9b8-b103-42da-b576-0ffe6c051c4e,44973,27220,9754,19844.0,29598.0,24576,-21406
40c4a9b8-b103-42da-b576-0ffe6c051c4e,45138,18025,9754,8242.0,17996.0,24576,-9804
40c4a9b8-b103-42da-b576-0ffe6c051c4e,45463,17262,9754,8506.0,18260.0,24576,-10068
40c4a9b8-b103-42da-b576-0ffe6c051c4e,45795,17643,9754,8835.0,18589.0,24576,-10397
40c4a9b8-b103-42da-b576-0ffe6c051c4e,46671,18038,9754,9178.0,18932.0,24576,-10740
40c4a9b8-b103-42da-b576-0ffe6c051c4e,46935,19039,9754,10128.0,19882.0,24576,-11690
40c4a9b8-b103-42da-b576-0ffe6c051c4e,47266,19395,9754,10433.0,20187.0,24576,-11995
40c4a9b8-b103-42da-b576-0ffe6c051c4e,47740,19781,9754,10769.0,20523.0,24576,-12331
40c4a9b8-b103-42da-b576-0ffe6c051c4e,48163,20352,9754,11289.0,21043.0,24576,-12851
40c4a9b8-b103-42da-b576-0ffe6c051c4e,48653,20836,9754,11723.0,21477.0,24576,-13285
40c4a9b8-b103-42da-b576-0ffe6c051c4e,48907,21391,9754,12226.0,21980.0,24576,-13788
40c4a9b8-b103-42da-b576-0ffe6c051c4e,49133,21738,9754,12522.0,22276.0,24576,-14084
40c4a9b8-b103-42da-b576-0ffe6c051c4e,49292,22037,9754,12770.0,22524.0,24576,-14332
40c4a9b8-b103-42da-b576-0ffe6c051c4e,49373,22297,9754,12987.0,22741.0,24576,-14549
40c4a9b8-b103-42da-b576-0ffe6c051c4e,49447,22433,9754,13080.0,22834.0,24576,-14642
40c4a9b8-b103-42da-b576-0ffe6c051c4e,49630,22546,9754,13148.0,22902.0,24576,-14710
40c4a9b8-b103-42da-b576-0ffe6c051c4e,50604,22793,9754,13344.0,23098.0,24576,-14906
40c4a9b8-b103-42da-b576-0ffe6c051c4e,51131,24140,9754,14708.0,24462.0,24576,-16270
40c4a9b8-b103-42da-b576-0ffe6c051c4e,51243,21667,9754,15364.0,25118.0,24576,-16926
40c4a9b8-b103-42da-b576-0ffe6c051c4e,51374,21913,9754,15558.0,25312.0,24576,-17120
40c4a9b8-b103-42da-b576-0ffe6c051c4e,52161,22579,9754,16173.0,25927.0,24576,-17735
40c4a9b8-b103-42da-b576-0ffe6c051c4e,52298,22969,9754,17188.0,26942.0,24576,-18750
40c4a9b8-b103-42da-b576-0ffe6c051c4e,52521,23215,9754,17382.0,27136.0,24576,-18944
40c4a9b8-b103-42da-b576-0ffe6c051c4e,52602,23649,9754,17766.0,27520.0,24576,-19328
40c4a9b8-b103-42da-b576-0ffe6c051c4e,53131,23826,9754,17908.0,27662.0,24576,-19470
40c4a9b8-b103-42da-b576-0ffe6c051c4e,53438,25022,9754,19061.0,28815.0,24576,-20623
40c4a9b8-b103-42da-b576-0ffe6c051c4e,53519,25424,9754,19420.0,29174.0,24576,-20982
40c4a9b8-b103-42da-b576-0ffe6c051c4e,54283,25692,9754,19638.0,29392.0,24576,-21200
40c4a9b8-b103-42da-b576-0ffe6c051c4e,55099,18083,9754,9422.0,19176.0,24576,-10984
40c4a9b8-b103-42da-b576-0ffe6c051c4e,56113,17634,9754,10408.0,20162.0,24576,-11970
40c4a9b8-b103-42da-b576-0ffe6c051c4e,56503,18753,9754,11526.0,21280.0,24576,-13088
40c4a9b8-b103-42da-b576-0ffe6c051c4e,57715,19881,9754,12634.0,22388.0,24576,-14196
40c4a9b8-b103-42da-b576-0ffe6c051c4e,58156,21259,9754,13994.0,23748.0,24576,-15556
40c4a9b8-b103-42da-b576-0ffe6c051c4e,58985,21878,9754,14588.0,24342.0,24576,-16150
40c4a9b8-b103-42da-b576-0ffe6c051c4e,59527,22920,9754,15607.0,25361.0,24576,-17169
40c4a9b8-b103-42da-b576-0ffe6c051c4e,60344,23723,9754,16389.0,26143.0,24576,-17951
40c4a9b8-b103-42da-b576-0ffe6c051c4e,60820,24681,9754,17315.0,27069.0,24576,-18877
40c4a9b8-b103-42da-b576-0ffe6c051c4e,61452,25353,9754,17955.0,27709.0,24576,-19517
40c4a9b8-b103-42da-b576-0ffe6c051c4e,63563,17958,9754,8724.0,18478.0,24576,-10286
40c4a9b8-b103-42da-b576-0ffe6c051c4e,63712,18416,9754,11344.0,21098.0,24576,-12906
40c4a9b8-b103-42da-b576-0ffe6c051c4e,63952,19025,9754,11909.0,21663.0,24576,-13471
40c4a9b8-b103-42da-b576-0ffe6c051c4e,66282,19442,9754,12291.0,22045.0,24576,-13853
40c4a9b8-b103-42da-b576-0ffe6c051c4e,68040,22106,9754,15071.0,24825.0,24576,-16633
40c4a9b8-b103-42da-b576-0ffe6c051c4e,69069,24349,9754,17429.0,27183.0,24576,-18991
40c4a9b8-b103-42da-b576-0ffe6c051c4e,69223,25670,9754,18742.0,28496.0,24576,-20304
40c4a9b8-b103-42da-b576-0ffe6c051c4e,69907,25868,9754,18905.0,28659.0,24576,-20467
40c4a9b8-b103-42da-b576-0ffe6c051c4e,70535,18234,9754,10190.0,19944.0,24576,-11752
40c4a9b8-b103-42da-b576-0ffe6c051c4e,72582,18850,9754,10989.0,20743.0,24576,-12551
40c4a9b8-b103-42da-b576-0ffe6c051c4e,72857,21283,9754,13458.0,23212.0,24576,-15020
40c4a9b8-b103-42da-b576-0ffe6c051c4e,72988,21692,9754,13786.0,23540.0,24576,-15348
40c4a9b8-b103-42da-b576-0ffe6c051c4e,73078,21856,9754,13906.0,23660.0,24576,-15468
40c4a9b8-b103-42da-b576-0ffe6c051c4e,73209,21995,9754,14001.0,23755.0,24576,-15563
40c4a9b8-b103-42da-b576-0ffe6c051c4e,73280,22194,9754,14155.0,23909.0,24576,-15717
40c4a9b8-b103-42da-b576-0ffe6c051c4e,73398,22541,9754,14458.0,24212.0,24576,-16020
40c4a9b8-b103-42da-b576-0ffe6c051c4e,73515,22749,9754,14621.0,24375.0,24576,-16183
40c4a9b8-b103-42da-b576-0ffe6c051c4e,73877,22903,9754,14731.0,24485.0,24576,-16293
40c4a9b8-b103-42da-b576-0ffe6c051c4e,74793,23357,9754,15146.0,24900.0,24576,-16708
40c4a9b8-b103-42da-b576-0ffe6c051c4e,75224,24516,9754,16293.0,26047.0,24576,-17855
40c4a9b8-b103-42da-b576-0ffe6c051c4e,75588,24995,9754,16719.0,26473.0,24576,-18281
40c4a9b8-b103-42da-b576-0ffe6c051c4e,76141,25407,9754,17073.0,26827.0,24576,-18635
40c4a9b8-b103-42da-b576-0ffe6c051c4e,76803,26053,9754,17696.0,27450.0,24576,-19258
40c4a9b8-b103-42da-b576-0ffe6c051c4e,77224,19755,9754,10166.0,19920.0,24576,-11728
40c4a9b8-b103-42da-b576-0ffe6c051c4e,80304,20350,9754,12794.0,22548.0,24576,-14356
40c4a9b8-b103-42da-b576-0ffe6c051c4e,85044,24111,9754,16541.0,26295.0,24576,-18103
40c4a9b8-b103-42da-b576-0ffe6c051c4e,87870,21688,9754,12726.0,22480.0,24576,-14288
40c4a9b8-b103-42da-b576-0ffe6c051c4e,89575,18930,9754,15962.0,25716.0,24576,-17524
40c4a9b8-b103-42da-b576-0ffe6c051c4e,91088,20899,9754,17937.0,27691.0,24576,-19499
40c4a9b8-b103-42da-b576-0ffe6c051c4e,92813,22823,9754,19855.0,29609.0,24576,-21417
40c4a9b8-b103-42da-b576-0ffe6c051c4e,93547,25417,9754,22449.0,32203.0,24576,-24011
40c4a9b8-b103-42da-b576-0ffe6c051c4e,96066,20032,9754,10932.0,20686.0,24576,-12494
40c4a9b8-b103-42da-b576-0ffe6c051c4e,98555,20329,9754,13882.0,23636.0,24576,-15444
40c4a9b8-b103-42da-b576-0ffe6c051c4e,100819,23060,9754,16654.0,26408.0,24576,-18216
40c4a9b8-b103-42da-b576-0ffe6c051c4e,103955,19053,9754,12128.0,21882.0,24576,-13690
40c4a9b8-b103-42da-b576-0ffe6c051c4e,105200,22538,9754,15599.0,25353.0,24576,-17161
40c4a9b8-b103-42da-b576-0ffe6c051c4e,107804,24016,9754,17046.0,26800.0,24576,-18608
40c4a9b8-b103-42da-b576-0ffe6c051c4e,109836,18366,9754,9286.0,19040.0,24576,-10848
40c4a9b8-b103-42da-b576-0ffe6c051c4e,111857,17500,9754,11662.0,21416.0,24576,-13224
40c4a9b8-b103-42da-b576-0ffe6c051c4e,111972,20144,9754,14331.0,24085.0,24576,-15893
40c4a9b8-b103-42da-b576-0ffe6c051c4e,112100,20394,9754,14529.0,24283.0,24576,-16091
40c4a9b8-b103-42da-b576-0ffe6c051c4e,112194,20807,9754,14897.0,24651.0,24576,-16459
40c4a9b8-b103-42da-b576-0ffe6c051c4e,112303,21038,9754,15076.0,24830.0,24576,-16638
40c4a9b8-b103-42da-b576-0ffe6c051c4e,112432,23137,9754,17123.0,26877.0,24576,-18685
40c4a9b8-b103-42da-b576-0ffe6c051c4e,112532,23628,9754,17563.0,27317.0,24576,-19125
40c4a9b8-b103-42da-b576-0ffe6c051c4e,112664,24541,9754,18424.0,28178.0,24576,-19986
40c4a9b8-b103-42da-b576-0ffe6c051c4e,112763,25905,9754,19736.0,29490.0,24576,-21298
40c4a9b8-b103-42da-b576-0ffe6c051c4e,112904,25155,9754,18942.0,28696.0,24576,-20504
40c4a9b8-b103-42da-b576-0ffe6c051c4e,113382,25952,9754,19695.0,29449.0,24576,-21257
40c4a9b8-b103-42da-b576-0ffe6c051c4e,113539,16678,9754,7271.0,17025.0,24576,-8833
40c4a9b8-b103-42da-b576-0ffe6c051c4e,113921,16780,9754,8040.0,17794.0,24576,-9602
40c4a9b8-b103-42da-b576-0ffe6c051c4e,114076,17214,9754,8430.0,18184.0,24576,-9992
40c4a9b8-b103-42da-b576-0ffe6c051c4e,114200,17409,9754,8581.0,18335.0,24576,-10143
40c4a9b8-b103-42da-b576-0ffe6c051c4e,114419,17570,9754,8698.0,18452.0,24576,-10260
40c4a9b8-b103-42da-b576-0ffe6c051c4e,114648,17831,9754,8915.0,18669.0,24576,-10477
40c4a9b8-b103-42da-b576-0ffe6c051c4e,114794,18102,9754,9142.0,18896.0,24576,-10704
40c4a9b8-b103-42da-b576-0ffe6c051c4e,114932,18290,9754,9286.0,19040.0,24576,-10848
40c4a9b8-b103-42da-b576-0ffe6c051c4e,115061,18470,9754,9422.0,19176.0,24576,-10984
40c4a9b8-b103-42da-b576-0ffe6c051c4e,115194,18641,9754,9549.0,19303.0,24576,-11111
40c4a9b8-b103-42da-b576-0ffe6c051c4e,115459,18811,9754,9674.0,19428.0,24576,-11236
40c4a9b8-b103-42da-b576-0ffe6c051c4e,115603,19118,9754,9937.0,19691.0,24576,-11499
40c4a9b8-b103-42da-b576-0ffe6c051c4e,115963,19302,9754,10078.0,19832.0,24576,-11640
40c4a9b8-b103-42da-b576-0ffe6c051c4e,116117,19706,9754,10438.0,20192.0,24576,-12000
40c4a9b8-b103-42da-b576-0ffe6c051c4e,116660,19901,9754,10590.0,20344.0,24576,-12152
40c4a9b8-b103-42da-b576-0ffe6c051c4e,116994,20684,9754,11344.0,21098.0,24576,-12906
40c4a9b8-b103-42da-b576-0ffe6c051c4e,117796,21564,9754,12202.0,21956.0,24576,-13764
40c4a9b8-b103-42da-b576-0ffe6c051c4e,117910,22547,9754,13190.0,22944.0,24576,-14752
40c4a9b8-b103-42da-b576-0ffe6c051c4e,118536,22742,9754,13341.0,23095.0,24576,-14903
40c4a9b8-b103-42da-b576-0ffe6c051c4e,118630,23517,9754,14115.0,23869.0,24576,-15677
40c4a9b8-b103-42da-b576-0ffe6c051c4e,119126,23653,9754,14207.0,23961.0,24576,-15769
40c4a9b8-b103-42da-b576-0ffe6c051c4e,119400,24926,9754,15462.0,25216.0,24576,-17024
40c4a9b8-b103-42da-b576-0ffe6c051c4e,119562,25975,9754,16467.0,26221.0,24576,-18029
40c4a9b8-b103-42da-b576-0ffe6c051c4e,119684,18294,9754,8855.0,18609.0,24576,-10417
40c4a9b8-b103-42da-b576-0ffe6c051c4e,120267,17546,9754,9230.0,18984.0,24576,-10792
40c4a9b8-b103-42da-b576-0ffe6c051c4e,120687,18308,9754,9948.0,19702.0,24576,-11510
42b93092-3c00-4d43-85a5-9abf5e0b132c,163,9219,9219,142.0,9361.0,8192,15215
42b93092-3c00-4d43-85a5-9abf5e0b132c,619,14048,9219,4930.0,14149.0,8192,10427
42b93092-3c00-4d43-85a5-9abf5e0b132c,3807,14546,9219,5386.0,14605.0,8192,9971
42b93092-3c00-4d43-85a5-9abf5e0b132c,3961,17987,9219,8996.0,18215.0,8192,6361
42b93092-3c00-4d43-85a5-9abf5e0b132c,4200,18603,9219,9567.0,18786.0,8192,5790
42b93092-3c00-4d43-85a5-9abf5e0b132c,4616,18914,9219,9834.0,19053.0,8192,5523
42b93092-3c00-4d43-85a5-9abf5e0b132c,4690,19409,9219,10299.0,19518.0,8192,5058
42b93092-3c00-4d43-85a5-9abf5e0b132c,4798,22116,9219,12962.0,22181.0,8192,2395
42b93092-3c00-4d43-85a5-9abf5e0b132c,7952,24705,9219,15507.0,24726.0,8192,-150
42b93092-3c00-4d43-85a5-9abf5e0b132c,10078,18973,9219,9766.0,18985.0,8192,5591
42b93092-3c00-4d43-85a5-9abf5e0b132c,10154,21416,9219,12287.0,21506.0,8192,3070
42b93092-3c00-4d43-85a5-9abf5e0b132c,10246,25508,9219,16335.0,25554.0,8192,-978
42b93092-3c00-4d43-85a5-9abf5e0b132c,12387,24819,9219,15603.0,24822.0,8192,-246
42b93092-3c00-4d43-85a5-9abf5e0b132c,12653,19794,9219,10673.0,19892.0,8192,4684
42b93092-3c00-4d43-85a5-9abf5e0b132c,12916,20356,9219,11191.0,20410.0,8192,4166
42b93092-3c00-4d43-85a5-9abf5e0b132c,13153,21135,9219,11927.0,21146.0,8192,3430
42b93092-3c00-4d43-85a5-9abf5e0b132c,13709,21970,9219,12719.0,21938.0,8192,2638
42b93092-3c00-4d43-85a5-9abf5e0b132c,14451,24254,9219,14959.0,24178.0,8192,398
42b93092-3c00-4d43-85a5-9abf5e0b132c,15345,25375,9219,16048.0,25267.0,8192,-691
42b93092-3c00-4d43-85a5-9abf5e0b132c,16289,18711,9219,9453.0,18672.0,8192,5904
42b93092-3c00-4d43-85a5-9abf5e0b132c,18658,20766,9219,11459.0,20678.0,8192,3898
42b93092-3c00-4d43-85a5-9abf5e0b132c,19028,25519,9219,16169.0,25388.0,8192,-812
42b93092-3c00-4d43-85a5-9abf5e0b132c,24167,22633,9219,13401.0,22620.0,8192,1956
43184c39-00cb-4abb-a1c7-80b80eb14bd1,82,5813,5813,103.0,5916.0,16384,10468
43184c39-00cb-4abb-a1c7-80b80eb14bd1,1020,6762,5813,1012.0,6825.0,16384,9559
43184c39-00cb-4abb-a1c7-80b80eb14bd1,1084,7709,5813,1945.0,7758.0,16384,8626
43184c39-00cb-4abb-a1c7-80b80eb14bd1,2498,8901,5813,3096.0,8909.0,16384,7475
446536ee-f768-4755-9ccb-f418f5ee8104,92,5831,5831,99.0,5930.0,16384,75990
446536ee-f768-4755-9ccb-f418f5ee8104,393,6694,5831,923.0,6754.0,16384,75166
456f5b00-255e-4439-b775-209b2ff08100,287,8863,8863,99.0,8962.0,0,253182
456f5b00-255e-4439-b775-209b2ff08100,369,9222,8863,422.0,9285.0,0,252859
456f5b00-255e-4439-b775-209b2ff08100,411,9357,8863,513.0,9376.0,0,252768
456f5b00-255e-4439-b775-209b2ff08100,563,9452,8863,564.0,9427.0,0,252717
456f5b00-255e-4439-b775-209b2ff08100,605,9685,8863,761.0,9624.0,0,252520
456f5b00-255e-4439-b775-209b2ff08100,1153,9978,8863,1018.0,9881.0,0,252263
456f5b00-255e-4439-b775-209b2ff08100,2031,15555,8863,6551.0,15414.0,0,246730
456f5b00-255e-4439-b775-209b2ff08100,2102,16441,8863,7423.0,16286.0,0,245858
456f5b00-255e-4439-b775-209b2ff08100,2549,16568,8863,7506.0,16369.0,0,245775
4751fe80-6fef-4269-92b4-ea76f36ea3af,547,6218,6218,501.0,6719.0,16384,9665
4751fe80-6fef-4269-92b4-ea76f36ea3af,784,6802,6218,1022.0,7240.0,16384,9144
4751fe80-6fef-4269-92b4-ea76f36ea3af,1047,12776,6218,6920.0,13138.0,16384,3246
4751fe80-6fef-4269-92b4-ea76f36ea3af,1234,13089,6218,7190.0,13408.0,16384,2976
4751fe80-6fef-4269-92b4-ea76f36ea3af,1386,13655,6218,7714.0,13932.0,16384,2452
4751fe80-6fef-4269-92b4-ea76f36ea3af,2077,13855,6218,7870.0,14088.0,16384,2296
4751fe80-6fef-4269-92b4-ea76f36ea3af,2517,14693,6218,8665.0,14883.0,16384,1501
4751fe80-6fef-4269-92b4-ea76f36ea3af,3426,15616,6218,9544.0,15762.0,16384,622
4751fe80-6fef-4269-92b4-ea76f36ea3af,3893,16594,6218,10478.0,16696.0,16384,-312
4751fe80-6fef-4269-92b4-ea76f36ea3af,4964,17115,6218,10954.0,17172.0,16384,-788
4751fe80-6fef-4269-92b4-ea76f36ea3af,5496,18261,6218,12090.0,18308.0,16384,-1924
4751fe80-6fef-4269-92b4-ea76f36ea3af,5597,18830,6218,12614.0,18832.0,16384,-2448
4751fe80-6fef-4269-92b4-ea76f36ea3af,5925,18973,6218,12713.0,18931.0,16384,-2547
4751fe80-6fef-4269-92b4-ea76f36ea3af,6111,19500,6218,13196.0,19414.0,16384,-3030
4751fe80-6fef-4269-92b4-ea76f36ea3af,6790,19736,6218,13389.0,19607.0,16384,-3223
4751fe80-6fef-4269-92b4-ea76f36ea3af,6877,20459,6218,14067.0,20285.0,16384,-3901
4751fe80-6fef-4269-92b4-ea76f36ea3af,7238,20601,6218,14165.0,20383.0,16384,-3999
4751fe80-6fef-4269-92b4-ea76f36ea3af,7540,18581,6218,12101.0,18319.0,16384,-1935
4751fe80-6fef-4269-92b4-ea76f36ea3af,8053,19104,6218,12580.0,18798.0,16384,-2414
4751fe80-6fef-4269-92b4-ea76f36ea3af,8552,19701,6218,13132.0,19350.0,16384,-2966
4751fe80-6fef-4269-92b4-ea76f36ea3af,10200,20520,6218,13908.0,20126.0,16384,-3742
4751fe80-6fef-4269-92b4-ea76f36ea3af,11850,12911,6218,6981.0,13199.0,16384,3185
4751fe80-6fef-4269-92b4-ea76f36ea3af,16434,15893,6218,9852.0,16070.0,16384,314
4751fe80-6fef-4269-92b4-ea76f36ea3af,19630,23807,6218,17694.0,23912.0,16384,-7528
4751fe80-6fef-4269-92b4-ea76f36ea3af,21246,23996,6218,18108.0,24326.0,16384,-7942
4751fe80-6fef-4269-92b4-ea76f36ea3af,25396,28538,6218,22576.0,28794.0,16384,-12410
4b4ea9a9-beb3-4a24-841b-5948b63b92ff,622,6467,6467,750.0,7217.0,16384,9167
4b4ea9a9-beb3-4a24-841b-5948b63b92ff,697,7523,6467,1739.0,8206.0,16384,8178
4b4ea9a9-beb3-4a24-841b-5948b63b92ff,1432,9272,6467,3453.0,9920.0,16384,6464
4b4ea9a9-beb3-4a24-841b-5948b63b92ff,1878,10587,6467,4641.0,11108.0,16384,5276
4b4ea9a9-beb3-4a24-841b-5948b63b92ff,2465,13192,6467,7163.0,13630.0,16384,2754
4b4ea9a9-beb3-4a24-841b-5948b63b92ff,3115,15327,6467,9254.0,15721.0,16384,663
4b4ea9a9-beb3-4a24-841b-5948b63b92ff,3325,17152,6467,11031.0,17498.0,16384,-1114
4b4ea9a9-beb3-4a24-841b-5948b63b92ff,3579,17509,6467,11347.0,17814.0,16384,-1430
4b4ea9a9-beb3-4a24-841b-5948b63b92ff,3779,18918,6467,12705.0,19172.0,16384,-2788
4b4ea9a9-beb3-4a24-841b-5948b63b92ff,4325,20872,6467,14615.0,21082.0,16384,-4698
4b4ea9a9-beb3-4a24-841b-5948b63b92ff,4757,14862,6467,8916.0,15383.0,16384,1001
4b4ea9a9-beb3-4a24-841b-5948b63b92ff,5148,15646,6467,9647.0,16114.0,16384,270
4b4ea9a9-beb3-4a24-841b-5948b63b92ff,5411,16084,6467,10039.0,16506.0,16384,-122
4b4ea9a9-beb3-4a24-841b-5948b63b92ff,5715,16435,6467,10341.0,16808.0,16384,-424
4b4ea9a9-beb3-4a24-841b-5948b63b92ff,5960,17670,6467,11525.0,17992.0,16384,-1608
4b4ea9a9-beb3-4a24-841b-5948b63b92ff,6331,20041,6467,13845.0,20312.0,16384,-3928
4b4ea9a9-beb3-4a24-841b-5948b63b92ff,7148,21228,6467,14981.0,21448.0,16384,-5064
4b4ea9a9-beb3-4a24-841b-5948b63b92ff,7615,14573,6467,8513.0,14980.0,16384,1404
4b4ea9a9-beb3-4a24-841b-5948b63b92ff,8217,15531,6467,9422.0,15889.0,16384,495
4b4ea9a9-beb3-4a24-841b-5948b63b92ff,8586,16354,6467,10196.0,16663.0,16384,-279
4b4ea9a9-beb3-4a24-841b-5948b63b92ff,8675,16866,6467,10664.0,17131.0,16384,-747
4b4ea9a9-beb3-4a24-841b-5948b63b92ff,8752,19534,6467,13281.0,19748.0,16384,-3364
4b4ea9a9-beb3-4a24-841b-5948b63b92ff,8914,21195,6467,14891.0,21358.0,16384,-4974
4b4ea9a9-beb3-4a24-841b-5948b63b92ff,9049,13922,6467,8066.0,14533.0,16384,1851
4b4ea9a9-beb3-4a24-841b-5948b63b92ff,9950,14328,6467,8425.0,14892.0,16384,1492
4b4ea9a9-beb3-4a24-841b-5948b63b92ff,10101,15265,6467,9320.0,15787.0,16384,597
4b4ea9a9-beb3-4a24-841b-5948b63b92ff,10379,15753,6467,9766.0,16233.0,16384,151
4b4ea9a9-beb3-4a24-841b-5948b63b92ff,10763,17674,6467,11648.0,18115.0,16384,-1731
4b4ea9a9-beb3-4a24-841b-5948b63b92ff,11096,18106,6467,12037.0,18504.0,16384,-2120
4b4ea9a9-beb3-4a24-841b-5948b63b92ff,11375,18599,6467,12486.0,18953.0,16384,-2569
4b4ea9a9-beb3-4a24-841b-5948b63b92ff,11709,19189,6467,13032.0,19499.0,16384,-3115
4b4ea9a9-beb3-4a24-841b-5948b63b92ff,11955,19774,6467,13576.0,20043.0,16384,-3659
4b4ea9a9-beb3-4a24-841b-5948b63b92ff,12102,20352,6467,14112.0,20579.0,16384,-4195
4b4ea9a9-beb3-4a24-841b-5948b63b92ff,12521,20561,6467,14278.0,20745.0,16384,-4361
4b4ea9a9-beb3-4a24-841b-5948b63b92ff,12811,21022,6467,14698.0,21165.0,16384,-4781
4b4ea9a9-beb3-4a24-841b-5948b63b92ff,13388,14561,6467,8388.0,14855.0,16384,1529
4b4ea9a9-beb3-4a24-841b-5948b63b92ff,13942,16475,6467,10257.0,16724.0,16384,-340
4b4ea9a9-beb3-4a24-841b-5948b63b92ff,14193,17067,6467,10806.0,17273.0,16384,-889
4b4ea9a9-beb3-4a24-841b-5948b63b92ff,14740,17695,6467,11392.0,17859.0,16384,-1475
4b4ea9a9-beb3-4a24-841b-5948b63b92ff,16007,18757,6467,12413.0,18880.0,16384,-2496
4b4ea9a9-beb3-4a24-841b-5948b63b92ff,16509,20387,6467,14001.0,20468.0,16384,-4084
4b4ea9a9-beb3-4a24-841b-5948b63b92ff,17064,21548,6467,15121.0,21588.0,16384,-5204
4b4ea9a9-beb3-4a24-841b-5948b63b92ff,17286,15078,6467,9073.0,15540.0,16384,844
4b4ea9a9-beb3-4a24-841b-5948b63b92ff,17995,16271,6467,10222.0,16689.0,16384,-305
4b4ea9a9-beb3-4a24-841b-5948b63b92ff,18221,17354,6467,11263.0,17730.0,16384,-1346
4b4ea9a9-beb3-4a24-841b-5948b63b92ff,18335,17795,6467,11660.0,18127.0,16384,-1743
4b4ea9a9-beb3-4a24-841b-5948b63b92ff,18569,18013,6467,11836.0,18303.0,16384,-1919
4b4ea9a9-beb3-4a24-841b-5948b63b92ff,18755,18630,6467,12410.0,18877.0,16384,-2493
4b4ea9a9-beb3-4a24-841b-5948b63b92ff,19577,18912,6467,12648.0,19115.0,16384,-2731
4b4ea9a9-beb3-4a24-841b-5948b63b92ff,20278,20307,6467,14001.0,20468.0,16384,-4084
4b4ea9a9-beb3-4a24-841b-5948b63b92ff,20628,14019,6467,7962.0,14429.0,16384,1955
4b4ea9a9-beb3-4a24-841b-5948b63b92ff,20767,14632,6467,8527.0,14994.0,16384,1390
4b4ea9a9-beb3-4a24-841b-5948b63b92ff,20915,15037,6467,8888.0,15355.0,16384,1029
4b4ea9a9-beb3-4a24-841b-5948b63b92ff,21214,16513,6467,10323.0,16790.0,16384,-406
4b4ea9a9-beb3-4a24-841b-5948b63b92ff,21417,16851,6467,10620.0,17087.0,16384,-703
4b4ea9a9-beb3-4a24-841b-5948b63b92ff,22850,17999,6467,11706.0,18173.0,16384,-1789
4b4ea9a9-beb3-4a24-841b-5948b63b92ff,23912,19172,6467,12835.0,19302.0,16384,-2918
4b4ea9a9-beb3-4a24-841b-5948b63b92ff,24076,20306,6467,13926.0,20393.0,16384,-4009
4b4ea9a9-beb3-4a24-841b-5948b63b92ff,24402,20593,6467,14169.0,20636.0,16384,-4252
4b4ea9a9-beb3-4a24-841b-5948b63b92ff,25419,21095,6467,14629.0,21096.0,16384,-4712
4b4ea9a9-beb3-4a24-841b-5948b63b92ff,26855,13193,6467,7165.0,13632.0,16384,2752
4b4ea9a9-beb3-4a24-841b-5948b63b92ff,27859,15270,6467,9194.0,15661.0,16384,723
4b4ea9a9-beb3-4a24-841b-5948b63b92ff,28344,16420,6467,10302.0,16769.0,16384,-385
4b4ea9a9-beb3-4a24-841b-5948b63b92ff,28713,17175,6467,11014.0,17481.0,16384,-1097
4b4ea9a9-beb3-4a24-841b-5948b63b92ff,28935,17643,6467,11438.0,17905.0,16384,-1521
4b4ea9a9-beb3-4a24-841b-5948b63b92ff,30249,18259,6467,12011.0,18478.0,16384,-2094
4b4ea9a9-beb3-4a24-841b-5948b63b92ff,31459,20514,6467,14222.0,20689.0,16384,-4305
4b4ea9a9-beb3-4a24-841b-5948b63b92ff,31748,22400,6467,16066.0,22533.0,16384,-6149
4b4ea9a9-beb3-4a24-841b-5948b63b92ff,32782,23118,6467,16743.0,23210.0,16384,-6826
4b4ea9a9-beb3-4a24-841b-5948b63b92ff,33603,24592,6467,18175.0,24642.0,16384,-8258
4b4ea9a9-beb3-4a24-841b-5948b63b92ff,34909,15101,6467,9183.0,15650.0,16384,734
4b4ea9a9-beb3-4a24-841b-5948b63b92ff,36122,16848,6467,10888.0,17355.0,16384,-971
4b4ea9a9-beb3-4a24-841b-5948b63b92ff,36538,19189,6467,13186.0,19653.0,16384,-3269
4b4ea9a9-beb3-4a24-841b-5948b63b92ff,36797,20065,6467,14018.0,20485.0,16384,-4101
4b4ea9a9-beb3-4a24-841b-5948b63b92ff,37111,20548,6467,14461.0,20928.0,16384,-4544
4b4ea9a9-beb3-4a24-841b-5948b63b92ff,37303,21013,6467,14883.0,21350.0,16384,-4966
4b4ea9a9-beb3-4a24-841b-5948b63b92ff,38847,22614,6467,16440.0,22907.0,16384,-6523
4b4ea9a9-beb3-4a24-841b-5948b63b92ff,39652,15651,6467,9685.0,16152.0,16384,232
4b4ea9a9-beb3-4a24-841b-5948b63b92ff,40218,17106,6467,11094.0,17561.0,16384,-1177
4b4ea9a9-beb3-4a24-841b-5948b63b92ff,41477,18660,6467,12606.0,19073.0,16384,-2689
4b4ea9a9-beb3-4a24-841b-5948b63b92ff,41789,20266,6467,14173.0,20640.0,16384,-4256
4b4ea9a9-beb3-4a24-841b-5948b63b92ff,42125,20675,6467,14539.0,21006.0,16384,-4622
4b4ea9a9-beb3-4a24-841b-5948b63b92ff,42327,15947,6467,9985.0,16452.0,16384,-68
4b4ea9a9-beb3-4a24-841b-5948b63b92ff,43203,16978,6467,10981.0,17448.0,16384,-1064
4b4ea9a9-beb3-4a24-841b-5948b63b92ff,43486,18184,6467,12144.0,18611.0,16384,-2227
4b4ea9a9-beb3-4a24-841b-5948b63b92ff,43803,20188,6467,14090.0,20557.0,16384,-4173
4b4ea9a9-beb3-4a24-841b-5948b63b92ff,44366,20844,6467,14702.0,21169.0,16384,-4785
4b4ea9a9-beb3-4a24-841b-5948b63b92ff,47815,14093,6467,8118.0,14585.0,16384,1799
4b4ea9a9-beb3-4a24-841b-5948b63b92ff,47952,18593,6467,12537.0,19004.0,16384,-2620
4b4ea9a9-beb3-4a24-841b-5948b63b92ff,50497,20446,6467,14346.0,20813.0,16384,-4429
4b4ea9a9-beb3-4a24-841b-5948b63b92ff,50958,16748,6467,10836.0,17303.0,16384,-919
4b4ea9a9-beb3-4a24-841b-5948b63b92ff,51078,17261,6467,11306.0,17773.0,16384,-1389
4b4ea9a9-beb3-4a24-841b-5948b63b92ff,51952,18470,6467,12471.0,18938.0,16384,-2554
4b4ea9a9-beb3-4a24-841b-5948b63b92ff,52141,19382,6467,13342.0,19809.0,16384,-3425
4b4ea9a9-beb3-4a24-841b-5948b63b92ff,52410,19761,6467,13679.0,20146.0,16384,-3762
4b4ea9a9-beb3-4a24-841b-5948b63b92ff,53117,14122,6467,8122.0,14589.0,16384,1795
4b4ea9a9-beb3-4a24-841b-5948b63b92ff,53409,15151,6467,9073.0,15540.0,16384,844
4b4ea9a9-beb3-4a24-841b-5948b63b92ff,54181,15646,6467,9525.0,15992.0,16384,392
4b4ea9a9-beb3-4a24-841b-5948b63b92ff,54470,16732,6467,10539.0,17006.0,16384,-622
4b4ea9a9-beb3-4a24-841b-5948b63b92ff,54753,17054,6467,10820.0,17287.0,16384,-903
4b4ea9a9-beb3-4a24-841b-5948b63b92ff,55192,17376,6467,11103.0,17570.0,16384,-1186
4b4ea9a9-beb3-4a24-841b-5948b63b92ff,55502,17879,6467,11562.0,18029.0,16384,-1645
4b4ea9a9-beb3-4a24-841b-5948b63b92ff,55760,18228,6467,11870.0,18337.0,16384,-1953
4b4ea9a9-beb3-4a24-841b-5948b63b92ff,55959,18537,6467,12140.0,18607.0,16384,-2223
4b4ea9a9-beb3-4a24-841b-5948b63b92ff,56346,19161,6467,12720.0,19187.0,16384,-2803
4b4ea9a9-beb3-4a24-841b-5948b63b92ff,56802,20664,6467,14181.0,20648.0,16384,-4264
4b4ea9a9-beb3-4a24-841b-5948b63b92ff,57989,14979,6467,8743.0,15210.0,16384,1174
4b4ea9a9-beb3-4a24-841b-5948b63b92ff,58624,16895,6467,10589.0,17056.0,16384,-672
4b4ea9a9-beb3-4a24-841b-5948b63b92ff,58937,17603,6467,11257.0,17724.0,16384,-1340
4b4ea9a9-beb3-4a24-841b-5948b63b92ff,59688,18083,6467,11671.0,18138.0,16384,-1754
4b4ea9a9-beb3-4a24-841b-5948b63b92ff,60532,19093,6467,12615.0,19082.0,16384,-2698
4b4ea9a9-beb3-4a24-841b-5948b63b92ff,60660,19980,6467,13450.0,19917.0,16384,-3533
4b4ea9a9-beb3-4a24-841b-5948b63b92ff,60870,20322,6467,13750.0,20217.0,16384,-3833
4b4ea9a9-beb3-4a24-841b-5948b63b92ff,61101,20623,6467,14007.0,20474.0,16384,-4090
4b4ea9a9-beb3-4a24-841b-5948b63b92ff,61173,21070,6467,14414.0,20881.0,16384,-4497
4b4ea9a9-beb3-4a24-841b-5948b63b92ff,61306,15030,6467,8813.0,15280.0,16384,1104
4b4ea9a9-beb3-4a24-841b-5948b63b92ff,61561,16725,6467,10452.0,16919.0,16384,-535
4b4ea9a9-beb3-4a24-841b-5948b63b92ff,61825,17921,6467,11597.0,18064.0,16384,-1680
4b4ea9a9-beb3-4a24-841b-5948b63b92ff,62427,18486,6467,12124.0,18591.0,16384,-2207
4b4ea9a9-beb3-4a24-841b-5948b63b92ff,63976,19928,6467,13540.0,20007.0,16384,-3623
4b4ea9a9-beb3-4a24-841b-5948b63b92ff,64668,15266,6467,9212.0,15679.0,16384,705
4b4ea9a9-beb3-4a24-841b-5948b63b92ff,65063,16239,6467,10141.0,16608.0,16384,-224
4b4ea9a9-beb3-4a24-841b-5948b63b92ff,65265,16811,6467,10638.0,17105.0,16384,-721
4b4ea9a9-beb3-4a24-841b-5948b63b92ff,65524,17052,6467,10838.0,17305.0,16384,-921
4b4ea9a9-beb3-4a24-841b-5948b63b92ff,67486,18178,6467,11926.0,18393.0,16384,-2009
4b4ea9a9-beb3-4a24-841b-5948b63b92ff,68959,20860,6467,14557.0,21024.0,16384,-4640
4b4ea9a9-beb3-4a24-841b-5948b63b92ff,71743,16445,6467,10397.0,16864.0,16384,-480
4b94baa5-9f44-4efb-aab9-606648304e0a,160,9237,9237,160.0,9397.0,8192,15179
4b94baa5-9f44-4efb-aab9-606648304e0a,711,15842,9237,6724.0,15961.0,8192,8615
4b94baa5-9f44-4efb-aab9-606648304e0a,877,16439,9237,7266.0,16503.0,8192,8073
4b94baa5-9f44-4efb-aab9-606648304e0a,1675,16749,9237,7533.0,16770.0,8192,7806
4b94baa5-9f44-4efb-aab9-606648304e0a,1963,17683,9237,8432.0,17669.0,8192,6907
4b94baa5-9f44-4efb-aab9-606648304e0a,2296,18063,9237,8774.0,18011.0,8192,6565
4b94baa5-9f44-4efb-aab9-606648304e0a,10052,19403,9237,10073.0,19310.0,8192,5266
4b94baa5-9f44-4efb-aab9-606648304e0a,12345,18779,9237,9436.0,18673.0,8192,5903
4b94baa5-9f44-4efb-aab9-606648304e0a,12461,21289,9237,12101.0,21338.0,8192,3238
4b94baa5-9f44-4efb-aab9-606648304e0a,12547,21477,9237,12242.0,21479.0,8192,3097
4b94baa5-9f44-4efb-aab9-606648304e0a,13125,23200,9237,13921.0,23158.0,8192,1418
4b94baa5-9f44-4efb-aab9-606648304e0a,14226,23824,9237,14498.0,23735.0,8192,841
4b94baa5-9f44-4efb-aab9-606648304e0a,21520,24929,9237,15589.0,24826.0,8192,-250
4cfc8105-a7b6-48fd-ac0b-12d5978d5396,25,9228,9228,127.0,9355.0,16384,7029
4cfc8105-a7b6-48fd-ac0b-12d5978d5396,63,9284,9228,147.0,9375.0,16384,7009
4cfc8105-a7b6-48fd-ac0b-12d5978d5396,138,11346,9228,2165.0,11393.0,16384,4991
4cfc8105-a7b6-48fd-ac0b-12d5978d5396,197,11476,9228,2252.0,11480.0,16384,4904
4cfc8105-a7b6-48fd-ac0b-12d5978d5396,214,11578,9228,2311.0,11539.0,16384,4845
4cfc8105-a7b6-48fd-ac0b-12d5978d5396,291,11635,9228,2333.0,11561.0,16384,4823
4cfc8105-a7b6-48fd-ac0b-12d5978d5396,553,12504,9228,3161.0,12389.0,16384,3995
4e94b8e2-9dda-47fa-9517-fa24c310196b,700,5818,5818,106.0,5924.0,16384,10460
4e94b8e2-9dda-47fa-9517-fa24c310196b,940,6519,5818,793.0,6611.0,16384,9773
4e94b8e2-9dda-47fa-9517-fa24c310196b,1649,8013,5818,2247.0,8065.0,16384,8319
4e94b8e2-9dda-47fa-9517-fa24c310196b,2454,9621,5818,3787.0,9605.0,16384,6779
4f208ec8-efa4-40e6-910c-53385978ad3a,388,9411,9411,334.0,9745.0,8192,14831
4f208ec8-efa4-40e6-910c-53385978ad3a,482,14325,9411,5209.0,14620.0,8192,9956
4f208ec8-efa4-40e6-910c-53385978ad3a,588,16428,9411,7268.0,16679.0,8192,7897
4f208ec8-efa4-40e6-910c-53385978ad3a,697,19512,9411,10294.0,19705.0,8192,4871
4f208ec8-efa4-40e6-910c-53385978ad3a,3941,23724,9411,14448.0,23859.0,8192,717
4f208ec8-efa4-40e6-910c-53385978ad3a,4438,19218,9411,10014.0,19425.0,8192,5151
4f208ec8-efa4-40e6-910c-53385978ad3a,4853,19894,9411,10650.0,20061.0,8192,4515
4f208ec8-efa4-40e6-910c-53385978ad3a,6356,20991,9411,11710.0,21121.0,8192,3455
4f208ec8-efa4-40e6-910c-53385978ad3a,6805,23148,9411,13840.0,23251.0,8192,1325
4f208ec8-efa4-40e6-910c-53385978ad3a,9716,26344,9411,16995.0,26406.0,8192,-1830
4f208ec8-efa4-40e6-910c-53385978ad3a,13842,19805,9411,10630.0,20041.0,8192,4535
4f208ec8-efa4-40e6-910c-53385978ad3a,16767,24235,9411,15144.0,24555.0,8192,21
4f208ec8-efa4-40e6-910c-53385978ad3a,16901,18902,9411,9945.0,19356.0,8192,5220
4f208ec8-efa4-40e6-910c-53385978ad3a,17056,19101,9411,10092.0,19503.0,8192,5073
4f208ec8-efa4-40e6-910c-53385978ad3a,17118,19473,9411,10411.0,19822.0,8192,4754
4f208ec8-efa4-40e6-910c-53385978ad3a,17195,19606,9411,10493.0,19904.0,8192,4672
4f208ec8-efa4-40e6-910c-53385978ad3a,18322,19838,9411,10672.0,20083.0,8192,4493
4f208ec8-efa4-40e6-910c-53385978ad3a,18480,21096,9411,11886.0,21297.0,8192,3279
4f208ec8-efa4-40e6-910c-53385978ad3a,18701,21333,9411,12079.0,21490.0,8192,3086
4f208ec8-efa4-40e6-910c-53385978ad3a,18771,21636,9411,12335.0,21746.0,8192,2830
4f208ec8-efa4-40e6-910c-53385978ad3a,19467,22501,9411,13149.0,22560.0,8192,2016
4f208ec8-efa4-40e6-910c-53385978ad3a,19742,23296,9411,13909.0,23320.0,8192,1256
4f208ec8-efa4-40e6-910c-53385978ad3a,19837,23969,9411,14530.0,23941.0,8192,635
4f208ec8-efa4-40e6-910c-53385978ad3a,20584,24164,9411,14672.0,24083.0,8192,493
4f208ec8-efa4-40e6-910c-53385978ad3a,21081,24985,9411,15440.0,24851.0,8192,-275
4f208ec8-efa4-40e6-910c-53385978ad3a,21647,25555,9411,15961.0,25372.0,8192,-796
4f208ec8-efa4-40e6-910c-53385978ad3a,23087,26220,9411,16573.0,25984.0,8192,-1408
4f208ec8-efa4-40e6-910c-53385978ad3a,23337,19815,9411,10215.0,19626.0,8192,4950
4f208ec8-efa4-40e6-910c-53385978ad3a,23476,20444,9411,10786.0,20197.0,8192,4379
4f208ec8-efa4-40e6-910c-53385978ad3a,23632,20653,9411,10944.0,20355.0,8192,4221
4f208ec8-efa4-40e6-910c-53385978ad3a,23899,20968,9411,11207.0,20618.0,8192,3958
4f208ec8-efa4-40e6-910c-53385978ad3a,24072,21399,9411,11580.0,20991.0,8192,3585
4f208ec8-efa4-40e6-910c-53385978ad3a,24212,21981,9411,12111.0,21522.0,8192,3054
4f208ec8-efa4-40e6-910c-53385978ad3a,25052,22485,9411,12564.0,21975.0,8192,2601
4f208ec8-efa4-40e6-910c-53385978ad3a,25863,23683,9411,13711.0,23122.0,8192,1454
4f208ec8-efa4-40e6-910c-53385978ad3a,26386,25559,9411,15537.0,24948.0,8192,-372
4f208ec8-efa4-40e6-910c-53385978ad3a,26581,26258,9411,16184.0,25595.0,8192,-1019
4f208ec8-efa4-40e6-910c-53385978ad3a,26920,19194,9411,9606.0,19017.0,8192,5559
4f208ec8-efa4-40e6-910c-53385978ad3a,27445,19630,9411,10007.0,19418.0,8192,5158
4f208ec8-efa4-40e6-910c-53385978ad3a,27631,20456,9411,10789.0,20200.0,8192,4376
4f208ec8-efa4-40e6-910c-53385978ad3a,28689,21104,9411,11393.0,20804.0,8192,3772
4f208ec8-efa4-40e6-910c-53385978ad3a,29232,22351,9411,12602.0,22013.0,8192,2563
4f208ec8-efa4-40e6-910c-53385978ad3a,29654,23137,9411,13345.0,22756.0,8192,1820
4f208ec8-efa4-40e6-910c-53385978ad3a,30178,24702,9411,14875.0,24286.0,8192,290
4f208ec8-efa4-40e6-910c-53385978ad3a,30593,25326,9411,15461.0,24872.0,8192,-296
4f208ec8-efa4-40e6-910c-53385978ad3a,31481,26590,9411,16683.0,26094.0,8192,-1518
4f208ec8-efa4-40e6-910c-53385978ad3a,31575,20316,9411,10918.0,20329.0,8192,4247
4f208ec8-efa4-40e6-910c-53385978ad3a,32282,21709,9411,12262.0,21673.0,8192,2903
4f208ec8-efa4-40e6-910c-53385978ad3a,32972,22619,9411,13135.0,22546.0,8192,2030
4f208ec8-efa4-40e6-910c-53385978ad3a,33162,23467,9411,13939.0,23350.0,8192,1226
4f208ec8-efa4-40e6-910c-53385978ad3a,33604,23967,9411,14397.0,23808.0,8192,768
4f208ec8-efa4-40e6-910c-53385978ad3a,35082,24529,9411,14921.0,24332.0,8192,244
4f208ec8-efa4-40e6-910c-53385978ad3a,35835,21479,9411,12107.0,21518.0,8192,3058
4f208ec8-efa4-40e6-910c-53385978ad3a,35963,22298,9411,12885.0,22296.0,8192,2280
4f208ec8-efa4-40e6-910c-53385978ad3a,36859,22560,9411,13104.0,22515.0,8192,2061
4f208ec8-efa4-40e6-910c-53385978ad3a,37516,23617,9411,14163.0,23574.0,8192,1002
4f208ec8-efa4-40e6-910c-53385978ad3a,38934,24629,9411,15168.0,24579.0,8192,-3
4f208ec8-efa4-40e6-910c-53385978ad3a,39745,20709,9411,11509.0,20920.0,8192,3656
4f208ec8-efa4-40e6-910c-53385978ad3a,41400,21692,9411,12449.0,21860.0,8192,2716
4f208ec8-efa4-40e6-910c-53385978ad3a,43773,24038,9411,14759.0,24170.0,8192,406
4f208ec8-efa4-40e6-910c-53385978ad3a,44240,21671,9411,12495.0,21906.0,8192,2670
4f208ec8-efa4-40e6-910c-53385978ad3a,44819,22512,9411,13301.0,22712.0,8192,1864
4f208ec8-efa4-40e6-910c-53385978ad3a,46729,24090,9411,14841.0,24252.0,8192,324
4f208ec8-efa4-40e6-910c-53385978ad3a,47809,26431,9411,17139.0,26550.0,8192,-1974
4f208ec8-efa4-40e6-910c-53385978ad3a,49698,24697,9411,15409.0,24820.0,8192,-244
4f208ec8-efa4-40e6-910c-53385978ad3a,50416,22042,9411,12775.0,22186.0,8192,2390
4f208ec8-efa4-40e6-910c-53385978ad3a,51721,26713,9411,17411.0,26822.0,8192,-2246
4f208ec8-efa4-40e6-910c-53385978ad3a,52108,21523,9411,12293.0,21704.0,8192,2872
4f208ec8-efa4-40e6-910c-53385978ad3a,52487,21972,9411,12708.0,22119.0,8192,2457
4f208ec8-efa4-40e6-910c-53385978ad3a,52746,23807,9411,14505.0,23916.0,8192,660
4f208ec8-efa4-40e6-910c-53385978ad3a,53621,26686,9411,17345.0,26756.0,8192,-2180
4f208ec8-efa4-40e6-910c-53385978ad3a,56086,25729,9411,16427.0,25838.0,8192,-1262
4f208ec8-efa4-40e6-910c-53385978ad3a,59123,25225,9411,15990.0,25401.0,8192,-825
4f208ec8-efa4-40e6-910c-53385978ad3a,59249,28317,9411,19037.0,28448.0,8192,-3872
4f208ec8-efa4-40e6-910c-53385978ad3a,59390,20816,9411,11609.0,21020.0,8192,3556
4f208ec8-efa4-40e6-910c-53385978ad3a,59782,20995,9411,11745.0,21156.0,8192,3420
4f208ec8-efa4-40e6-910c-53385978ad3a,61722,21613,9411,12325.0,21736.0,8192,2840
4f208ec8-efa4-40e6-910c-53385978ad3a,61881,23689,9411,14360.0,23771.0,8192,805
4f208ec8-efa4-40e6-910c-53385978ad3a,62143,24047,9411,14678.0,24089.0,8192,487
4f208ec8-efa4-40e6-910c-53385978ad3a,62385,24401,9411,14993.0,24404.0,8192,172
4f208ec8-efa4-40e6-910c-53385978ad3a,62673,24871,9411,15424.0,24835.0,8192,-259
4f208ec8-efa4-40e6-910c-53385978ad3a,62920,25299,9411,15812.0,25223.0,8192,-647
4f208ec8-efa4-40e6-910c-53385978ad3a,64683,26115,9411,16589.0,26000.0,8192,-1424
4f208ec8-efa4-40e6-910c-53385978ad3a,66909,21100,9411,11620.0,21031.0,8192,3545
4f208ec8-efa4-40e6-910c-53385978ad3a,67057,23546,9411,14043.0,23454.0,8192,1122
4f208ec8-efa4-40e6-910c-53385978ad3a,68487,23953,9411,14398.0,23809.0,8192,767
4f208ec8-efa4-40e6-910c-53385978ad3a,68879,25598,9411,16071.0,25482.0,8192,-906
4f208ec8-efa4-40e6-910c-53385978ad3a,71856,23193,9411,13997.0,23408.0,8192,1168
4f208ec8-efa4-40e6-910c-53385978ad3a,72232,21165,9411,12120.0,21531.0,8192,3045
4f208ec8-efa4-40e6-910c-53385978ad3a,75432,22354,9411,13271.0,22682.0,8192,1894
4f208ec8-efa4-40e6-910c-53385978ad3a,77060,22451,9411,13390.0,22801.0,8192,1775
4f208ec8-efa4-40e6-910c-53385978ad3a,79879,25019,9411,15946.0,25357.0,8192,-781
4f208ec8-efa4-40e6-910c-53385978ad3a,80511,24696,9411,15590.0,25001.0,8192,-425
4f208ec8-efa4-40e6-910c-53385978ad3a,80731,25513,9411,16359.0,25770.0,8192,-1194
4f208ec8-efa4-40e6-910c-53385978ad3a,83092,26130,9411,16936.0,26347.0,8192,-1771
4f208ec8-efa4-40e6-910c-53385978ad3a,83171,21274,9411,12030.0,21441.0,8192,3135
4f208ec8-efa4-40e6-910c-53385978ad3a,84623,21396,9411,12100.0,21511.0,8192,3065
4f208ec8-efa4-40e6-910c-53385978ad3a,85622,22986,9411,13691.0,23102.0,8192,1474
4f208ec8-efa4-40e6-910c-53385978ad3a,85761,24116,9411,14821.0,24232.0,8192,344
4f208ec8-efa4-40e6-910c-53385978ad3a,86296,24560,9411,15213.0,24624.0,8192,-48
4f208ec8-efa4-40e6-910c-53385978ad3a,87225,25778,9411,16414.0,25825.0,8192,-1249
4f208ec8-efa4-40e6-910c-53385978ad3a,90378,23563,9411,14297.0,23708.0,8192,868
4f208ec8-efa4-40e6-910c-53385978ad3a,92168,21319,9411,12105.0,21516.0,8192,3060
4f208ec8-efa4-40e6-910c-53385978ad3a,92667,23177,9411,13910.0,23321.0,8192,1255
4f208ec8-efa4-40e6-910c-53385978ad3a,95062,27280,9411,17978.0,27389.0,8192,-2813
4f208ec8-efa4-40e6-910c-53385978ad3a,95651,22908,9411,13658.0,23069.0,8192,1507
4f208ec8-efa4-40e6-910c-53385978ad3a,95744,23587,9411,14306.0,23717.0,8192,859
4f208ec8-efa4-40e6-910c-53385978ad3a,96038,25824,9411,16492.0,25903.0,8192,-1327
4f208ec8-efa4-40e6-910c-53385978ad3a,97269,26198,9411,16821.0,26232.0,8192,-1656
4f208ec8-efa4-40e6-910c-53385978ad3a,97502,21738,9411,12418.0,21829.0,8192,2747
4f208ec8-efa4-40e6-910c-53385978ad3a,97590,22167,9411,12798.0,22209.0,8192,2367
4f208ec8-efa4-40e6-910c-53385978ad3a,97903,22410,9411,12997.0,22408.0,8192,2168
4f208ec8-efa4-40e6-910c-53385978ad3a,98817,22903,9411,13446.0,22857.0,8192,1719
4f208ec8-efa4-40e6-910c-53385978ad3a,99493,23979,9411,14501.0,23912.0,8192,664
4f208ec8-efa4-40e6-910c-53385978ad3a,100047,24731,9411,15223.0,24634.0,8192,-58
4f208ec8-efa4-40e6-910c-53385978ad3a,101153,25822,9411,16291.0,25702.0,8192,-1126
4f208ec8-efa4-40e6-910c-53385978ad3a,101441,18906,9411,9522.0,18933.0,8192,5643
4f208ec8-efa4-40e6-910c-53385978ad3a,101954,19401,9411,9982.0,19393.0,8192,5183
4f208ec8-efa4-40e6-910c-53385978ad3a,102109,20114,9411,10673.0,20084.0,8192,4492
4f208ec8-efa4-40e6-910c-53385978ad3a,102625,20330,9411,10850.0,20261.0,8192,4315
4f208ec8-efa4-40e6-910c-53385978ad3a,103447,22067,9411,12569.0,21980.0,8192,2596
4f208ec8-efa4-40e6-910c-53385978ad3a,103647,23876,9411,14360.0,23771.0,8192,805
4f208ec8-efa4-40e6-910c-53385978ad3a,104558,24974,9411,15419.0,24830.0,8192,-254
4f208ec8-efa4-40e6-910c-53385978ad3a,105376,26177,9411,16603.0,26014.0,8192,-1438
4f208ec8-efa4-40e6-910c-53385978ad3a,107724,23214,9411,13981.0,23392.0,8192,1184
4f208ec8-efa4-40e6-910c-53385978ad3a,110663,23736,9411,14582.0,23993.0,8192,583
4f208ec8-efa4-40e6-910c-53385978ad3a,112298,25609,9411,16473.0,25884.0,8192,-1308
4f208ec8-efa4-40e6-910c-53385978ad3a,112640,23344,9411,14228.0,23639.0,8192,937
4f208ec8-efa4-40e6-910c-53385978ad3a,113724,25119,9411,15959.0,25370.0,8192,-794
4f208ec8-efa4-40e6-910c-53385978ad3a,114210,21518,9411,12360.0,21771.0,8192,2805
4f208ec8-efa4-40e6-910c-53385978ad3a,115509,23275,9411,14077.0,23488.0,8192,1088
4f208ec8-efa4-40e6-910c-53385978ad3a,115905,25024,9411,15789.0,25200.0,8192,-624
4f208ec8-efa4-40e6-910c-53385978ad3a,118396,25680,9411,16405.0,25816.0,8192,-1240
4f208ec8-efa4-40e6-910c-53385978ad3a,118637,19437,9411,10185.0,19596.0,8192,4980
4f208ec8-efa4-40e6-910c-53385978ad3a,118845,19737,9411,10471.0,19882.0,8192,4694
4f208ec8-efa4-40e6-910c-53385978ad3a,119321,20572,9411,11265.0,20676.0,8192,3900
4f208ec8-efa4-40e6-910c-53385978ad3a,119995,21237,9411,11895.0,21306.0,8192,3270
4f208ec8-efa4-40e6-910c-53385978ad3a,120195,21966,9411,12610.0,22021.0,8192,2555
505aceb5-00e2-4dec-9755-40b76af12880,88,6107,6107,390.0,6497.0,16384,9887
505aceb5-00e2-4dec-9755-40b76af12880,288,6243,6107,483.0,6590.0,16384,9794
527ff322-9c16-432d-b377-0bef48693e20,417,6285,6285,568.0,6853.0,8192,17723
527ff322-9c16-432d-b377-0bef48693e20,785,7026,6285,1171.0,7456.0,8192,17120
527ff322-9c16-432d-b377-0bef48693e20,3443,10905,6285,4944.0,11229.0,8192,13347
527ff322-9c16-432d-b377-0bef48693e20,8093,15486,6285,9395.0,15680.0,8192,8896
527ff322-9c16-432d-b377-0bef48693e20,13303,23134,6285,16918.0,23203.0,8192,1373
527ff322-9c16-432d-b377-0bef48693e20,16142,29053,6285,22707.0,28992.0,8192,-4416
528ba60c-6452-490f-aa70-c3cd751836a4,84,1153,1153,39.0,1192.0,0,260952
528ba60c-6452-490f-aa70-c3cd751836a4,143,7206,1153,6049.0,7202.0,0,254942
528ba60c-6452-490f-aa70-c3cd751836a4,299,7472,1153,6278.0,7431.0,0,254713
528ba60c-6452-490f-aa70-c3cd751836a4,363,9530,1153,8284.0,9437.0,0,252707
528ba60c-6452-490f-aa70-c3cd751836a4,3367,10566,1153,9268.0,10421.0,0,251723
5457abbd-74d6-4949-a461-a6981ad50d4c,15,6394,6394,453.0,6847.0,16384,13633
5457abbd-74d6-4949-a461-a6981ad50d4c,20,7617,6394,1637.0,8031.0,16384,12449
5457abbd-74d6-4949-a461-a6981ad50d4c,28,7936,6394,1942.0,8336.0,16384,12144
5457abbd-74d6-4949-a461-a6981ad50d4c,36,8241,6394,2233.0,8627.0,16384,11853
5457abbd-74d6-4949-a461-a6981ad50d4c,43,9037,6394,2947.0,9341.0,16384,11139
5457abbd-74d6-4949-a461-a6981ad50d4c,50,10020,6394,3840.0,10234.0,16384,10246
5457abbd-74d6-4949-a461-a6981ad50d4c,57,10750,6394,4482.0,10876.0,16384,9604
5457abbd-74d6-4949-a461-a6981ad50d4c,64,12047,6394,5701.0,12095.0,16384,8385
5457abbd-74d6-4949-a461-a6981ad50d4c,69,13987,6394,7592.0,13986.0,16384,6494
5457abbd-74d6-4949-a461-a6981ad50d4c,77,15423,6394,9014.0,15408.0,16384,5072
5457abbd-74d6-4949-a461-a6981ad50d4c,83,16471,6394,10003.0,16397.0,16384,4083
5457abbd-74d6-4949-a461-a6981ad50d4c,90,17568,6394,11016.0,17410.0,16384,3070
5457abbd-74d6-4949-a461-a6981ad50d4c,103,19552,6394,12843.0,19237.0,16384,1243
5457abbd-74d6-4949-a461-a6981ad50d4c,110,20391,6394,13622.0,20016.0,16384,464
5457abbd-74d6-4949-a461-a6981ad50d4c,115,20667,6394,13847.0,20241.0,16384,239
5457abbd-74d6-4949-a461-a6981ad50d4c,121,21203,6394,14324.0,20718.0,16384,-238
5457abbd-74d6-4949-a461-a6981ad50d4c,129,21755,6394,14862.0,21256.0,16384,-776
5457abbd-74d6-4949-a461-a6981ad50d4c,136,22441,6394,15476.0,21870.0,16384,-1390
5457abbd-74d6-4949-a461-a6981ad50d4c,143,23309,6394,16279.0,22673.0,16384,-2193
5457abbd-74d6-4949-a461-a6981ad50d4c,148,23964,6394,16892.0,23286.0,16384,-2806
5457abbd-74d6-4949-a461-a6981ad50d4c,159,16522,6394,9939.0,16333.0,16384,4147
5457abbd-74d6-4949-a461-a6981ad50d4c,168,17741,6394,11139.0,17533.0,16384,2947
5457abbd-74d6-4949-a461-a6981ad50d4c,176,18112,6394,11496.0,17890.0,16384,2590
5457abbd-74d6-4949-a461-a6981ad50d4c,181,24743,6394,18082.0,24476.0,16384,-3996
5457abbd-74d6-4949-a461-a6981ad50d4c,191,20174,6394,13453.0,19847.0,16384,633
5457abbd-74d6-4949-a461-a6981ad50d4c,196,20584,6394,13820.0,20214.0,16384,266
5457abbd-74d6-4949-a461-a6981ad50d4c,204,20905,6394,14127.0,20521.0,16384,-41
5457abbd-74d6-4949-a461-a6981ad50d4c,212,21117,6394,14325.0,20719.0,16384,-239
5457abbd-74d6-4949-a461-a6981ad50d4c,217,22712,6394,15880.0,22274.0,16384,-1794
5457abbd-74d6-4949-a461-a6981ad50d4c,225,23426,6394,16580.0,22974.0,16384,-2494
5457abbd-74d6-4949-a461-a6981ad50d4c,230,23875,6394,16986.0,23380.0,16384,-2900
5457abbd-74d6-4949-a461-a6981ad50d4c,240,15962,6394,9678.0,16072.0,16384,4408
5457abbd-74d6-4949-a461-a6981ad50d4c,245,24778,6394,18449.0,24843.0,16384,-4363
5457abbd-74d6-4949-a461-a6981ad50d4c,255,18522,6394,12133.0,18527.0,16384,1953
5457abbd-74d6-4949-a461-a6981ad50d4c,260,18727,6394,12294.0,18688.0,16384,1792
5457abbd-74d6-4949-a461-a6981ad50d4c,276,19399,6394,12939.0,19333.0,16384,1147
5539bf89-e59c-4e37-92c8-a3181269c8ad,166,9234,9234,157.0,9391.0,8192,15185
5539bf89-e59c-4e37-92c8-a3181269c8ad,255,9522,9234,333.0,9567.0,8192,15009
5539bf89-e59c-4e37-92c8-a3181269c8ad,414,17856,9234,8586.0,17820.0,8192,6756
5539bf89-e59c-4e37-92c8-a3181269c8ad,5349,20987,9234,11659.0,20893.0,8192,3683
5539bf89-e59c-4e37-92c8-a3181269c8ad,6104,25976,9234,16634.0,25868.0,8192,-1292
5539bf89-e59c-4e37-92c8-a3181269c8ad,9175,28917,9234,19506.0,28740.0,8192,-4164
5539bf89-e59c-4e37-92c8-a3181269c8ad,9319,32432,9234,22976.0,32210.0,8192,-7634
574d27d8-1ff3-41a8-b2b6-4b5c7c4d2abc,71,5882,5882,172.0,6054.0,16384,10330
574d27d8-1ff3-41a8-b2b6-4b5c7c4d2abc,494,7179,5882,1418.0,7300.0,16384,9084
5b2caf8f-2801-4108-afce-999f372517a6,15,6395,6395,455.0,6850.0,16384,13630
5b2caf8f-2801-4108-afce-999f372517a6,20,7484,6395,1505.0,7900.0,16384,12580
60ebe272-351b-419a-9b35-a833c1ec36a5,106,1153,1153,39.0,1192.0,0,260952
60ebe272-351b-419a-9b35-a833c1ec36a5,208,1459,1153,308.0,1461.0,0,260683
60ebe272-351b-419a-9b35-a833c1ec36a5,277,3390,1153,2146.0,3299.0,0,258845
60ebe272-351b-419a-9b35-a833c1ec36a5,1961,4281,1153,2985.0,4138.0,0,258006
60ebe272-351b-419a-9b35-a833c1ec36a5,2688,6712,1153,5356.0,6509.0,0,255635
60ebe272-351b-419a-9b35-a833c1ec36a5,3208,7472,1153,6079.0,7232.0,0,254912
60ebe272-351b-419a-9b35-a833c1ec36a5,3350,8058,1153,6633.0,7786.0,0,254358
60ebe272-351b-419a-9b35-a833c1ec36a5,3476,8064,1153,6767.0,7920.0,0,254224
60ebe272-351b-419a-9b35-a833c1ec36a5,3604,8070,1153,6865.0,8018.0,0,254126
645ee3eb-2fa5-4ecd-b976-a206351e8a19,15,4925,4925,455.0,5380.0,16384,15100
645ee3eb-2fa5-4ecd-b976-a206351e8a19,20,5082,4925,573.0,5498.0,16384,14982
6619ff5a-c72c-472a-8ceb-fe55aa00bd08,151,9057,9057,106.0,9163.0,0,252981
6619ff5a-c72c-472a-8ceb-fe55aa00bd08,198,9747,9057,760.0,9817.0,0,252327
6619ff5a-c72c-472a-8ceb-fe55aa00bd08,257,10209,9057,1186.0,10243.0,0,251901
6619ff5a-c72c-472a-8ceb-fe55aa00bd08,601,10653,9057,1579.0,10636.0,0,251508
66207706-103d-4716-8605-26aefb01c335,464,6218,6218,501.0,6719.0,8192,17857
66207706-103d-4716-8605-26aefb01c335,1904,20886,6218,15034.0,21252.0,8192,3324
66207706-103d-4716-8605-26aefb01c335,5695,17595,6218,11610.0,17828.0,8192,6748
66207706-103d-4716-8605-26aefb01c335,10754,19658,6218,13686.0,19904.0,8192,4672
66207706-103d-4716-8605-26aefb01c335,18202,15626,6218,9818.0,16036.0,8192,8540
66207706-103d-4716-8605-26aefb01c335,26389,22334,6218,16530.0,22748.0,8192,1828
66207706-103d-4716-8605-26aefb01c335,27615,30285,6218,24463.0,30681.0,8192,-6105
6917975b-9b61-4930-940a-f82e62d42414,392,6210,6210,493.0,6703.0,8192,17873
6917975b-9b61-4930-940a-f82e62d42414,847,8794,6210,2968.0,9178.0,8192,15398
6efbac01-0e49-4ee6-bb3f-3841e8acf7c2,182,6146,6146,429.0,6575.0,16384,9809
6efbac01-0e49-4ee6-bb3f-3841e8acf7c2,349,6383,6146,623.0,6769.0,16384,9615
6f94755c-55cd-4ae2-97f4-8895a7eab57d,34,8872,8872,106.0,8978.0,0,253166
6f94755c-55cd-4ae2-97f4-8895a7eab57d,55,8979,8872,177.0,9049.0,0,253095
6f94755c-55cd-4ae2-97f4-8895a7eab57d,81,9267,8872,429.0,9301.0,0,252843
6f94755c-55cd-4ae2-97f4-8895a7eab57d,105,9349,8872,468.0,9340.0,0,252804
6f94755c-55cd-4ae2-97f4-8895a7eab57d,134,9456,8872,539.0,9411.0,0,252733
6f94755c-55cd-4ae2-97f4-8895a7eab57d,164,9550,8872,582.0,9454.0,0,252690
6f94755c-55cd-4ae2-97f4-8895a7eab57d,194,9645,8872,626.0,9498.0,0,252646
6f94755c-55cd-4ae2-97f4-8895a7eab57d,221,9740,8872,670.0,9542.0,0,252602
6f94755c-55cd-4ae2-97f4-8895a7eab57d,246,9832,8872,711.0,9583.0,0,252561
6f94755c-55cd-4ae2-97f4-8895a7eab57d,274,9912,8872,747.0,9619.0,0,252525
6f94755c-55cd-4ae2-97f4-8895a7eab57d,302,9995,8872,786.0,9658.0,0,252486
6f94755c-55cd-4ae2-97f4-8895a7eab57d,330,10078,8872,825.0,9697.0,0,252447
6f94755c-55cd-4ae2-97f4-8895a7eab57d,443,10161,8872,864.0,9736.0,0,252408
6f94755c-55cd-4ae2-97f4-8895a7eab57d,585,10315,8872,974.0,9846.0,0,252298
6f94755c-55cd-4ae2-97f4-8895a7eab57d,742,11912,8872,2528.0,11400.0,0,250744
6f94755c-55cd-4ae2-97f4-8895a7eab57d,872,12110,8872,2681.0,11553.0,0,250591
6f94755c-55cd-4ae2-97f4-8895a7eab57d,1100,12302,8872,2829.0,11701.0,0,250443
6f94755c-55cd-4ae2-97f4-8895a7eab57d,1392,12641,8872,3127.0,11999.0,0,250145
6f94755c-55cd-4ae2-97f4-8895a7eab57d,1431,12989,8872,3434.0,12306.0,0,249838
6f94755c-55cd-4ae2-97f4-8895a7eab57d,1533,13112,8872,3512.0,12384.0,0,249760
6f94755c-55cd-4ae2-97f4-8895a7eab57d,1761,13259,8872,3615.0,12487.0,0,249657
6f94755c-55cd-4ae2-97f4-8895a7eab57d,1899,13543,8872,3858.0,12730.0,0,249414
6f94755c-55cd-4ae2-97f4-8895a7eab57d,2085,14533,8872,4806.0,13678.0,0,248466
6f94755c-55cd-4ae2-97f4-8895a7eab57d,2290,14774,8872,5009.0,13881.0,0,248263
6f94755c-55cd-4ae2-97f4-8895a7eab57d,2439,15679,8872,5875.0,14747.0,0,247397
6f94755c-55cd-4ae2-97f4-8895a7eab57d,2586,16716,8872,6872.0,15744.0,0,246400
6f94755c-55cd-4ae2-97f4-8895a7eab57d,2737,17776,8872,7891.0,16763.0,0,245381
6f94755c-55cd-4ae2-97f4-8895a7eab57d,2887,18847,8872,8921.0,17793.0,0,244351
6f94755c-55cd-4ae2-97f4-8895a7eab57d,3612,19683,8872,9716.0,18588.0,0,243556
6fc2ec3e-69f2-4d06-ad18-97067528fcbb,476,9049,9049,106.0,9155.0,0,252989
6fc2ec3e-69f2-4d06-ad18-97067528fcbb,630,9570,9049,583.0,9632.0,0,252512
6fc2ec3e-69f2-4d06-ad18-97067528fcbb,727,9779,9049,748.0,9797.0,0,252347
6fc2ec3e-69f2-4d06-ad18-97067528fcbb,1390,9929,9049,854.0,9903.0,0,252241
734d03f3-ebf7-4812-a6bc-7aa7076fbd2d,1109,7070,7070,443.0,7513.0,16384,12967
74bd2620-7c51-474b-8a9d-e1c11064bc0f,229,10267,10267,1194.0,11461.0,16384,4923
74bd2620-7c51-474b-8a9d-e1c11064bc0f,374,12379,10267,3212.0,13479.0,16384,2905
74bd2620-7c51-474b-8a9d-e1c11064bc0f,601,12939,10267,3610.0,13877.0,16384,2507
74bd2620-7c51-474b-8a9d-e1c11064bc0f,898,13447,10267,4005.0,14272.0,16384,2112
74bd2620-7c51-474b-8a9d-e1c11064bc0f,957,13838,10267,4359.0,14626.0,16384,1758
74bd2620-7c51-474b-8a9d-e1c11064bc0f,1012,13991,10267,4469.0,14736.0,16384,1648
74bd2620-7c51-474b-8a9d-e1c11064bc0f,1079,14131,10267,4565.0,14832.0,16384,1552
74bd2620-7c51-474b-8a9d-e1c11064bc0f,1258,14339,10267,4729.0,14996.0,16384,1388
74bd2620-7c51-474b-8a9d-e1c11064bc0f,1876,19185,10267,9539.0,19806.0,16384,-3422
769427df-7fa1-4431-b6d8-95479125d7d0,204,6279,6279,562.0,6841.0,8192,17735
769427df-7fa1-4431-b6d8-95479125d7d0,684,7114,6279,1320.0,7599.0,8192,16977
769427df-7fa1-4431-b6d8-95479125d7d0,1448,12372,6279,6471.0,12750.0,8192,11826
769427df-7fa1-4431-b6d8-95479125d7d0,5011,18558,6279,12517.0,18796.0,8192,5780
769427df-7fa1-4431-b6d8-95479125d7d0,8634,19705,6279,13713.0,19992.0,8192,4584
769427df-7fa1-4431-b6d8-95479125d7d0,11101,30318,6279,24174.0,30453.0,8192,-5877
769427df-7fa1-4431-b6d8-95479125d7d0,13563,30324,6279,26624.0,32903.0,8192,-8327
77c72c80-00cd-4d6d-b6bd-53c6bea41922,241,5808,5808,98.0,5906.0,16384,10478
77c72c80-00cd-4d6d-b6bd-53c6bea41922,707,7046,5808,1296.0,7104.0,16384,9280
77c72c80-00cd-4d6d-b6bd-53c6bea41922,788,7520,5808,1756.0,7564.0,16384,8820
77c72c80-00cd-4d6d-b6bd-53c6bea41922,828,7603,5808,1825.0,7633.0,16384,8751
77c72c80-00cd-4d6d-b6bd-53c6bea41922,1158,7699,5808,1877.0,7685.0,16384,8699
79bb9b99-04ac-448b-b9ad-26c9c5f849a6,79,9177,9177,104.0,9281.0,16384,7103
79bb9b99-04ac-448b-b9ad-26c9c5f849a6,155,9722,9177,608.0,9785.0,16384,6599
79bb9b99-04ac-448b-b9ad-26c9c5f849a6,224,10295,9177,1139.0,10316.0,16384,6068
79bb9b99-04ac-448b-b9ad-26c9c5f849a6,288,10868,9177,1670.0,10847.0,16384,5537
79bb9b99-04ac-448b-b9ad-26c9c5f849a6,415,11818,9177,2569.0,11746.0,16384,4638
79bb9b99-04ac-448b-b9ad-26c9c5f849a6,491,11991,9177,2689.0,11866.0,16384,4518
79bb9b99-04ac-448b-b9ad-26c9c5f849a6,554,12715,9177,3371.0,12548.0,16384,3836
79bb9b99-04ac-448b-b9ad-26c9c5f849a6,625,12821,9177,3442.0,12619.0,16384,3765
79bb9b99-04ac-448b-b9ad-26c9c5f849a6,716,14823,9177,5355.0,14532.0,16384,1852
79bb9b99-04ac-448b-b9ad-26c9c5f849a6,898,16475,9177,6917.0,16094.0,16384,290
79bb9b99-04ac-448b-b9ad-26c9c5f849a6,989,17222,9177,7622.0,16799.0,16384,-415
79bb9b99-04ac-448b-b9ad-26c9c5f849a6,1181,18975,9177,9285.0,18462.0,16384,-2078
79bb9b99-04ac-448b-b9ad-26c9c5f849a6,1283,19856,9177,10115.0,19292.0,16384,-2908
79bb9b99-04ac-448b-b9ad-26c9c5f849a6,1390,21355,9177,11570.0,20747.0,16384,-4363
79bb9b99-04ac-448b-b9ad-26c9c5f849a6,1482,23457,9177,13582.0,22759.0,16384,-6375
79bb9b99-04ac-448b-b9ad-26c9c5f849a6,2363,25002,9177,15037.0,24214.0,16384,-7830
79bb9b99-04ac-448b-b9ad-26c9c5f849a6,2470,24804,9177,15917.0,25094.0,16384,-8710
79bb9b99-04ac-448b-b9ad-26c9c5f849a6,2636,26116,9177,17150.0,26327.0,16384,-9943
79bb9b99-04ac-448b-b9ad-26c9c5f849a6,2696,16832,9177,7845.0,17022.0,16384,-638
79bb9b99-04ac-448b-b9ad-26c9c5f849a6,3240,16982,9177,8002.0,17179.0,16384,-795
79bb9b99-04ac-448b-b9ad-26c9c5f849a6,3335,18201,9177,9159.0,18336.0,16384,-1952
79bb9b99-04ac-448b-b9ad-26c9c5f849a6,3876,19614,9177,10483.0,19660.0,16384,-3276
79bb9b99-04ac-448b-b9ad-26c9c5f849a6,4173,21685,9177,12477.0,21654.0,16384,-5270
79bb9b99-04ac-448b-b9ad-26c9c5f849a6,5384,23801,9177,14529.0,23706.0,16384,-7322
79bb9b99-04ac-448b-b9ad-26c9c5f849a6,5548,24086,9177,15762.0,24939.0,16384,-8555
79bb9b99-04ac-448b-b9ad-26c9c5f849a6,5667,25613,9177,17210.0,26387.0,16384,-10003
79bb9b99-04ac-448b-b9ad-26c9c5f849a6,6060,17530,9177,8859.0,18036.0,16384,-1652
79bb9b99-04ac-448b-b9ad-26c9c5f849a6,7648,22428,9177,13800.0,22977.0,16384,-6593
7a77964b-365c-46be-a5d5-0194c1c4b311,349,10285,10285,1212.0,11497.0,16384,4887
7a77964b-365c-46be-a5d5-0194c1c4b311,586,10743,10285,1580.0,11865.0,16384,4519
7a77964b-365c-46be-a5d5-0194c1c4b311,863,10875,10285,1895.0,12180.0,16384,4204
7a77964b-365c-46be-a5d5-0194c1c4b311,1339,14699,10285,5648.0,15933.0,16384,451
7a77964b-365c-46be-a5d5-0194c1c4b311,1842,17628,10285,8541.0,18826.0,16384,-2442
7a77964b-365c-46be-a5d5-0194c1c4b311,2419,18850,10285,9721.0,20006.0,16384,-3622
7a77964b-365c-46be-a5d5-0194c1c4b311,2528,20521,10285,11323.0,21608.0,16384,-5224
7a77964b-365c-46be-a5d5-0194c1c4b311,2602,21452,10285,12181.0,22466.0,16384,-6082
7a77964b-365c-46be-a5d5-0194c1c4b311,2743,21982,10285,12670.0,22955.0,16384,-6571
7a77964b-365c-46be-a5d5-0194c1c4b311,2796,22168,10285,12811.0,23096.0,16384,-6712
7a77964b-365c-46be-a5d5-0194c1c4b311,2851,22335,10285,12936.0,23221.0,16384,-6837
7a77964b-365c-46be-a5d5-0194c1c4b311,2936,22534,10285,13091.0,23376.0,16384,-6992
7a77964b-365c-46be-a5d5-0194c1c4b311,3019,22739,10285,13253.0,23538.0,16384,-7154
7a77964b-365c-46be-a5d5-0194c1c4b311,3105,22951,10285,13426.0,23711.0,16384,-7327
7a77964b-365c-46be-a5d5-0194c1c4b311,18335,21817,10285,13594.0,23879.0,16384,-7495
7aefbabf-5975-43c0-a6ef-dd6162e8c8d2,58,9237,9237,100.0,9337.0,16384,7047
7aefbabf-5975-43c0-a6ef-dd6162e8c8d2,109,9704,9237,528.0,9765.0,16384,6619
7aefbabf-5975-43c0-a6ef-dd6162e8c8d2,159,10137,9237,918.0,10155.0,16384,6229
7aefbabf-5975-43c0-a6ef-dd6162e8c8d2,338,10585,9237,1315.0,10552.0,16384,5832
7aefbabf-5975-43c0-a6ef-dd6162e8c8d2,469,10810,9237,1497.0,10734.0,16384,5650
7aefbabf-5975-43c0-a6ef-dd6162e8c8d2,526,11253,9237,1897.0,11134.0,16384,5250
7aefbabf-5975-43c0-a6ef-dd6162e8c8d2,1012,11960,9237,2553.0,11790.0,16384,4594
7ce22256-b88c-4c36-afb2-3e4eb4dc067b,99,9343,9343,266.0,9609.0,8192,14967
7ce22256-b88c-4c36-afb2-3e4eb4dc067b,262,12130,9343,2986.0,12329.0,8192,12247
7ce22256-b88c-4c36-afb2-3e4eb4dc067b,1103,17040,9343,7815.0,17158.0,8192,7418
7ce22256-b88c-4c36-afb2-3e4eb4dc067b,1235,18007,9343,8747.0,18090.0,8192,6486
7ce22256-b88c-4c36-afb2-3e4eb4dc067b,1535,18878,9343,9574.0,18917.0,8192,5659
7ce22256-b88c-4c36-afb2-3e4eb4dc067b,3086,21435,9343,12097.0,21440.0,8192,3136
7ce22256-b88c-4c36-afb2-3e4eb4dc067b,4381,24097,9343,14684.0,24027.0,8192,549
7ce22256-b88c-4c36-afb2-3e4eb4dc067b,4819,26258,9343,16768.0,26111.0,8192,-1535
7ce22256-b88c-4c36-afb2-3e4eb4dc067b,8222,19388,9343,10085.0,19428.0,8192,5148
7ce22256-b88c-4c36-afb2-3e4eb4dc067b,13487,23486,9343,14139.0,23482.0,8192,1094
7ce22256-b88c-4c36-afb2-3e4eb4dc067b,13698,21070,9343,12050.0,21393.0,8192,3183
7ce22256-b88c-4c36-afb2-3e4eb4dc067b,14624,24255,9343,15177.0,24520.0,8192,56
7ce22256-b88c-4c36-afb2-3e4eb4dc067b,14889,25266,9343,16153.0,25496.0,8192,-920
7ce22256-b88c-4c36-afb2-3e4eb4dc067b,15087,25615,9343,16456.0,25799.0,8192,-1223
7ce22256-b88c-4c36-afb2-3e4eb4dc067b,15233,25885,9343,16675.0,26018.0,8192,-1442
7ce22256-b88c-4c36-afb2-3e4eb4dc067b,15324,26085,9343,16833.0,26176.0,8192,-1600
7ce22256-b88c-4c36-afb2-3e4eb4dc067b,16196,22327,9343,13074.0,22417.0,8192,2159
7ce22256-b88c-4c36-afb2-3e4eb4dc067b,18081,23694,9343,14394.0,23737.0,8192,839
7ce22256-b88c-4c36-afb2-3e4eb4dc067b,18221,25659,9343,16312.0,25655.0,8192,-1079
7ce22256-b88c-4c36-afb2-3e4eb4dc067b,19082,25876,9343,16487.0,25830.0,8192,-1254
7ce22256-b88c-4c36-afb2-3e4eb4dc067b,19232,18644,9343,9189.0,18532.0,8192,6044
7ce22256-b88c-4c36-afb2-3e4eb4dc067b,19309,18868,9343,9368.0,18711.0,8192,5865
7ce22256-b88c-4c36-afb2-3e4eb4dc067b,19727,19068,9343,9524.0,18867.0,8192,5709
7ce22256-b88c-4c36-afb2-3e4eb4dc067b,20105,19672,9343,10085.0,19428.0,8192,5148
7ce22256-b88c-4c36-afb2-3e4eb4dc067b,20426,20226,9343,10598.0,19941.0,8192,4635
7ce22256-b88c-4c36-afb2-3e4eb4dc067b,20543,20782,9343,11110.0,20453.0,8192,4123
7ce22256-b88c-4c36-afb2-3e4eb4dc067b,20977,21104,9343,11374.0,20717.0,8192,3859
7ce22256-b88c-4c36-afb2-3e4eb4dc067b,22068,22087,9343,12314.0,21657.0,8192,2919
7ce22256-b88c-4c36-afb2-3e4eb4dc067b,23366,23431,9343,13615.0,22958.0,8192,1618
7ce22256-b88c-4c36-afb2-3e4eb4dc067b,25759,19809,9343,10473.0,19816.0,8192,4760
7ce22256-b88c-4c36-afb2-3e4eb4dc067b,26079,22722,9343,13344.0,22687.0,8192,1889
7ce22256-b88c-4c36-afb2-3e4eb4dc067b,26919,23543,9343,14121.0,23464.0,8192,1112
7ce22256-b88c-4c36-afb2-3e4eb4dc067b,27175,24464,9343,14991.0,24334.0,8192,242
7ce22256-b88c-4c36-afb2-3e4eb4dc067b,27334,24800,9343,15285.0,24628.0,8192,-52
7ce22256-b88c-4c36-afb2-3e4eb4dc067b,27675,25084,9343,15527.0,24870.0,8192,-294
7ce22256-b88c-4c36-afb2-3e4eb4dc067b,27858,25497,9343,15889.0,25232.0,8192,-656
7ce22256-b88c-4c36-afb2-3e4eb4dc067b,28806,25757,9343,16100.0,25443.0,8192,-867
7ce22256-b88c-4c36-afb2-3e4eb4dc067b,29055,23728,9343,14282.0,23625.0,8192,951
7ce22256-b88c-4c36-afb2-3e4eb4dc067b,29215,24086,9343,14597.0,23940.0,8192,636
7ce22256-b88c-4c36-afb2-3e4eb4dc067b,29378,24343,9343,14809.0,24152.0,8192,424
7ce22256-b88c-4c36-afb2-3e4eb4dc067b,29491,24576,9343,14994.0,24337.0,8192,239
7ce22256-b88c-4c36-afb2-3e4eb4dc067b,29673,24761,9343,15135.0,24478.0,8192,98
7ce22256-b88c-4c36-afb2-3e4eb4dc067b,29912,25096,9343,15419.0,24762.0,8192,-186
7ce22256-b88c-4c36-afb2-3e4eb4dc067b,30347,25407,9343,15688.0,25031.0,8192,-455
7ce22256-b88c-4c36-afb2-3e4eb4dc067b,31891,26274,9343,16511.0,25854.0,8192,-1278
7ce22256-b88c-4c36-afb2-3e4eb4dc067b,32088,19898,9343,10214.0,19557.0,8192,5019
7ce22256-b88c-4c36-afb2-3e4eb4dc067b,34420,20338,9343,10605.0,19948.0,8192,4628
7ce22256-b88c-4c36-afb2-3e4eb4dc067b,35353,22985,9343,13210.0,22553.0,8192,2023
7ce22256-b88c-4c36-afb2-3e4eb4dc067b,36870,24135,9343,14346.0,23689.0,8192,887
7e128ce3-2160-4bfc-a4d4-95900b3ea7cd,15,6395,6395,454.0,6849.0,16384,13631
7e128ce3-2160-4bfc-a4d4-95900b3ea7cd,20,7869,6395,1987.0,8382.0,16384,12098
8011dfd1-66f7-4126-86e4-02e35234af07,15,6397,6397,456.0,6853.0,16384,13627
8011dfd1-66f7-4126-86e4-02e35234af07,20,7525,6397,1544.0,7941.0,16384,12539
82738181-1ed8-4c85-8d90-e075b2781d69,297,8901,8901,99.0,9000.0,0,253144
82738181-1ed8-4c85-8d90-e075b2781d69,382,9270,8901,432.0,9333.0,0,252811
82738181-1ed8-4c85-8d90-e075b2781d69,427,9408,8901,526.0,9427.0,0,252717
82738181-1ed8-4c85-8d90-e075b2781d69,460,9497,8901,579.0,9480.0,0,252664
82738181-1ed8-4c85-8d90-e075b2781d69,563,9777,8901,830.0,9731.0,0,252413
82738181-1ed8-4c85-8d90-e075b2781d69,1181,11087,8901,2089.0,10990.0,0,251154
82738181-1ed8-4c85-8d90-e075b2781d69,1331,11731,8901,2719.0,11620.0,0,250524
82738181-1ed8-4c85-8d90-e075b2781d69,1772,12588,8901,3540.0,12441.0,0,249703
82738181-1ed8-4c85-8d90-e075b2781d69,2110,13039,8901,3977.0,12878.0,0,249266
82738181-1ed8-4c85-8d90-e075b2781d69,2566,13433,8901,4327.0,13228.0,0,248916
83065097-f116-43fa-93a0-bcaaccbcfc66,1715,10677,10677,443.0,11120.0,16384,9360
83065097-f116-43fa-93a0-bcaaccbcfc66,2647,16738,10677,2139.0,12816.0,16384,7664
8449232f-54a1-4646-bd43-6e19bef308a4,438,7771,7771,106.0,7877.0,0,254267
85c2ab22-dcdb-4945-bfab-464310e63791,84,6119,6119,402.0,6521.0,16384,9863
85c2ab22-dcdb-4945-bfab-464310e63791,263,6256,6119,494.0,6613.0,16384,9771
85c826e4-e999-403d-8077-35a068f3719c,132,8902,8902,100.0,9002.0,0,253142
85c826e4-e999-403d-8077-35a068f3719c,242,9106,8902,268.0,9170.0,0,252974
85c826e4-e999-403d-8077-35a068f3719c,318,9297,8902,423.0,9325.0,0,252819
85c826e4-e999-403d-8077-35a068f3719c,889,9925,8902,1000.0,9902.0,0,252242
85c826e4-e999-403d-8077-35a068f3719c,1638,10505,8902,1566.0,10468.0,0,251676
85c826e4-e999-403d-8077-35a068f3719c,2000,11261,8902,2308.0,11210.0,0,250934
85c826e4-e999-403d-8077-35a068f3719c,2684,11634,8902,2667.0,11569.0,0,250575
85c826e4-e999-403d-8077-35a068f3719c,3039,12747,8902,3729.0,12631.0,0,249513
85c826e4-e999-403d-8077-35a068f3719c,3266,13662,8902,4593.0,13495.0,0,248649
85c826e4-e999-403d-8077-35a068f3719c,3568,14567,8902,5447.0,14349.0,0,247795
85c826e4-e999-403d-8077-35a068f3719c,4029,15432,8902,6261.0,15163.0,0,246981
878c34bb-316b-47d5-bc56-a342248d09f7,83,1155,1155,41.0,1196.0,0,260948
878c34bb-316b-47d5-bc56-a342248d09f7,357,1431,1155,280.0,1435.0,0,260709
878c34bb-316b-47d5-bc56-a342248d09f7,1243,3689,1155,2486.0,3641.0,0,258503
878c34bb-316b-47d5-bc56-a342248d09f7,2134,4900,1155,3660.0,4815.0,0,257329
87c9c6a5-3262-49e1-9685-29214b3beea9,68,8901,8901,99.0,9000.0,0,253144
87c9c6a5-3262-49e1-9685-29214b3beea9,115,9041,8901,203.0,9104.0,0,253040
87c9c6a5-3262-49e1-9685-29214b3beea9,166,9141,8901,260.0,9161.0,0,252983
87c9c6a5-3262-49e1-9685-29214b3beea9,228,9254,8901,322.0,9223.0,0,252921
87c9c6a5-3262-49e1-9685-29214b3beea9,362,9583,8901,615.0,9516.0,0,252628
87c9c6a5-3262-49e1-9685-29214b3beea9,524,9798,8901,794.0,9695.0,0,252449
87c9c6a5-3262-49e1-9685-29214b3beea9,836,10023,8901,968.0,9869.0,0,252275
87c9c6a5-3262-49e1-9685-29214b3beea9,988,10374,8901,1274.0,10175.0,0,251969
87c9c6a5-3262-49e1-9685-29214b3beea9,1078,10571,8901,1427.0,10328.0,0,251816
87c9c6a5-3262-49e1-9685-29214b3beea9,1243,10733,8901,1546.0,10447.0,0,251697
87c9c6a5-3262-49e1-9685-29214b3beea9,1333,10943,8901,1712.0,10613.0,0,251531
87c9c6a5-3262-49e1-9685-29214b3beea9,1592,11227,8901,1958.0,10859.0,0,251285
87c9c6a5-3262-49e1-9685-29214b3beea9,1927,13163,8901,3850.0,12751.0,0,249393
87c9c6a5-3262-49e1-9685-29214b3beea9,2422,16021,8901,6674.0,15575.0,0,246569
87c9c6a5-3262-49e1-9685-29214b3beea9,2930,17911,8901,8529.0,17430.0,0,244714
87c9c6a5-3262-49e1-9685-29214b3beea9,3146,18463,8901,9038.0,17939.0,0,244205
87c9c6a5-3262-49e1-9685-29214b3beea9,3444,18724,8901,9255.0,18156.0,0,243988
87c9c6a5-3262-49e1-9685-29214b3beea9,3632,19104,8901,9593.0,18494.0,0,243650
87c9c6a5-3262-49e1-9685-29214b3beea9,4096,19364,8901,9815.0,18716.0,0,243428
87c9c6a5-3262-49e1-9685-29214b3beea9,4309,19964,8901,10375.0,19276.0,0,242868
87c9c6a5-3262-49e1-9685-29214b3beea9,4457,20301,8901,10672.0,19573.0,0,242571
87c9c6a5-3262-49e1-9685-29214b3beea9,4564,20740,8901,11069.0,19970.0,0,242174
87c9c6a5-3262-49e1-9685-29214b3beea9,4690,20920,8901,11205.0,20106.0,0,242038
87c9c6a5-3262-49e1-9685-29214b3beea9,4903,21134,8901,11375.0,20276.0,0,241868
87c9c6a5-3262-49e1-9685-29214b3beea9,5057,22600,8901,12797.0,21698.0,0,240446
87c9c6a5-3262-49e1-9685-29214b3beea9,5222,24530,8901,14676.0,23577.0,0,238567
87c9c6a5-3262-49e1-9685-29214b3beea9,5382,24734,8901,14837.0,23738.0,0,238406
87c9c6a5-3262-49e1-9685-29214b3beea9,6005,26223,8901,16288.0,25189.0,0,236955
87c9c6a5-3262-49e1-9685-29214b3beea9,6339,26935,8901,16959.0,25860.0,0,236284
87c9c6a5-3262-49e1-9685-29214b3beea9,6949,30674,8901,20664.0,29565.0,0,232579
87c9c6a5-3262-49e1-9685-29214b3beea9,7267,12555,8901,3720.0,12621.0,0,249523
87c9c6a5-3262-49e1-9685-29214b3beea9,7758,13855,8901,4977.0,13878.0,0,248266
87c9c6a5-3262-49e1-9685-29214b3beea9,8508,15218,8901,6305.0,15206.0,0,246938
87c9c6a5-3262-49e1-9685-29214b3beea9,9400,17148,8901,8197.0,17098.0,0,245046
87c9c6a5-3262-49e1-9685-29214b3beea9,9688,18059,8901,9094.0,17995.0,0,244149
87c9c6a5-3262-49e1-9685-29214b3beea9,10426,18622,8901,9615.0,18516.0,0,243628
87c9c6a5-3262-49e1-9685-29214b3beea9,11286,19434,8901,10383.0,19284.0,0,242860
87c9c6a5-3262-49e1-9685-29214b3beea9,11436,20872,8901,11778.0,20679.0,0,241465
87c9c6a5-3262-49e1-9685-29214b3beea9,12290,21120,8901,11985.0,20886.0,0,241258
87c9c6a5-3262-49e1-9685-29214b3beea9,12425,22242,8901,13064.0,21965.0,0,240179
87c9c6a5-3262-49e1-9685-29214b3beea9,12662,22880,8901,13659.0,22560.0,0,239584
87c9c6a5-3262-49e1-9685-29214b3beea9,13130,24701,8901,15441.0,24342.0,0,237802
87c9c6a5-3262-49e1-9685-29214b3beea9,13370,25486,8901,16192.0,25093.0,0,237051
87c9c6a5-3262-49e1-9685-29214b3beea9,13649,26568,8901,17236.0,26137.0,0,236007
87c9c6a5-3262-49e1-9685-29214b3beea9,14338,27011,8901,17643.0,26544.0,0,235600
87c9c6a5-3262-49e1-9685-29214b3beea9,15156,28094,8901,18686.0,27587.0,0,234557
87c9c6a5-3262-49e1-9685-29214b3beea9,15835,30228,8901,20794.0,29695.0,0,232449
89f153b0-3227-491c-95bc-a3566c93d8fb,163,6192,6192,475.0,6667.0,8192,17909
89f153b0-3227-491c-95bc-a3566c93d8fb,710,7109,6192,1348.0,7540.0,8192,17036
89f153b0-3227-491c-95bc-a3566c93d8fb,2872,8150,6192,2345.0,8537.0,8192,16039
8bcbeaa9-7894-4b4e-acd1-a617e93494a9,138,9252,9252,127.0,9379.0,16384,7005
8bcbeaa9-7894-4b4e-acd1-a617e93494a9,424,10190,9252,1024.0,10276.0,16384,6108
8bcbeaa9-7894-4b4e-acd1-a617e93494a9,560,10490,9252,1310.0,10562.0,16384,5822
8bcbeaa9-7894-4b4e-acd1-a617e93494a9,614,11089,9252,1870.0,11122.0,16384,5262
8bcbeaa9-7894-4b4e-acd1-a617e93494a9,664,11446,9252,2184.0,11436.0,16384,4948
8bcbeaa9-7894-4b4e-acd1-a617e93494a9,803,12015,9252,2709.0,11961.0,16384,4423
8bcbeaa9-7894-4b4e-acd1-a617e93494a9,1267,12706,9252,3356.0,12608.0,16384,3776
8c63ac15-deff-446e-a7bd-168262aabb9f,1424,8453,8453,2731.0,11184.0,16384,5200
8f3c44b2-7909-41ec-adb7-1452cd93029f,61,1758,1758,44.0,1802.0,0,260342
8f3c44b2-7909-41ec-adb7-1452cd93029f,420,2573,1758,807.0,2565.0,0,259579
8f3c44b2-7909-41ec-adb7-1452cd93029f,710,3436,1758,1633.0,3391.0,0,258753
8f3c44b2-7909-41ec-adb7-1452cd93029f,1035,4622,1758,2767.0,4525.0,0,257619
8f3c44b2-7909-41ec-adb7-1452cd93029f,1283,4992,1758,3102.0,4860.0,0,257284
8f3c44b2-7909-41ec-adb7-1452cd93029f,1465,5318,1758,3379.0,5137.0,0,257007
8f3c44b2-7909-41ec-adb7-1452cd93029f,1747,6006,1758,4038.0,5796.0,0,256348
90b3b221-7c8d-445a-ae9e-320b02397235,61,9053,9053,106.0,9159.0,0,252985
90b3b221-7c8d-445a-ae9e-320b02397235,111,9766,9053,783.0,9836.0,0,252308
90b3b221-7c8d-445a-ae9e-320b02397235,157,10562,9053,1543.0,10596.0,0,251548
90b3b221-7c8d-445a-ae9e-320b02397235,228,11235,9053,2180.0,11233.0,0,250911
90b3b221-7c8d-445a-ae9e-320b02397235,293,12483,9053,3368.0,12421.0,0,249723
90b3b221-7c8d-445a-ae9e-320b02397235,361,12957,9053,3798.0,12851.0,0,249293
90b3b221-7c8d-445a-ae9e-320b02397235,437,13086,9053,3892.0,12945.0,0,249199
90b3b221-7c8d-445a-ae9e-320b02397235,1099,14680,9053,5426.0,14479.0,0,247665
90b3b221-7c8d-445a-ae9e-320b02397235,1175,14931,9053,6084.0,15137.0,0,247007
90b3b221-7c8d-445a-ae9e-320b02397235,1228,16053,9053,7146.0,16199.0,0,245945
90b3b221-7c8d-445a-ae9e-320b02397235,1271,16934,9053,7976.0,17029.0,0,245115
90b3b221-7c8d-445a-ae9e-320b02397235,1545,17021,9053,8028.0,17081.0,0,245063
90d66f64-c29a-4faf-9ab1-7802980b3c3f,343,9065,9065,106.0,9171.0,0,252973
90d66f64-c29a-4faf-9ab1-7802980b3c3f,432,10059,9065,1064.0,10129.0,0,252015
90d66f64-c29a-4faf-9ab1-7802980b3c3f,584,11256,9065,2201.0,11266.0,0,250878
90d66f64-c29a-4faf-9ab1-7802980b3c3f,1103,12578,9065,3433.0,12498.0,0,249646
90d66f64-c29a-4faf-9ab1-7802980b3c3f,1320,12599,9065,3953.0,13018.0,0,249126
90d66f64-c29a-4faf-9ab1-7802980b3c3f,1783,14749,9065,6013.0,15078.0,0,247066
90d66f64-c29a-4faf-9ab1-7802980b3c3f,2143,15255,9065,6462.0,15527.0,0,246617
90d66f64-c29a-4faf-9ab1-7802980b3c3f,3593,17613,9065,8730.0,17795.0,0,244349
9158f65f-70c9-4462-a68e-6183defa47eb,62,9198,9198,99.0,9297.0,16384,72623
9158f65f-70c9-4462-a68e-6183defa47eb,101,9797,9198,659.0,9857.0,16384,72063
9158f65f-70c9-4462-a68e-6183defa47eb,153,10135,9198,954.0,10152.0,16384,71768
9158f65f-70c9-4462-a68e-6183defa47eb,449,10617,9198,1385.0,10583.0,16384,71337
9158f65f-70c9-4462-a68e-6183defa47eb,483,10920,9198,1674.0,10872.0,16384,71048
9158f65f-70c9-4462-a68e-6183defa47eb,551,11011,9198,1721.0,10919.0,16384,71001
9158f65f-70c9-4462-a68e-6183defa47eb,706,11093,9198,1789.0,10987.0,16384,70933
9158f65f-70c9-4462-a68e-6183defa47eb,755,11633,9198,2286.0,11484.0,16384,70436
9158f65f-70c9-4462-a68e-6183defa47eb,805,12435,9198,3038.0,12236.0,16384,69684
9158f65f-70c9-4462-a68e-6183defa47eb,872,12547,9198,3115.0,12313.0,16384,69607
9158f65f-70c9-4462-a68e-6183defa47eb,1007,13341,9198,3859.0,13057.0,16384,68863
9158f65f-70c9-4462-a68e-6183defa47eb,1397,13852,9198,4327.0,13525.0,16384,68395
93645130-6cc5-47bc-a78a-03945ea5f05e,73,5875,5875,163.0,6038.0,16384,10346
93645130-6cc5-47bc-a78a-03945ea5f05e,119,5972,5875,223.0,6098.0,16384,10286
93645130-6cc5-47bc-a78a-03945ea5f05e,352,6262,5875,469.0,6344.0,16384,10040
93645130-6cc5-47bc-a78a-03945ea5f05e,1501,7588,5875,1588.0,7463.0,16384,8921
93645130-6cc5-47bc-a78a-03945ea5f05e,1599,8812,5875,2753.0,8628.0,16384,7756
93645130-6cc5-47bc-a78a-03945ea5f05e,1761,9204,5875,3069.0,8944.0,16384,7440
94078a4b-3145-4c61-b055-b24494df9007,15,6398,6398,457.0,6855.0,16384,13625
94078a4b-3145-4c61-b055-b24494df9007,20,7693,6398,1712.0,8110.0,16384,12370
94078a4b-3145-4c61-b055-b24494df9007,25,9397,6398,3376.0,9774.0,16384,10706
94078a4b-3145-4c61-b055-b24494df9007,33,10158,6398,4123.0,10521.0,16384,9959
94078a4b-3145-4c61-b055-b24494df9007,38,11490,6398,5416.0,11814.0,16384,8666
944f0a48-5476-4229-88fa-38c14a2e2ae3,83,7769,7769,104.0,7873.0,0,254271
944f0a48-5476-4229-88fa-38c14a2e2ae3,221,7911,7769,202.0,7971.0,0,254173
960c2dbf-428a-4ade-8f18-dfab33a44f7e,65,9528,9528,429.0,9957.0,16384,71963
960c2dbf-428a-4ade-8f18-dfab33a44f7e,312,10648,9528,1491.0,11019.0,16384,70901
960c2dbf-428a-4ade-8f18-dfab33a44f7e,626,19259,9528,10017.0,19545.0,16384,62375
960c2dbf-428a-4ade-8f18-dfab33a44f7e,752,20273,9528,10963.0,20491.0,16384,61429
960c2dbf-428a-4ade-8f18-dfab33a44f7e,903,20666,9528,11298.0,20826.0,16384,61094
960c2dbf-428a-4ade-8f18-dfab33a44f7e,1166,20963,9528,11559.0,21087.0,16384,60833
960c2dbf-428a-4ade-8f18-dfab33a44f7e,3951,21552,9528,12107.0,21635.0,16384,60285
960c2dbf-428a-4ade-8f18-dfab33a44f7e,4033,24460,9528,15045.0,24573.0,16384,57347
960c2dbf-428a-4ade-8f18-dfab33a44f7e,4103,24691,9528,15232.0,24760.0,16384,57160
960c2dbf-428a-4ade-8f18-dfab33a44f7e,4803,24827,9528,15317.0,24845.0,16384,57075
9902f5e4-2bff-4798-9f30-16131308c3b2,85,9552,9552,475.0,10027.0,16384,6357
9902f5e4-2bff-4798-9f30-16131308c3b2,558,9977,9552,856.0,10408.0,16384,5976
9902f5e4-2bff-4798-9f30-16131308c3b2,6185,11655,9552,2497.0,12049.0,16384,4335
9902f5e4-2bff-4798-9f30-16131308c3b2,6297,17526,9552,8533.0,18085.0,16384,-1701
9902f5e4-2bff-4798-9f30-16131308c3b2,6728,17707,9552,8663.0,18215.0,16384,-1831
9902f5e4-2bff-4798-9f30-16131308c3b2,6830,18219,9552,9139.0,18691.0,16384,-2307
9902f5e4-2bff-4798-9f30-16131308c3b2,7152,18460,9552,9337.0,18889.0,16384,-2505
9902f5e4-2bff-4798-9f30-16131308c3b2,7470,18917,9552,9708.0,19260.0,16384,-2876
9902f5e4-2bff-4798-9f30-16131308c3b2,7526,19314,9552,10066.0,19618.0,16384,-3234
9902f5e4-2bff-4798-9f30-16131308c3b2,7590,19487,9552,10194.0,19746.0,16384,-3362
9902f5e4-2bff-4798-9f30-16131308c3b2,7683,19606,9552,10269.0,19821.0,16384,-3437
9902f5e4-2bff-4798-9f30-16131308c3b2,7933,19758,9552,10376.0,19928.0,16384,-3544
9902f5e4-2bff-4798-9f30-16131308c3b2,8040,20062,9552,10627.0,20179.0,16384,-3795
9902f5e4-2bff-4798-9f30-16131308c3b2,8916,20445,9552,10957.0,20509.0,16384,-4125
9902f5e4-2bff-4798-9f30-16131308c3b2,8999,20875,9552,11465.0,21017.0,16384,-4633
9902f5e4-2bff-4798-9f30-16131308c3b2,10042,22080,9552,12607.0,22159.0,16384,-5775
9902f5e4-2bff-4798-9f30-16131308c3b2,10216,23201,9552,13723.0,23275.0,16384,-6891
9902f5e4-2bff-4798-9f30-16131308c3b2,11154,18935,9552,9234.0,18786.0,16384,-2402
9902f5e4-2bff-4798-9f30-16131308c3b2,11255,19968,9552,10261.0,19813.0,16384,-3429
9902f5e4-2bff-4798-9f30-16131308c3b2,14424,21093,9552,11328.0,20880.0,16384,-4496
9902f5e4-2bff-4798-9f30-16131308c3b2,15024,19186,9552,9958.0,19510.0,16384,-3126
9902f5e4-2bff-4798-9f30-16131308c3b2,16586,20013,9552,10755.0,20307.0,16384,-3923
9902f5e4-2bff-4798-9f30-16131308c3b2,18353,19051,9552,9845.0,19397.0,16384,-3013
9902f5e4-2bff-4798-9f30-16131308c3b2,19628,18639,9552,9418.0,18970.0,16384,-2586
9902f5e4-2bff-4798-9f30-16131308c3b2,19786,20103,9552,10873.0,20425.0,16384,-4041
9902f5e4-2bff-4798-9f30-16131308c3b2,20975,20430,9552,11156.0,20708.0,16384,-4324
9902f5e4-2bff-4798-9f30-16131308c3b2,23835,21089,9552,11839.0,21391.0,16384,-5007
9902f5e4-2bff-4798-9f30-16131308c3b2,25193,24091,9552,14797.0,24349.0,16384,-7965
9902f5e4-2bff-4798-9f30-16131308c3b2,25959,26430,9552,17133.0,26685.0,16384,-10301
9902f5e4-2bff-4798-9f30-16131308c3b2,28053,27522,9552,18211.0,27763.0,16384,-11379
9902f5e4-2bff-4798-9f30-16131308c3b2,33499,19538,9552,10398.0,19950.0,16384,-3566
9902f5e4-2bff-4798-9f30-16131308c3b2,33566,17635,9552,8661.0,18213.0,16384,-1829
9902f5e4-2bff-4798-9f30-16131308c3b2,35999,19740,9552,10706.0,20258.0,16384,-3874
9902f5e4-2bff-4798-9f30-16131308c3b2,36062,22453,9552,13368.0,22920.0,16384,-6536
9902f5e4-2bff-4798-9f30-16131308c3b2,36233,22566,9552,13430.0,22982.0,16384,-6598
9902f5e4-2bff-4798-9f30-16131308c3b2,36329,22800,9552,13617.0,23169.0,16384,-6785
9902f5e4-2bff-4798-9f30-16131308c3b2,36461,19143,9552,9802.0,19354.0,16384,-2970
9902f5e4-2bff-4798-9f30-16131308c3b2,37073,19575,9552,10179.0,19731.0,16384,-3347
9902f5e4-2bff-4798-9f30-16131308c3b2,38229,20438,9552,11028.0,20580.0,16384,-4196
9902f5e4-2bff-4798-9f30-16131308c3b2,38708,20140,9552,10772.0,20324.0,16384,-3940
9902f5e4-2bff-4798-9f30-16131308c3b2,40008,21164,9552,11787.0,21339.0,16384,-4955
9902f5e4-2bff-4798-9f30-16131308c3b2,45167,19923,9552,10658.0,20210.0,16384,-3826
9902f5e4-2bff-4798-9f30-16131308c3b2,45594,17342,9552,8267.0,17819.0,16384,-1435
9902f5e4-2bff-4798-9f30-16131308c3b2,48773,18373,9552,9279.0,18831.0,16384,-2447
9902f5e4-2bff-4798-9f30-16131308c3b2,49716,21092,9552,11905.0,21457.0,16384,-5073
9902f5e4-2bff-4798-9f30-16131308c3b2,49995,22964,9552,13699.0,23251.0,16384,-6867
9902f5e4-2bff-4798-9f30-16131308c3b2,50391,24314,9552,15014.0,24566.0,16384,-8182
9902f5e4-2bff-4798-9f30-16131308c3b2,50734,25323,9552,15984.0,25536.0,16384,-9152
9902f5e4-2bff-4798-9f30-16131308c3b2,50988,26635,9552,17225.0,26777.0,16384,-10393
9902f5e4-2bff-4798-9f30-16131308c3b2,51397,19584,9552,10219.0,19771.0,16384,-3387
9902f5e4-2bff-4798-9f30-16131308c3b2,52378,21380,9552,11938.0,21490.0,16384,-5106
9902f5e4-2bff-4798-9f30-16131308c3b2,53830,20008,9552,10603.0,20155.0,16384,-3771
9902f5e4-2bff-4798-9f30-16131308c3b2,55211,22152,9552,12662.0,22214.0,16384,-5830
9902f5e4-2bff-4798-9f30-16131308c3b2,55322,19931,9552,10568.0,20120.0,16384,-3736
9902f5e4-2bff-4798-9f30-16131308c3b2,57411,20537,9552,11131.0,20683.0,16384,-4299
9902f5e4-2bff-4798-9f30-16131308c3b2,57579,24313,9552,14872.0,24424.0,16384,-8040
9902f5e4-2bff-4798-9f30-16131308c3b2,57841,21626,9552,12445.0,21997.0,16384,-5613
9902f5e4-2bff-4798-9f30-16131308c3b2,63423,22370,9552,13133.0,22685.0,16384,-6301
9902f5e4-2bff-4798-9f30-16131308c3b2,63542,28041,9552,18782.0,28334.0,16384,-11950
9902f5e4-2bff-4798-9f30-16131308c3b2,64150,28731,9552,19430.0,28982.0,16384,-12598
9b4eb3e3-bfe6-452c-83d7-877c97c2c5e7,170,9058,9058,99.0,9157.0,0,252987
9b86d89d-83e0-477c-ac5c-e6376cf9f22e,134,9052,9052,101.0,9153.0,0,252991
9b86d89d-83e0-477c-ac5c-e6376cf9f22e,273,9688,9052,701.0,9753.0,0,252391
9b86d89d-83e0-477c-ac5c-e6376cf9f22e,327,9835,9052,834.0,9886.0,0,252258
9b86d89d-83e0-477c-ac5c-e6376cf9f22e,383,9945,9052,900.0,9952.0,0,252192
9b86d89d-83e0-477c-ac5c-e6376cf9f22e,711,10007,9052,948.0,10000.0,0,252144
9b86d89d-83e0-477c-ac5c-e6376cf9f22e,918,10347,9052,1274.0,10326.0,0,251818
9b86d89d-83e0-477c-ac5c-e6376cf9f22e,1031,11132,9052,2023.0,11075.0,0,251069
9b86d89d-83e0-477c-ac5c-e6376cf9f22e,1678,12340,9052,3164.0,12216.0,0,249928
9c93a1ca-edc3-4850-9f3e-79e6bf010e7a,86,9284,9284,183.0,9467.0,16384,6917
9c93a1ca-edc3-4850-9f3e-79e6bf010e7a,162,9470,9284,327.0,9611.0,16384,6773
9c93a1ca-edc3-4850-9f3e-79e6bf010e7a,186,14175,9284,4990.0,14274.0,16384,2110
9c93a1ca-edc3-4850-9f3e-79e6bf010e7a,318,15285,9284,6065.0,15349.0,16384,1035
9c93a1ca-edc3-4850-9f3e-79e6bf010e7a,432,16515,9284,7255.0,16539.0,16384,-155
9c93a1ca-edc3-4850-9f3e-79e6bf010e7a,460,16848,9284,7545.0,16829.0,16384,-445
9c93a1ca-edc3-4850-9f3e-79e6bf010e7a,550,19135,9284,7627.0,16911.0,16384,-527
9c93a1ca-edc3-4850-9f3e-79e6bf010e7a,691,19977,9284,8426.0,17710.0,16384,-1326
9c93a1ca-edc3-4850-9f3e-79e6bf010e7a,785,20231,9284,8636.0,17920.0,16384,-1536
9c93a1ca-edc3-4850-9f3e-79e6bf010e7a,837,21208,9284,9570.0,18854.0,16384,-2470
9e3d494d-c3a6-4cff-90b2-e827c35564cd,67,9210,9210,95.0,9305.0,8192,15271
9e3d494d-c3a6-4cff-90b2-e827c35564cd,136,9315,9210,157.0,9367.0,8192,15209
9e3d494d-c3a6-4cff-90b2-e827c35564cd,246,9386,9210,226.0,9436.0,8192,15140
9e3d494d-c3a6-4cff-90b2-e827c35564cd,447,9966,9210,767.0,9977.0,8192,14599
9e3d494d-c3a6-4cff-90b2-e827c35564cd,536,10670,9210,1431.0,10641.0,8192,13935
9e3d494d-c3a6-4cff-90b2-e827c35564cd,964,12152,9210,2830.0,12040.0,8192,12536
9ff74c9b-85d3-479b-af23-7ac0e0dc64d0,75,1735,1735,21.0,1756.0,0,260388
9ff74c9b-85d3-479b-af23-7ac0e0dc64d0,420,2003,1735,252.0,1987.0,0,260157
9ff74c9b-85d3-479b-af23-7ac0e0dc64d0,529,2376,1735,589.0,2324.0,0,259820
9ff74c9b-85d3-479b-af23-7ac0e0dc64d0,826,2634,1735,810.0,2545.0,0,259599
9ff74c9b-85d3-479b-af23-7ac0e0dc64d0,1107,2959,1735,1121.0,2856.0,0,259288
9ff74c9b-85d3-479b-af23-7ac0e0dc64d0,1387,3286,1735,1434.0,3169.0,0,258975
9ff74c9b-85d3-479b-af23-7ac0e0dc64d0,1637,4035,1735,2131.0,3866.0,0,258278
a1f6d183-2067-4623-b281-2854e4028d5e,35,8865,8865,99.0,8964.0,0,253180
a1f6d183-2067-4623-b281-2854e4028d5e,56,8973,8865,171.0,9036.0,0,253108
a1f6d183-2067-4623-b281-2854e4028d5e,132,9040,8865,202.0,9067.0,0,253077
a1f6d183-2067-4623-b281-2854e4028d5e,226,9469,8865,586.0,9451.0,0,252693
a1f6d183-2067-4623-b281-2854e4028d5e,364,10638,8865,1712.0,10577.0,0,251567
a1f6d183-2067-4623-b281-2854e4028d5e,498,11286,8865,2315.0,11180.0,0,250964
a1f6d183-2067-4623-b281-2854e4028d5e,707,12378,8865,3364.0,12229.0,0,249915
a2c2fa1b-5eeb-4a99-89a0-827401b2937f,274,9756,9756,679.0,10435.0,8192,14141
a2c2fa1b-5eeb-4a99-89a0-827401b2937f,593,13799,9756,4620.0,14376.0,8192,10200
a2c2fa1b-5eeb-4a99-89a0-827401b2937f,880,14567,9756,5347.0,15103.0,8192,9473
a2c2fa1b-5eeb-4a99-89a0-827401b2937f,1218,15058,9756,5804.0,15560.0,8192,9016
a2c2fa1b-5eeb-4a99-89a0-827401b2937f,1418,15455,9756,6163.0,15919.0,8192,8657
a2c2fa1b-5eeb-4a99-89a0-827401b2937f,1614,16104,9756,6771.0,16527.0,8192,8049
a2c2fa1b-5eeb-4a99-89a0-827401b2937f,4720,18192,9756,8818.0,18574.0,8192,6002
a2c2fa1b-5eeb-4a99-89a0-827401b2937f,5320,21489,9756,12072.0,21828.0,8192,2748
a2c2fa1b-5eeb-4a99-89a0-827401b2937f,5536,22134,9756,12655.0,22411.0,8192,2165
a2c2fa1b-5eeb-4a99-89a0-827401b2937f,5845,23900,9756,14387.0,24143.0,8192,433
a2c2fa1b-5eeb-4a99-89a0-827401b2937f,9094,25793,9756,16240.0,25996.0,8192,-1420
a2c2fa1b-5eeb-4a99-89a0-827401b2937f,12739,19703,9756,10527.0,20283.0,8192,4293
a2c2fa1b-5eeb-4a99-89a0-827401b2937f,12983,23585,9756,14415.0,24171.0,8192,405
a2c2fa1b-5eeb-4a99-89a0-827401b2937f,16677,24295,9756,15085.0,24841.0,8192,-265
a2c2fa1b-5eeb-4a99-89a0-827401b2937f,17438,19664,9756,10493.0,20249.0,8192,4327
a2c2fa1b-5eeb-4a99-89a0-827401b2937f,17628,20540,9756,11358.0,21114.0,8192,3462
a2c2fa1b-5eeb-4a99-89a0-827401b2937f,18625,21915,9756,12695.0,22451.0,8192,2125
a2c2fa1b-5eeb-4a99-89a0-827401b2937f,18812,22984,9756,13714.0,23470.0,8192,1106
a2c2fa1b-5eeb-4a99-89a0-827401b2937f,19584,24075,9756,14767.0,24523.0,8192,53
a2c2fa1b-5eeb-4a99-89a0-827401b2937f,19651,24943,9756,15614.0,25370.0,8192,-794
a2c2fa1b-5eeb-4a99-89a0-827401b2937f,20167,25149,9756,15776.0,25532.0,8192,-956
a2c2fa1b-5eeb-4a99-89a0-827401b2937f,20438,26120,9756,16707.0,26463.0,8192,-1887
a2c2fa1b-5eeb-4a99-89a0-827401b2937f,20892,18050,9756,8707.0,18463.0,8192,6113
a2c2fa1b-5eeb-4a99-89a0-827401b2937f,21704,19969,9756,10532.0,20288.0,8192,4288
a2c2fa1b-5eeb-4a99-89a0-827401b2937f,21771,20882,9756,11420.0,21176.0,8192,3400
a2c2fa1b-5eeb-4a99-89a0-827401b2937f,22474,21183,9756,11676.0,21432.0,8192,3144
a2c2fa1b-5eeb-4a99-89a0-827401b2937f,23051,22001,9756,12457.0,22213.0,8192,2363
a2c2fa1b-5eeb-4a99-89a0-827401b2937f,23112,22679,9756,13113.0,22869.0,8192,1707
a2c2fa1b-5eeb-4a99-89a0-827401b2937f,23468,22871,9756,13261.0,23017.0,8192,1559
a2c2fa1b-5eeb-4a99-89a0-827401b2937f,23615,23273,9756,13600.0,23356.0,8192,1220
a2c2fa1b-5eeb-4a99-89a0-827401b2937f,24378,23581,9756,13864.0,23620.0,8192,956
a2c2fa1b-5eeb-4a99-89a0-827401b2937f,24601,24499,9756,14739.0,24495.0,8192,81
a2c2fa1b-5eeb-4a99-89a0-827401b2937f,25430,24944,9756,15143.0,24899.0,8192,-323
a2c2fa1b-5eeb-4a99-89a0-827401b2937f,26378,17302,9756,7833.0,17589.0,8192,6987
a2c2fa1b-5eeb-4a99-89a0-827401b2937f,27072,19131,9756,9616.0,19372.0,8192,5204
a2c2fa1b-5eeb-4a99-89a0-827401b2937f,27851,20164,9756,10615.0,20371.0,8192,4205
a2c2fa1b-5eeb-4a99-89a0-827401b2937f,28704,23132,9756,13489.0,23245.0,8192,1331
a3550fac-7a9c-4315-bd78-1819e2cbe480,122,7763,7763,98.0,7861.0,0,254283
a3550fac-7a9c-4315-bd78-1819e2cbe480,340,7957,7763,256.0,8019.0,0,254125
a5ca3e46-5cdb-47ec-9d60-a4d101bf79ec,138,9051,9051,100.0,9151.0,0,252993
a5ca3e46-5cdb-47ec-9d60-a4d101bf79ec,241,9835,9051,848.0,9899.0,0,252245
a5ca3e46-5cdb-47ec-9d60-a4d101bf79ec,412,11218,9051,2142.0,11193.0,0,250951
a5ca3e46-5cdb-47ec-9d60-a4d101bf79ec,827,12895,9051,3730.0,12781.0,0,249363
a5ca3e46-5cdb-47ec-9d60-a4d101bf79ec,1186,13323,9051,4144.0,13195.0,0,248949
a5ca3e46-5cdb-47ec-9d60-a4d101bf79ec,1456,13689,9051,4496.0,13547.0,0,248597
a64ab3b1-1a1a-4afc-88cb-e298228fe8c1,298,7763,7763,98.0,7861.0,0,254283
a64ab3b1-1a1a-4afc-88cb-e298228fe8c1,366,8133,7763,432.0,8195.0,0,253949
a7d452b8-8c79-47ad-b52d-dc82d1deeea1,228,6014,6014,297.0,6311.0,16384,10073
a7d452b8-8c79-47ad-b52d-dc82d1deeea1,941,14097,6014,8335.0,14349.0,16384,2035
ad56f482-dee1-4097-a8c0-147a0cda05bc,435,10264,10264,1191.0,11455.0,16384,4929
ad56f482-dee1-4097-a8c0-147a0cda05bc,610,11076,10264,1907.0,12171.0,16384,4213
ad56f482-dee1-4097-a8c0-147a0cda05bc,734,12068,10264,2831.0,13095.0,16384,3289
ad56f482-dee1-4097-a8c0-147a0cda05bc,866,12256,10264,2977.0,13241.0,16384,3143
ad56f482-dee1-4097-a8c0-147a0cda05bc,930,12659,10264,3305.0,13569.0,16384,2815
ad56f482-dee1-4097-a8c0-147a0cda05bc,1525,13484,10264,4088.0,14352.0,16384,2032
ad56f482-dee1-4097-a8c0-147a0cda05bc,2504,13692,10264,4856.0,15120.0,16384,1264
adace016-7ab1-45ff-998a-e4fa53408d0b,77,9046,9046,99.0,9145.0,0,252999
adace016-7ab1-45ff-998a-e4fa53408d0b,119,9691,9046,708.0,9754.0,0,252390
adace016-7ab1-45ff-998a-e4fa53408d0b,164,10405,9046,1386.0,10432.0,0,251712
adace016-7ab1-45ff-998a-e4fa53408d0b,210,11066,9046,2011.0,11057.0,0,251087
adace016-7ab1-45ff-998a-e4fa53408d0b,299,11426,9046,2327.0,11373.0,0,250771
adace016-7ab1-45ff-998a-e4fa53408d0b,360,11986,9046,2851.0,11897.0,0,250247
adace016-7ab1-45ff-998a-e4fa53408d0b,561,12570,9046,3391.0,12437.0,0,249707
adace016-7ab1-45ff-998a-e4fa53408d0b,611,12504,9046,3586.0,12632.0,0,249512
adace016-7ab1-45ff-998a-e4fa53408d0b,658,12610,9046,3648.0,12694.0,0,249450
adace016-7ab1-45ff-998a-e4fa53408d0b,819,12616,9046,3690.0,12736.0,0,249408
adace016-7ab1-45ff-998a-e4fa53408d0b,860,13612,9046,4650.0,13696.0,0,248448
adace016-7ab1-45ff-998a-e4fa53408d0b,918,14325,9046,5327.0,14373.0,0,247771
adace016-7ab1-45ff-998a-e4fa53408d0b,1096,15050,9046,6008.0,15054.0,0,247090
ae7fac63-bce7-4e6f-811c-4951b4d13910,145,5809,5809,99.0,5908.0,16384,10476
ae7fac63-bce7-4e6f-811c-4951b4d13910,500,6922,5809,1173.0,6982.0,16384,9402
ae7fac63-bce7-4e6f-811c-4951b4d13910,773,7286,5809,1523.0,7332.0,16384,9052
ae7fac63-bce7-4e6f-811c-4951b4d13910,1748,8677,5809,2874.0,8683.0,16384,7701
b1aa41de-cb54-43b4-ab36-5d3625a03995,2543,9772,9772,443.0,10215.0,16384,10265
b35166c1-a8ea-437c-aac9-11ac557ea4ad,15,6401,6401,460.0,6861.0,16384,13619
b35166c1-a8ea-437c-aac9-11ac557ea4ad,20,7810,6401,1829.0,8230.0,16384,12250
b35166c1-a8ea-437c-aac9-11ac557ea4ad,28,8405,6401,2410.0,8811.0,16384,11669
b35166c1-a8ea-437c-aac9-11ac557ea4ad,33,9712,6401,3677.0,10078.0,16384,10402
b35166c1-a8ea-437c-aac9-11ac557ea4ad,38,11477,6401,5402.0,11803.0,16384,8677
b35166c1-a8ea-437c-aac9-11ac557ea4ad,43,14159,6401,8044.0,14445.0,16384,6035
b35166c1-a8ea-437c-aac9-11ac557ea4ad,48,16378,6401,10223.0,16624.0,16384,3856
b35166c1-a8ea-437c-aac9-11ac557ea4ad,53,19753,6401,13561.0,19962.0,16384,518
b37184b5-55ea-418e-9d1d-21545014d4d6,194,5973,5973,256.0,6229.0,16384,10155
b37184b5-55ea-418e-9d1d-21545014d4d6,478,7549,5973,1792.0,7765.0,16384,8619
b37184b5-55ea-418e-9d1d-21545014d4d6,568,7843,5973,2072.0,8045.0,16384,8339
b37184b5-55ea-418e-9d1d-21545014d4d6,1621,9504,5973,3693.0,9666.0,16384,6718
b37184b5-55ea-418e-9d1d-21545014d4d6,1682,10567,5973,4742.0,10715.0,16384,5669
b37184b5-55ea-418e-9d1d-21545014d4d6,2827,12125,5973,6260.0,12233.0,16384,4151
b37184b5-55ea-418e-9d1d-21545014d4d6,2908,13281,5973,7402.0,13375.0,16384,3009
b37184b5-55ea-418e-9d1d-21545014d4d6,3226,14814,5973,8894.0,14867.0,16384,1517
b37184b5-55ea-418e-9d1d-21545014d4d6,4578,16552,5973,10592.0,16565.0,16384,-181
b3fc8714-3853-4e20-a8ad-1ba39299547e,85,1745,1745,31.0,1776.0,0,260368
b3fc8714-3853-4e20-a8ad-1ba39299547e,401,2023,1745,272.0,2017.0,0,260127
b3fc8714-3853-4e20-a8ad-1ba39299547e,636,2490,1745,702.0,2447.0,0,259697
b3fc8714-3853-4e20-a8ad-1ba39299547e,732,2753,1745,951.0,2696.0,0,259448
b3fc8714-3853-4e20-a8ad-1ba39299547e,986,2992,1745,1153.0,2898.0,0,259246
b3fc8714-3853-4e20-a8ad-1ba39299547e,1334,3295,1745,1442.0,3187.0,0,258957
b3fc8714-3853-4e20-a8ad-1ba39299547e,1943,3859,1745,1969.0,3714.0,0,258430
b3fc8714-3853-4e20-a8ad-1ba39299547e,2331,4790,1745,2864.0,4609.0,0,257535
b6597692-75d9-4525-a684-1b77f912ce37,258,8870,8870,106.0,8976.0,0,253168
b6597692-75d9-4525-a684-1b77f912ce37,328,9200,8870,400.0,9270.0,0,252874
b6597692-75d9-4525-a684-1b77f912ce37,823,9323,8870,479.0,9349.0,0,252795
b6597692-75d9-4525-a684-1b77f912ce37,1170,9899,8870,1019.0,9889.0,0,252255
b8c0ad1c-f3b3-4e4f-be3c-f9f96ea25c38,15,6394,6394,453.0,6847.0,16384,13633
b8c0ad1c-f3b3-4e4f-be3c-f9f96ea25c38,20,7548,6394,1568.0,7962.0,16384,12518
b8c0ad1c-f3b3-4e4f-be3c-f9f96ea25c38,28,7958,6394,1964.0,8358.0,16384,12122
b9716a57-e638-4a3f-9149-80d5caa38802,228,6337,6337,620.0,6957.0,8192,17619
b9716a57-e638-4a3f-9149-80d5caa38802,486,9419,6337,3597.0,9934.0,8192,14642
b9716a57-e638-4a3f-9149-80d5caa38802,913,13797,6337,7870.0,14207.0,8192,10369
b9716a57-e638-4a3f-9149-80d5caa38802,3799,15864,6337,9865.0,16202.0,8192,8374
b9716a57-e638-4a3f-9149-80d5caa38802,6855,19824,6337,13754.0,20091.0,8192,4485
b9716a57-e638-4a3f-9149-80d5caa38802,7299,23959,6337,17819.0,24156.0,8192,420
b9716a57-e638-4a3f-9149-80d5caa38802,8940,20783,6337,14889.0,21226.0,8192,3350
b9716a57-e638-4a3f-9149-80d5caa38802,9240,19208,6337,13338.0,19675.0,8192,4901
b9716a57-e638-4a3f-9149-80d5caa38802,11543,19773,6337,13864.0,20201.0,8192,4375
b9716a57-e638-4a3f-9149-80d5caa38802,12182,18655,6337,12774.0,19111.0,8192,5465
b9716a57-e638-4a3f-9149-80d5caa38802,12769,19417,6337,13504.0,19841.0,8192,4735
b9716a57-e638-4a3f-9149-80d5caa38802,14424,20081,6337,14132.0,20469.0,8192,4107
b9716a57-e638-4a3f-9149-80d5caa38802,15683,14862,6337,8962.0,15299.0,8192,9277
b9716a57-e638-4a3f-9149-80d5caa38802,19290,18401,6337,12457.0,18794.0,8192,5782
b9716a57-e638-4a3f-9149-80d5caa38802,20400,16655,6337,10866.0,17203.0,8192,7373
b9716a57-e638-4a3f-9149-80d5caa38802,23412,18366,6337,12538.0,18875.0,8192,5701
b9716a57-e638-4a3f-9149-80d5caa38802,28669,22803,6337,16935.0,23272.0,8192,1304
b9fbfd1b-9629-4435-aeca-de1a756129b4,449,8871,8871,107.0,8978.0,0,253166
b9fbfd1b-9629-4435-aeca-de1a756129b4,512,9392,8871,592.0,9463.0,0,252681
b9fbfd1b-9629-4435-aeca-de1a756129b4,975,9518,8871,667.0,9538.0,0,252606
bbb2ec54-010d-4ca7-8b87-0807bc61f12e,344,10424,10424,1351.0,11775.0,16384,4609
bbb2ec54-010d-4ca7-8b87-0807bc61f12e,569,13030,10424,3855.0,14279.0,16384,2105
bbb2ec54-010d-4ca7-8b87-0807bc61f12e,902,14374,10424,5136.0,15560.0,16384,824
bbb2ec54-010d-4ca7-8b87-0807bc61f12e,6512,14313,10424,5539.0,15963.0,16384,421
bbb2ec54-010d-4ca7-8b87-0807bc61f12e,6571,18677,10424,10019.0,20443.0,16384,-4059
bbb2ec54-010d-4ca7-8b87-0807bc61f12e,11147,18800,10424,10098.0,20522.0,16384,-4138
bbb2ec54-010d-4ca7-8b87-0807bc61f12e,11209,23714,10424,15131.0,25555.0,16384,-9171
bbb2ec54-010d-4ca7-8b87-0807bc61f12e,11446,23935,10424,15307.0,25731.0,16384,-9347
bbb2ec54-010d-4ca7-8b87-0807bc61f12e,11510,24241,10424,15564.0,25988.0,16384,-9604
bbb2ec54-010d-4ca7-8b87-0807bc61f12e,11724,24446,10424,15725.0,26149.0,16384,-9765
bbb2ec54-010d-4ca7-8b87-0807bc61f12e,11784,24735,10424,15965.0,26389.0,16384,-10005
bbb2ec54-010d-4ca7-8b87-0807bc61f12e,11852,24956,10424,16141.0,26565.0,16384,-10181
bbb2ec54-010d-4ca7-8b87-0807bc61f12e,11902,25081,10424,16222.0,26646.0,16384,-10262
bbb2ec54-010d-4ca7-8b87-0807bc61f12e,12008,25451,10424,16541.0,26965.0,16384,-10581
bbb2ec54-010d-4ca7-8b87-0807bc61f12e,12068,25628,10424,16668.0,27092.0,16384,-10708
bbb2ec54-010d-4ca7-8b87-0807bc61f12e,15632,25751,10424,16747.0,27171.0,16384,-10787
bbb2ec54-010d-4ca7-8b87-0807bc61f12e,15696,20873,10424,11562.0,21986.0,16384,-5602
bbb2ec54-010d-4ca7-8b87-0807bc61f12e,15789,20273,10424,11730.0,22154.0,16384,-5770
bbb2ec54-010d-4ca7-8b87-0807bc61f12e,15969,20443,10424,11856.0,22280.0,16384,-5896
bbb2ec54-010d-4ca7-8b87-0807bc61f12e,16446,21977,10424,13356.0,23780.0,16384,-7396
bbb2ec54-010d-4ca7-8b87-0807bc61f12e,16550,22363,10424,13828.0,24252.0,16384,-7868
be4c5fef-bff9-4412-810e-be23e3b4a27b,2718,8503,8503,2786.0,11289.0,16384,9191
be4c5fef-bff9-4412-810e-be23e3b4a27b,3906,13006,8503,5485.0,13988.0,16384,6492
c01ddea5-7ea6-4f98-ae7d-0cf5c0b5599e,874,7657,7657,1940.0,9597.0,16384,10883
c033051a-2b95-4253-91ab-8805c6853aab,272,9258,9258,181.0,9439.0,8192,15137
c033051a-2b95-4253-91ab-8805c6853aab,685,10115,9258,969.0,10227.0,8192,14349
c033051a-2b95-4253-91ab-8805c6853aab,1734,13081,9258,3906.0,13164.0,8192,11412
c033051a-2b95-4253-91ab-8805c6853aab,3895,14341,9258,5135.0,14393.0,8192,10183
c033051a-2b95-4253-91ab-8805c6853aab,5683,16657,9258,7415.0,16673.0,8192,7903
c033051a-2b95-4253-91ab-8805c6853aab,8482,18641,9258,9359.0,18617.0,8192,5959
c033051a-2b95-4253-91ab-8805c6853aab,9450,21734,9258,12451.0,21709.0,8192,2867
c033051a-2b95-4253-91ab-8805c6853aab,12811,22923,9258,13604.0,22862.0,8192,1714
c033051a-2b95-4253-91ab-8805c6853aab,12932,25297,9258,15962.0,25220.0,8192,-644
c033051a-2b95-4253-91ab-8805c6853aab,13143,25758,9258,16336.0,25594.0,8192,-1018
c033051a-2b95-4253-91ab-8805c6853aab,13332,21649,9258,12370.0,21628.0,8192,2948
c033051a-2b95-4253-91ab-8805c6853aab,17377,26375,9258,17017.0,26275.0,8192,-1699
c05b01f7-cf52-48e0-a02f-2cc5fde766eb,157,6067,6067,335.0,6402.0,16384,75518
c05b01f7-cf52-48e0-a02f-2cc5fde766eb,249,6370,6067,561.0,6628.0,16384,75292
c05b01f7-cf52-48e0-a02f-2cc5fde766eb,645,6783,6067,930.0,6997.0,16384,74923
c05b01f7-cf52-48e0-a02f-2cc5fde766eb,794,7256,6067,1342.0,7409.0,16384,74511
c05b01f7-cf52-48e0-a02f-2cc5fde766eb,1032,7612,6067,1638.0,7705.0,16384,74215
c05b01f7-cf52-48e0-a02f-2cc5fde766eb,1188,8664,6067,2630.0,8697.0,16384,73223
c05b01f7-cf52-48e0-a02f-2cc5fde766eb,1284,9407,6067,3297.0,9364.0,16384,72556
c05b01f7-cf52-48e0-a02f-2cc5fde766eb,1410,9540,6067,3385.0,9452.0,16384,72468
c05b01f7-cf52-48e0-a02f-2cc5fde766eb,1649,10627,6067,4428.0,10495.0,16384,71425
c05b01f7-cf52-48e0-a02f-2cc5fde766eb,2016,12110,6067,5867.0,11934.0,16384,69986
c05b01f7-cf52-48e0-a02f-2cc5fde766eb,2440,12516,6067,6228.0,12295.0,16384,69625
c05b01f7-cf52-48e0-a02f-2cc5fde766eb,2589,13000,6067,6652.0,12719.0,16384,69201
c05b01f7-cf52-48e0-a02f-2cc5fde766eb,3166,13298,6067,6890.0,12957.0,16384,68963
c05b01f7-cf52-48e0-a02f-2cc5fde766eb,3365,14135,6067,7683.0,13750.0,16384,68170
c05b01f7-cf52-48e0-a02f-2cc5fde766eb,3664,14971,6067,8475.0,14542.0,16384,67378
c05b01f7-cf52-48e0-a02f-2cc5fde766eb,5747,15545,6067,8990.0,15057.0,16384,66863
c05b01f7-cf52-48e0-a02f-2cc5fde766eb,6119,17710,6067,11112.0,17179.0,16384,64741
c1e0a631-6e5f-499e-a6f9-2b043bda926e,921,6490,6490,773.0,7263.0,16384,9121
c1e0a631-6e5f-499e-a6f9-2b043bda926e,3956,7617,6490,1886.0,8376.0,16384,8008
c1e0a631-6e5f-499e-a6f9-2b043bda926e,5406,10696,6490,4925.0,11415.0,16384,4969
c1e0a631-6e5f-499e-a6f9-2b043bda926e,6561,12191,6490,6380.0,12870.0,16384,3514
c1e0a631-6e5f-499e-a6f9-2b043bda926e,6786,13435,6490,7610.0,14100.0,16384,2284
c1e0a631-6e5f-499e-a6f9-2b043bda926e,7842,14573,6490,8704.0,15194.0,16384,1190
c1e0a631-6e5f-499e-a6f9-2b043bda926e,7901,15705,6490,9789.0,16279.0,16384,105
c1e0a631-6e5f-499e-a6f9-2b043bda926e,8906,16082,6490,10131.0,16621.0,16384,-237
c1e0a631-6e5f-499e-a6f9-2b043bda926e,8978,17156,6490,11158.0,17648.0,16384,-1264
c1e0a631-6e5f-499e-a6f9-2b043bda926e,9751,17357,6490,11345.0,17835.0,16384,-1451
c1e0a631-6e5f-499e-a6f9-2b043bda926e,10844,19379,6490,13332.0,19822.0,16384,-3438
c1e0a631-6e5f-499e-a6f9-2b043bda926e,10944,12679,6490,6756.0,13246.0,16384,3138
c1e0a631-6e5f-499e-a6f9-2b043bda926e,16633,13140,6490,7198.0,13688.0,16384,2696
c1e0a631-6e5f-499e-a6f9-2b043bda926e,19505,19565,6490,13580.0,20070.0,16384,-3686
c1e0a631-6e5f-499e-a6f9-2b043bda926e,19644,16427,6490,10519.0,17009.0,16384,-625
c1e0a631-6e5f-499e-a6f9-2b043bda926e,19818,17740,6490,11808.0,18298.0,16384,2182
c1e0a631-6e5f-499e-a6f9-2b043bda926e,19926,13121,6490,7359.0,13849.0,16384,6631
c1e0a631-6e5f-499e-a6f9-2b043bda926e,27645,14832,6490,9019.0,15509.0,16384,4971
c1e0a631-6e5f-499e-a6f9-2b043bda926e,27726,22623,6490,16770.0,23260.0,16384,-2780
c1f97e8a-330d-4d19-904b-a456753a93dd,85,8897,8897,95.0,8992.0,0,253152
c1f97e8a-330d-4d19-904b-a456753a93dd,144,9020,8897,174.0,9071.0,0,253073
c1f97e8a-330d-4d19-904b-a456753a93dd,308,9091,8897,231.0,9128.0,0,253016
c1f97e8a-330d-4d19-904b-a456753a93dd,431,9333,8897,437.0,9334.0,0,252810
c1f97e8a-330d-4d19-904b-a456753a93dd,736,10216,8897,1276.0,10173.0,0,251971
c29a4ba3-fcf8-4649-b806-03f1f7a94a6f,130,5809,5809,99.0,5908.0,16384,10476
c29a4ba3-fcf8-4649-b806-03f1f7a94a6f,620,6894,5809,1145.0,6954.0,16384,9430
c29a4ba3-fcf8-4649-b806-03f1f7a94a6f,663,7392,5809,1629.0,7438.0,16384,8946
c29a4ba3-fcf8-4649-b806-03f1f7a94a6f,792,7491,5809,1684.0,7493.0,16384,8891
c412857a-9984-44a2-a865-dae3d37069a8,99,9046,9046,99.0,9145.0,0,252999
c412857a-9984-44a2-a865-dae3d37069a8,147,9828,9046,845.0,9891.0,0,252253
c412857a-9984-44a2-a865-dae3d37069a8,195,10548,9046,1529.0,10575.0,0,251569
c412857a-9984-44a2-a865-dae3d37069a8,241,10991,9046,1936.0,10982.0,0,251162
c412857a-9984-44a2-a865-dae3d37069a8,348,11401,9046,2311.0,11357.0,0,250787
c412857a-9984-44a2-a865-dae3d37069a8,405,12001,9046,2875.0,11921.0,0,250223
c412857a-9984-44a2-a865-dae3d37069a8,574,12637,9046,3467.0,12513.0,0,249631
c412857a-9984-44a2-a865-dae3d37069a8,637,12449,9046,3630.0,12676.0,0,249468
c412857a-9984-44a2-a865-dae3d37069a8,685,12568,9046,3705.0,12751.0,0,249393
c412857a-9984-44a2-a865-dae3d37069a8,854,12563,9046,3749.0,12795.0,0,249349
c412857a-9984-44a2-a865-dae3d37069a8,896,13253,9046,4403.0,13449.0,0,248695
c412857a-9984-44a2-a865-dae3d37069a8,945,13798,9046,4912.0,13958.0,0,248186
c412857a-9984-44a2-a865-dae3d37069a8,1003,14428,9046,5506.0,14552.0,0,247592
c412857a-9984-44a2-a865-dae3d37069a8,1155,15105,9046,6139.0,15185.0,0,246959
c412857a-9984-44a2-a865-dae3d37069a8,1201,15709,9046,6707.0,15753.0,0,246391
c412857a-9984-44a2-a865-dae3d37069a8,1243,16220,9046,7182.0,16228.0,0,245916
c412857a-9984-44a2-a865-dae3d37069a8,1622,17789,9046,8715.0,17761.0,0,244383
c46df038-0301-4f01-be25-35e43b9eadcd,324,6177,6177,460.0,6637.0,8192,17939
c46df038-0301-4f01-be25-35e43b9eadcd,442,6556,6177,795.0,6972.0,8192,17604
c46df038-0301-4f01-be25-35e43b9eadcd,605,7394,6177,1557.0,7734.0,8192,16842
c46df038-0301-4f01-be25-35e43b9eadcd,1159,8625,6177,2744.0,8921.0,8192,15655
c5fa4787-6775-45ab-b934-8fa8645015c8,15,6398,6398,457.0,6855.0,16384,13625
c5fa4787-6775-45ab-b934-8fa8645015c8,20,7952,6398,1971.0,8369.0,16384,12111
c5fa4787-6775-45ab-b934-8fa8645015c8,28,8713,6398,2718.0,9116.0,16384,11364
c5fa4787-6775-45ab-b934-8fa8645015c8,36,10116,6398,4107.0,10505.0,16384,9975
c5fa4787-6775-45ab-b934-8fa8645015c8,41,11812,6398,5763.0,12161.0,16384,8319
c9bd3a15-606e-4798-9a53-e669b62e5e7f,75,5856,5856,119.0,5975.0,16384,75945
c9bd3a15-606e-4798-9a53-e669b62e5e7f,231,12390,5856,6584.0,12440.0,16384,69480
c9bd3a15-606e-4798-9a53-e669b62e5e7f,458,14758,5856,8886.0,14742.0,16384,67178
c9bd3a15-606e-4798-9a53-e669b62e5e7f,709,16880,5856,10975.0,16831.0,16384,65089
c9bd3a15-606e-4798-9a53-e669b62e5e7f,1643,18133,5856,12165.0,18021.0,16384,63899
c9bd3a15-606e-4798-9a53-e669b62e5e7f,1841,19191,5856,13178.0,19034.0,16384,62886
c9bd3a15-606e-4798-9a53-e669b62e5e7f,4756,20826,5856,13598.0,19454.0,16384,62466
c9bd3a15-606e-4798-9a53-e669b62e5e7f,7580,23797,5856,16526.0,22382.0,16384,59538
c9bd3a15-606e-4798-9a53-e669b62e5e7f,7730,26819,5856,19659.0,25515.0,16384,56405
c9bd3a15-606e-4798-9a53-e669b62e5e7f,7899,27077,5856,19873.0,25729.0,16384,56191
c9bd3a15-606e-4798-9a53-e669b62e5e7f,8131,29733,5856,20155.0,26011.0,16384,55909
c9bd3a15-606e-4798-9a53-e669b62e5e7f,13661,32430,5856,20499.0,26355.0,16384,55565
c9bd3a15-606e-4798-9a53-e669b62e5e7f,14341,38314,5856,26841.0,32697.0,16384,49223
c9bd3a15-606e-4798-9a53-e669b62e5e7f,14559,39134,5856,27584.0,33440.0,16384,48480
c9bd3a15-606e-4798-9a53-e669b62e5e7f,14798,39395,5856,27801.0,33657.0,16384,48263
c9bd3a15-606e-4798-9a53-e669b62e5e7f,14960,39910,5856,28282.0,34138.0,16384,47782
c9bd3a15-606e-4798-9a53-e669b62e5e7f,15154,40141,5856,28468.0,34324.0,16384,47596
c9bd3a15-606e-4798-9a53-e669b62e5e7f,15245,40508,5856,28791.0,34647.0,16384,47273
c9bd3a15-606e-4798-9a53-e669b62e5e7f,15350,40682,5856,28921.0,34777.0,16384,47143
c9bd3a15-606e-4798-9a53-e669b62e5e7f,15830,44509,5856,29196.0,35052.0,16384,46868
c9bd3a15-606e-4798-9a53-e669b62e5e7f,16907,48697,5856,29840.0,35696.0,16384,46224
c9bd3a15-606e-4798-9a53-e669b62e5e7f,17113,49912,5856,30970.0,36826.0,16384,45094
c9bd3a15-606e-4798-9a53-e669b62e5e7f,17186,50332,5856,31346.0,37202.0,16384,44718
c9bd3a15-606e-4798-9a53-e669b62e5e7f,17763,51655,5856,31470.0,37326.0,16384,44594
c9bd3a15-606e-4798-9a53-e669b62e5e7f,17926,52305,5856,32075.0,37931.0,16384,43989
c9bd3a15-606e-4798-9a53-e669b62e5e7f,17979,52623,5856,32349.0,38205.0,16384,43715
c9bd3a15-606e-4798-9a53-e669b62e5e7f,18971,53929,5856,32453.0,38309.0,16384,43611
cd3714b8-eb7d-4ceb-9960-2d2676f99128,439,7771,7771,106.0,7877.0,0,254267
cd3714b8-eb7d-4ceb-9960-2d2676f99128,864,7777,7771,528.0,8299.0,0,253845
cd3714b8-eb7d-4ceb-9960-2d2676f99128,1283,7783,7771,942.0,8713.0,0,253431
cd3714b8-eb7d-4ceb-9960-2d2676f99128,1698,7789,7771,1350.0,9121.0,0,253023
cd3714b8-eb7d-4ceb-9960-2d2676f99128,2105,7795,7771,1754.0,9525.0,0,252619
cd3714b8-eb7d-4ceb-9960-2d2676f99128,2506,7801,7771,2150.0,9921.0,0,252223
cd3714b8-eb7d-4ceb-9960-2d2676f99128,2903,7807,7771,2540.0,10311.0,0,251833
cd3714b8-eb7d-4ceb-9960-2d2676f99128,3293,7813,7771,2926.0,10697.0,0,251447
cd3714b8-eb7d-4ceb-9960-2d2676f99128,3678,7819,7771,3305.0,11076.0,0,251068
cd3714b8-eb7d-4ceb-9960-2d2676f99128,4057,7825,7771,3679.0,11450.0,0,250694
cd3714b8-eb7d-4ceb-9960-2d2676f99128,4430,7831,7771,4047.0,11818.0,0,250326
cd773301-8a30-4620-bc23-d11d6aadd171,15,6398,6398,457.0,6855.0,16384,13625
cd773301-8a30-4620-bc23-d11d6aadd171,20,7902,6398,1951.0,8349.0,16384,12131
cd773301-8a30-4620-bc23-d11d6aadd171,25,8294,6398,2291.0,8689.0,16384,11791
d1a41143-5d7f-440e-bc86-e43407ad0e28,82,9255,9255,178.0,9433.0,16384,6951
d1a41143-5d7f-440e-bc86-e43407ad0e28,4823,13696,9255,4576.0,13831.0,16384,2553
d1a41143-5d7f-440e-bc86-e43407ad0e28,4948,18815,9255,10068.0,19323.0,16384,-2939
d1a41143-5d7f-440e-bc86-e43407ad0e28,5082,20905,9255,12114.0,21369.0,16384,-4985
d1a41143-5d7f-440e-bc86-e43407ad0e28,5135,18397,9255,9612.0,18867.0,16384,-2483
d1a41143-5d7f-440e-bc86-e43407ad0e28,5222,20684,9255,11859.0,21114.0,16384,-4730
d1a41143-5d7f-440e-bc86-e43407ad0e28,5302,22978,9255,14102.0,23357.0,16384,-6973
d1a41143-5d7f-440e-bc86-e43407ad0e28,5389,20540,9255,11240.0,20495.0,16384,-4111
d1a41143-5d7f-440e-bc86-e43407ad0e28,10559,20952,9255,11687.0,20942.0,16384,-4558
d318df96-d9e5-4e0e-8905-d29f2c3f4d82,109,6119,6119,402.0,6521.0,16384,9863
d318df96-d9e5-4e0e-8905-d29f2c3f4d82,356,6406,6119,645.0,6764.0,16384,9620
d3abf75a-2c26-4a55-8794-f8370010d4b6,178,9554,9554,429.0,9983.0,16384,71937
d3abf75a-2c26-4a55-8794-f8370010d4b6,1291,18726,9554,9497.0,19051.0,16384,62869
d3abf75a-2c26-4a55-8794-f8370010d4b6,1730,20962,9554,11632.0,21186.0,16384,60734
d3abf75a-2c26-4a55-8794-f8370010d4b6,3136,21744,9554,12327.0,21881.0,16384,60039
d3abf75a-2c26-4a55-8794-f8370010d4b6,5914,24239,9554,14747.0,24301.0,16384,57619
d3abf75a-2c26-4a55-8794-f8370010d4b6,6509,27144,9554,17688.0,27242.0,16384,54678
d4282521-99a9-4c94-b8e4-155697195121,55,1153,1153,39.0,1192.0,0,260952
d4282521-99a9-4c94-b8e4-155697195121,200,1408,1153,257.0,1410.0,0,260734
d4282521-99a9-4c94-b8e4-155697195121,270,3382,1153,2138.0,3291.0,0,258853
d4282521-99a9-4c94-b8e4-155697195121,2382,4426,1153,3130.0,4283.0,0,257861
d4282521-99a9-4c94-b8e4-155697195121,2594,6916,1153,5563.0,6716.0,0,255428
d4282521-99a9-4c94-b8e4-155697195121,3879,7256,1153,5871.0,7024.0,0,255120
d4282521-99a9-4c94-b8e4-155697195121,4218,8639,1153,7232.0,8385.0,0,253759
d4282521-99a9-4c94-b8e4-155697195121,4891,9068,1153,7635.0,8788.0,0,253356
d5302c73-4e78-49f9-8eb9-8eac480f6ca2,49,1703,1703,27.0,1730.0,0,260414
d5302c73-4e78-49f9-8eb9-8eac480f6ca2,673,1985,1703,280.0,1983.0,0,260161
d5302c73-4e78-49f9-8eb9-8eac480f6ca2,834,2639,1703,920.0,2623.0,0,259521
d5302c73-4e78-49f9-8eb9-8eac480f6ca2,936,7494,1703,5740.0,7443.0,0,254701
d5302c73-4e78-49f9-8eb9-8eac480f6ca2,1099,8269,1703,6478.0,8181.0,0,253963
d5302c73-4e78-49f9-8eb9-8eac480f6ca2,1192,10160,1703,8332.0,10035.0,0,252109
d5302c73-4e78-49f9-8eb9-8eac480f6ca2,1314,10657,1703,8793.0,10496.0,0,251648
d5302c73-4e78-49f9-8eb9-8eac480f6ca2,1984,12516,1703,10616.0,12319.0,0,249825
d5302c73-4e78-49f9-8eb9-8eac480f6ca2,2132,13788,1703,11854.0,13557.0,0,248587
d5302c73-4e78-49f9-8eb9-8eac480f6ca2,2271,14040,1703,12069.0,13772.0,0,248372
d5302c73-4e78-49f9-8eb9-8eac480f6ca2,2685,14776,1703,12768.0,14471.0,0,247673
d5302c73-4e78-49f9-8eb9-8eac480f6ca2,3228,15511,1703,13471.0,15174.0,0,246970
d5302c73-4e78-49f9-8eb9-8eac480f6ca2,3363,16310,1703,14250.0,15953.0,0,246191
d5302c73-4e78-49f9-8eb9-8eac480f6ca2,3635,16951,1703,14854.0,16557.0,0,245587
d5302c73-4e78-49f9-8eb9-8eac480f6ca2,4165,17305,1703,15171.0,16874.0,0,245270
d5302c73-4e78-49f9-8eb9-8eac480f6ca2,5057,18049,1703,15879.0,17582.0,0,244562
d5302c73-4e78-49f9-8eb9-8eac480f6ca2,5520,19384,1703,17178.0,18881.0,0,243263
d5302c73-4e78-49f9-8eb9-8eac480f6ca2,5723,20425,1703,18184.0,19887.0,0,242257
d5302c73-4e78-49f9-8eb9-8eac480f6ca2,6672,21177,1703,18899.0,20602.0,0,241542
d5302c73-4e78-49f9-8eb9-8eac480f6ca2,6783,22960,1703,20647.0,22350.0,0,239794
d5302c73-4e78-49f9-8eb9-8eac480f6ca2,8661,24086,1703,21737.0,23440.0,0,238704
d960942b-804e-4a35-845c-70b9e855b1e8,193,8863,8863,99.0,8962.0,0,253182
d960942b-804e-4a35-845c-70b9e855b1e8,477,9055,8863,277.0,9140.0,0,253004
d960942b-804e-4a35-845c-70b9e855b1e8,1427,9342,8863,550.0,9413.0,0,252731
d960942b-804e-4a35-845c-70b9e855b1e8,1557,10333,8863,1497.0,10360.0,0,251784
d960942b-804e-4a35-845c-70b9e855b1e8,1678,10478,8863,1628.0,10491.0,0,251653
d960942b-804e-4a35-845c-70b9e855b1e8,1750,10677,8863,1791.0,10654.0,0,251490
d960942b-804e-4a35-845c-70b9e855b1e8,1865,10802,8863,1872.0,10735.0,0,251409
d960942b-804e-4a35-845c-70b9e855b1e8,1903,10998,8863,2032.0,10895.0,0,251249
d960942b-804e-4a35-845c-70b9e855b1e8,1996,11286,8863,2284.0,11147.0,0,250997
d960942b-804e-4a35-845c-70b9e855b1e8,2270,11432,8863,2386.0,11249.0,0,250895
d9a9c623-676b-4ec7-b1f4-86f8baee36e2,113,9195,9195,96.0,9291.0,16384,7093
d9a9c623-676b-4ec7-b1f4-86f8baee36e2,176,9856,9195,718.0,9913.0,16384,6471
d9a9c623-676b-4ec7-b1f4-86f8baee36e2,270,10242,9195,1061.0,10256.0,16384,6128
d9a9c623-676b-4ec7-b1f4-86f8baee36e2,877,10817,9195,1585.0,10780.0,16384,5604
dbc7e63a-f2b9-4d30-bf2f-aba83e5ba6f8,75,5836,5836,104.0,5940.0,16384,75980
dbc7e63a-f2b9-4d30-bf2f-aba83e5ba6f8,650,6850,5836,1078.0,6914.0,16384,75006
dbc7e63a-f2b9-4d30-bf2f-aba83e5ba6f8,732,7432,5836,1646.0,7482.0,16384,74438
dbc7e63a-f2b9-4d30-bf2f-aba83e5ba6f8,1607,8556,5836,2730.0,8566.0,16384,73354
dbf08eb9-ebde-4ab4-add4-1413af0dce60,75,10401,10401,106.0,10507.0,0,251637
dbf08eb9-ebde-4ab4-add4-1413af0dce60,167,10519,10401,179.0,10580.0,0,251564
dbf08eb9-ebde-4ab4-add4-1413af0dce60,237,10669,10401,286.0,10687.0,0,251457
dbf08eb9-ebde-4ab4-add4-1413af0dce60,358,10793,10401,366.0,10767.0,0,251377
dbf08eb9-ebde-4ab4-add4-1413af0dce60,503,10970,10401,500.0,10901.0,0,251243
dbf08eb9-ebde-4ab4-add4-1413af0dce60,564,11169,10401,655.0,11056.0,0,251088
dbf08eb9-ebde-4ab4-add4-1413af0dce60,654,11283,10401,725.0,11126.0,0,251018
dbf08eb9-ebde-4ab4-add4-1413af0dce60,697,11426,10401,823.0,11224.0,0,250920
dbf08eb9-ebde-4ab4-add4-1413af0dce60,742,11522,10401,874.0,11275.0,0,250869
dbf08eb9-ebde-4ab4-add4-1413af0dce60,798,11620,10401,928.0,11329.0,0,250815
dbf08eb9-ebde-4ab4-add4-1413af0dce60,952,11730,10401,994.0,11395.0,0,250749
dbf08eb9-ebde-4ab4-add4-1413af0dce60,1053,11937,10401,1156.0,11557.0,0,250587
dbf08eb9-ebde-4ab4-add4-1413af0dce60,1223,12092,10401,1267.0,11668.0,0,250476
dbf08eb9-ebde-4ab4-add4-1413af0dce60,1301,12316,10401,1448.0,11849.0,0,250295
dbf08eb9-ebde-4ab4-add4-1413af0dce60,1399,12448,10401,1536.0,11937.0,0,250207
dbf08eb9-ebde-4ab4-add4-1413af0dce60,1527,12600,10401,1645.0,12046.0,0,250098
dbf08eb9-ebde-4ab4-add4-1413af0dce60,1753,12782,10401,1784.0,12185.0,0,249959
dbf08eb9-ebde-4ab4-add4-1413af0dce60,1851,13062,10401,2021.0,12422.0,0,249722
dbf08eb9-ebde-4ab4-add4-1413af0dce60,1996,13214,10401,2130.0,12531.0,0,249613
dbf08eb9-ebde-4ab4-add4-1413af0dce60,2117,13413,10401,2286.0,12687.0,0,249457
dbf08eb9-ebde-4ab4-add4-1413af0dce60,2458,12682,10401,2460.0,12861.0,0,249283
dbf08eb9-ebde-4ab4-add4-1413af0dce60,2716,13073,10401,2806.0,13207.0,0,248937
dbf08eb9-ebde-4ab4-add4-1413af0dce60,2930,13385,10401,3075.0,13476.0,0,248668
dd740a3f-875f-4863-ac2a-0d63f747e3c5,85,6036,6036,319.0,6355.0,8192,18221
dd740a3f-875f-4863-ac2a-0d63f747e3c5,156,8070,6036,2318.0,8354.0,8192,16222
dd740a3f-875f-4863-ac2a-0d63f747e3c5,675,8380,6036,2584.0,8620.0,8192,15956
dd740a3f-875f-4863-ac2a-0d63f747e3c5,1066,13778,6036,7736.0,13772.0,8192,10804
dd740a3f-875f-4863-ac2a-0d63f747e3c5,1810,14523,6036,8437.0,14473.0,8192,10103
dd740a3f-875f-4863-ac2a-0d63f747e3c5,3238,16120,6036,9983.0,16019.0,8192,8557
e2053b00-cd09-4b54-9876-fe36d69d4b5b,223,6462,6462,745.0,7207.0,16384,9177
e2053b00-cd09-4b54-9876-fe36d69d4b5b,312,6722,6462,942.0,7404.0,16384,8980
e2053b00-cd09-4b54-9876-fe36d69d4b5b,703,16370,6462,10515.0,16977.0,16384,-593
e2053b00-cd09-4b54-9876-fe36d69d4b5b,941,16912,6462,11015.0,17477.0,16384,-1093
e2053b00-cd09-4b54-9876-fe36d69d4b5b,1194,19046,6462,13075.0,19537.0,16384,-3153
e2053b00-cd09-4b54-9876-fe36d69d4b5b,2174,19604,6462,13561.0,20023.0,16384,-3639
e2053b00-cd09-4b54-9876-fe36d69d4b5b,2361,20670,6462,14553.0,21015.0,16384,-4631
e2053b00-cd09-4b54-9876-fe36d69d4b5b,2993,21469,6462,15375.0,21837.0,16384,-5453
e2053b00-cd09-4b54-9876-fe36d69d4b5b,4732,15664,6462,9752.0,16214.0,16384,170
e2053b00-cd09-4b54-9876-fe36d69d4b5b,4822,17732,6462,11745.0,18207.0,16384,-1823
e2053b00-cd09-4b54-9876-fe36d69d4b5b,5779,23042,6462,17011.0,23473.0,16384,-7089
e2053b00-cd09-4b54-9876-fe36d69d4b5b,6304,22633,6462,16679.0,23141.0,16384,-6757
e2053b00-cd09-4b54-9876-fe36d69d4b5b,7347,16797,6462,10882.0,17344.0,16384,-960
e2053b00-cd09-4b54-9876-fe36d69d4b5b,8131,18527,6462,12577.0,19039.0,16384,-2655
e2053b00-cd09-4b54-9876-fe36d69d4b5b,9745,20658,6462,14665.0,21127.0,16384,-4743
e2053b00-cd09-4b54-9876-fe36d69d4b5b,11704,13936,6462,8065.0,14527.0,16384,1857
e2053b00-cd09-4b54-9876-fe36d69d4b5b,13521,17696,6462,11784.0,18246.0,16384,-1862
e2053b00-cd09-4b54-9876-fe36d69d4b5b,13760,19792,6462,13839.0,20301.0,16384,-3917
e2053b00-cd09-4b54-9876-fe36d69d4b5b,14111,20142,6462,14149.0,20611.0,16384,-4227
e2053b00-cd09-4b54-9876-fe36d69d4b5b,14890,21321,6462,15284.0,21746.0,16384,-5362
e2053b00-cd09-4b54-9876-fe36d69d4b5b,15881,16376,6462,10502.0,16964.0,16384,-580
e2053b00-cd09-4b54-9876-fe36d69d4b5b,18227,18022,6462,12103.0,18565.0,16384,-2181
e2053b00-cd09-4b54-9876-fe36d69d4b5b,20476,21172,6462,15182.0,21644.0,16384,-5260
e2053b00-cd09-4b54-9876-fe36d69d4b5b,24250,19041,6462,13215.0,19677.0,16384,-3293
e2053b00-cd09-4b54-9876-fe36d69d4b5b,26695,17115,6462,11280.0,17742.0,16384,-1358
e2053b00-cd09-4b54-9876-fe36d69d4b5b,29558,19597,6462,13703.0,20165.0,16384,-3781
e2053b00-cd09-4b54-9876-fe36d69d4b5b,29892,17253,6462,11343.0,17805.0,16384,-1421
e2b21469-dfb9-471a-86e2-66b95f5ac7d3,197,9406,9406,329.0,9735.0,8192,14841
e2b21469-dfb9-471a-86e2-66b95f5ac7d3,596,13566,9406,4445.0,13851.0,8192,10725
e2b21469-dfb9-471a-86e2-66b95f5ac7d3,709,14068,9406,4903.0,14309.0,8192,10267
e2b21469-dfb9-471a-86e2-66b95f5ac7d3,946,14343,9406,5134.0,14540.0,8192,10036
e2b21469-dfb9-471a-86e2-66b95f5ac7d3,1514,15384,9406,6138.0,15544.0,8192,9032
e2b21469-dfb9-471a-86e2-66b95f5ac7d3,1907,16208,9406,6939.0,16345.0,8192,8231
e2b21469-dfb9-471a-86e2-66b95f5ac7d3,1962,16764,9406,7464.0,16870.0,8192,7706
e2b21469-dfb9-471a-86e2-66b95f5ac7d3,5206,23879,9406,14544.0,23950.0,8192,626
e2b21469-dfb9-471a-86e2-66b95f5ac7d3,5482,21695,9406,12327.0,21733.0,8192,2843
e2b21469-dfb9-471a-86e2-66b95f5ac7d3,5680,24288,9406,14893.0,24299.0,8192,277
e2b21469-dfb9-471a-86e2-66b95f5ac7d3,5756,25190,9406,15751.0,25157.0,8192,-581
e2b21469-dfb9-471a-86e2-66b95f5ac7d3,5893,19734,9406,10507.0,19913.0,8192,4663
e2b21469-dfb9-471a-86e2-66b95f5ac7d3,8202,22564,9406,13288.0,22694.0,8192,1882
e2b21469-dfb9-471a-86e2-66b95f5ac7d3,9632,26286,9406,16936.0,26342.0,8192,-1766
e2b21469-dfb9-471a-86e2-66b95f5ac7d3,9729,19670,9406,10408.0,19814.0,8192,4762
e2b21469-dfb9-471a-86e2-66b95f5ac7d3,9935,20068,9406,10762.0,20168.0,8192,4408
e2b21469-dfb9-471a-86e2-66b95f5ac7d3,10069,20856,9406,11508.0,20914.0,8192,3662
e2b21469-dfb9-471a-86e2-66b95f5ac7d3,10456,21093,9406,11710.0,21116.0,8192,3460
e2b21469-dfb9-471a-86e2-66b95f5ac7d3,10792,21719,9406,12299.0,21705.0,8192,2871
e2b21469-dfb9-471a-86e2-66b95f5ac7d3,11234,22600,9406,13138.0,22544.0,8192,2032
e2b21469-dfb9-471a-86e2-66b95f5ac7d3,11387,23123,9406,13618.0,23024.0,8192,1552
e2b21469-dfb9-471a-86e2-66b95f5ac7d3,11624,23379,9406,13813.0,23219.0,8192,1357
e2b21469-dfb9-471a-86e2-66b95f5ac7d3,12046,23919,9406,14313.0,23719.0,8192,857
e2b21469-dfb9-471a-86e2-66b95f5ac7d3,12246,24902,9406,15257.0,24663.0,8192,-87
e2b21469-dfb9-471a-86e2-66b95f5ac7d3,12388,25870,9406,16152.0,25558.0,8192,-982
e2b21469-dfb9-471a-86e2-66b95f5ac7d3,13218,18956,9406,9381.0,18787.0,8192,5789
e2b21469-dfb9-471a-86e2-66b95f5ac7d3,14159,21131,9406,11433.0,20839.0,8192,3737
e2b21469-dfb9-471a-86e2-66b95f5ac7d3,14539,22561,9406,12780.0,22186.0,8192,2390
e2b21469-dfb9-471a-86e2-66b95f5ac7d3,14642,23884,9406,14061.0,23467.0,8192,1109
e2b21469-dfb9-471a-86e2-66b95f5ac7d3,16858,24662,9406,14795.0,24201.0,8192,375
e2b21469-dfb9-471a-86e2-66b95f5ac7d3,21023,20354,9406,10946.0,20352.0,8192,4224
e2b21469-dfb9-471a-86e2-66b95f5ac7d3,24661,24575,9406,15153.0,24559.0,8192,17
e2b21469-dfb9-471a-86e2-66b95f5ac7d3,25110,20881,9406,11633.0,21039.0,8192,3537
e2b21469-dfb9-471a-86e2-66b95f5ac7d3,28370,25777,9406,16448.0,25854.0,8192,-1278
e2b21469-dfb9-471a-86e2-66b95f5ac7d3,29250,20396,9406,11170.0,20576.0,8192,4000
e2b21469-dfb9-471a-86e2-66b95f5ac7d3,30031,22104,9406,12832.0,22238.0,8192,2338
e2b21469-dfb9-471a-86e2-66b95f5ac7d3,30352,23476,9406,14170.0,23576.0,8192,1000
e2b21469-dfb9-471a-86e2-66b95f5ac7d3,30993,24275,9406,14889.0,24295.0,8192,281
e2b21469-dfb9-471a-86e2-66b95f5ac7d3,32013,25226,9406,15795.0,25201.0,8192,-625
e2b21469-dfb9-471a-86e2-66b95f5ac7d3,32473,22903,9406,13485.0,22891.0,8192,1685
e2b21469-dfb9-471a-86e2-66b95f5ac7d3,32997,23686,9406,14231.0,23637.0,8192,939
e2b21469-dfb9-471a-86e2-66b95f5ac7d3,33235,24297,9406,14798.0,24204.0,8192,372
e2b21469-dfb9-471a-86e2-66b95f5ac7d3,36507,25479,9406,15936.0,25342.0,8192,-766
e2b21469-dfb9-471a-86e2-66b95f5ac7d3,37378,20088,9406,10901.0,20307.0,8192,4269
e2b21469-dfb9-471a-86e2-66b95f5ac7d3,39104,24722,9406,15485.0,24891.0,8192,-315
e2b21469-dfb9-471a-86e2-66b95f5ac7d3,42400,25595,9406,16314.0,25720.0,8192,-1144
e2b21469-dfb9-471a-86e2-66b95f5ac7d3,43703,22563,9406,13353.0,22759.0,8192,1817
e2b21469-dfb9-471a-86e2-66b95f5ac7d3,44741,24102,9406,14874.0,24280.0,8192,296
e2b21469-dfb9-471a-86e2-66b95f5ac7d3,44948,25413,9406,16118.0,25524.0,8192,-948
e2b21469-dfb9-471a-86e2-66b95f5ac7d3,45263,25742,9406,16404.0,25810.0,8192,-1234
e2b21469-dfb9-471a-86e2-66b95f5ac7d3,45427,26215,9406,16835.0,26241.0,8192,-1665
e2b21469-dfb9-471a-86e2-66b95f5ac7d3,45845,21914,9406,12577.0,21983.0,8192,2593
e2b21469-dfb9-471a-86e2-66b95f5ac7d3,46155,22549,9406,13165.0,22571.0,8192,2005
e2b21469-dfb9-471a-86e2-66b95f5ac7d3,46625,22937,9406,13505.0,22911.0,8192,1665
e2b21469-dfb9-471a-86e2-66b95f5ac7d3,47538,23803,9406,14330.0,23736.0,8192,840
e2b21469-dfb9-471a-86e2-66b95f5ac7d3,49873,25417,9406,15910.0,25316.0,8192,-740
e2b21469-dfb9-471a-86e2-66b95f5ac7d3,50466,21117,9406,11714.0,21120.0,8192,3456
e2b21469-dfb9-471a-86e2-66b95f5ac7d3,50655,21850,9406,12410.0,21816.0,8192,2760
e2b21469-dfb9-471a-86e2-66b95f5ac7d3,50904,22971,9406,13490.0,22896.0,8192,1680
e2b21469-dfb9-471a-86e2-66b95f5ac7d3,51489,23290,9406,13758.0,23164.0,8192,1412
e2b21469-dfb9-471a-86e2-66b95f5ac7d3,54490,24231,9406,14623.0,24029.0,8192,547
e2b21469-dfb9-471a-86e2-66b95f5ac7d3,54933,23188,9406,13808.0,23214.0,8192,1362
e2b21469-dfb9-471a-86e2-66b95f5ac7d3,57047,24354,9406,14893.0,24299.0,8192,277
e2b21469-dfb9-471a-86e2-66b95f5ac7d3,57093,20806,9406,11535.0,20941.0,8192,3635
e2b21469-dfb9-471a-86e2-66b95f5ac7d3,57167,22585,9406,13279.0,22685.0,8192,1891
e2b21469-dfb9-471a-86e2-66b95f5ac7d3,57252,24483,9406,15126.0,24532.0,8192,44
e2b21469-dfb9-471a-86e2-66b95f5ac7d3,57346,26490,9406,17082.0,26488.0,8192,-1912
e2b21469-dfb9-471a-86e2-66b95f5ac7d3,57448,21195,9406,11935.0,21341.0,8192,3235
e2b21469-dfb9-471a-86e2-66b95f5ac7d3,61193,24179,9406,14863.0,24269.0,8192,307
e2b21469-dfb9-471a-86e2-66b95f5ac7d3,61319,21616,9406,12439.0,21845.0,8192,2731
e2b21469-dfb9-471a-86e2-66b95f5ac7d3,61617,21792,9406,12571.0,21977.0,8192,2599
e2b21469-dfb9-471a-86e2-66b95f5ac7d3,61879,22416,9406,13157.0,22563.0,8192,2013
e2b21469-dfb9-471a-86e2-66b95f5ac7d3,62303,23095,9406,13794.0,23200.0,8192,1376
e2b21469-dfb9-471a-86e2-66b95f5ac7d3,62798,23612,9406,14269.0,23675.0,8192,901
e2b21469-dfb9-471a-86e2-66b95f5ac7d3,62917,24198,9406,14834.0,24240.0,8192,336
e2b21469-dfb9-471a-86e2-66b95f5ac7d3,70746,24453,9406,15045.0,24451.0,8192,125
e2b21469-dfb9-471a-86e2-66b95f5ac7d3,75056,24131,9406,14815.0,24221.0,8192,355
e2b21469-dfb9-471a-86e2-66b95f5ac7d3,75159,21758,9406,12688.0,22094.0,8192,2482
e2b21469-dfb9-471a-86e2-66b95f5ac7d3,78256,22825,9406,13720.0,23126.0,8192,1450
e2b21469-dfb9-471a-86e2-66b95f5ac7d3,80795,26138,9406,16999.0,26405.0,8192,-1829
e2b21469-dfb9-471a-86e2-66b95f5ac7d3,81177,20619,9406,11509.0,20915.0,8192,3661
e2b21469-dfb9-471a-86e2-66b95f5ac7d3,81612,21252,9406,12092.0,21498.0,8192,3078
e2b21469-dfb9-471a-86e2-66b95f5ac7d3,81821,21761,9406,12549.0,21955.0,8192,2621
e2b21469-dfb9-471a-86e2-66b95f5ac7d3,82236,22200,9406,12943.0,22349.0,8192,2227
e2b21469-dfb9-471a-86e2-66b95f5ac7d3,82744,22696,9406,13397.0,22803.0,8192,1773
e2b21469-dfb9-471a-86e2-66b95f5ac7d3,82951,23390,9406,14046.0,23452.0,8192,1124
e2b21469-dfb9-471a-86e2-66b95f5ac7d3,83085,23831,9406,14443.0,23849.0,8192,727
e2b21469-dfb9-471a-86e2-66b95f5ac7d3,83349,24039,9406,14600.0,24006.0,8192,570
e2b21469-dfb9-471a-86e2-66b95f5ac7d3,83658,24381,9406,14891.0,24297.0,8192,279
e2b21469-dfb9-471a-86e2-66b95f5ac7d3,84037,25033,9406,15499.0,24905.0,8192,-329
e2b21469-dfb9-471a-86e2-66b95f5ac7d3,84522,20042,9406,10505.0,19911.0,8192,4665
e2b21469-dfb9-471a-86e2-66b95f5ac7d3,84713,20664,9406,11068.0,20474.0,8192,4102
e2b21469-dfb9-471a-86e2-66b95f5ac7d3,84910,20892,9406,11251.0,20657.0,8192,3919
e2b21469-dfb9-471a-86e2-66b95f5ac7d3,85511,21989,9406,12304.0,21710.0,8192,2866
e2b21469-dfb9-471a-86e2-66b95f5ac7d3,85657,22672,9406,12947.0,22353.0,8192,2223
e2b21469-dfb9-471a-86e2-66b95f5ac7d3,85706,22871,9406,13102.0,22508.0,8192,2068
e2b21469-dfb9-471a-86e2-66b95f5ac7d3,86404,23023,9406,13219.0,22625.0,8192,1951
e2b21469-dfb9-471a-86e2-66b95f5ac7d3,86867,23824,9406,13979.0,23385.0,8192,1191
e2b21469-dfb9-471a-86e2-66b95f5ac7d3,87936,24478,9406,14594.0,24000.0,8192,576
e2b21469-dfb9-471a-86e2-66b95f5ac7d3,89645,25640,9406,15742.0,25148.0,8192,-572
e2b21469-dfb9-471a-86e2-66b95f5ac7d3,90011,20281,9406,10883.0,20289.0,8192,4287
e2b21469-dfb9-471a-86e2-66b95f5ac7d3,93094,23721,9406,14279.0,23685.0,8192,891
e2b21469-dfb9-471a-86e2-66b95f5ac7d3,93574,23002,9406,13825.0,23231.0,8192,1345
e2b21469-dfb9-471a-86e2-66b95f5ac7d3,93691,23763,9406,14553.0,23959.0,8192,617
e2b21469-dfb9-471a-86e2-66b95f5ac7d3,98775,25406,9406,16161.0,25567.0,8192,-991
e2b21469-dfb9-471a-86e2-66b95f5ac7d3,98862,20847,9406,11823.0,21229.0,8192,3347
e2b21469-dfb9-471a-86e2-66b95f5ac7d3,99046,21605,9406,12532.0,21938.0,8192,2638
e2b21469-dfb9-471a-86e2-66b95f5ac7d3,99215,21892,9406,12759.0,22165.0,8192,2411
e2b21469-dfb9-471a-86e2-66b95f5ac7d3,99416,22113,9406,12936.0,22342.0,8192,2234
e2b21469-dfb9-471a-86e2-66b95f5ac7d3,99566,22686,9406,13465.0,22871.0,8192,1705
e2b21469-dfb9-471a-86e2-66b95f5ac7d3,100825,23255,9406,13983.0,23389.0,8192,1187
e2b21469-dfb9-471a-86e2-66b95f5ac7d3,101118,25292,9406,15976.0,25382.0,8192,-806
e2b21469-dfb9-471a-86e2-66b95f5ac7d3,101430,25937,9406,16577.0,25983.0,8192,-1407
e2b21469-dfb9-471a-86e2-66b95f5ac7d3,101843,21596,9406,12253.0,21659.0,8192,2917
e2b21469-dfb9-471a-86e2-66b95f5ac7d3,101911,22307,9406,12920.0,22326.0,8192,2250
e2b21469-dfb9-471a-86e2-66b95f5ac7d3,102933,22910,9406,13472.0,22878.0,8192,1698
e2b21469-dfb9-471a-86e2-66b95f5ac7d3,103065,23980,9406,14497.0,23903.0,8192,673
e2b21469-dfb9-471a-86e2-66b95f5ac7d3,103202,24160,9406,14634.0,24040.0,8192,536
e2b21469-dfb9-471a-86e2-66b95f5ac7d3,104408,24399,9406,14830.0,24236.0,8192,340
e2b21469-dfb9-471a-86e2-66b95f5ac7d3,104578,26261,9406,16648.0,26054.0,8192,-1478
e2b21469-dfb9-471a-86e2-66b95f5ac7d3,105511,20646,9406,11121.0,20527.0,8192,4049
e2b21469-dfb9-471a-86e2-66b95f5ac7d3,105565,21742,9406,12168.0,21574.0,8192,3002
e2b21469-dfb9-471a-86e2-66b95f5ac7d3,107367,21897,9406,12288.0,21694.0,8192,2882
e2b21469-dfb9-471a-86e2-66b95f5ac7d3,107447,24735,9406,15082.0,24488.0,8192,88
e2b21469-dfb9-471a-86e2-66b95f5ac7d3,108562,25227,9406,15531.0,24937.0,8192,-361
e2b21469-dfb9-471a-86e2-66b95f5ac7d3,109421,20228,9406,10882.0,20288.0,8192,4288
e2b21469-dfb9-471a-86e2-66b95f5ac7d3,109599,21201,9406,11834.0,21240.0,8192,3336
e2b21469-dfb9-471a-86e2-66b95f5ac7d3,109842,21545,9406,12133.0,21539.0,8192,3037
e2b21469-dfb9-471a-86e2-66b95f5ac7d3,110791,21857,9406,12398.0,21804.0,8192,2772
e2b21469-dfb9-471a-86e2-66b95f5ac7d3,110960,22918,9406,13445.0,22851.0,8192,1725
e2b21469-dfb9-471a-86e2-66b95f5ac7d3,111164,23140,9406,13623.0,23029.0,8192,1547
e2b21469-dfb9-471a-86e2-66b95f5ac7d3,112323,23580,9406,14003.0,23409.0,8192,1167
e2b21469-dfb9-471a-86e2-66b95f5ac7d3,113665,25057,9406,15436.0,24842.0,8192,-266
e2b21469-dfb9-471a-86e2-66b95f5ac7d3,113973,20357,9406,10951.0,20357.0,8192,4219
e2b21469-dfb9-471a-86e2-66b95f5ac7d3,114181,20823,9406,11377.0,20783.0,8192,3793
e2b21469-dfb9-471a-86e2-66b95f5ac7d3,114541,21155,9406,11668.0,21074.0,8192,3502
e2b21469-dfb9-471a-86e2-66b95f5ac7d3,117161,24382,9406,14856.0,24262.0,8192,314
e2b21469-dfb9-471a-86e2-66b95f5ac7d3,120403,21891,9406,12606.0,22012.0,8192,2564
e2b21469-dfb9-471a-86e2-66b95f5ac7d3,120551,25182,9406,15832.0,25238.0,8192,-662
e2b21469-dfb9-471a-86e2-66b95f5ac7d3,121050,25410,9406,16012.0,25418.0,8192,-842
e2b21469-dfb9-471a-86e2-66b95f5ac7d3,122307,23191,9406,13918.0,23324.0,8192,1252
e2b21469-dfb9-471a-86e2-66b95f5ac7d3,125537,26417,9406,17102.0,26508.0,8192,-1932
e2b21469-dfb9-471a-86e2-66b95f5ac7d3,128700,20371,9406,11219.0,20625.0,8192,3951
e2b21469-dfb9-471a-86e2-66b95f5ac7d3,131747,24305,9406,15111.0,24517.0,8192,59
e2b21469-dfb9-471a-86e2-66b95f5ac7d3,134931,23378,9406,14219.0,23625.0,8192,951
e2b21469-dfb9-471a-86e2-66b95f5ac7d3,138198,22781,9406,13617.0,23023.0,8192,1553
e2b21469-dfb9-471a-86e2-66b95f5ac7d3,142241,24421,9406,15264.0,24670.0,8192,-94
e2b21469-dfb9-471a-86e2-66b95f5ac7d3,142313,24814,9406,15747.0,25153.0,8192,-577
e2b21469-dfb9-471a-86e2-66b95f5ac7d3,147908,26987,9406,17880.0,27286.0,8192,-2710
e2b21469-dfb9-471a-86e2-66b95f5ac7d3,155800,24623,9406,15539.0,24945.0,8192,-369
e2b21469-dfb9-471a-86e2-66b95f5ac7d3,161700,24694,9406,18616.0,28022.0,8192,-3446
e52d9ac2-f40b-40f6-8194-e16a9ad8646a,114,9653,9653,554.0,10207.0,16384,71713
e52d9ac2-f40b-40f6-8194-e16a9ad8646a,264,14718,9653,5545.0,15198.0,16384,66722
e52d9ac2-f40b-40f6-8194-e16a9ad8646a,463,16610,9653,7362.0,17015.0,16384,64905
e52d9ac2-f40b-40f6-8194-e16a9ad8646a,644,19849,9653,10528.0,20181.0,16384,61739
e52d9ac2-f40b-40f6-8194-e16a9ad8646a,1119,23509,9653,14147.0,23800.0,16384,58120
e52d9ac2-f40b-40f6-8194-e16a9ad8646a,1601,27771,9653,18335.0,27988.0,16384,53932
e52d9ac2-f40b-40f6-8194-e16a9ad8646a,1758,29501,9653,19995.0,29648.0,16384,52272
e52d9ac2-f40b-40f6-8194-e16a9ad8646a,2166,29934,9653,20384.0,30037.0,16384,51883
e52d9ac2-f40b-40f6-8194-e16a9ad8646a,2460,30912,9653,21295.0,30948.0,16384,50972
e52d9ac2-f40b-40f6-8194-e16a9ad8646a,2693,33096,9653,23409.0,33062.0,16384,48858
e52d9ac2-f40b-40f6-8194-e16a9ad8646a,3148,33443,9653,23715.0,33368.0,16384,48552
e52d9ac2-f40b-40f6-8194-e16a9ad8646a,4193,34583,9653,24847.0,34500.0,16384,47420
e52d9ac2-f40b-40f6-8194-e16a9ad8646a,4717,36088,9653,26322.0,35975.0,16384,45945
e52d9ac2-f40b-40f6-8194-e16a9ad8646a,6184,39484,9653,29697.0,39350.0,16384,42570
e52d9ac2-f40b-40f6-8194-e16a9ad8646a,7217,41643,9653,31823.0,41476.0,16384,40444
e52d9ac2-f40b-40f6-8194-e16a9ad8646a,8337,43746,9653,33881.0,43534.0,16384,38386
e52d9ac2-f40b-40f6-8194-e16a9ad8646a,9155,45143,9653,35207.0,44860.0,16384,37060
e52d9ac2-f40b-40f6-8194-e16a9ad8646a,9354,46041,9653,36073.0,45726.0,16384,36194
e52d9ac2-f40b-40f6-8194-e16a9ad8646a,9897,46852,9653,36845.0,46498.0,16384,35422
e52d9ac2-f40b-40f6-8194-e16a9ad8646a,10967,47740,9653,37706.0,47359.0,16384,34561
e52d9ac2-f40b-40f6-8194-e16a9ad8646a,11924,50103,9653,40050.0,49703.0,16384,32217
e52d9ac2-f40b-40f6-8194-e16a9ad8646a,13339,51526,9653,41435.0,51088.0,16384,30832
e52d9ac2-f40b-40f6-8194-e16a9ad8646a,15413,54335,9653,44192.0,53845.0,16384,28075
e52d9ac2-f40b-40f6-8194-e16a9ad8646a,16475,57660,9653,47470.0,57123.0,16384,24797
e52d9ac2-f40b-40f6-8194-e16a9ad8646a,16995,59040,9653,48825.0,58478.0,16384,23442
e52d9ac2-f40b-40f6-8194-e16a9ad8646a,18325,60113,9653,49856.0,59509.0,16384,22411
e52d9ac2-f40b-40f6-8194-e16a9ad8646a,19178,62419,9653,52099.0,61752.0,16384,20168
e52d9ac2-f40b-40f6-8194-e16a9ad8646a,20051,64164,9653,53781.0,63434.0,16384,18486
e52d9ac2-f40b-40f6-8194-e16a9ad8646a,20569,61343,9653,50933.0,60586.0,16384,21334
e52d9ac2-f40b-40f6-8194-e16a9ad8646a,21084,63339,9653,52888.0,62541.0,16384,19379
e52d9ac2-f40b-40f6-8194-e16a9ad8646a,26901,65094,9653,54601.0,64254.0,16384,17666
e52d9ac2-f40b-40f6-8194-e16a9ad8646a,27084,34110,9653,24896.0,34549.0,16384,47371
e52d9ac2-f40b-40f6-8194-e16a9ad8646a,27967,34452,9653,25191.0,34844.0,16384,47076
e64f203e-4494-4749-99e3-bb9423374517,53,9198,9198,99.0,9297.0,16384,7087
e64f203e-4494-4749-99e3-bb9423374517,91,9873,9198,735.0,9933.0,16384,6451
e64f203e-4494-4749-99e3-bb9423374517,187,10210,9198,1029.0,10227.0,16384,6157
e64f203e-4494-4749-99e3-bb9423374517,287,10363,9198,1138.0,10336.0,16384,6048
e64f203e-4494-4749-99e3-bb9423374517,352,11119,9198,1843.0,11041.0,16384,5343
e64f203e-4494-4749-99e3-bb9423374517,495,11916,9198,2598.0,11796.0,16384,4588
e64f203e-4494-4749-99e3-bb9423374517,764,13308,9198,3939.0,13137.0,16384,3247
e6911e39-bd06-4fb5-ae6c-7dcd463fb35a,285,9554,9554,429.0,9983.0,16384,71937
e6911e39-bd06-4fb5-ae6c-7dcd463fb35a,323,10915,9554,1698.0,11252.0,16384,70668
e6911e39-bd06-4fb5-ae6c-7dcd463fb35a,638,11800,9554,2548.0,12102.0,16384,69818
e6911e39-bd06-4fb5-ae6c-7dcd463fb35a,908,12827,9554,3512.0,13066.0,16384,68854
e6911e39-bd06-4fb5-ae6c-7dcd463fb35a,1186,14475,9554,5085.0,14639.0,16384,67281
e6911e39-bd06-4fb5-ae6c-7dcd463fb35a,1402,15196,9554,5765.0,15319.0,16384,66601
e6911e39-bd06-4fb5-ae6c-7dcd463fb35a,1536,15633,9554,6162.0,15716.0,16384,66204
e6911e39-bd06-4fb5-ae6c-7dcd463fb35a,1690,16108,9554,6600.0,16154.0,16384,65766
e6911e39-bd06-4fb5-ae6c-7dcd463fb35a,1769,16411,9554,6859.0,16413.0,16384,65507
e6911e39-bd06-4fb5-ae6c-7dcd463fb35a,2574,17521,9554,7918.0,17472.0,16384,64448
e6911e39-bd06-4fb5-ae6c-7dcd463fb35a,2663,19733,9554,10095.0,19649.0,16384,62271
e6911e39-bd06-4fb5-ae6c-7dcd463fb35a,3135,20236,9554,10554.0,20108.0,16384,61812
e6911e39-bd06-4fb5-ae6c-7dcd463fb35a,3298,20931,9554,11210.0,20764.0,16384,61156
e6911e39-bd06-4fb5-ae6c-7dcd463fb35a,3398,21240,9554,11476.0,21030.0,16384,60890
e6911e39-bd06-4fb5-ae6c-7dcd463fb35a,3830,22180,9554,12373.0,21927.0,16384,59993
e6911e39-bd06-4fb5-ae6c-7dcd463fb35a,4036,22721,9554,12872.0,22426.0,16384,59494
e6911e39-bd06-4fb5-ae6c-7dcd463fb35a,4369,23344,9554,13454.0,23008.0,16384,58912
e6911e39-bd06-4fb5-ae6c-7dcd463fb35a,4846,23967,9554,14034.0,23588.0,16384,58332
e6911e39-bd06-4fb5-ae6c-7dcd463fb35a,5181,24688,9554,14718.0,24272.0,16384,57648
e6911e39-bd06-4fb5-ae6c-7dcd463fb35a,5328,25076,9554,15063.0,24617.0,16384,57303
e6911e39-bd06-4fb5-ae6c-7dcd463fb35a,5576,25322,9554,15269.0,24823.0,16384,57097
e6911e39-bd06-4fb5-ae6c-7dcd463fb35a,5738,26185,9554,16088.0,25642.0,16384,56278
e6911e39-bd06-4fb5-ae6c-7dcd463fb35a,5978,27115,9554,16967.0,26521.0,16384,55399
e6911e39-bd06-4fb5-ae6c-7dcd463fb35a,6175,27773,9554,17581.0,27135.0,16384,54785
e6911e39-bd06-4fb5-ae6c-7dcd463fb35a,6357,28327,9554,18092.0,27646.0,16384,54274
e6911e39-bd06-4fb5-ae6c-7dcd463fb35a,8187,28727,9554,18450.0,28004.0,16384,53916
e6911e39-bd06-4fb5-ae6c-7dcd463fb35a,8418,30946,9554,20626.0,30180.0,16384,51740
e6911e39-bd06-4fb5-ae6c-7dcd463fb35a,8712,31595,9554,21234.0,30788.0,16384,51132
e6911e39-bd06-4fb5-ae6c-7dcd463fb35a,9228,32288,9554,21885.0,31439.0,16384,50481
e6911e39-bd06-4fb5-ae6c-7dcd463fb35a,13940,32848,9554,22383.0,31937.0,16384,49983
e6911e39-bd06-4fb5-ae6c-7dcd463fb35a,14125,37736,9554,27334.0,36888.0,16384,45032
e6911e39-bd06-4fb5-ae6c-7dcd463fb35a,14955,37967,9554,27503.0,37057.0,16384,44863
ec778e9c-58bb-474a-b565-4618acf6a83f,339,6453,6453,736.0,7189.0,16384,9195
ec778e9c-58bb-474a-b565-4618acf6a83f,483,6827,6453,1039.0,7492.0,16384,8892
ec778e9c-58bb-474a-b565-4618acf6a83f,964,9384,6453,3524.0,9977.0,16384,6407
ec778e9c-58bb-474a-b565-4618acf6a83f,1389,11835,6453,5943.0,12396.0,16384,3988
ec778e9c-58bb-474a-b565-4618acf6a83f,1835,17611,6453,11677.0,18130.0,16384,-1746
ec778e9c-58bb-474a-b565-4618acf6a83f,2570,17128,6453,11141.0,17594.0,16384,-1210
ec778e9c-58bb-474a-b565-4618acf6a83f,3801,20968,6453,14934.0,21387.0,16384,-5003
ec778e9c-58bb-474a-b565-4618acf6a83f,4825,17082,6453,11257.0,17710.0,16384,-1326
ec778e9c-58bb-474a-b565-4618acf6a83f,6014,21032,6453,15112.0,21565.0,16384,-5181
ec778e9c-58bb-474a-b565-4618acf6a83f,7097,23329,6453,17346.0,23799.0,16384,-7415
ec778e9c-58bb-474a-b565-4618acf6a83f,10333,18672,6453,12728.0,19181.0,16384,-2797
ec778e9c-58bb-474a-b565-4618acf6a83f,14453,22008,6453,16024.0,22477.0,16384,-6093
ec778e9c-58bb-474a-b565-4618acf6a83f,15901,26432,6453,20434.0,26887.0,16384,-10503
ec778e9c-58bb-474a-b565-4618acf6a83f,17112,28792,6453,22738.0,29191.0,16384,-12807
ec778e9c-58bb-474a-b565-4618acf6a83f,17890,31419,6453,25336.0,31789.0,16384,-15405
ecd8268a-e1d1-430d-a2bc-897055f04347,112,6520,6520,803.0,7323.0,16384,9061
ecd8268a-e1d1-430d-a2bc-897055f04347,528,8580,6520,2796.0,9316.0,16384,7068
ecd8268a-e1d1-430d-a2bc-897055f04347,5108,15334,6520,9487.0,16007.0,16384,377
ecd8268a-e1d1-430d-a2bc-897055f04347,10092,27027,6520,21039.0,27559.0,16384,-11175
eec9f4c9-99f8-45e6-a533-e180bf82a9bc,86,9289,9289,164.0,9453.0,16384,6931
eec9f4c9-99f8-45e6-a533-e180bf82a9bc,247,9475,9289,308.0,9597.0,16384,6787
eec9f4c9-99f8-45e6-a533-e180bf82a9bc,360,9922,9289,714.0,10003.0,16384,6381
eec9f4c9-99f8-45e6-a533-e180bf82a9bc,446,10111,9289,863.0,10152.0,16384,6232
eec9f4c9-99f8-45e6-a533-e180bf82a9bc,1418,11281,9289,1998.0,11287.0,16384,5097
eec9f4c9-99f8-45e6-a533-e180bf82a9bc,2145,12424,9289,3101.0,12390.0,16384,3994
f03f38b2-455b-4104-bff6-16fbbcb935b6,1062,11055,11055,95.0,11150.0,16384,5234
f1cf76e5-234a-4a7f-bf2e-edba25c72b44,116,10249,10249,99.0,10348.0,0,251796
f1cf76e5-234a-4a7f-bf2e-edba25c72b44,210,10410,10249,216.0,10465.0,0,251679
f1cf76e5-234a-4a7f-bf2e-edba25c72b44,309,10558,10249,320.0,10569.0,0,251575
f1cf76e5-234a-4a7f-bf2e-edba25c72b44,2114,10710,10249,427.0,10676.0,0,251468
f1cf76e5-234a-4a7f-bf2e-edba25c72b44,3047,12569,10249,2242.0,12491.0,0,249653
f45f0936-a17f-4e58-88c2-f25b1e46abae,122,5837,5837,100.0,5937.0,16384,75983
f45f0936-a17f-4e58-88c2-f25b1e46abae,639,6831,5837,1055.0,6892.0,16384,75028
f5320ff1-be05-45fb-9953-33af6db18268,236,10287,10287,1184.0,11471.0,8192,13105
f5320ff1-be05-45fb-9953-33af6db18268,632,15055,10287,5912.0,16199.0,8192,8377
f5320ff1-be05-45fb-9953-33af6db18268,722,15540,10287,6365.0,16652.0,8192,7924
f5320ff1-be05-45fb-9953-33af6db18268,768,15682,10287,6464.0,16751.0,8192,7825
f5320ff1-be05-45fb-9953-33af6db18268,2883,16814,10287,7561.0,17848.0,8192,6728
f5320ff1-be05-45fb-9953-33af6db18268,4171,19192,10287,9889.0,20176.0,8192,4400
f5320ff1-be05-45fb-9953-33af6db18268,4740,20723,10287,11353.0,21640.0,8192,2936
f5320ff1-be05-45fb-9953-33af6db18268,5109,21344,10287,11922.0,22209.0,8192,2367
f5320ff1-be05-45fb-9953-33af6db18268,8802,21883,10287,12374.0,22661.0,8192,1915
f5320ff1-be05-45fb-9953-33af6db18268,11826,25563,10287,16040.0,26327.0,8192,-1751
f5320ff1-be05-45fb-9953-33af6db18268,14489,17721,10287,8570.0,18857.0,8192,5719
f5320ff1-be05-45fb-9953-33af6db18268,22131,21117,10287,11920.0,22207.0,8192,2369
f5320ff1-be05-45fb-9953-33af6db18268,22574,19133,10287,10204.0,20491.0,8192,4085
f5320ff1-be05-45fb-9953-33af6db18268,22785,20157,10287,11178.0,21465.0,8192,3111
f5320ff1-be05-45fb-9953-33af6db18268,23115,20434,10287,11404.0,21691.0,8192,2885
f5320ff1-be05-45fb-9953-33af6db18268,23315,20963,10287,11889.0,22176.0,8192,2400
f5320ff1-be05-45fb-9953-33af6db18268,23434,21236,10287,12121.0,22408.0,8192,2168
f5320ff1-be05-45fb-9953-33af6db18268,23582,21443,10287,12289.0,22576.0,8192,2000
f5320ff1-be05-45fb-9953-33af6db18268,23878,21657,10287,12454.0,22741.0,8192,1835
f5320ff1-be05-45fb-9953-33af6db18268,24179,22013,10287,12766.0,23053.0,8192,1523
f5320ff1-be05-45fb-9953-33af6db18268,24484,22410,10287,13124.0,23411.0,8192,1165
f5320ff1-be05-45fb-9953-33af6db18268,25224,22825,10287,13497.0,23784.0,8192,792
f59c4ea5-f08a-4968-838d-ba2d50e35480,75,1735,1735,21.0,1756.0,0,260388
f59c4ea5-f08a-4968-838d-ba2d50e35480,465,2003,1735,252.0,1987.0,0,260157
f59c4ea5-f08a-4968-838d-ba2d50e35480,588,2421,1735,656.0,2391.0,0,259753
f59c4ea5-f08a-4968-838d-ba2d50e35480,905,2690,1735,889.0,2624.0,0,259520
f59c4ea5-f08a-4968-838d-ba2d50e35480,1481,3056,1735,1241.0,2976.0,0,259168
f85bd3f8-e421-4fdf-bbff-51f1209b0c58,199,8901,8901,99.0,9000.0,0,253144
f85bd3f8-e421-4fdf-bbff-51f1209b0c58,289,9172,8901,334.0,9235.0,0,252909
f85bd3f8-e421-4fdf-bbff-51f1209b0c58,369,9315,8901,433.0,9334.0,0,252810
f85bd3f8-e421-4fdf-bbff-51f1209b0c58,732,9476,8901,558.0,9459.0,0,252685
f8f90137-b7ea-4284-8def-8ecf7f628729,15,6392,6392,451.0,6843.0,16384,13637
f8f90137-b7ea-4284-8def-8ecf7f628729,23,7388,6392,1433.0,7825.0,16384,12655
f8f90137-b7ea-4284-8def-8ecf7f628729,28,8445,6392,2450.0,8842.0,16384,11638
f8f90137-b7ea-4284-8def-8ecf7f628729,36,9612,6392,3603.0,9995.0,16384,10485
f8f90137-b7ea-4284-8def-8ecf7f628729,41,10768,6392,4719.0,11111.0,16384,9369
f8f90137-b7ea-4284-8def-8ecf7f628729,46,11971,6392,5882.0,12274.0,16384,8206
f8f90137-b7ea-4284-8def-8ecf7f628729,54,14040,6392,7937.0,14329.0,16384,6151
f8f90137-b7ea-4284-8def-8ecf7f628729,59,16478,6392,10335.0,16727.0,16384,3753
fae09fbf-c8d7-4760-af42-e0b17638e151,132,9503,9503,404.0,9907.0,16384,6477
fae09fbf-c8d7-4760-af42-e0b17638e151,240,10435,9503,1295.0,10798.0,16384,5586
fae09fbf-c8d7-4760-af42-e0b17638e151,427,11316,9503,2135.0,11638.0,16384,4746
fae09fbf-c8d7-4760-af42-e0b17638e151,627,12597,9503,3376.0,12879.0,16384,3505
fae09fbf-c8d7-4760-af42-e0b17638e151,710,13437,9503,4173.0,13676.0,16384,2708
fae09fbf-c8d7-4760-af42-e0b17638e151,1218,16870,9503,4342.0,13845.0,16384,2539
fae09fbf-c8d7-4760-af42-e0b17638e151,1282,17428,9503,4857.0,14360.0,16384,2024
fae09fbf-c8d7-4760-af42-e0b17638e151,2281,19751,9503,4974.0,14477.0,16384,1907
fae09fbf-c8d7-4760-af42-e0b17638e151,2654,21270,9503,6450.0,15953.0,16384,431
fae09fbf-c8d7-4760-af42-e0b17638e151,3949,22144,9503,7284.0,16787.0,16384,-403
fae09fbf-c8d7-4760-af42-e0b17638e151,6070,23536,9503,8636.0,18139.0,16384,-1755
fae09fbf-c8d7-4760-af42-e0b17638e151,6129,19433,9503,8014.0,17517.0,16384,-1133
fae09fbf-c8d7-4760-af42-e0b17638e151,7427,20601,9503,9133.0,18636.0,16384,-2252
fae09fbf-c8d7-4760-af42-e0b17638e151,8623,18226,9503,8988.0,18491.0,16384,-2107
fae09fbf-c8d7-4760-af42-e0b17638e151,11382,19548,9503,10265.0,19768.0,16384,-3384
fae09fbf-c8d7-4760-af42-e0b17638e151,11695,20334,9503,11229.0,20732.0,16384,-4348
fae09fbf-c8d7-4760-af42-e0b17638e151,11861,20712,9503,11558.0,21061.0,16384,-4677
fae09fbf-c8d7-4760-af42-e0b17638e151,14512,19091,9503,9895.0,19398.0,16384,-3014
fae09fbf-c8d7-4760-af42-e0b17638e151,15771,20104,9503,10951.0,20454.0,16384,-4070
fae09fbf-c8d7-4760-af42-e0b17638e151,17439,17593,9503,8363.0,17866.0,16384,-1482
fae09fbf-c8d7-4760-af42-e0b17638e151,20265,19427,9503,10110.0,19613.0,16384,-3229
fae09fbf-c8d7-4760-af42-e0b17638e151,20450,18787,9503,9461.0,18964.0,16384,-2580
fae09fbf-c8d7-4760-af42-e0b17638e151,21289,19858,9503,10454.0,19957.0,16384,-3573
fae09fbf-c8d7-4760-af42-e0b17638e151,21961,17624,9503,8290.0,17793.0,16384,-1409
fae09fbf-c8d7-4760-af42-e0b17638e151,27664,18791,9503,9406.0,18909.0,16384,-2525
fae09fbf-c8d7-4760-af42-e0b17638e151,33019,24878,9503,15449.0,24952.0,16384,-8568
fae09fbf-c8d7-4760-af42-e0b17638e151,33366,23205,9503,14232.0,23735.0,16384,-7351
fae09fbf-c8d7-4760-af42-e0b17638e151,33448,23772,9503,14704.0,24207.0,16384,-7823
fae09fbf-c8d7-4760-af42-e0b17638e151,33728,18092,9503,9024.0,18527.0,16384,-2143
fae09fbf-c8d7-4760-af42-e0b17638e151,34195,18484,9503,9379.0,18882.0,16384,-2498
fae09fbf-c8d7-4760-af42-e0b17638e151,34535,19062,9503,9933.0,19436.0,16384,-3052
fae09fbf-c8d7-4760-af42-e0b17638e151,34737,19719,9503,10565.0,20068.0,16384,-3684
fae09fbf-c8d7-4760-af42-e0b17638e151,34879,19972,9503,10775.0,20278.0,16384,-3894
fae09fbf-c8d7-4760-af42-e0b17638e151,35567,20151,9503,10909.0,20412.0,16384,-4028
fb0d9da8-6ad3-4448-9099-8a848bfe89d5,473,7763,7763,98.0,7861.0,0,254283
fb0d9da8-6ad3-4448-9099-8a848bfe89d5,829,8308,7763,607.0,8370.0,0,253774
fc9c6b67-a196-4ad2-bf38-48f904782745,103,6428,6428,711.0,7139.0,16384,9245
fc9c6b67-a196-4ad2-bf38-48f904782745,335,9671,6428,3878.0,10306.0,16384,6078
fc9c6b67-a196-4ad2-bf38-48f904782745,505,10159,6428,4323.0,10751.0,16384,5633
fc9c6b67-a196-4ad2-bf38-48f904782745,671,10435,6428,4549.0,10977.0,16384,5407
fc9c6b67-a196-4ad2-bf38-48f904782745,983,11665,6428,5729.0,12157.0,16384,4227
fc9c6b67-a196-4ad2-bf38-48f904782745,1809,17338,6428,11358.0,17786.0,16384,-1402
fc9c6b67-a196-4ad2-bf38-48f904782745,2840,19306,6428,13249.0,19677.0,16384,-3293
fc9c6b67-a196-4ad2-bf38-48f904782745,3098,20786,6428,14680.0,21108.0,16384,-4724
fc9c6b67-a196-4ad2-bf38-48f904782745,4289,18526,6428,12378.0,18806.0,16384,-2422
fc9c6b67-a196-4ad2-bf38-48f904782745,5042,20264,6428,14067.0,20495.0,16384,-4111
fc9c6b67-a196-4ad2-bf38-48f904782745,5633,16275,6428,10300.0,16728.0,16384,-344
fc9c6b67-a196-4ad2-bf38-48f904782745,6620,17807,6428,11791.0,18219.0,16384,-1835
fc9c6b67-a196-4ad2-bf38-48f904782745,7836,19989,6428,13926.0,20354.0,16384,-3970
fc9c6b67-a196-4ad2-bf38-48f904782745,8752,16600,6428,10706.0,17134.0,16384,-750
fc9c6b67-a196-4ad2-bf38-48f904782745,9345,17749,6428,11825.0,18253.0,16384,-1869
fc9c6b67-a196-4ad2-bf38-48f904782745,10622,18998,6428,13031.0,19459.0,16384,-3075
fc9c6b67-a196-4ad2-bf38-48f904782745,10816,20409,6428,14464.0,20892.0,16384,-4508
fc9c6b67-a196-4ad2-bf38-48f904782745,11546,20877,6428,14880.0,21308.0,16384,-4924
fc9c6b67-a196-4ad2-bf38-48f904782745,11616,16610,6428,10741.0,17169.0,16384,-785
fc9c6b67-a196-4ad2-bf38-48f904782745,14922,19212,6428,13285.0,19713.0,16384,-3329
fc9c6b67-a196-4ad2-bf38-48f904782745,17509,19495,6428,13675.0,20103.0,16384,-3719
fc9c6b67-a196-4ad2-bf38-48f904782745,22295,20085,6428,14280.0,20708.0,16384,-4324
fc9c6b67-a196-4ad2-bf38-48f904782745,25491,18623,6428,12811.0,19239.0,16384,-2855
fc9c6b67-a196-4ad2-bf38-48f904782745,28295,21348,6428,15530.0,21958.0,16384,-5574
fc9c6b67-a196-4ad2-bf38-48f904782745,29691,19472,6428,13664.0,20092.0,16384,-3708
fc9c6b67-a196-4ad2-bf38-48f904782745,30415,21602,6428,15742.0,22170.0,16384,-5786
fc9c6b67-a196-4ad2-bf38-48f904782745,32374,24622,6428,18712.0,25140.0,16384,-8756
fc9c6b67-a196-4ad2-bf38-48f904782745,36609,28544,6428,22587.0,29015.0,16384,-12631
fc9c6b67-a196-4ad2-bf38-48f904782745,37669,28609,6428,26871.0,33299.0,16384,-16915
fc9c6b67-a196-4ad2-bf38-48f904782745,40415,30031,6428,28248.0,34676.0,16384,-18292
fc9c6b67-a196-4ad2-bf38-48f904782745,42741,30037,6428,30984.0,37412.0,16384,-21028
fc9c6b67-a196-4ad2-bf38-48f904782745,43340,30103,6428,33357.0,39785.0,16384,-23401
fccb294e-d2f0-4bbe-8439-637f03aa087c,299,6158,6158,441.0,6599.0,8192,17977
fccb294e-d2f0-4bbe-8439-637f03aa087c,489,9615,6158,3856.0,10014.0,8192,14562
fccb294e-d2f0-4bbe-8439-637f03aa087c,932,14452,6158,8651.0,14809.0,8192,9767
fccb294e-d2f0-4bbe-8439-637f03aa087c,1371,14969,6158,9154.0,15312.0,8192,9264
fccb294e-d2f0-4bbe-8439-637f03aa087c,2283,15486,6158,9627.0,15785.0,8192,8791
fccb294e-d2f0-4bbe-8439-637f03aa087c,2370,16412,6158,10539.0,16697.0,8192,7879
fccb294e-d2f0-4bbe-8439-637f03aa087c,2969,16770,6158,10852.0,17010.0,8192,7566
ffddca85-dcdc-4779-b53a-40e38a40f1d4,128,5965,5965,248.0,6213.0,16384,10171
ffddca85-dcdc-4779-b53a-40e38a40f1d4,627,7387,5965,1629.0,7594.0,16384,8790
ffe27f8b-9ede-4164-960e-f89e82115e96,55,9049,9049,102.0,9151.0,0,252993
ffe27f8b-9ede-4164-960e-f89e82115e96,119,9750,9049,767.0,9816.0,0,252328
ffe27f8b-9ede-4164-960e-f89e82115e96,199,11119,9049,2076.0,11125.0,0,251019
ffe27f8b-9ede-4164-960e-f89e82115e96,279,11701,9049,2582.0,11631.0,0,250513
ffe27f8b-9ede-4164-960e-f89e82115e96,348,12903,9049,3716.0,12765.0,0,249379
ffe27f8b-9ede-4164-960e-f89e82115e96,658,13473,9049,4242.0,13291.0,0,248853
ffe27f8b-9ede-4164-960e-f89e82115e96,1049,13518,9049,4550.0,13599.0,0,248545
ffe27f8b-9ede-4164-960e-f89e82115e96,1224,15049,9049,6013.0,15062.0,0,247082
ffe27f8b-9ede-4164-960e-f89e82115e96,1385,15697,9049,6617.0,15666.0,0,246478
ffe27f8b-9ede-4164-960e-f89e82115e96,1464,17161,9049,8021.0,17070.0,0,245074
ffe27f8b-9ede-4164-960e-f89e82115e96,1533,17851,9049,8667.0,17716.0,0,244428
ffe27f8b-9ede-4164-960e-f89e82115e96,1676,18441,9049,9213.0,18262.0,0,243882
ffe27f8b-9ede-4164-960e-f89e82115e96,1749,19238,9049,9974.0,19023.0,0,243121
ffe27f8b-9ede-4164-960e-f89e82115e96,1796,19781,9049,10481.0,19530.0,0,242614
ffe27f8b-9ede-4164-960e-f89e82115e96,1853,20482,9049,11146.0,20195.0,0,241949
ffe27f8b-9ede-4164-960e-f89e82115e96,1931,21095,9049,11715.0,20764.0,0,241380
ffe27f8b-9ede-4164-960e-f89e82115e96,1980,21827,9049,12411.0,21460.0,0,240684
ffe27f8b-9ede-4164-960e-f89e82115e96,2129,22421,9049,12961.0,22010.0,0,240134
ffe27f8b-9ede-4164-960e-f89e82115e96,2512,23105,9049,13601.0,22650.0,0,239494
ffe27f8b-9ede-4164-960e-f89e82115e96,2859,22338,9049,13980.0,23029.0,0,239115
ffe27f8b-9ede-4164-960e-f89e82115e96,3148,22740,9049,14338.0,23387.0,0,238757
4bcc372d-1ca9-4b23-8f31-c9963b32b3c4,15,7055,7055,1114.0,8169.0,16384,8215
4bcc372d-1ca9-4b23-8f31-c9963b32b3c4,21,7350,7055,1346.0,8401.0,16384,7983
4bcc372d-1ca9-4b23-8f31-c9963b32b3c4,28,10038,7055,3967.0,11022.0,16384,5362
4bcc372d-1ca9-4b23-8f31-c9963b32b3c4,35,11138,7055,5001.0,12056.0,16384,4328
4bcc372d-1ca9-4b23-8f31-c9963b32b3c4,40,14572,7055,8391.0,15446.0,16384,938
4bcc372d-1ca9-4b23-8f31-c9963b32b3c4,45,14946,7055,8721.0,15776.0,16384,608
4bcc372d-1ca9-4b23-8f31-c9963b32b3c4,50,16987,7055,10721.0,17776.0,16384,-1392
4bcc372d-1ca9-4b23-8f31-c9963b32b3c4,55,21042,7055,14733.0,21788.0,16384,-5404
4bcc372d-1ca9-4b23-8f31-c9963b32b3c4,63,20652,7055,14302.0,21357.0,16384,-4973
4bcc372d-1ca9-4b23-8f31-c9963b32b3c4,74,19271,7055,13091.0,20146.0,16384,-3762
4bcc372d-1ca9-4b23-8f31-c9963b32b3c4,88,20285,7055,14055.0,21110.0,16384,-4726
4bcc372d-1ca9-4b23-8f31-c9963b32b3c4,93,20908,7055,14639.0,21694.0,16384,-5310
4bcc372d-1ca9-4b23-8f31-c9963b32b3c4,103,15943,7055,9776.0,16831.0,16384,-447
4bcc372d-1ca9-4b23-8f31-c9963b32b3c4,108,16354,7055,10147.0,17202.0,16384,-818
4bcc372d-1ca9-4b23-8f31-c9963b32b3c4,113,17559,7055,11314.0,18369.0,16384,-1985
4bcc372d-1ca9-4b23-8f31-c9963b32b3c4,118,18477,7055,12193.0,19248.0,16384,-2864
4bcc372d-1ca9-4b23-8f31-c9963b32b3c4,129,15899,7055,9779.0,16834.0,16384,-450
4bcc372d-1ca9-4b23-8f31-c9963b32b3c4,135,16366,7055,10199.0,17254.0,16384,-870
4bcc372d-1ca9-4b23-8f31-c9963b32b3c4,143,19330,7055,13122.0,20177.0,16384,-3793
4bcc372d-1ca9-4b23-8f31-c9963b32b3c4,148,19640,7055,13390.0,20445.0,16384,-4061
4bcc372d-1ca9-4b23-8f31-c9963b32b3c4,160,18449,7055,12302.0,19357.0,16384,-2973
4bcc372d-1ca9-4b23-8f31-c9963b32b3c4,168,22101,7055,15915.0,22970.0,16384,-6586
4bcc372d-1ca9-4b23-8f31-c9963b32b3c4,179,20663,7055,14525.0,21580.0,16384,-5196
4bcc372d-1ca9-4b23-8f31-c9963b32b3c4,190,19198,7055,13099.0,20154.0,16384,-3770
4bcc372d-1ca9-4b23-8f31-c9963b32b3c4,195,20873,7055,14738.0,21793.0,16384,-5409
4bcc372d-1ca9-4b23-8f31-c9963b32b3c4,205,16426,7055,10331.0,17386.0,16384,-1002
4bcc372d-1ca9-4b23-8f31-c9963b32b3c4,210,17708,7055,11576.0,18631.0,16384,-2247
4bcc372d-1ca9-4b23-8f31-c9963b32b3c4,221,17333,7055,11459.0,18514.0,16384,-2130
4bcc372d-1ca9-4b23-8f31-c9963b32b3c4,229,20227,7055,14471.0,21526.0,16384,-5142
4bcc372d-1ca9-4b23-8f31-c9963b32b3c4,234,21984,7055,16184.0,23239.0,16384,-6855
4bcc372d-1ca9-4b23-8f31-c9963b32b3c4,244,20538,7055,14774.0,21829.0,16384,-5445
4bcc372d-1ca9-4b23-8f31-c9963b32b3c4,249,20962,7055,15158.0,22213.0,16384,-5829
4bcc372d-1ca9-4b23-8f31-c9963b32b3c4,259,21377,7055,15529.0,22584.0,16384,-6200
4bcc372d-1ca9-4b23-8f31-c9963b32b3c4,270,19238,7055,13210.0,20265.0,16384,-3881
4bcc372d-1ca9-4b23-8f31-c9963b32b3c4,275,20387,7055,14308.0,21363.0,16384,-4979
4bcc372d-1ca9-4b23-8f31-c9963b32b3c4,282,20639,7055,14493.0,21548.0,16384,-5164
4bcc372d-1ca9-4b23-8f31-c9963b32b3c4,287,21139,7055,14948.0,22003.0,16384,-5619
4bcc372d-1ca9-4b23-8f31-c9963b32b3c4,299,19685,7055,13316.0,20371.0,16384,-3987
4bcc372d-1ca9-4b23-8f31-c9963b32b3c4,307,20984,7055,14551.0,21606.0,16384,-5222
4bcc372d-1ca9-4b23-8f31-c9963b32b3c4,317,21217,7055,14950.0,22005.0,16384,-5621
4bcc372d-1ca9-4b23-8f31-c9963b32b3c4,328,22804,7055,16544.0,23599.0,16384,-7215
4bcc372d-1ca9-4b23-8f31-c9963b32b3c4,335,25561,7055,19258.0,26313.0,16384,-9929
4bcc372d-1ca9-4b23-8f31-c9963b32b3c4,345,24463,7055,18288.0,25343.0,16384,-8959
4bcc372d-1ca9-4b23-8f31-c9963b32b3c4,355,22799,7055,16645.0,23700.0,16384,-7316
4bcc372d-1ca9-4b23-8f31-c9963b32b3c4,363,23884,7055,17681.0,24736.0,16384,-8352
4bcc372d-1ca9-4b23-8f31-c9963b32b3c4,373,24289,7055,18046.0,25101.0,16384,-8717
4bcc372d-1ca9-4b23-8f31-c9963b32b3c4,390,20876,7055,14631.0,21686.0,16384,-5302
4bcc372d-1ca9-4b23-8f31-c9963b32b3c4,403,18484,7055,12335.0,19390.0,16384,-3006
4bcc372d-1ca9-4b23-8f31-c9963b32b3c4,408,20059,7055,13859.0,20914.0,16384,-4530
4bcc372d-1ca9-4b23-8f31-c9963b32b3c4,420,18443,7055,12342.0,19397.0,16384,-3013
4bcc372d-1ca9-4b23-8f31-c9963b32b3c4,432,19140,7055,12923.0,19978.0,16384,-3594
4bcc372d-1ca9-4b23-8f31-c9963b32b3c4,443,19678,7055,13356.0,20411.0,16384,-4027
4bcc372d-1ca9-4b23-8f31-c9963b32b3c4,473,17306,7055,10846.0,17901.0,16384,-1517
4bcc372d-1ca9-4b23-8f31-c9963b32b3c4,481,19403,7055,12874.0,19929.0,16384,-3545
4bcc372d-1ca9-4b23-8f31-c9963b32b3c4,489,22999,7055,16411.0,23466.0,16384,-7082
4bcc372d-1ca9-4b23-8f31-c9963b32b3c4,498,26599,7055,19934.0,26989.0,16384,-10605
4bcc372d-1ca9-4b23-8f31-c9963b32b3c4,511,20819,7055,14675.0,21730.0,16384,-5346
4bcc372d-1ca9-4b23-8f31-c9963b32b3c4,521,18905,7055,12901.0,19956.0,16384,-3572
4bcc372d-1ca9-4b23-8f31-c9963b32b3c4,527,19294,7055,13241.0,20296.0,16384,-3912
4bcc372d-1ca9-4b23-8f31-c9963b32b3c4,534,22367,7055,16239.0,23294.0,16384,-6910
4bcc372d-1ca9-4b23-8f31-c9963b32b3c4,547,17578,7055,11540.0,18595.0,16384,-2211
4bcc372d-1ca9-4b23-8f31-c9963b32b3c4,552,19001,7055,12919.0,19974.0,16384,-3590
4bcc372d-1ca9-4b23-8f31-c9963b32b3c4,557,21049,7055,14923.0,21978.0,16384,-5594
4bcc372d-1ca9-4b23-8f31-c9963b32b3c4,570,23178,7055,17131.0,24186.0,16384,-7802
4bcc372d-1ca9-4b23-8f31-c9963b32b3c4,586,11400,7055,15043.0,22098.0,16384,-5714
4bcc372d-1ca9-4b23-8f31-c9963b32b3c4,602,20731,7055,24270.0,31325.0,16384,-14941
4bcc372d-1ca9-4b23-8f31-c9963b32b3c4,609,29275,7055,32763.0,39818.0,16384,-23434
4bcc372d-1ca9-4b23-8f31-c9963b32b3c4,616,30091,7055,33528.0,40583.0,16384,-24199
4bcc372d-1ca9-4b23-8f31-c9963b32b3c4,625,30463,7055,36569.0,43624.0,16384,-27240
4bcc372d-1ca9-4b23-8f31-c9963b32b3c4,639,21646,7055,19474.0,26529.0,16384,-10145
4bcc372d-1ca9-4b23-8f31-c9963b32b3c4,655,25366,7055,19344.0,26399.0,16384,-10015
4bcc372d-1ca9-4b23-8f31-c9963b32b3c4,662,32637,7055,26571.0,33626.0,16384,-17242
4bcc372d-1ca9-4b23-8f31-c9963b32b3c4,676,18324,7055,12354.0,19409.0,16384,-3025
4bcc372d-1ca9-4b23-8f31-c9963b32b3c4,682,20830,7055,14820.0,21875.0,16384,-5491
4bcc372d-1ca9-4b23-8f31-c9963b32b3c4,699,21574,7055,15556.0,22611.0,16384,-6227
4bcc372d-1ca9-4b23-8f31-c9963b32b3c4,709,20395,7055,14333.0,21388.0,16384,-5004
4bcc372d-1ca9-4b23-8f31-c9963b32b3c4,714,20695,7055,14589.0,21644.0,16384,-5260
4bcc372d-1ca9-4b23-8f31-c9963b32b3c4,719,20896,7055,14746.0,21801.0,16384,-5417
f90c794a-f384-4cac-b5d0-a9b9146f1d11,15,6766,6766,825.0,7591.0,16384,8793
f90c794a-f384-4cac-b5d0-a9b9146f1d11,20,8024,6766,2048.0,8814.0,16384,7570
f90c794a-f384-4cac-b5d0-a9b9146f1d11,27,9550,6766,3510.0,10276.0,16384,6108
f90c794a-f384-4cac-b5d0-a9b9146f1d11,32,10005,6766,3937.0,10703.0,16384,5681
f90c794a-f384-4cac-b5d0-a9b9146f1d11,37,11137,6766,5037.0,11803.0,16384,4581
f90c794a-f384-4cac-b5d0-a9b9146f1d11,42,12127,6766,5967.0,12733.0,16384,3651
f90c794a-f384-4cac-b5d0-a9b9146f1d11,50,13176,6766,7002.0,13768.0,16384,2616
f90c794a-f384-4cac-b5d0-a9b9146f1d11,56,15140,6766,8915.0,15681.0,16384,703
f90c794a-f384-4cac-b5d0-a9b9146f1d11,61,16327,6766,10105.0,16871.0,16384,-487
f90c794a-f384-4cac-b5d0-a9b9146f1d11,67,16670,6766,10397.0,17163.0,16384,-779
f90c794a-f384-4cac-b5d0-a9b9146f1d11,72,17138,6766,10827.0,17593.0,16384,-1209
f90c794a-f384-4cac-b5d0-a9b9146f1d11,78,17368,6766,11006.0,17772.0,16384,-1388
f90c794a-f384-4cac-b5d0-a9b9146f1d11,83,17550,6766,11137.0,17903.0,16384,-1519
f90c794a-f384-4cac-b5d0-a9b9146f1d11,88,17726,6766,11260.0,18026.0,16384,-1642
f90c794a-f384-4cac-b5d0-a9b9146f1d11,93,18421,6766,11918.0,18684.0,16384,-2300
f90c794a-f384-4cac-b5d0-a9b9146f1d11,98,19533,6766,12989.0,19755.0,16384,-3371
f90c794a-f384-4cac-b5d0-a9b9146f1d11,103,19666,6766,13079.0,19845.0,16384,-3461
f90c794a-f384-4cac-b5d0-a9b9146f1d11,114,14339,6766,8000.0,14766.0,16384,1618
f90c794a-f384-4cac-b5d0-a9b9146f1d11,120,14673,6766,8288.0,15054.0,16384,1330
f90c794a-f384-4cac-b5d0-a9b9146f1d11,125,16292,6766,9845.0,16611.0,16384,-227
f90c794a-f384-4cac-b5d0-a9b9146f1d11,130,17972,6766,11464.0,18230.0,16384,-1846
f90c794a-f384-4cac-b5d0-a9b9146f1d11,135,18314,6766,11754.0,18520.0,16384,-2136
f90c794a-f384-4cac-b5d0-a9b9146f1d11,142,18698,6766,12072.0,18838.0,16384,-2454
f90c794a-f384-4cac-b5d0-a9b9146f1d11,148,19490,6766,12813.0,19579.0,16384,-3195
f90c794a-f384-4cac-b5d0-a9b9146f1d11,156,20270,6766,13579.0,20345.0,16384,-3961
f90c794a-f384-4cac-b5d0-a9b9146f1d11,163,20527,6766,13767.0,20533.0,16384,-4149
f90c794a-f384-4cac-b5d0-a9b9146f1d11,170,21104,6766,14272.0,21038.0,16384,-4654
f90c794a-f384-4cac-b5d0-a9b9146f1d11,188,16349,6766,9904.0,16670.0,16384,-286
f90c794a-f384-4cac-b5d0-a9b9146f1d11,194,17446,6766,10944.0,17710.0,16384,-1326
f90c794a-f384-4cac-b5d0-a9b9146f1d11,199,17692,6766,11129.0,17895.0,16384,-1511
f90c794a-f384-4cac-b5d0-a9b9146f1d11,207,18038,6766,11461.0,18227.0,16384,-1843
f90c794a-f384-4cac-b5d0-a9b9146f1d11,225,14583,6766,8444.0,15210.0,16384,1174
f90c794a-f384-4cac-b5d0-a9b9146f1d11,232,15991,6766,9802.0,16568.0,16384,-184
f90c794a-f384-4cac-b5d0-a9b9146f1d11,237,17510,6766,11277.0,18043.0,16384,-1659
f90c794a-f384-4cac-b5d0-a9b9146f1d11,245,20295,6766,14048.0,20814.0,16384,-4430
f90c794a-f384-4cac-b5d0-a9b9146f1d11,258,16664,6766,10644.0,17410.0,16384,-1026
f90c794a-f384-4cac-b5d0-a9b9146f1d11,264,20531,6766,14480.0,21246.0,16384,-4862
f90c794a-f384-4cac-b5d0-a9b9146f1d11,276,19499,6766,13420.0,20186.0,16384,-3802
f90c794a-f384-4cac-b5d0-a9b9146f1d11,281,21392,6766,15272.0,22038.0,16384,-5654
f90c794a-f384-4cac-b5d0-a9b9146f1d11,292,19020,6766,12939.0,19705.0,16384,-3321
f90c794a-f384-4cac-b5d0-a9b9146f1d11,297,21005,6766,14893.0,21659.0,16384,-5275
f90c794a-f384-4cac-b5d0-a9b9146f1d11,307,18145,6766,12106.0,18872.0,16384,-2488
f90c794a-f384-4cac-b5d0-a9b9146f1d11,313,19396,6766,13323.0,20089.0,16384,-3705
f90c794a-f384-4cac-b5d0-a9b9146f1d11,318,21000,6766,14886.0,21652.0,16384,-5268
f90c794a-f384-4cac-b5d0-a9b9146f1d11,329,19082,6766,12993.0,19759.0,16384,-3375
f90c794a-f384-4cac-b5d0-a9b9146f1d11,334,20709,6766,14581.0,21347.0,16384,-4963
f90c794a-f384-4cac-b5d0-a9b9146f1d11,344,16404,6766,10318.0,17084.0,16384,-700
f90c794a-f384-4cac-b5d0-a9b9146f1d11,349,18128,6766,12031.0,18797.0,16384,-2413
f90c794a-f384-4cac-b5d0-a9b9146f1d11,354,18654,6766,12519.0,19285.0,16384,-2901
f90c794a-f384-4cac-b5d0-a9b9146f1d11,368,16629,6766,10630.0,17396.0,16384,-1012
f90c794a-f384-4cac-b5d0-a9b9146f1d11,376,18677,6766,12597.0,19363.0,16384,-2979
f90c794a-f384-4cac-b5d0-a9b9146f1d11,383,19713,6766,13557.0,20323.0,16384,-3939
f90c794a-f384-4cac-b5d0-a9b9146f1d11,390,21436,6766,15220.0,21986.0,16384,-5602
f90c794a-f384-4cac-b5d0-a9b9146f1d11,401,14881,6766,8684.0,15450.0,16384,934
f90c794a-f384-4cac-b5d0-a9b9146f1d11,406,15236,6766,8995.0,15761.0,16384,623
f90c794a-f384-4cac-b5d0-a9b9146f1d11,411,16979,6766,10713.0,17479.0,16384,-1095
f90c794a-f384-4cac-b5d0-a9b9146f1d11,416,17756,6766,11447.0,18213.0,16384,-1829
f90c794a-f384-4cac-b5d0-a9b9146f1d11,421,19422,6766,13074.0,19840.0,16384,-3456
f90c794a-f384-4cac-b5d0-a9b9146f1d11,429,21452,6766,15090.0,21856.0,16384,-5472
f90c794a-f384-4cac-b5d0-a9b9146f1d11,442,15245,6766,9139.0,15905.0,16384,479
f90c794a-f384-4cac-b5d0-a9b9146f1d11,450,17259,6766,11082.0,17848.0,16384,-1464
f90c794a-f384-4cac-b5d0-a9b9146f1d11,455,17993,6766,11774.0,18540.0,16384,-2156
f90c794a-f384-4cac-b5d0-a9b9146f1d11,460,18530,6766,12270.0,19036.0,16384,-2652
f90c794a-f384-4cac-b5d0-a9b9146f1d11,465,18841,6766,12538.0,19304.0,16384,-2920
f90c794a-f384-4cac-b5d0-a9b9146f1d11,470,19460,6766,13115.0,19881.0,16384,-3497
f90c794a-f384-4cac-b5d0-a9b9146f1d11,475,19941,6766,13554.0,20320.0,16384,-3936
f90c794a-f384-4cac-b5d0-a9b9146f1d11,480,20266,6766,13841.0,20607.0,16384,-4223
f90c794a-f384-4cac-b5d0-a9b9146f1d11,494,10794,6766,9000.0,15766.0,16384,618
f90c794a-f384-4cac-b5d0-a9b9146f1d11,500,13940,6766,12098.0,18864.0,16384,-2480
f90c794a-f384-4cac-b5d0-a9b9146f1d11,505,14449,6766,12565.0,19331.0,16384,-2947
f90c794a-f384-4cac-b5d0-a9b9146f1d11,510,15864,6766,13945.0,20711.0,16384,-4327
f90c794a-f384-4cac-b5d0-a9b9146f1d11,521,15333,6766,9359.0,16125.0,16384,259
f90c794a-f384-4cac-b5d0-a9b9146f1d11,527,15602,6766,9579.0,16345.0,16384,39
f90c794a-f384-4cac-b5d0-a9b9146f1d11,535,16407,6766,10370.0,17136.0,16384,-752
f90c794a-f384-4cac-b5d0-a9b9146f1d11,543,17991,6766,11872.0,18638.0,16384,-2254
f90c794a-f384-4cac-b5d0-a9b9146f1d11,548,18762,6766,12591.0,19357.0,16384,-2973
f90c794a-f384-4cac-b5d0-a9b9146f1d11,553,19650,6766,13428.0,20194.0,16384,-3810
f90c794a-f384-4cac-b5d0-a9b9146f1d11,560,20243,6766,13952.0,20718.0,16384,-4334
f90c794a-f384-4cac-b5d0-a9b9146f1d11,567,20834,6766,14485.0,21251.0,16384,-4867
f90c794a-f384-4cac-b5d0-a9b9146f1d11,578,15272,6766,8966.0,15732.0,16384,652
f90c794a-f384-4cac-b5d0-a9b9146f1d11,587,15797,6766,9401.0,16167.0,16384,217
f90c794a-f384-4cac-b5d0-a9b9146f1d11,594,17536,6766,11082.0,17848.0,16384,-1464
f90c794a-f384-4cac-b5d0-a9b9146f1d11,601,17801,6766,11277.0,18043.0,16384,-1659
f90c794a-f384-4cac-b5d0-a9b9146f1d11,606,18355,6766,11794.0,18560.0,16384,-2176
f90c794a-f384-4cac-b5d0-a9b9146f1d11,611,18676,6766,12062.0,18828.0,16384,-2444
f90c794a-f384-4cac-b5d0-a9b9146f1d11,618,20508,6766,13833.0,20599.0,16384,-4215
f90c794a-f384-4cac-b5d0-a9b9146f1d11,630,16257,6766,9851.0,16617.0,16384,-233
f90c794a-f384-4cac-b5d0-a9b9146f1d11,635,17053,6766,10608.0,17374.0,16384,-990
f90c794a-f384-4cac-b5d0-a9b9146f1d11,640,18392,6766,11903.0,18669.0,16384,-2285
f90c794a-f384-4cac-b5d0-a9b9146f1d11,645,18548,6766,12008.0,18774.0,16384,-2390
f90c794a-f384-4cac-b5d0-a9b9146f1d11,653,19731,6766,13177.0,19943.0,16384,-3559
f90c794a-f384-4cac-b5d0-a9b9146f1d11,664,16381,6766,10205.0,16971.0,16384,-587
f90c794a-f384-4cac-b5d0-a9b9146f1d11,670,17476,6766,11246.0,18012.0,16384,-1628
f90c794a-f384-4cac-b5d0-a9b9146f1d11,675,17615,6766,11334.0,18100.0,16384,-1716
f90c794a-f384-4cac-b5d0-a9b9146f1d11,680,18638,6766,12306.0,19072.0,16384,-2688
f90c794a-f384-4cac-b5d0-a9b9146f1d11,685,19049,6766,12673.0,19439.0,16384,-3055
f90c794a-f384-4cac-b5d0-a9b9146f1d11,693,19750,6766,13360.0,20126.0,16384,-3742
f90c794a-f384-4cac-b5d0-a9b9146f1d11,698,21093,6766,14659.0,21425.0,16384,-5041
f90c794a-f384-4cac-b5d0-a9b9146f1d11,715,16396,6766,10111.0,16877.0,16384,-493
f90c794a-f384-4cac-b5d0-a9b9146f1d11,720,17800,6766,11464.0,18230.0,16384,-1846
f90c794a-f384-4cac-b5d0-a9b9146f1d11,725,17938,6766,11558.0,18324.0,16384,-1940
4ba0c0e7-bf7c-4744-94bd-add5b5a20878,15,6750,6750,809.0,7559.0,16384,8825
4ba0c0e7-bf7c-4744-94bd-add5b5a20878,22,8533,6750,2534.0,9284.0,16384,7100
4ba0c0e7-bf7c-4744-94bd-add5b5a20878,27,13468,6750,7456.0,14206.0,16384,2178
4ba0c0e7-bf7c-4744-94bd-add5b5a20878,32,14815,6750,8838.0,15588.0,16384,796
4ba0c0e7-bf7c-4744-94bd-add5b5a20878,37,15002,6750,8972.0,15722.0,16384,662
4ba0c0e7-bf7c-4744-94bd-add5b5a20878,42,15349,6750,9267.0,16017.0,16384,367
4ba0c0e7-bf7c-4744-94bd-add5b5a20878,47,15509,6750,9384.0,16134.0,16384,250
4ba0c0e7-bf7c-4744-94bd-add5b5a20878,52,15707,6750,9529.0,16279.0,16384,105
4ba0c0e7-bf7c-4744-94bd-add5b5a20878,59,16504,6750,10259.0,17009.0,16384,-625
4ba0c0e7-bf7c-4744-94bd-add5b5a20878,64,16750,6750,10463.0,17213.0,16384,-829
4ba0c0e7-bf7c-4744-94bd-add5b5a20878,69,17021,6750,10682.0,17432.0,16384,-1048
4ba0c0e7-bf7c-4744-94bd-add5b5a20878,76,17326,6750,10912.0,17662.0,16384,-1278
4ba0c0e7-bf7c-4744-94bd-add5b5a20878,81,17756,6750,11296.0,18046.0,16384,-1662
4ba0c0e7-bf7c-4744-94bd-add5b5a20878,89,18698,6750,12224.0,18974.0,16384,-2590
4ba0c0e7-bf7c-4744-94bd-add5b5a20878,94,20845,6750,14319.0,21069.0,16384,-4685
4ba0c0e7-bf7c-4744-94bd-add5b5a20878,105,14629,6750,8344.0,15094.0,16384,1290
4ba0c0e7-bf7c-4744-94bd-add5b5a20878,111,14930,6750,8580.0,15330.0,16384,1054
4ba0c0e7-bf7c-4744-94bd-add5b5a20878,116,15141,6750,8731.0,15481.0,16384,903
4ba0c0e7-bf7c-4744-94bd-add5b5a20878,121,15368,6750,8906.0,15656.0,16384,728
4ba0c0e7-bf7c-4744-94bd-add5b5a20878,129,16093,6750,9617.0,16367.0,16384,17
4ba0c0e7-bf7c-4744-94bd-add5b5a20878,136,18785,6750,12251.0,19001.0,16384,-2617
4ba0c0e7-bf7c-4744-94bd-add5b5a20878,141,20306,6750,13723.0,20473.0,16384,-4089
4ba0c0e7-bf7c-4744-94bd-add5b5a20878,146,20587,6750,13953.0,20703.0,16384,-4319
4ba0c0e7-bf7c-4744-94bd-add5b5a20878,151,21319,6750,14650.0,21400.0,16384,-5016
4ba0c0e7-bf7c-4744-94bd-add5b5a20878,162,15282,6750,9106.0,15856.0,16384,528
4ba0c0e7-bf7c-4744-94bd-add5b5a20878,168,15674,6750,9444.0,16194.0,16384,190
4ba0c0e7-bf7c-4744-94bd-add5b5a20878,173,16998,6750,10733.0,17483.0,16384,-1099
4ba0c0e7-bf7c-4744-94bd-add5b5a20878,181,17913,6750,11634.0,18384.0,16384,-2000
4ba0c0e7-bf7c-4744-94bd-add5b5a20878,186,19975,6750,13654.0,20404.0,16384,-4020
4ba0c0e7-bf7c-4744-94bd-add5b5a20878,197,14789,6750,8727.0,15477.0,16384,907
0af63a3c-1a5e-4d85-a100-0425b82a9a98,15,6652,6652,709.0,7361.0,8192,17215
0af63a3c-1a5e-4d85-a100-0425b82a9a98,22,7109,6652,1091.0,7743.0,8192,16833
0af63a3c-1a5e-4d85-a100-0425b82a9a98,27,7355,6652,1294.0,7946.0,8192,16630
0af63a3c-1a5e-4d85-a100-0425b82a9a98,32,9296,6652,3192.0,9844.0,8192,14732
0af63a3c-1a5e-4d85-a100-0425b82a9a98,37,9499,6652,3351.0,10003.0,8192,14573
0af63a3c-1a5e-4d85-a100-0425b82a9a98,42,9880,6652,3689.0,10341.0,8192,14235
0af63a3c-1a5e-4d85-a100-0425b82a9a98,47,10094,6652,3854.0,10506.0,8192,14070
0af63a3c-1a5e-4d85-a100-0425b82a9a98,52,10821,6652,4535.0,11187.0,8192,13389
0af63a3c-1a5e-4d85-a100-0425b82a9a98,57,11322,6652,5009.0,11661.0,8192,12915
0af63a3c-1a5e-4d85-a100-0425b82a9a98,62,11810,6652,5467.0,12119.0,8192,12457
0af63a3c-1a5e-4d85-a100-0425b82a9a98,67,14579,6652,8320.0,14972.0,8192,9604
0af63a3c-1a5e-4d85-a100-0425b82a9a98,75,17106,6652,10795.0,17447.0,8192,7129
0af63a3c-1a5e-4d85-a100-0425b82a9a98,86,14663,6652,8663.0,15315.0,8192,9261
0af63a3c-1a5e-4d85-a100-0425b82a9a98,92,15557,6652,9513.0,16165.0,8192,8411
0af63a3c-1a5e-4d85-a100-0425b82a9a98,97,16059,6652,9975.0,16627.0,8192,7949
0af63a3c-1a5e-4d85-a100-0425b82a9a98,107,14172,6652,8018.0,14670.0,8192,9906
0af63a3c-1a5e-4d85-a100-0425b82a9a98,112,15035,6652,8853.0,15505.0,8192,9071
0af63a3c-1a5e-4d85-a100-0425b82a9a98,117,15799,6652,9575.0,16227.0,8192,8349
0af63a3c-1a5e-4d85-a100-0425b82a9a98,122,15968,6652,9699.0,16351.0,8192,8225
0af63a3c-1a5e-4d85-a100-0425b82a9a98,132,13823,6652,7608.0,14260.0,8192,10316
0af63a3c-1a5e-4d85-a100-0425b82a9a98,137,14997,6652,8755.0,15407.0,8192,9169
0af63a3c-1a5e-4d85-a100-0425b82a9a98,148,14795,6652,8645.0,15297.0,8192,9279
0af63a3c-1a5e-4d85-a100-0425b82a9a98,154,15313,6652,9117.0,15769.0,8192,8807
0af63a3c-1a5e-4d85-a100-0425b82a9a98,164,15308,6652,9183.0,15835.0,8192,8741
0af63a3c-1a5e-4d85-a100-0425b82a9a98,174,15980,6652,9850.0,16502.0,8192,8074
0af63a3c-1a5e-4d85-a100-0425b82a9a98,184,15740,6652,9597.0,16249.0,8192,8327
0af63a3c-1a5e-4d85-a100-0425b82a9a98,200,16649,6652,10467.0,17119.0,8192,7457
0af63a3c-1a5e-4d85-a100-0425b82a9a98,215,16126,6652,9985.0,16637.0,8192,7939
0af63a3c-1a5e-4d85-a100-0425b82a9a98,226,15553,6652,9456.0,16108.0,8192,8468
0af63a3c-1a5e-4d85-a100-0425b82a9a98,236,15125,6652,9063.0,15715.0,8192,8861
1d45643b-f336-4e9b-8f69-dab99de4c1bf,16,6660,6660,717.0,7377.0,16384,9007
1d45643b-f336-4e9b-8f69-dab99de4c1bf,21,17458,6660,11614.0,18274.0,16384,-1890
1d45643b-f336-4e9b-8f69-dab99de4c1bf,26,18174,6660,12287.0,18947.0,16384,-2563
1d45643b-f336-4e9b-8f69-dab99de4c1bf,34,19487,6660,13586.0,20246.0,16384,-3862
1d45643b-f336-4e9b-8f69-dab99de4c1bf,39,24197,6660,18252.0,24912.0,16384,-8528
1d45643b-f336-4e9b-8f69-dab99de4c1bf,44,24511,6660,18539.0,25199.0,16384,-8815
1d45643b-f336-4e9b-8f69-dab99de4c1bf,49,25062,6660,19066.0,25726.0,16384,-9342
1d45643b-f336-4e9b-8f69-dab99de4c1bf,54,28864,6660,22933.0,29593.0,16384,-13209
1d45643b-f336-4e9b-8f69-dab99de4c1bf,59,29333,6660,23364.0,30024.0,16384,-13640
1d45643b-f336-4e9b-8f69-dab99de4c1bf,66,29756,6660,23703.0,30363.0,16384,-13979
1d45643b-f336-4e9b-8f69-dab99de4c1bf,71,30024,6660,23920.0,30580.0,16384,-14196
1d45643b-f336-4e9b-8f69-dab99de4c1bf,76,30369,6660,24221.0,30881.0,16384,-14497
57d9d488-beed-4237-b3cb-af3d078bb34d,15,6906,6906,963.0,7869.0,16384,8515
57d9d488-beed-4237-b3cb-af3d078bb34d,22,10564,6906,4554.0,11460.0,16384,4924
57d9d488-beed-4237-b3cb-af3d078bb34d,27,11517,6906,5463.0,12369.0,16384,4015
57d9d488-beed-4237-b3cb-af3d078bb34d,34,14936,6906,8824.0,15730.0,16384,654
57d9d488-beed-4237-b3cb-af3d078bb34d,39,22084,6906,15934.0,22840.0,16384,-6456
57d9d488-beed-4237-b3cb-af3d078bb34d,44,23138,6906,16954.0,23860.0,16384,-7476
57d9d488-beed-4237-b3cb-af3d078bb34d,49,23523,6906,17295.0,24201.0,16384,-7817
57d9d488-beed-4237-b3cb-af3d078bb34d,54,25928,6906,19672.0,26578.0,16384,-10194
57d9d488-beed-4237-b3cb-af3d078bb34d,59,26747,6906,20447.0,27353.0,16384,-10969
57d9d488-beed-4237-b3cb-af3d078bb34d,64,32228,6906,25888.0,32794.0,16384,-16410
7bae77bb-3c0e-4c05-96ba-4b1209d66c8b,39,6878,6878,925.0,7803.0,16384,8581
7bae77bb-3c0e-4c05-96ba-4b1209d66c8b,48,10164,6878,4103.0,10981.0,16384,5403
7bae77bb-3c0e-4c05-96ba-4b1209d66c8b,53,10840,6878,4765.0,11643.0,16384,4741
7bae77bb-3c0e-4c05-96ba-4b1209d66c8b,58,11213,6878,5100.0,11978.0,16384,4406
7bae77bb-3c0e-4c05-96ba-4b1209d66c8b,63,11613,6878,5450.0,12328.0,16384,4056
7bae77bb-3c0e-4c05-96ba-4b1209d66c8b,68,11988,6878,5787.0,12665.0,16384,3719
7bae77bb-3c0e-4c05-96ba-4b1209d66c8b,73,12487,6878,6251.0,13129.0,16384,3255
7bae77bb-3c0e-4c05-96ba-4b1209d66c8b,78,12883,6878,6614.0,13492.0,16384,2892
7bae77bb-3c0e-4c05-96ba-4b1209d66c8b,83,13369,6878,7056.0,13934.0,16384,2450
7bae77bb-3c0e-4c05-96ba-4b1209d66c8b,88,14351,6878,8000.0,14878.0,16384,1506
7bae77bb-3c0e-4c05-96ba-4b1209d66c8b,93,15981,6878,9614.0,16492.0,16384,-108
7bae77bb-3c0e-4c05-96ba-4b1209d66c8b,98,17933,6878,11576.0,18454.0,16384,-2070
7bae77bb-3c0e-4c05-96ba-4b1209d66c8b,103,19753,6878,13366.0,20244.0,16384,-3860
7bae77bb-3c0e-4c05-96ba-4b1209d66c8b,114,15527,6878,9630.0,16508.0,16384,-124
7bae77bb-3c0e-4c05-96ba-4b1209d66c8b,120,15929,6878,9974.0,16852.0,16384,-468
7bae77bb-3c0e-4c05-96ba-4b1209d66c8b,125,16516,6878,10508.0,17386.0,16384,-1002
7bae77bb-3c0e-4c05-96ba-4b1209d66c8b,130,17199,6878,11147.0,18025.0,16384,-1641
7bae77bb-3c0e-4c05-96ba-4b1209d66c8b,138,18265,6878,12199.0,19077.0,16384,-2693
7bae77bb-3c0e-4c05-96ba-4b1209d66c8b,160,17499,6878,11344.0,18222.0,16384,-1838
7bae77bb-3c0e-4c05-96ba-4b1209d66c8b,171,20873,6878,14655.0,21533.0,16384,-5149
7bae77bb-3c0e-4c05-96ba-4b1209d66c8b,184,22759,6878,16491.0,23369.0,16384,-6985
7bae77bb-3c0e-4c05-96ba-4b1209d66c8b,196,22908,6878,16582.0,23460.0,16384,-7076
7bae77bb-3c0e-4c05-96ba-4b1209d66c8b,207,16723,6878,10548.0,17426.0,16384,-1042
7bae77bb-3c0e-4c05-96ba-4b1209d66c8b,214,17041,6878,10808.0,17686.0,16384,-1302
7bae77bb-3c0e-4c05-96ba-4b1209d66c8b,219,17471,6878,11194.0,18072.0,16384,-1688
7bae77bb-3c0e-4c05-96ba-4b1209d66c8b,229,18246,6878,11955.0,18833.0,16384,-2449
7bae77bb-3c0e-4c05-96ba-4b1209d66c8b,234,23747,6878,17503.0,24381.0,16384,-7997
7bae77bb-3c0e-4c05-96ba-4b1209d66c8b,239,24260,6878,17964.0,24842.0,16384,-8458
7bae77bb-3c0e-4c05-96ba-4b1209d66c8b,247,26235,6878,19925.0,26803.0,16384,-10419
7bae77bb-3c0e-4c05-96ba-4b1209d66c8b,254,29452,6878,23084.0,29962.0,16384,-13578
7bae77bb-3c0e-4c05-96ba-4b1209d66c8b,259,32200,6878,25801.0,32679.0,16384,-16295
9b46292f-5a33-48d5-bb3e-ebad55f2ac79,15,6750,6750,807.0,7557.0,8192,17019
9b46292f-5a33-48d5-bb3e-ebad55f2ac79,22,7137,6750,1118.0,7868.0,8192,16708
9b46292f-5a33-48d5-bb3e-ebad55f2ac79,27,9123,6750,3060.0,9810.0,8192,14766
9b46292f-5a33-48d5-bb3e-ebad55f2ac79,32,11426,6750,5312.0,12062.0,8192,12514
9b46292f-5a33-48d5-bb3e-ebad55f2ac79,37,14115,6750,7950.0,14700.0,8192,9876
9b46292f-5a33-48d5-bb3e-ebad55f2ac79,44,15333,6750,9095.0,15845.0,8192,8731
9b46292f-5a33-48d5-bb3e-ebad55f2ac79,49,20124,6750,13838.0,20588.0,8192,3988
9b46292f-5a33-48d5-bb3e-ebad55f2ac79,62,16912,6750,10887.0,17637.0,8192,6939
9b46292f-5a33-48d5-bb3e-ebad55f2ac79,68,17317,6750,11234.0,17984.0,8192,6592
9b46292f-5a33-48d5-bb3e-ebad55f2ac79,73,17728,6750,11594.0,18344.0,8192,6232
9b46292f-5a33-48d5-bb3e-ebad55f2ac79,80,18203,6750,11978.0,18728.0,8192,5848
9b46292f-5a33-48d5-bb3e-ebad55f2ac79,89,19337,6750,12984.0,19734.0,8192,4842
9b46292f-5a33-48d5-bb3e-ebad55f2ac79,97,20367,6750,14000.0,20750.0,8192,3826
9b46292f-5a33-48d5-bb3e-ebad55f2ac79,107,15725,6750,9479.0,16229.0,8192,8347
9b46292f-5a33-48d5-bb3e-ebad55f2ac79,112,16428,6750,10136.0,16886.0,8192,7690
9b46292f-5a33-48d5-bb3e-ebad55f2ac79,117,18877,6750,12545.0,19295.0,8192,5281
9b46292f-5a33-48d5-bb3e-ebad55f2ac79,122,19866,6750,13488.0,20238.0,8192,4338
9b46292f-5a33-48d5-bb3e-ebad55f2ac79,127,20660,6750,14236.0,20986.0,8192,3590
9b46292f-5a33-48d5-bb3e-ebad55f2ac79,140,16696,6750,10534.0,17284.0,8192,7292
9b46292f-5a33-48d5-bb3e-ebad55f2ac79,154,14969,6750,8951.0,15701.0,8192,8875
9b46292f-5a33-48d5-bb3e-ebad55f2ac79,165,16579,6750,10818.0,17568.0,8192,7008
9b46292f-5a33-48d5-bb3e-ebad55f2ac79,171,16965,6750,11147.0,17897.0,8192,6679
9b46292f-5a33-48d5-bb3e-ebad55f2ac79,181,14722,6750,8702.0,15452.0,8192,9124
9b46292f-5a33-48d5-bb3e-ebad55f2ac79,186,16805,6750,10756.0,17506.0,8192,7070
9b46292f-5a33-48d5-bb3e-ebad55f2ac79,191,19358,6750,13278.0,20028.0,8192,4548
9b46292f-5a33-48d5-bb3e-ebad55f2ac79,196,19911,6750,13798.0,20548.0,8192,4028
9b46292f-5a33-48d5-bb3e-ebad55f2ac79,207,15020,6750,8999.0,15749.0,8192,8827
9b46292f-5a33-48d5-bb3e-ebad55f2ac79,213,16196,6750,10180.0,16930.0,8192,7646
9b46292f-5a33-48d5-bb3e-ebad55f2ac79,218,21673,6750,15622.0,22372.0,8192,2204
9b46292f-5a33-48d5-bb3e-ebad55f2ac79,231,14792,6750,8826.0,15576.0,8192,9000
9b46292f-5a33-48d5-bb3e-ebad55f2ac79,236,16033,6750,10065.0,16815.0,8192,7761
9b46292f-5a33-48d5-bb3e-ebad55f2ac79,241,17223,6750,11253.0,18003.0,8192,6573
9b46292f-5a33-48d5-bb3e-ebad55f2ac79,249,18765,6750,12781.0,19531.0,8192,5045
9b46292f-5a33-48d5-bb3e-ebad55f2ac79,260,15625,6750,9622.0,16372.0,8192,8204
9b46292f-5a33-48d5-bb3e-ebad55f2ac79,266,18359,6750,12325.0,19075.0,8192,5501
9b46292f-5a33-48d5-bb3e-ebad55f2ac79,271,20035,6750,13950.0,20700.0,8192,3876
9b46292f-5a33-48d5-bb3e-ebad55f2ac79,282,16382,6750,10666.0,17416.0,8192,7160
9b46292f-5a33-48d5-bb3e-ebad55f2ac79,288,16863,6750,11098.0,17848.0,8192,6728
9b46292f-5a33-48d5-bb3e-ebad55f2ac79,299,14822,6750,8947.0,15697.0,8192,8879
9b46292f-5a33-48d5-bb3e-ebad55f2ac79,305,15750,6750,9826.0,16576.0,8192,8000
9b46292f-5a33-48d5-bb3e-ebad55f2ac79,310,18253,6750,12347.0,19097.0,8192,5479
9b46292f-5a33-48d5-bb3e-ebad55f2ac79,318,20077,6750,14136.0,20886.0,8192,3690
9b46292f-5a33-48d5-bb3e-ebad55f2ac79,329,15094,6750,9091.0,15841.0,8192,8735
9b46292f-5a33-48d5-bb3e-ebad55f2ac79,334,15744,6750,9698.0,16448.0,8192,8128
9b46292f-5a33-48d5-bb3e-ebad55f2ac79,339,16046,6750,9951.0,16701.0,8192,7875
9b46292f-5a33-48d5-bb3e-ebad55f2ac79,344,16419,6750,10270.0,17020.0,8192,7556
9b46292f-5a33-48d5-bb3e-ebad55f2ac79,349,17459,6750,11332.0,18082.0,8192,6494
9b46292f-5a33-48d5-bb3e-ebad55f2ac79,354,17803,6750,11623.0,18373.0,8192,6203
9b46292f-5a33-48d5-bb3e-ebad55f2ac79,359,20792,6750,14623.0,21373.0,8192,3203
9b46292f-5a33-48d5-bb3e-ebad55f2ac79,364,21082,6750,14861.0,21611.0,8192,2965
9b46292f-5a33-48d5-bb3e-ebad55f2ac79,369,21300,6750,15039.0,21789.0,8192,2787
9b46292f-5a33-48d5-bb3e-ebad55f2ac79,380,15409,6750,9268.0,16018.0,8192,8558
9b46292f-5a33-48d5-bb3e-ebad55f2ac79,386,15776,6750,9579.0,16329.0,8192,8247
9b46292f-5a33-48d5-bb3e-ebad55f2ac79,391,16149,6750,9900.0,16650.0,8192,7926
9b46292f-5a33-48d5-bb3e-ebad55f2ac79,396,16402,6750,10108.0,16858.0,8192,7718
9b46292f-5a33-48d5-bb3e-ebad55f2ac79,401,16602,6750,10264.0,17014.0,8192,7562
9b46292f-5a33-48d5-bb3e-ebad55f2ac79,406,16918,6750,10536.0,17286.0,8192,7290
9b46292f-5a33-48d5-bb3e-ebad55f2ac79,411,17206,6750,10780.0,17530.0,8192,7046
9b46292f-5a33-48d5-bb3e-ebad55f2ac79,416,17389,6750,10913.0,17663.0,8192,6913
9b46292f-5a33-48d5-bb3e-ebad55f2ac79,421,18898,6750,12371.0,19121.0,8192,5455
9b46292f-5a33-48d5-bb3e-ebad55f2ac79,432,16025,6750,9854.0,16604.0,8192,7972
9b46292f-5a33-48d5-bb3e-ebad55f2ac79,441,17525,6750,11335.0,18085.0,8192,6491
9b46292f-5a33-48d5-bb3e-ebad55f2ac79,454,14567,6750,8528.0,15278.0,8192,9298
9b46292f-5a33-48d5-bb3e-ebad55f2ac79,459,19620,6750,13546.0,20296.0,8192,4280
9b46292f-5a33-48d5-bb3e-ebad55f2ac79,470,20798,6750,14580.0,21330.0,8192,3246
9b46292f-5a33-48d5-bb3e-ebad55f2ac79,475,21291,6750,15013.0,21763.0,8192,2813
9b46292f-5a33-48d5-bb3e-ebad55f2ac79,485,18348,6750,11994.0,18744.0,8192,5832
9b46292f-5a33-48d5-bb3e-ebad55f2ac79,493,19257,6750,12889.0,19639.0,8192,4937
9b46292f-5a33-48d5-bb3e-ebad55f2ac79,498,21162,6750,14780.0,21530.0,8192,3046
9b46292f-5a33-48d5-bb3e-ebad55f2ac79,511,16399,6750,10104.0,16854.0,8192,7722
9b46292f-5a33-48d5-bb3e-ebad55f2ac79,519,21206,6750,14829.0,21579.0,8192,2997
9b46292f-5a33-48d5-bb3e-ebad55f2ac79,532,15640,6750,9585.0,16335.0,8192,8241
9b46292f-5a33-48d5-bb3e-ebad55f2ac79,537,19255,6750,13149.0,19899.0,8192,4677
9b46292f-5a33-48d5-bb3e-ebad55f2ac79,550,16444,6750,10415.0,17165.0,8192,7411
9b46292f-5a33-48d5-bb3e-ebad55f2ac79,556,18529,6750,12598.0,19348.0,8192,5228
9b46292f-5a33-48d5-bb3e-ebad55f2ac79,562,18648,6750,12664.0,19414.0,8192,5162
9b46292f-5a33-48d5-bb3e-ebad55f2ac79,572,20572,6750,14548.0,21298.0,8192,3278
9b46292f-5a33-48d5-bb3e-ebad55f2ac79,586,16124,6750,10115.0,16865.0,8192,7711
9b46292f-5a33-48d5-bb3e-ebad55f2ac79,593,18566,6750,12470.0,19220.0,8192,5356
9b46292f-5a33-48d5-bb3e-ebad55f2ac79,611,16865,6750,10758.0,17508.0,8192,7068
9b46292f-5a33-48d5-bb3e-ebad55f2ac79,619,18024,6750,11864.0,18614.0,8192,5962
9b46292f-5a33-48d5-bb3e-ebad55f2ac79,624,18288,6750,12091.0,18841.0,8192,5735
9b46292f-5a33-48d5-bb3e-ebad55f2ac79,629,19058,6750,12810.0,19560.0,8192,5016
9b46292f-5a33-48d5-bb3e-ebad55f2ac79,634,19991,6750,13692.0,20442.0,8192,4134
9b46292f-5a33-48d5-bb3e-ebad55f2ac79,647,15731,6750,9611.0,16361.0,8192,8215
9b46292f-5a33-48d5-bb3e-ebad55f2ac79,653,17350,6750,11174.0,17924.0,8192,6652
9b46292f-5a33-48d5-bb3e-ebad55f2ac79,658,18177,6750,11950.0,18700.0,8192,5876
9b46292f-5a33-48d5-bb3e-ebad55f2ac79,663,20470,6750,14192.0,20942.0,8192,3634
9b46292f-5a33-48d5-bb3e-ebad55f2ac79,674,17165,6750,11026.0,17776.0,8192,6800
9b46292f-5a33-48d5-bb3e-ebad55f2ac79,711,21178,6750,14514.0,21264.0,8192,3312
9b46292f-5a33-48d5-bb3e-ebad55f2ac79,721,17604,6750,11054.0,17804.0,8192,6772
9b46292f-5a33-48d5-bb3e-ebad55f2ac79,727,19016,6750,12418.0,19168.0,8192,5408
9b46292f-5a33-48d5-bb3e-ebad55f2ac79,732,19893,6750,13251.0,20001.0,8192,4575
9b46292f-5a33-48d5-bb3e-ebad55f2ac79,743,20784,6750,13993.0,20743.0,8192,3833
9b46292f-5a33-48d5-bb3e-ebad55f2ac79,748,20908,6750,14073.0,20823.0,8192,3753
9b46292f-5a33-48d5-bb3e-ebad55f2ac79,759,18832,6750,11998.0,18748.0,8192,5828
9b46292f-5a33-48d5-bb3e-ebad55f2ac79,764,21274,6750,14389.0,21139.0,8192,3437
9b46292f-5a33-48d5-bb3e-ebad55f2ac79,775,16133,6750,6522.0,13272.0,8192,11304
9b46292f-5a33-48d5-bb3e-ebad55f2ac79,782,16399,6750,6522.0,13272.0,8192,11304
afc6e887-21fc-4d0b-be61-1dc97c5e4f32,16,6863,6863,920.0,7783.0,8192,16793
afc6e887-21fc-4d0b-be61-1dc97c5e4f32,24,7301,6863,1275.0,8138.0,8192,16438
afc6e887-21fc-4d0b-be61-1dc97c5e4f32,29,7422,6863,1352.0,8215.0,8192,16361
afc6e887-21fc-4d0b-be61-1dc97c5e4f32,34,8781,6863,2667.0,9530.0,8192,15046
afc6e887-21fc-4d0b-be61-1dc97c5e4f32,39,9498,6863,3341.0,10204.0,8192,14372
afc6e887-21fc-4d0b-be61-1dc97c5e4f32,44,10485,6863,4299.0,11162.0,8192,13414
afc6e887-21fc-4d0b-be61-1dc97c5e4f32,52,18474,6863,12368.0,19231.0,8192,5345
afc6e887-21fc-4d0b-be61-1dc97c5e4f32,57,18928,6863,12778.0,19641.0,8192,4935
afc6e887-21fc-4d0b-be61-1dc97c5e4f32,62,21759,6863,15574.0,22437.0,8192,2139
afc6e887-21fc-4d0b-be61-1dc97c5e4f32,67,25048,6863,18982.0,25845.0,8192,-1269
afc6e887-21fc-4d0b-be61-1dc97c5e4f32,72,25397,6863,19279.0,26142.0,8192,-1566
afc6e887-21fc-4d0b-be61-1dc97c5e4f32,77,26390,6863,20254.0,27117.0,8192,-2541
afc6e887-21fc-4d0b-be61-1dc97c5e4f32,82,27203,6863,21029.0,27892.0,8192,-3316
afc6e887-21fc-4d0b-be61-1dc97c5e4f32,87,27878,6863,21663.0,28526.0,8192,-3950
afc6e887-21fc-4d0b-be61-1dc97c5e4f32,92,28120,6863,21861.0,28724.0,8192,-4148
afc6e887-21fc-4d0b-be61-1dc97c5e4f32,97,28591,6863,22291.0,29154.0,8192,-4578
afc6e887-21fc-4d0b-be61-1dc97c5e4f32,102,29660,6863,23320.0,30183.0,8192,-5607
afc6e887-21fc-4d0b-be61-1dc97c5e4f32,107,31318,6863,24951.0,31814.0,8192,-7238
afc6e887-21fc-4d0b-be61-1dc97c5e4f32,112,32330,6863,25932.0,32795.0,8192,-8219
c6771188-d34a-4cc3-af42-76f611a031d5,15,6652,6652,709.0,7361.0,8192,17215
c6771188-d34a-4cc3-af42-76f611a031d5,20,7308,6652,1321.0,7973.0,8192,16603
c6771188-d34a-4cc3-af42-76f611a031d5,25,8297,6652,2274.0,8926.0,8192,15650
c6771188-d34a-4cc3-af42-76f611a031d5,30,9211,6652,3147.0,9799.0,8192,14777
c6771188-d34a-4cc3-af42-76f611a031d5,35,11284,6652,5183.0,11835.0,8192,12741
c6771188-d34a-4cc3-af42-76f611a031d5,40,13231,6652,7090.0,13742.0,8192,10834
c6771188-d34a-4cc3-af42-76f611a031d5,45,14554,6652,8376.0,15028.0,8192,9548
c6771188-d34a-4cc3-af42-76f611a031d5,50,16897,6652,10680.0,17332.0,8192,7244
c6771188-d34a-4cc3-af42-76f611a031d5,55,19820,6652,13609.0,20261.0,8192,4315
c6771188-d34a-4cc3-af42-76f611a031d5,60,20073,6652,13818.0,20470.0,8192,4106
cc991b84-204b-486f-b945-55a98e9110d0,15,6873,6873,930.0,7803.0,16384,8581
cc991b84-204b-486f-b945-55a98e9110d0,22,7186,6873,1169.0,8042.0,16384,8342
cc991b84-204b-486f-b945-55a98e9110d0,29,7940,6873,1848.0,8721.0,16384,7663
cc991b84-204b-486f-b945-55a98e9110d0,36,8915,6873,2747.0,9620.0,16384,6764
cc991b84-204b-486f-b945-55a98e9110d0,43,10905,6873,4662.0,11535.0,16384,4849
cc991b84-204b-486f-b945-55a98e9110d0,50,11778,6873,5460.0,12333.0,16384,4051
cc991b84-204b-486f-b945-55a98e9110d0,55,12048,6873,5686.0,12559.0,16384,3825
cc991b84-204b-486f-b945-55a98e9110d0,62,12501,6873,6063.0,12936.0,16384,3448
cc991b84-204b-486f-b945-55a98e9110d0,67,13816,6873,7336.0,14209.0,16384,2175
cc991b84-204b-486f-b945-55a98e9110d0,74,14761,6873,8204.0,15077.0,16384,1307
cc991b84-204b-486f-b945-55a98e9110d0,79,15406,6873,8805.0,15678.0,16384,706
cc991b84-204b-486f-b945-55a98e9110d0,86,15904,6873,9229.0,16102.0,16384,282
cc991b84-204b-486f-b945-55a98e9110d0,91,16897,6873,10180.0,17053.0,16384,-669
cc991b84-204b-486f-b945-55a98e9110d0,98,17988,6873,11195.0,18068.0,16384,-1684
cc991b84-204b-486f-b945-55a98e9110d0,103,19031,6873,12195.0,19068.0,16384,-2684
cc991b84-204b-486f-b945-55a98e9110d0,118,14255,6873,8082.0,14955.0,16384,1429
cc991b84-204b-486f-b945-55a98e9110d0,126,15644,6873,9393.0,16266.0,16384,118
cc991b84-204b-486f-b945-55a98e9110d0,131,16480,6873,10186.0,17059.0,16384,-675
cc991b84-204b-486f-b945-55a98e9110d0,136,17532,6873,11196.0,18069.0,16384,-1685
cc991b84-204b-486f-b945-55a98e9110d0,141,18233,6873,11853.0,18726.0,16384,-2342
cc991b84-204b-486f-b945-55a98e9110d0,146,18448,6873,12024.0,18897.0,16384,-2513
cc991b84-204b-486f-b945-55a98e9110d0,151,19247,6873,12779.0,19652.0,16384,-3268
cc991b84-204b-486f-b945-55a98e9110d0,156,19814,6873,13302.0,20175.0,16384,-3791
cc991b84-204b-486f-b945-55a98e9110d0,161,20188,6873,13632.0,20505.0,16384,-4121
cc991b84-204b-486f-b945-55a98e9110d0,166,21089,6873,14491.0,21364.0,16384,-4980
cc991b84-204b-486f-b945-55a98e9110d0,177,15095,6873,8809.0,15682.0,16384,702
cc991b84-204b-486f-b945-55a98e9110d0,183,16744,6873,10409.0,17282.0,16384,-898
cc991b84-204b-486f-b945-55a98e9110d0,188,17684,6873,11305.0,18178.0,16384,-1794
cc991b84-204b-486f-b945-55a98e9110d0,193,18562,6873,12140.0,19013.0,16384,-2629
cc991b84-204b-486f-b945-55a98e9110d0,198,19350,6873,12886.0,19759.0,16384,-3375
cc991b84-204b-486f-b945-55a98e9110d0,203,20907,6873,14399.0,21272.0,16384,-4888
cc991b84-204b-486f-b945-55a98e9110d0,214,15836,6873,9682.0,16555.0,16384,-171
cc991b84-204b-486f-b945-55a98e9110d0,220,19008,6873,12805.0,19678.0,16384,-3294
cc991b84-204b-486f-b945-55a98e9110d0,225,19664,6873,13419.0,20292.0,16384,-3908
cc991b84-204b-486f-b945-55a98e9110d0,230,20260,6873,13971.0,20844.0,16384,-4460
cc991b84-204b-486f-b945-55a98e9110d0,241,16306,6873,10260.0,17133.0,16384,-749
cc991b84-204b-486f-b945-55a98e9110d0,247,16504,6873,10409.0,17282.0,16384,-898
cf893a7d-1b1d-4f4b-b833-d33d87a55298,15,6773,6773,830.0,7603.0,8192,16973
cf893a7d-1b1d-4f4b-b833-d33d87a55298,20,7117,6773,1130.0,7903.0,8192,16673
cf893a7d-1b1d-4f4b-b833-d33d87a55298,27,8250,6773,2187.0,8960.0,8192,15616
cf893a7d-1b1d-4f4b-b833-d33d87a55298,34,11680,6773,5541.0,12314.0,8192,12262
cf893a7d-1b1d-4f4b-b833-d33d87a55298,41,13169,6773,6958.0,13731.0,8192,10845
cf893a7d-1b1d-4f4b-b833-d33d87a55298,48,15917,6773,9630.0,16403.0,8192,8173
cf893a7d-1b1d-4f4b-b833-d33d87a55298,55,19699,6773,13336.0,20109.0,8192,4467
cf893a7d-1b1d-4f4b-b833-d33d87a55298,68,14816,6773,8727.0,15500.0,8192,9076
cf893a7d-1b1d-4f4b-b833-d33d87a55298,76,19444,6773,13274.0,20047.0,8192,4529
cf893a7d-1b1d-4f4b-b833-d33d87a55298,81,21323,6773,15109.0,21882.0,8192,2694
cf893a7d-1b1d-4f4b-b833-d33d87a55298,88,22004,6773,15746.0,22519.0,8192,2057
e7e6ba6b-14d0-45df-a870-da2a7bca55c6,15,7019,7019,1076.0,8095.0,8192,16481
e7e6ba6b-14d0-45df-a870-da2a7bca55c6,20,11076,7019,5098.0,12117.0,8192,12459
e7e6ba6b-14d0-45df-a870-da2a7bca55c6,26,15704,7019,9675.0,16694.0,8192,7882
e7e6ba6b-14d0-45df-a870-da2a7bca55c6,31,16239,7019,10262.0,17281.0,8192,7295
e7e6ba6b-14d0-45df-a870-da2a7bca55c6,36,17055,7019,11087.0,18106.0,8192,6470
e7e6ba6b-14d0-45df-a870-da2a7bca55c6,41,17509,7019,11511.0,18530.0,8192,6046
e7e6ba6b-14d0-45df-a870-da2a7bca55c6,46,17728,7019,11686.0,18705.0,8192,5871
e7e6ba6b-14d0-45df-a870-da2a7bca55c6,51,17906,7019,11819.0,18838.0,8192,5738
e7e6ba6b-14d0-45df-a870-da2a7bca55c6,56,18150,7019,12011.0,19030.0,8192,5546
e7e6ba6b-14d0-45df-a870-da2a7bca55c6,61,18339,7019,12152.0,19171.0,8192,5405
e7e6ba6b-14d0-45df-a870-da2a7bca55c6,66,18861,7019,12701.0,19720.0,8192,4856
e7e6ba6b-14d0-45df-a870-da2a7bca55c6,71,19211,7019,12999.0,20018.0,8192,4558
e7e6ba6b-14d0-45df-a870-da2a7bca55c6,76,19867,7019,13595.0,20614.0,8192,3962
e7e6ba6b-14d0-45df-a870-da2a7bca55c6,81,20814,7019,14482.0,21501.0,8192,3075
e7e6ba6b-14d0-45df-a870-da2a7bca55c6,87,22267,7019,15884.0,22903.0,8192,1673
e7e6ba6b-14d0-45df-a870-da2a7bca55c6,95,23183,7019,16786.0,23805.0,8192,771
e7e6ba6b-14d0-45df-a870-da2a7bca55c6,102,25225,7019,18753.0,25772.0,8192,-1196
e7e6ba6b-14d0-45df-a870-da2a7bca55c6,107,28764,7019,22357.0,29376.0,8192,-4800
e7e6ba6b-14d0-45df-a870-da2a7bca55c6,112,29641,7019,23182.0,30201.0,8192,-5625
e7e6ba6b-14d0-45df-a870-da2a7bca55c6,120,30968,7019,24495.0,31514.0,8192,-6938
