uuid,compaction_seq,shadowed_seq,event_type,recoverable,n_chars
0e54e7bf-4e3e-4800-b4ea-04f12fc15440,2964,450,tool/result,True,35040
0e54e7bf-4e3e-4800-b4ea-04f12fc15440,4327,7,user/message,True,1817
0e54e7bf-4e3e-4800-b4ea-04f12fc15440,4327,8,user/message,True,1201
0e54e7bf-4e3e-4800-b4ea-04f12fc15440,4327,205,assistant/message,True,2415
0e54e7bf-4e3e-4800-b4ea-04f12fc15440,4327,207,tool/result,True,528
0e54e7bf-4e3e-4800-b4ea-04f12fc15440,4327,209,tool/result,True,2900
0e54e7bf-4e3e-4800-b4ea-04f12fc15440,4327,344,assistant/message,True,2031
0e54e7bf-4e3e-4800-b4ea-04f12fc15440,4327,346,tool/result,True,5570
0e54e7bf-4e3e-4800-b4ea-04f12fc15440,4327,348,tool/result,True,976
0e54e7bf-4e3e-4800-b4ea-04f12fc15440,4327,446,assistant/message,True,1756
0e54e7bf-4e3e-4800-b4ea-04f12fc15440,4327,449,tool/result,True,1086
0e54e7bf-4e3e-4800-b4ea-04f12fc15440,4327,2965,tool/result,True,26141
0e54e7bf-4e3e-4800-b4ea-04f12fc15440,4327,974,assistant/message,True,5091
0e54e7bf-4e3e-4800-b4ea-04f12fc15440,4327,976,tool/result,True,825
0e54e7bf-4e3e-4800-b4ea-04f12fc15440,4327,978,tool/result,True,1823
0e54e7bf-4e3e-4800-b4ea-04f12fc15440,4327,1544,assistant/message,True,5983
0e54e7bf-4e3e-4800-b4ea-04f12fc15440,4327,1546,tool/result,True,866
0e54e7bf-4e3e-4800-b4ea-04f12fc15440,4327,1548,tool/result,True,499
0e54e7bf-4e3e-4800-b4ea-04f12fc15440,4327,1779,assistant/message,True,2936
0e54e7bf-4e3e-4800-b4ea-04f12fc15440,4327,1781,tool/result,True,3500
0e54e7bf-4e3e-4800-b4ea-04f12fc15440,4327,2054,assistant/message,True,3288
0e54e7bf-4e3e-4800-b4ea-04f12fc15440,4327,2056,tool/result,True,837
0e54e7bf-4e3e-4800-b4ea-04f12fc15440,4327,2136,assistant/message,True,1546
0e54e7bf-4e3e-4800-b4ea-04f12fc15440,4327,2138,tool/result,True,1570
0e54e7bf-4e3e-4800-b4ea-04f12fc15440,4327,2249,assistant/message,True,1858
0e54e7bf-4e3e-4800-b4ea-04f12fc15440,4327,2251,tool/result,True,686
0e54e7bf-4e3e-4800-b4ea-04f12fc15440,4327,2318,assistant/message,True,1418
0e54e7bf-4e3e-4800-b4ea-04f12fc15440,4327,2320,tool/result,True,11777
22984eb4-1779-45ac-a179-4ab1aa246bb8,43,30,tool/result,True,56793
22984eb4-1779-45ac-a179-4ab1aa246bb8,45,32,tool/result,True,43374
22984eb4-1779-45ac-a179-4ab1aa246bb8,96,76,tool/result,True,19800
22984eb4-1779-45ac-a179-4ab1aa246bb8,99,8,user/message,True,310
22984eb4-1779-45ac-a179-4ab1aa246bb8,99,9,user/message,True,2238
22984eb4-1779-45ac-a179-4ab1aa246bb8,99,10,user/message,True,1202
22984eb4-1779-45ac-a179-4ab1aa246bb8,99,15,assistant/message,True,3120
22984eb4-1779-45ac-a179-4ab1aa246bb8,99,17,tool/result,True,8929
22984eb4-1779-45ac-a179-4ab1aa246bb8,99,20,assistant/message,True,8605
22984eb4-1779-45ac-a179-4ab1aa246bb8,99,27,user/message,True,335
22984eb4-1779-45ac-a179-4ab1aa246bb8,99,28,assistant/message,True,5329
22984eb4-1779-45ac-a179-4ab1aa246bb8,99,44,tool/result,True,41532
22984eb4-1779-45ac-a179-4ab1aa246bb8,99,46,tool/result,True,28138
22984eb4-1779-45ac-a179-4ab1aa246bb8,99,35,assistant/message,True,10174
22984eb4-1779-45ac-a179-4ab1aa246bb8,99,39,tool/result,True,4586
22984eb4-1779-45ac-a179-4ab1aa246bb8,99,40,tool/result,True,7076
22984eb4-1779-45ac-a179-4ab1aa246bb8,99,41,tool/result,True,5464
22984eb4-1779-45ac-a179-4ab1aa246bb8,99,49,assistant/message,True,5035
22984eb4-1779-45ac-a179-4ab1aa246bb8,99,51,tool/result,True,3008
22984eb4-1779-45ac-a179-4ab1aa246bb8,99,54,assistant/message,True,3772
22984eb4-1779-45ac-a179-4ab1aa246bb8,99,56,tool/result,True,4315
22984eb4-1779-45ac-a179-4ab1aa246bb8,99,59,assistant/message,True,5370
22984eb4-1779-45ac-a179-4ab1aa246bb8,99,61,tool/result,True,410
22984eb4-1779-45ac-a179-4ab1aa246bb8,99,64,assistant/message,True,4477
22984eb4-1779-45ac-a179-4ab1aa246bb8,99,66,tool/result,True,6808
22984eb4-1779-45ac-a179-4ab1aa246bb8,130,107,tool/result,True,12292
40c4a9b8-b103-42da-b576-0ffe6c051c4e,7531,660,tool/result,True,18034
40c4a9b8-b103-42da-b576-0ffe6c051c4e,10812,7,user/message,True,2272
40c4a9b8-b103-42da-b576-0ffe6c051c4e,10812,8,user/message,True,1201
40c4a9b8-b103-42da-b576-0ffe6c051c4e,10812,388,assistant/message,True,3822
40c4a9b8-b103-42da-b576-0ffe6c051c4e,10812,390,tool/result,True,428
40c4a9b8-b103-42da-b576-0ffe6c051c4e,10812,392,tool/result,True,579
40c4a9b8-b103-42da-b576-0ffe6c051c4e,10812,484,assistant/message,True,1517
40c4a9b8-b103-42da-b576-0ffe6c051c4e,10812,486,tool/result,True,548
40c4a9b8-b103-42da-b576-0ffe6c051c4e,10812,658,assistant/message,True,2106
40c4a9b8-b103-42da-b576-0ffe6c051c4e,10812,7532,tool/result,True,5739
40c4a9b8-b103-42da-b576-0ffe6c051c4e,10812,981,assistant/message,True,3277
40c4a9b8-b103-42da-b576-0ffe6c051c4e,10812,983,tool/result,True,4713
40c4a9b8-b103-42da-b576-0ffe6c051c4e,10812,1451,assistant/message,True,4786
40c4a9b8-b103-42da-b576-0ffe6c051c4e,10812,1454,tool/result,True,460
40c4a9b8-b103-42da-b576-0ffe6c051c4e,10812,2218,assistant/message,True,7794
40c4a9b8-b103-42da-b576-0ffe6c051c4e,10812,2220,tool/result,True,568
40c4a9b8-b103-42da-b576-0ffe6c051c4e,10812,2946,assistant/message,True,7310
40c4a9b8-b103-42da-b576-0ffe6c051c4e,10812,2948,tool/result,True,612
40c4a9b8-b103-42da-b576-0ffe6c051c4e,10812,3620,assistant/message,True,6774
40c4a9b8-b103-42da-b576-0ffe6c051c4e,10812,3622,tool/result,True,560
40c4a9b8-b103-42da-b576-0ffe6c051c4e,10812,3705,assistant/message,True,1548
40c4a9b8-b103-42da-b576-0ffe6c051c4e,10812,3707,tool/result,True,1589
40c4a9b8-b103-42da-b576-0ffe6c051c4e,10812,3808,assistant/message,True,1732
40c4a9b8-b103-42da-b576-0ffe6c051c4e,10812,3810,tool/result,True,1684
40c4a9b8-b103-42da-b576-0ffe6c051c4e,10812,4565,assistant/message,True,7476
40c4a9b8-b103-42da-b576-0ffe6c051c4e,10812,4567,tool/result,True,1539
40c4a9b8-b103-42da-b576-0ffe6c051c4e,10812,5293,assistant/message,True,7222
40c4a9b8-b103-42da-b576-0ffe6c051c4e,10812,5295,tool/result,True,1561
40c4a9b8-b103-42da-b576-0ffe6c051c4e,10812,6005,assistant/message,True,7076
40c4a9b8-b103-42da-b576-0ffe6c051c4e,10812,6007,tool/result,True,833
40c4a9b8-b103-42da-b576-0ffe6c051c4e,10812,6699,assistant/message,True,6890
40c4a9b8-b103-42da-b576-0ffe6c051c4e,10812,6701,tool/result,True,569
40c4a9b8-b103-42da-b576-0ffe6c051c4e,22298,10813,user/message,True,5021
40c4a9b8-b103-42da-b576-0ffe6c051c4e,22298,6836,assistant/message,True,2034
40c4a9b8-b103-42da-b576-0ffe6c051c4e,22298,6838,tool/result,True,1151
40c4a9b8-b103-42da-b576-0ffe6c051c4e,22298,7527,assistant/message,True,6799
40c4a9b8-b103-42da-b576-0ffe6c051c4e,22298,7529,tool/result,True,1282
40c4a9b8-b103-42da-b576-0ffe6c051c4e,22298,7810,assistant/message,True,3265
40c4a9b8-b103-42da-b576-0ffe6c051c4e,22298,7813,tool/result,True,461
40c4a9b8-b103-42da-b576-0ffe6c051c4e,22298,8163,assistant/message,True,3795
40c4a9b8-b103-42da-b576-0ffe6c051c4e,22298,8165,tool/result,True,816
40c4a9b8-b103-42da-b576-0ffe6c051c4e,22298,8428,assistant/message,True,3186
40c4a9b8-b103-42da-b576-0ffe6c051c4e,22298,8431,tool/result,True,461
40c4a9b8-b103-42da-b576-0ffe6c051c4e,22298,8805,assistant/message,True,4190
40c4a9b8-b103-42da-b576-0ffe6c051c4e,22298,8807,tool/result,True,3608
40c4a9b8-b103-42da-b576-0ffe6c051c4e,22298,10807,assistant/message,True,19776
40c4a9b8-b103-42da-b576-0ffe6c051c4e,22298,10809,tool/result,True,876
40c4a9b8-b103-42da-b576-0ffe6c051c4e,22298,15687,assistant/message,True,54265
40c4a9b8-b103-42da-b576-0ffe6c051c4e,22298,15689,tool/result,True,2439
40c4a9b8-b103-42da-b576-0ffe6c051c4e,22298,15692,user/message,True,1205
40c4a9b8-b103-42da-b576-0ffe6c051c4e,30445,22299,user/message,True,5519
40c4a9b8-b103-42da-b576-0ffe6c051c4e,30445,22276,assistant/message,True,74474
40c4a9b8-b103-42da-b576-0ffe6c051c4e,30445,22285,user/message,True,296
40c4a9b8-b103-42da-b576-0ffe6c051c4e,30445,22291,assistant/message,True,787
40c4a9b8-b103-42da-b576-0ffe6c051c4e,30445,22302,user/message,True,296
40c4a9b8-b103-42da-b576-0ffe6c051c4e,30445,22639,assistant/message,True,4206
40c4a9b8-b103-42da-b576-0ffe6c051c4e,30445,22641,tool/result,True,5975
40c4a9b8-b103-42da-b576-0ffe6c051c4e,30445,22644,user/message,True,1205
40c4a9b8-b103-42da-b576-0ffe6c051c4e,38783,30446,user/message,True,6932
40c4a9b8-b103-42da-b576-0ffe6c051c4e,38783,30438,assistant/message,True,70720
40c4a9b8-b103-42da-b576-0ffe6c051c4e,38783,30449,user/message,True,823
40c4a9b8-b103-42da-b576-0ffe6c051c4e,38783,30728,assistant/message,True,3533
40c4a9b8-b103-42da-b576-0ffe6c051c4e,38783,30730,tool/result,True,583
40c4a9b8-b103-42da-b576-0ffe6c051c4e,38783,30733,user/message,True,1205
40c4a9b8-b103-42da-b576-0ffe6c051c4e,38783,30964,assistant/message,True,3046
40c4a9b8-b103-42da-b576-0ffe6c051c4e,38783,30966,tool/result,True,847
40c4a9b8-b103-42da-b576-0ffe6c051c4e,38783,31390,assistant/message,True,4944
40c4a9b8-b103-42da-b576-0ffe6c051c4e,38783,31392,tool/result,True,7938
40c4a9b8-b103-42da-b576-0ffe6c051c4e,38783,32015,assistant/message,True,6759
40c4a9b8-b103-42da-b576-0ffe6c051c4e,38783,32017,tool/result,True,1108
40c4a9b8-b103-42da-b576-0ffe6c051c4e,38783,32397,assistant/message,True,4454
40c4a9b8-b103-42da-b576-0ffe6c051c4e,38783,32404,user/message,True,997
40c4a9b8-b103-42da-b576-0ffe6c051c4e,38783,32728,assistant/message,True,3873
40c4a9b8-b103-42da-b576-0ffe6c051c4e,38783,32730,tool/result,True,817
40c4a9b8-b103-42da-b576-0ffe6c051c4e,44978,38784,user/message,True,5074
40c4a9b8-b103-42da-b576-0ffe6c051c4e,44978,35501,assistant/message,True,24731
40c4a9b8-b103-42da-b576-0ffe6c051c4e,44978,35508,user/message,True,1180
40c4a9b8-b103-42da-b576-0ffe6c051c4e,44978,35516,user/message,True,316
40c4a9b8-b103-42da-b576-0ffe6c051c4e,44978,35967,assistant/message,True,5385
40c4a9b8-b103-42da-b576-0ffe6c051c4e,44978,35969,tool/result,True,633
40c4a9b8-b103-42da-b576-0ffe6c051c4e,44978,36199,assistant/message,True,3073
40c4a9b8-b103-42da-b576-0ffe6c051c4e,44978,36201,tool/result,True,873
40c4a9b8-b103-42da-b576-0ffe6c051c4e,44978,36407,assistant/message,True,2855
40c4a9b8-b103-42da-b576-0ffe6c051c4e,44978,36409,tool/result,True,1663
40c4a9b8-b103-42da-b576-0ffe6c051c4e,44978,37758,assistant/message,True,14044
40c4a9b8-b103-42da-b576-0ffe6c051c4e,44978,37760,tool/result,True,569
40c4a9b8-b103-42da-b576-0ffe6c051c4e,44978,38778,assistant/message,True,10825
40c4a9b8-b103-42da-b576-0ffe6c051c4e,44978,38780,tool/result,True,1228
40c4a9b8-b103-42da-b576-0ffe6c051c4e,44978,39601,assistant/message,True,8730
40c4a9b8-b103-42da-b576-0ffe6c051c4e,44978,39603,tool/result,True,538
40c4a9b8-b103-42da-b576-0ffe6c051c4e,44978,39606,user/message,True,1205
40c4a9b8-b103-42da-b576-0ffe6c051c4e,44978,39685,assistant/message,True,1669
40c4a9b8-b103-42da-b576-0ffe6c051c4e,44978,39687,tool/result,True,508
40c4a9b8-b103-42da-b576-0ffe6c051c4e,44978,39747,assistant/message,True,1405
40c4a9b8-b103-42da-b576-0ffe6c051c4e,44978,39749,tool/result,True,500
40c4a9b8-b103-42da-b576-0ffe6c051c4e,44978,39916,assistant/message,True,2507
40c4a9b8-b103-42da-b576-0ffe6c051c4e,44978,39918,tool/result,True,621
40c4a9b8-b103-42da-b576-0ffe6c051c4e,44978,40037,assistant/message,True,1924
40c4a9b8-b103-42da-b576-0ffe6c051c4e,44978,40039,tool/result,True,514
40c4a9b8-b103-42da-b576-0ffe6c051c4e,44978,40180,assistant/message,True,2130
40c4a9b8-b103-42da-b576-0ffe6c051c4e,44978,40182,tool/result,True,736
40c4a9b8-b103-42da-b576-0ffe6c051c4e,44978,40302,assistant/message,True,1955
40c4a9b8-b103-42da-b576-0ffe6c051c4e,44978,40304,tool/result,True,1586
40c4a9b8-b103-42da-b576-0ffe6c051c4e,44978,41016,assistant/message,True,7866
40c4a9b8-b103-42da-b576-0ffe6c051c4e,44978,41018,tool/result,True,948
40c4a9b8-b103-42da-b576-0ffe6c051c4e,44978,41874,assistant/message,True,8967
40c4a9b8-b103-42da-b576-0ffe6c051c4e,44978,41876,tool/result,True,663
40c4a9b8-b103-42da-b576-0ffe6c051c4e,54288,44979,user/message,True,6516
40c4a9b8-b103-42da-b576-0ffe6c051c4e,54288,42610,assistant/message,True,8042
40c4a9b8-b103-42da-b576-0ffe6c051c4e,54288,42612,tool/result,True,1272
40c4a9b8-b103-42da-b576-0ffe6c051c4e,54288,42737,assistant/message,True,2065
40c4a9b8-b103-42da-b576-0ffe6c051c4e,54288,42739,tool/result,True,464
40c4a9b8-b103-42da-b576-0ffe6c051c4e,54288,42859,assistant/message,True,1965
40c4a9b8-b103-42da-b576-0ffe6c051c4e,54288,42861,tool/result,True,1584
40c4a9b8-b103-42da-b576-0ffe6c051c4e,54288,42979,assistant/message,True,1976
40c4a9b8-b103-42da-b576-0ffe6c051c4e,54288,42981,tool/result,True,543
40c4a9b8-b103-42da-b576-0ffe6c051c4e,54288,43103,assistant/message,True,1984
40c4a9b8-b103-42da-b576-0ffe6c051c4e,54288,43105,tool/result,True,1376
40c4a9b8-b103-42da-b576-0ffe6c051c4e,54288,43235,assistant/message,True,2168
40c4a9b8-b103-42da-b576-0ffe6c051c4e,54288,43237,tool/result,True,584
40c4a9b8-b103-42da-b576-0ffe6c051c4e,54288,43490,assistant/message,True,3361
40c4a9b8-b103-42da-b576-0ffe6c051c4e,54288,43492,tool/result,True,1419
40c4a9b8-b103-42da-b576-0ffe6c051c4e,54288,43571,assistant/message,True,1590
40c4a9b8-b103-42da-b576-0ffe6c051c4e,54288,43573,tool/result,True,434
40c4a9b8-b103-42da-b576-0ffe6c051c4e,54288,43714,assistant/message,True,2151
40c4a9b8-b103-42da-b576-0ffe6c051c4e,54288,43716,tool/result,True,544
40c4a9b8-b103-42da-b576-0ffe6c051c4e,54288,43857,assistant/message,True,2162
40c4a9b8-b103-42da-b576-0ffe6c051c4e,54288,43859,tool/result,True,454
40c4a9b8-b103-42da-b576-0ffe6c051c4e,54288,44001,assistant/message,True,2173
40c4a9b8-b103-42da-b576-0ffe6c051c4e,54288,44003,tool/result,True,435
40c4a9b8-b103-42da-b576-0ffe6c051c4e,54288,44218,assistant/message,True,2880
40c4a9b8-b103-42da-b576-0ffe6c051c4e,54288,44220,tool/result,True,489
40c4a9b8-b103-42da-b576-0ffe6c051c4e,54288,44440,assistant/message,True,2993
40c4a9b8-b103-42da-b576-0ffe6c051c4e,54288,44442,tool/result,True,458
40c4a9b8-b103-42da-b576-0ffe6c051c4e,54288,44684,assistant/message,True,3178
40c4a9b8-b103-42da-b576-0ffe6c051c4e,54288,44686,tool/result,True,585
40c4a9b8-b103-42da-b576-0ffe6c051c4e,54288,44808,assistant/message,True,1986
40c4a9b8-b103-42da-b576-0ffe6c051c4e,54288,44810,tool/result,True,4540
40c4a9b8-b103-42da-b576-0ffe6c051c4e,54288,44973,assistant/message,True,2443
40c4a9b8-b103-42da-b576-0ffe6c051c4e,54288,44975,tool/result,True,751
40c4a9b8-b103-42da-b576-0ffe6c051c4e,54288,45138,assistant/message,True,2343
40c4a9b8-b103-42da-b576-0ffe6c051c4e,54288,45140,tool/result,True,458
40c4a9b8-b103-42da-b576-0ffe6c051c4e,54288,45143,user/message,True,1205
40c4a9b8-b103-42da-b576-0ffe6c051c4e,54288,45463,assistant/message,True,4064
40c4a9b8-b103-42da-b576-0ffe6c051c4e,54288,45465,tool/result,True,444
40c4a9b8-b103-42da-b576-0ffe6c051c4e,54288,45795,assistant/message,True,4075
40c4a9b8-b103-42da-b576-0ffe6c051c4e,54288,45797,tool/result,True,458
40c4a9b8-b103-42da-b576-0ffe6c051c4e,54288,46671,assistant/message,True,9094
40c4a9b8-b103-42da-b576-0ffe6c051c4e,54288,46673,tool/result,True,552
40c4a9b8-b103-42da-b576-0ffe6c051c4e,54288,46935,assistant/message,True,3390
40c4a9b8-b103-42da-b576-0ffe6c051c4e,54288,46937,tool/result,True,527
40c4a9b8-b103-42da-b576-0ffe6c051c4e,54288,47266,assistant/message,True,4035
40c4a9b8-b103-42da-b576-0ffe6c051c4e,54288,47268,tool/result,True,444
40c4a9b8-b103-42da-b576-0ffe6c051c4e,54288,47740,assistant/message,True,5421
40c4a9b8-b103-42da-b576-0ffe6c051c4e,54288,47742,tool/result,True,535
40c4a9b8-b103-42da-b576-0ffe6c051c4e,54288,48163,assistant/message,True,4772
40c4a9b8-b103-42da-b576-0ffe6c051c4e,54288,48165,tool/result,True,444
40c4a9b8-b103-42da-b576-0ffe6c051c4e,54288,48653,assistant/message,True,5363
40c4a9b8-b103-42da-b576-0ffe6c051c4e,54288,48655,tool/result,True,458
40c4a9b8-b103-42da-b576-0ffe6c051c4e,54288,48907,assistant/message,True,3247
40c4a9b8-b103-42da-b576-0ffe6c051c4e,54288,48909,tool/result,True,527
40c4a9b8-b103-42da-b576-0ffe6c051c4e,54288,49133,assistant/message,True,2890
40c4a9b8-b103-42da-b576-0ffe6c051c4e,54288,49135,tool/result,True,463
40c4a9b8-b103-42da-b576-0ffe6c051c4e,54288,49292,assistant/message,True,2318
40c4a9b8-b103-42da-b576-0ffe6c051c4e,54288,49294,tool/result,True,514
40c4a9b8-b103-42da-b576-0ffe6c051c4e,54288,49373,assistant/message,True,1593
40c4a9b8-b103-42da-b576-0ffe6c051c4e,54288,49375,tool/result,True,463
40c4a9b8-b103-42da-b576-0ffe6c051c4e,54288,49447,assistant/message,True,1516
40c4a9b8-b103-42da-b576-0ffe6c051c4e,54288,49449,tool/result,True,417
40c4a9b8-b103-42da-b576-0ffe6c051c4e,54288,49630,assistant/message,True,2518
40c4a9b8-b103-42da-b576-0ffe6c051c4e,54288,49632,tool/result,True,456
40c4a9b8-b103-42da-b576-0ffe6c051c4e,54288,50604,assistant/message,True,10753
40c4a9b8-b103-42da-b576-0ffe6c051c4e,54288,50606,tool/result,True,1023
40c4a9b8-b103-42da-b576-0ffe6c051c4e,61457,54289,user/message,True,8359
40c4a9b8-b103-42da-b576-0ffe6c051c4e,61457,51131,assistant/message,True,5610
40c4a9b8-b103-42da-b576-0ffe6c051c4e,61457,51138,user/message,True,717
40c4a9b8-b103-42da-b576-0ffe6c051c4e,61457,51243,assistant/message,True,1853
40c4a9b8-b103-42da-b576-0ffe6c051c4e,61457,51245,tool/result,True,688
40c4a9b8-b103-42da-b576-0ffe6c051c4e,61457,51374,assistant/message,True,2088
40c4a9b8-b103-42da-b576-0ffe6c051c4e,61457,51376,tool/result,True,1728
40c4a9b8-b103-42da-b576-0ffe6c051c4e,61457,52161,assistant/message,True,8385
40c4a9b8-b103-42da-b576-0ffe6c051c4e,61457,52168,user/message,True,940
40c4a9b8-b103-42da-b576-0ffe6c051c4e,61457,52298,assistant/message,True,2054
40c4a9b8-b103-42da-b576-0ffe6c051c4e,61457,52300,tool/result,True,570
40c4a9b8-b103-42da-b576-0ffe6c051c4e,61457,52521,assistant/message,True,3011
40c4a9b8-b103-42da-b576-0ffe6c051c4e,61457,52523,tool/result,True,661
40c4a9b8-b103-42da-b576-0ffe6c051c4e,61457,52602,assistant/message,True,1633
40c4a9b8-b103-42da-b576-0ffe6c051c4e,61457,52604,tool/result,True,618
40c4a9b8-b103-42da-b576-0ffe6c051c4e,61457,53131,assistant/message,True,6074
40c4a9b8-b103-42da-b576-0ffe6c051c4e,61457,53133,tool/result,True,2870
40c4a9b8-b103-42da-b576-0ffe6c051c4e,61457,53438,assistant/message,True,4056
40c4a9b8-b103-42da-b576-0ffe6c051c4e,61457,53440,tool/result,True,683
40c4a9b8-b103-42da-b576-0ffe6c051c4e,61457,53519,assistant/message,True,1579
40c4a9b8-b103-42da-b576-0ffe6c051c4e,61457,53521,tool/result,True,802
40c4a9b8-b103-42da-b576-0ffe6c051c4e,61457,54283,assistant/message,True,8524
40c4a9b8-b103-42da-b576-0ffe6c051c4e,61457,54285,tool/result,True,2413
40c4a9b8-b103-42da-b576-0ffe6c051c4e,61457,55099,assistant/message,True,8767
40c4a9b8-b103-42da-b576-0ffe6c051c4e,61457,55101,tool/result,True,533
40c4a9b8-b103-42da-b576-0ffe6c051c4e,61457,55104,user/message,True,1205
40c4a9b8-b103-42da-b576-0ffe6c051c4e,61457,56113,assistant/message,True,11356
40c4a9b8-b103-42da-b576-0ffe6c051c4e,61457,56115,tool/result,True,429
40c4a9b8-b103-42da-b576-0ffe6c051c4e,61457,56503,assistant/message,True,4779
40c4a9b8-b103-42da-b576-0ffe6c051c4e,61457,56505,tool/result,True,1823
40c4a9b8-b103-42da-b576-0ffe6c051c4e,69918,61458,user/message,True,8656
40c4a9b8-b103-42da-b576-0ffe6c051c4e,69918,57715,assistant/message,True,12789
40c4a9b8-b103-42da-b576-0ffe6c051c4e,69918,57717,tool/result,True,644
40c4a9b8-b103-42da-b576-0ffe6c051c4e,69918,58156,assistant/message,True,5187
40c4a9b8-b103-42da-b576-0ffe6c051c4e,69918,58158,tool/result,True,648
40c4a9b8-b103-42da-b576-0ffe6c051c4e,69918,58985,assistant/message,True,9070
40c4a9b8-b103-42da-b576-0ffe6c051c4e,69918,58987,tool/result,True,788
40c4a9b8-b103-42da-b576-0ffe6c051c4e,69918,59527,assistant/message,True,6055
40c4a9b8-b103-42da-b576-0ffe6c051c4e,69918,59529,tool/result,True,908
40c4a9b8-b103-42da-b576-0ffe6c051c4e,69918,60344,assistant/message,True,8822
40c4a9b8-b103-42da-b576-0ffe6c051c4e,69918,60346,tool/result,True,624
40c4a9b8-b103-42da-b576-0ffe6c051c4e,69918,60820,assistant/message,True,5328
40c4a9b8-b103-42da-b576-0ffe6c051c4e,69918,60822,tool/result,True,814
40c4a9b8-b103-42da-b576-0ffe6c051c4e,69918,61452,assistant/message,True,6988
40c4a9b8-b103-42da-b576-0ffe6c051c4e,69918,61454,tool/result,True,1258
40c4a9b8-b103-42da-b576-0ffe6c051c4e,69918,63563,assistant/message,True,21917
40c4a9b8-b103-42da-b576-0ffe6c051c4e,69918,63565,tool/result,True,1783
40c4a9b8-b103-42da-b576-0ffe6c051c4e,69918,63568,user/message,True,1205
40c4a9b8-b103-42da-b576-0ffe6c051c4e,69918,63712,assistant/message,True,2391
40c4a9b8-b103-42da-b576-0ffe6c051c4e,69918,63714,tool/result,True,1186
40c4a9b8-b103-42da-b576-0ffe6c051c4e,69918,63952,assistant/message,True,3219
40c4a9b8-b103-42da-b576-0ffe6c051c4e,69918,63954,tool/result,True,752
40c4a9b8-b103-42da-b576-0ffe6c051c4e,76808,69919,user/message,True,8546
40c4a9b8-b103-42da-b576-0ffe6c051c4e,76808,66282,assistant/message,True,23881
40c4a9b8-b103-42da-b576-0ffe6c051c4e,76808,66284,tool/result,True,1064
40c4a9b8-b103-42da-b576-0ffe6c051c4e,76808,68040,assistant/message,True,18352
40c4a9b8-b103-42da-b576-0ffe6c051c4e,76808,68042,tool/result,True,2117
40c4a9b8-b103-42da-b576-0ffe6c051c4e,76808,69069,assistant/message,True,10844
40c4a9b8-b103-42da-b576-0ffe6c051c4e,76808,69071,tool/result,True,931
40c4a9b8-b103-42da-b576-0ffe6c051c4e,76808,69223,assistant/message,True,2341
40c4a9b8-b103-42da-b576-0ffe6c051c4e,76808,69225,tool/result,True,534
40c4a9b8-b103-42da-b576-0ffe6c051c4e,76808,69907,assistant/message,True,7385
40c4a9b8-b103-42da-b576-0ffe6c051c4e,76808,69909,tool/result,True,1036
40c4a9b8-b103-42da-b576-0ffe6c051c4e,76808,69922,user/message,True,296
40c4a9b8-b103-42da-b576-0ffe6c051c4e,76808,70535,assistant/message,True,7025
40c4a9b8-b103-42da-b576-0ffe6c051c4e,76808,70537,tool/result,True,535
40c4a9b8-b103-42da-b576-0ffe6c051c4e,76808,70539,tool/result,True,538
40c4a9b8-b103-42da-b576-0ffe6c051c4e,76808,70542,user/message,True,1205
40c4a9b8-b103-42da-b576-0ffe6c051c4e,85049,76809,user/message,True,9247
40c4a9b8-b103-42da-b576-0ffe6c051c4e,85049,72582,assistant/message,True,20791
40c4a9b8-b103-42da-b576-0ffe6c051c4e,85049,72584,tool/result,True,1562
40c4a9b8-b103-42da-b576-0ffe6c051c4e,85049,72857,assistant/message,True,3878
40c4a9b8-b103-42da-b576-0ffe6c051c4e,85049,72861,tool/result,True,532
40c4a9b8-b103-42da-b576-0ffe6c051c4e,85049,72862,tool/result,True,532
40c4a9b8-b103-42da-b576-0ffe6c051c4e,85049,72863,tool/result,True,532
40c4a9b8-b103-42da-b576-0ffe6c051c4e,85049,72988,assistant/message,True,2156
40c4a9b8-b103-42da-b576-0ffe6c051c4e,85049,72990,tool/result,True,423
40c4a9b8-b103-42da-b576-0ffe6c051c4e,85049,73078,assistant/message,True,1690
40c4a9b8-b103-42da-b576-0ffe6c051c4e,85049,73080,tool/result,True,445
40c4a9b8-b103-42da-b576-0ffe6c051c4e,85049,73209,assistant/message,True,2014
40c4a9b8-b103-42da-b576-0ffe6c051c4e,85049,73211,tool/result,True,506
40c4a9b8-b103-42da-b576-0ffe6c051c4e,85049,73280,assistant/message,True,1498
40c4a9b8-b103-42da-b576-0ffe6c051c4e,85049,73282,tool/result,True,832
40c4a9b8-b103-42da-b576-0ffe6c051c4e,85049,73398,assistant/message,True,1892
40c4a9b8-b103-42da-b576-0ffe6c051c4e,85049,73400,tool/result,True,625
40c4a9b8-b103-42da-b576-0ffe6c051c4e,85049,73515,assistant/message,True,1873
40c4a9b8-b103-42da-b576-0ffe6c051c4e,85049,73517,tool/result,True,412
40c4a9b8-b103-42da-b576-0ffe6c051c4e,85049,73877,assistant/message,True,4464
40c4a9b8-b103-42da-b576-0ffe6c051c4e,85049,73879,tool/result,True,552
40c4a9b8-b103-42da-b576-0ffe6c051c4e,85049,74793,assistant/message,True,10015
40c4a9b8-b103-42da-b576-0ffe6c051c4e,85049,74795,tool/result,True,791
40c4a9b8-b103-42da-b576-0ffe6c051c4e,85049,75224,assistant/message,True,5212
40c4a9b8-b103-42da-b576-0ffe6c051c4e,85049,75226,tool/result,True,495
40c4a9b8-b103-42da-b576-0ffe6c051c4e,85049,75588,assistant/message,True,4325
40c4a9b8-b103-42da-b576-0ffe6c051c4e,85049,75591,tool/result,True,464
40c4a9b8-b103-42da-b576-0ffe6c051c4e,85049,76141,assistant/message,True,6052
40c4a9b8-b103-42da-b576-0ffe6c051c4e,85049,76143,tool/result,True,458
40c4a9b8-b103-42da-b576-0ffe6c051c4e,85049,76803,assistant/message,True,7103
40c4a9b8-b103-42da-b576-0ffe6c051c4e,85049,76805,tool/result,True,644
40c4a9b8-b103-42da-b576-0ffe6c051c4e,85049,77224,assistant/message,True,4887
40c4a9b8-b103-42da-b576-0ffe6c051c4e,85049,77226,tool/result,True,6387
40c4a9b8-b103-42da-b576-0ffe6c051c4e,85049,77229,user/message,True,1205
40c4a9b8-b103-42da-b576-0ffe6c051c4e,93552,85050,user/message,True,9206
40c4a9b8-b103-42da-b576-0ffe6c051c4e,93552,80304,assistant/message,True,28809
40c4a9b8-b103-42da-b576-0ffe6c051c4e,93552,80306,tool/result,True,1750
40c4a9b8-b103-42da-b576-0ffe6c051c4e,93552,85044,assistant/message,True,43830
40c4a9b8-b103-42da-b576-0ffe6c051c4e,93552,85046,tool/result,True,3220
40c4a9b8-b103-42da-b576-0ffe6c051c4e,93552,87870,assistant/message,True,27671
40c4a9b8-b103-42da-b576-0ffe6c051c4e,93552,87872,tool/result,True,773
40c4a9b8-b103-42da-b576-0ffe6c051c4e,93552,87875,user/message,True,1205
40c4a9b8-b103-42da-b576-0ffe6c051c4e,100824,93553,user/message,True,7190
40c4a9b8-b103-42da-b576-0ffe6c051c4e,100824,89575,assistant/message,True,17257
40c4a9b8-b103-42da-b576-0ffe6c051c4e,100824,89577,tool/result,True,735
40c4a9b8-b103-42da-b576-0ffe6c051c4e,100824,91088,assistant/message,True,14298
40c4a9b8-b103-42da-b576-0ffe6c051c4e,100824,91090,tool/result,True,1059
40c4a9b8-b103-42da-b576-0ffe6c051c4e,100824,92813,assistant/message,True,16714
40c4a9b8-b103-42da-b576-0ffe6c051c4e,100824,92815,tool/result,True,2100
40c4a9b8-b103-42da-b576-0ffe6c051c4e,100824,93547,assistant/message,True,8071
40c4a9b8-b103-42da-b576-0ffe6c051c4e,100824,93549,tool/result,True,5120
40c4a9b8-b103-42da-b576-0ffe6c051c4e,107809,100825,user/message,True,8176
40c4a9b8-b103-42da-b576-0ffe6c051c4e,107809,96066,assistant/message,True,26525
40c4a9b8-b103-42da-b576-0ffe6c051c4e,107809,96068,tool/result,True,1057
40c4a9b8-b103-42da-b576-0ffe6c051c4e,107809,96071,user/message,True,1205
40c4a9b8-b103-42da-b576-0ffe6c051c4e,107809,98555,assistant/message,True,23664
40c4a9b8-b103-42da-b576-0ffe6c051c4e,107809,98557,tool/result,True,572
40c4a9b8-b103-42da-b576-0ffe6c051c4e,107809,100819,assistant/message,True,22913
40c4a9b8-b103-42da-b576-0ffe6c051c4e,107809,100821,tool/result,True,3566
40c4a9b8-b103-42da-b576-0ffe6c051c4e,112767,112305,tool/result,True,12436
40c4a9b8-b103-42da-b576-0ffe6c051c4e,113387,107810,user/message,True,5264
40c4a9b8-b103-42da-b576-0ffe6c051c4e,113387,103955,assistant/message,True,32412
40c4a9b8-b103-42da-b576-0ffe6c051c4e,113387,103957,tool/result,True,886
40c4a9b8-b103-42da-b576-0ffe6c051c4e,113387,105200,assistant/message,True,12980
40c4a9b8-b103-42da-b576-0ffe6c051c4e,113387,105202,tool/result,True,738
40c4a9b8-b103-42da-b576-0ffe6c051c4e,113387,107804,assistant/message,True,27775
40c4a9b8-b103-42da-b576-0ffe6c051c4e,113387,107806,tool/result,True,682
40c4a9b8-b103-42da-b576-0ffe6c051c4e,113387,109836,assistant/message,True,21651
40c4a9b8-b103-42da-b576-0ffe6c051c4e,113387,109838,tool/result,True,700
40c4a9b8-b103-42da-b576-0ffe6c051c4e,113387,109841,user/message,True,1206
40c4a9b8-b103-42da-b576-0ffe6c051c4e,113387,111857,assistant/message,True,21581
40c4a9b8-b103-42da-b576-0ffe6c051c4e,113387,111859,tool/result,True,1753
40c4a9b8-b103-42da-b576-0ffe6c051c4e,113387,111972,assistant/message,True,2074
40c4a9b8-b103-42da-b576-0ffe6c051c4e,113387,111974,tool/result,True,692
40c4a9b8-b103-42da-b576-0ffe6c051c4e,113387,112100,assistant/message,True,2170
40c4a9b8-b103-42da-b576-0ffe6c051c4e,113387,112102,tool/result,True,1320
40c4a9b8-b103-42da-b576-0ffe6c051c4e,113387,112194,assistant/message,True,1837
40c4a9b8-b103-42da-b576-0ffe6c051c4e,113387,112196,tool/result,True,692
40c4a9b8-b103-42da-b576-0ffe6c051c4e,119567,113388,user/message,True,6830
40c4a9b8-b103-42da-b576-0ffe6c051c4e,119567,112303,assistant/message,True,1961
40c4a9b8-b103-42da-b576-0ffe6c051c4e,119567,112768,tool/result,True,5686
40c4a9b8-b103-42da-b576-0ffe6c051c4e,119567,112432,assistant/message,True,2169
40c4a9b8-b103-42da-b576-0ffe6c051c4e,119567,112434,tool/result,True,1502
40c4a9b8-b103-42da-b576-0ffe6c051c4e,119567,112532,assistant/message,True,1912
40c4a9b8-b103-42da-b576-0ffe6c051c4e,119567,112534,tool/result,True,4049
40c4a9b8-b103-42da-b576-0ffe6c051c4e,119567,112664,assistant/message,True,2159
40c4a9b8-b103-42da-b576-0ffe6c051c4e,119567,112666,tool/result,True,4281
40c4a9b8-b103-42da-b576-0ffe6c051c4e,119567,112763,assistant/message,True,1869
40c4a9b8-b103-42da-b576-0ffe6c051c4e,119567,112765,tool/result,True,1584
40c4a9b8-b103-42da-b576-0ffe6c051c4e,119567,112904,assistant/message,True,2247
40c4a9b8-b103-42da-b576-0ffe6c051c4e,119567,112906,tool/result,True,2603
40c4a9b8-b103-42da-b576-0ffe6c051c4e,119567,113382,assistant/message,True,5796
40c4a9b8-b103-42da-b576-0ffe6c051c4e,119567,113384,tool/result,True,1358
40c4a9b8-b103-42da-b576-0ffe6c051c4e,119567,113539,assistant/message,True,2378
40c4a9b8-b103-42da-b576-0ffe6c051c4e,119567,113541,tool/result,True,2013
40c4a9b8-b103-42da-b576-0ffe6c051c4e,119567,113544,user/message,True,1206
40c4a9b8-b103-42da-b576-0ffe6c051c4e,119567,113921,assistant/message,True,4960
40c4a9b8-b103-42da-b576-0ffe6c051c4e,119567,113923,tool/result,True,414
40c4a9b8-b103-42da-b576-0ffe6c051c4e,119567,114076,assistant/message,True,2569
40c4a9b8-b103-42da-b576-0ffe6c051c4e,119567,114078,tool/result,True,432
40c4a9b8-b103-42da-b576-0ffe6c051c4e,119567,114200,assistant/message,True,2206
40c4a9b8-b103-42da-b576-0ffe6c051c4e,119567,114202,tool/result,True,414
40c4a9b8-b103-42da-b576-0ffe6c051c4e,119567,114419,assistant/message,True,3010
40c4a9b8-b103-42da-b576-0ffe6c051c4e,119567,114421,tool/result,True,432
40c4a9b8-b103-42da-b576-0ffe6c051c4e,119567,114648,assistant/message,True,3147
40c4a9b8-b103-42da-b576-0ffe6c051c4e,119567,114650,tool/result,True,432
40c4a9b8-b103-42da-b576-0ffe6c051c4e,119567,114794,assistant/message,True,2468
40c4a9b8-b103-42da-b576-0ffe6c051c4e,119567,114796,tool/result,True,432
40c4a9b8-b103-42da-b576-0ffe6c051c4e,119567,114932,assistant/message,True,2355
40c4a9b8-b103-42da-b576-0ffe6c051c4e,119567,114934,tool/result,True,432
40c4a9b8-b103-42da-b576-0ffe6c051c4e,119567,115061,assistant/message,True,2259
40c4a9b8-b103-42da-b576-0ffe6c051c4e,119567,115063,tool/result,True,432
40c4a9b8-b103-42da-b576-0ffe6c051c4e,119567,115194,assistant/message,True,2341
40c4a9b8-b103-42da-b576-0ffe6c051c4e,119567,115196,tool/result,True,420
40c4a9b8-b103-42da-b576-0ffe6c051c4e,119567,115459,assistant/message,True,3596
40c4a9b8-b103-42da-b576-0ffe6c051c4e,119567,115461,tool/result,True,432
4b4ea9a9-beb3-4a24-841b-5948b63b92ff,4330,7,user/message,True,1545
4b4ea9a9-beb3-4a24-841b-5948b63b92ff,4330,8,user/message,True,2235
4b4ea9a9-beb3-4a24-841b-5948b63b92ff,4330,9,user/message,True,1201
4b4ea9a9-beb3-4a24-841b-5948b63b92ff,4330,622,assistant/message,True,5773
4b4ea9a9-beb3-4a24-841b-5948b63b92ff,4330,624,tool/result,True,533
4b4ea9a9-beb3-4a24-841b-5948b63b92ff,4330,626,tool/result,True,1021
4b4ea9a9-beb3-4a24-841b-5948b63b92ff,4330,697,assistant/message,True,1376
4b4ea9a9-beb3-4a24-841b-5948b63b92ff,4330,699,tool/result,True,13298
4b4ea9a9-beb3-4a24-841b-5948b63b92ff,4330,1432,assistant/message,True,7192
4b4ea9a9-beb3-4a24-841b-5948b63b92ff,4330,1435,tool/result,True,460
4b4ea9a9-beb3-4a24-841b-5948b63b92ff,4330,1437,tool/result,True,1254
4b4ea9a9-beb3-4a24-841b-5948b63b92ff,4330,1439,tool/result,True,541
4b4ea9a9-beb3-4a24-841b-5948b63b92ff,4330,1878,assistant/message,True,4650
4b4ea9a9-beb3-4a24-841b-5948b63b92ff,4330,1880,tool/result,True,978
4b4ea9a9-beb3-4a24-841b-5948b63b92ff,4330,1882,tool/result,True,3751
4b4ea9a9-beb3-4a24-841b-5948b63b92ff,4330,2465,assistant/message,True,5413
4b4ea9a9-beb3-4a24-841b-5948b63b92ff,4330,2467,tool/result,True,5566
4b4ea9a9-beb3-4a24-841b-5948b63b92ff,7153,4331,user/message,True,3306
4b4ea9a9-beb3-4a24-841b-5948b63b92ff,7153,3115,assistant/message,True,6223
4b4ea9a9-beb3-4a24-841b-5948b63b92ff,7153,3117,tool/result,True,4342
4b4ea9a9-beb3-4a24-841b-5948b63b92ff,7153,3325,assistant/message,True,2634
4b4ea9a9-beb3-4a24-841b-5948b63b92ff,7153,3327,tool/result,True,653
4b4ea9a9-beb3-4a24-841b-5948b63b92ff,7153,3579,assistant/message,True,3096
4b4ea9a9-beb3-4a24-841b-5948b63b92ff,7153,3581,tool/result,True,2407
4b4ea9a9-beb3-4a24-841b-5948b63b92ff,7153,3779,assistant/message,True,2440
4b4ea9a9-beb3-4a24-841b-5948b63b92ff,7153,3781,tool/result,True,6238
4b4ea9a9-beb3-4a24-841b-5948b63b92ff,7153,4325,assistant/message,True,5437
4b4ea9a9-beb3-4a24-841b-5948b63b92ff,7153,4327,tool/result,True,5540
4b4ea9a9-beb3-4a24-841b-5948b63b92ff,7153,4334,user/message,True,2238
4b4ea9a9-beb3-4a24-841b-5948b63b92ff,8919,7154,user/message,True,3663
4b4ea9a9-beb3-4a24-841b-5948b63b92ff,8919,4757,assistant/message,True,4412
4b4ea9a9-beb3-4a24-841b-5948b63b92ff,8919,4759,tool/result,True,1148
4b4ea9a9-beb3-4a24-841b-5948b63b92ff,8919,4762,user/message,True,1204
4b4ea9a9-beb3-4a24-841b-5948b63b92ff,8919,5148,assistant/message,True,4047
4b4ea9a9-beb3-4a24-841b-5948b63b92ff,8919,5150,tool/result,True,409
4b4ea9a9-beb3-4a24-841b-5948b63b92ff,8919,5411,assistant/message,True,2886
4b4ea9a9-beb3-4a24-841b-5948b63b92ff,8919,5413,tool/result,True,542
4b4ea9a9-beb3-4a24-841b-5948b63b92ff,8919,5715,assistant/message,True,3429
4b4ea9a9-beb3-4a24-841b-5948b63b92ff,8919,5717,tool/result,True,2543
4b4ea9a9-beb3-4a24-841b-5948b63b92ff,8919,5960,assistant/message,True,2930
4b4ea9a9-beb3-4a24-841b-5948b63b92ff,8919,5962,tool/result,True,7768
4b4ea9a9-beb3-4a24-841b-5948b63b92ff,8919,6331,assistant/message,True,4042
4b4ea9a9-beb3-4a24-841b-5948b63b92ff,8919,6333,tool/result,True,2157
4b4ea9a9-beb3-4a24-841b-5948b63b92ff,8919,7148,assistant/message,True,7611
4b4ea9a9-beb3-4a24-841b-5948b63b92ff,8919,7150,tool/result,True,1128
4b4ea9a9-beb3-4a24-841b-5948b63b92ff,8919,7157,user/message,True,2238
4b4ea9a9-beb3-4a24-841b-5948b63b92ff,8919,7615,assistant/message,True,4331
4b4ea9a9-beb3-4a24-841b-5948b63b92ff,8919,7617,tool/result,True,1258
4b4ea9a9-beb3-4a24-841b-5948b63b92ff,8919,8217,assistant/message,True,5691
4b4ea9a9-beb3-4a24-841b-5948b63b92ff,8919,8219,tool/result,True,766
4b4ea9a9-beb3-4a24-841b-5948b63b92ff,8919,8586,assistant/message,True,4232
4b4ea9a9-beb3-4a24-841b-5948b63b92ff,8919,8588,tool/result,True,827
4b4ea9a9-beb3-4a24-841b-5948b63b92ff,12816,8920,user/message,True,4318
4b4ea9a9-beb3-4a24-841b-5948b63b92ff,12816,8675,assistant/message,True,1631
4b4ea9a9-beb3-4a24-841b-5948b63b92ff,12816,8677,tool/result,True,20257
4b4ea9a9-beb3-4a24-841b-5948b63b92ff,12816,8752,assistant/message,True,1485
4b4ea9a9-beb3-4a24-841b-5948b63b92ff,12816,8754,tool/result,True,12467
4b4ea9a9-beb3-4a24-841b-5948b63b92ff,12816,8914,assistant/message,True,2296
4b4ea9a9-beb3-4a24-841b-5948b63b92ff,12816,8916,tool/result,True,9091
4b4ea9a9-beb3-4a24-841b-5948b63b92ff,12816,8923,user/message,True,2238
4b4ea9a9-beb3-4a24-841b-5948b63b92ff,12816,9049,assistant/message,True,1944
4b4ea9a9-beb3-4a24-841b-5948b63b92ff,12816,9051,tool/result,True,932
4b4ea9a9-beb3-4a24-841b-5948b63b92ff,12816,9054,user/message,True,1204
4b4ea9a9-beb3-4a24-841b-5948b63b92ff,17069,12817,user/message,True,4767
4b4ea9a9-beb3-4a24-841b-5948b63b92ff,17069,9950,assistant/message,True,8402
4b4ea9a9-beb3-4a24-841b-5948b63b92ff,17069,9952,tool/result,True,415
4b4ea9a9-beb3-4a24-841b-5948b63b92ff,17069,10101,assistant/message,True,2266
4b4ea9a9-beb3-4a24-841b-5948b63b92ff,17069,10103,tool/result,True,985
4b4ea9a9-beb3-4a24-841b-5948b63b92ff,17069,10379,assistant/message,True,3482
4b4ea9a9-beb3-4a24-841b-5948b63b92ff,17069,10381,tool/result,True,3472
4b4ea9a9-beb3-4a24-841b-5948b63b92ff,17069,10763,assistant/message,True,4510
4b4ea9a9-beb3-4a24-841b-5948b63b92ff,17069,10765,tool/result,True,440
4b4ea9a9-beb3-4a24-841b-5948b63b92ff,17069,11096,assistant/message,True,4053
4b4ea9a9-beb3-4a24-841b-5948b63b92ff,17069,11098,tool/result,True,1437
4b4ea9a9-beb3-4a24-841b-5948b63b92ff,17069,11375,assistant/message,True,3753
4b4ea9a9-beb3-4a24-841b-5948b63b92ff,17069,11377,tool/result,True,1493
4b4ea9a9-beb3-4a24-841b-5948b63b92ff,17069,11709,assistant/message,True,4050
4b4ea9a9-beb3-4a24-841b-5948b63b92ff,17069,11711,tool/result,True,889
4b4ea9a9-beb3-4a24-841b-5948b63b92ff,17069,11955,assistant/message,True,3213
4b4ea9a9-beb3-4a24-841b-5948b63b92ff,17069,11957,tool/result,True,1351
4b4ea9a9-beb3-4a24-841b-5948b63b92ff,17069,12102,assistant/message,True,2321
4b4ea9a9-beb3-4a24-841b-5948b63b92ff,17069,12104,tool/result,True,485
4b4ea9a9-beb3-4a24-841b-5948b63b92ff,17069,12521,assistant/message,True,4871
4b4ea9a9-beb3-4a24-841b-5948b63b92ff,17069,12523,tool/result,True,430
4b4ea9a9-beb3-4a24-841b-5948b63b92ff,17069,12811,assistant/message,True,3741
4b4ea9a9-beb3-4a24-841b-5948b63b92ff,17069,12813,tool/result,True,908
4b4ea9a9-beb3-4a24-841b-5948b63b92ff,17069,12820,user/message,True,2239
4b4ea9a9-beb3-4a24-841b-5948b63b92ff,20283,17070,user/message,True,5121
4b4ea9a9-beb3-4a24-841b-5948b63b92ff,20283,13388,assistant/message,True,6646
4b4ea9a9-beb3-4a24-841b-5948b63b92ff,20283,13390,tool/result,True,2429
4b4ea9a9-beb3-4a24-841b-5948b63b92ff,20283,13393,user/message,True,1205
4b4ea9a9-beb3-4a24-841b-5948b63b92ff,20283,13942,assistant/message,True,6354
4b4ea9a9-beb3-4a24-841b-5948b63b92ff,20283,13944,tool/result,True,417
4b4ea9a9-beb3-4a24-841b-5948b63b92ff,20283,14193,assistant/message,True,3400
4b4ea9a9-beb3-4a24-841b-5948b63b92ff,20283,14195,tool/result,True,816
4b4ea9a9-beb3-4a24-841b-5948b63b92ff,20283,14740,assistant/message,True,6087
4b4ea9a9-beb3-4a24-841b-5948b63b92ff,20283,14742,tool/result,True,1996
4b4ea9a9-beb3-4a24-841b-5948b63b92ff,20283,16007,assistant/message,True,13512
4b4ea9a9-beb3-4a24-841b-5948b63b92ff,20283,16009,tool/result,True,1336
4b4ea9a9-beb3-4a24-841b-5948b63b92ff,20283,16509,assistant/message,True,5616
4b4ea9a9-beb3-4a24-841b-5948b63b92ff,20283,16511,tool/result,True,1781
4b4ea9a9-beb3-4a24-841b-5948b63b92ff,20283,17064,assistant/message,True,6332
4b4ea9a9-beb3-4a24-841b-5948b63b92ff,20283,17066,tool/result,True,669
4b4ea9a9-beb3-4a24-841b-5948b63b92ff,20283,17073,user/message,True,2239
4b4ea9a9-beb3-4a24-841b-5948b63b92ff,25424,20284,user/message,True,4548
4b4ea9a9-beb3-4a24-841b-5948b63b92ff,25424,17286,assistant/message,True,3110
4b4ea9a9-beb3-4a24-841b-5948b63b92ff,25424,17288,tool/result,True,4524
4b4ea9a9-beb3-4a24-841b-5948b63b92ff,25424,17995,assistant/message,True,7994
4b4ea9a9-beb3-4a24-841b-5948b63b92ff,25424,17997,tool/result,True,1099
4b4ea9a9-beb3-4a24-841b-5948b63b92ff,25424,18221,assistant/message,True,2906
4b4ea9a9-beb3-4a24-841b-5948b63b92ff,25424,18223,tool/result,True,947
4b4ea9a9-beb3-4a24-841b-5948b63b92ff,25424,18335,assistant/message,True,1917
4b4ea9a9-beb3-4a24-841b-5948b63b92ff,25424,18337,tool/result,True,608
4b4ea9a9-beb3-4a24-841b-5948b63b92ff,25424,18569,assistant/message,True,3173
4b4ea9a9-beb3-4a24-841b-5948b63b92ff,25424,18571,tool/result,True,1566
4b4ea9a9-beb3-4a24-841b-5948b63b92ff,25424,18755,assistant/message,True,2648
4b4ea9a9-beb3-4a24-841b-5948b63b92ff,25424,18757,tool/result,True,604
4b4ea9a9-beb3-4a24-841b-5948b63b92ff,25424,19577,assistant/message,True,9136
4b4ea9a9-beb3-4a24-841b-5948b63b92ff,25424,19579,tool/result,True,2187
4b4ea9a9-beb3-4a24-841b-5948b63b92ff,25424,20278,assistant/message,True,8206
4b4ea9a9-beb3-4a24-841b-5948b63b92ff,25424,20280,tool/result,True,2627
4b4ea9a9-beb3-4a24-841b-5948b63b92ff,25424,20287,user/message,True,2239
4b4ea9a9-beb3-4a24-841b-5948b63b92ff,25424,20628,assistant/message,True,4395
4b4ea9a9-beb3-4a24-841b-5948b63b92ff,25424,20630,tool/result,True,685
4b4ea9a9-beb3-4a24-841b-5948b63b92ff,25424,20633,user/message,True,1205
4b4ea9a9-beb3-4a24-841b-5948b63b92ff,25424,20767,assistant/message,True,2170
4b4ea9a9-beb3-4a24-841b-5948b63b92ff,25424,20769,tool/result,True,1116
4b4ea9a9-beb3-4a24-841b-5948b63b92ff,25424,20915,assistant/message,True,2285
4b4ea9a9-beb3-4a24-841b-5948b63b92ff,25424,20917,tool/result,True,4726
4b4ea9a9-beb3-4a24-841b-5948b63b92ff,33608,25425,user/message,True,4596
4b4ea9a9-beb3-4a24-841b-5948b63b92ff,33608,21214,assistant/message,True,3793
4b4ea9a9-beb3-4a24-841b-5948b63b92ff,33608,21216,tool/result,True,417
4b4ea9a9-beb3-4a24-841b-5948b63b92ff,33608,21417,assistant/message,True,2746
4b4ea9a9-beb3-4a24-841b-5948b63b92ff,33608,21419,tool/result,True,1129
4b4ea9a9-beb3-4a24-841b-5948b63b92ff,33608,21743,assistant/message,True,3597
4b4ea9a9-beb3-4a24-841b-5948b63b92ff,33608,21751,user/message,True,296
4b4ea9a9-beb3-4a24-841b-5948b63b92ff,33608,21752,user/message,True,1867
4b4ea9a9-beb3-4a24-841b-5948b63b92ff,33608,22850,assistant/message,True,12161
4b4ea9a9-beb3-4a24-841b-5948b63b92ff,33608,22852,tool/result,True,538
4b4ea9a9-beb3-4a24-841b-5948b63b92ff,33608,23912,assistant/message,True,11527
4b4ea9a9-beb3-4a24-841b-5948b63b92ff,33608,23914,tool/result,True,478
4b4ea9a9-beb3-4a24-841b-5948b63b92ff,33608,24076,assistant/message,True,2263
4b4ea9a9-beb3-4a24-841b-5948b63b92ff,33608,24078,tool/result,True,868
4b4ea9a9-beb3-4a24-841b-5948b63b92ff,33608,24402,assistant/message,True,3714
4b4ea9a9-beb3-4a24-841b-5948b63b92ff,33608,24404,tool/result,True,900
4b4ea9a9-beb3-4a24-841b-5948b63b92ff,33608,25419,assistant/message,True,11035
4b4ea9a9-beb3-4a24-841b-5948b63b92ff,33608,25421,tool/result,True,1351
4b4ea9a9-beb3-4a24-841b-5948b63b92ff,33608,25428,user/message,True,2241
4b4ea9a9-beb3-4a24-841b-5948b63b92ff,33608,26855,assistant/message,True,15789
4b4ea9a9-beb3-4a24-841b-5948b63b92ff,33608,26857,tool/result,True,2284
4b4ea9a9-beb3-4a24-841b-5948b63b92ff,33608,26860,user/message,True,1205
4b4ea9a9-beb3-4a24-841b-5948b63b92ff,33608,27859,assistant/message,True,11261
4b4ea9a9-beb3-4a24-841b-5948b63b92ff,33608,27861,tool/result,True,752
4b4ea9a9-beb3-4a24-841b-5948b63b92ff,33608,28344,assistant/message,True,5778
4b4ea9a9-beb3-4a24-841b-5948b63b92ff,33608,28346,tool/result,True,1104
4b4ea9a9-beb3-4a24-841b-5948b63b92ff,33608,28713,assistant/message,True,4483
4b4ea9a9-beb3-4a24-841b-5948b63b92ff,33608,28715,tool/result,True,617
4b4ea9a9-beb3-4a24-841b-5948b63b92ff,33608,28935,assistant/message,True,3000
4b4ea9a9-beb3-4a24-841b-5948b63b92ff,33608,28937,tool/result,True,1633
4b4ea9a9-beb3-4a24-841b-5948b63b92ff,38854,33609,user/message,True,4981
4b4ea9a9-beb3-4a24-841b-5948b63b92ff,38854,30249,assistant/message,True,14065
4b4ea9a9-beb3-4a24-841b-5948b63b92ff,38854,30251,tool/result,True,3421
4b4ea9a9-beb3-4a24-841b-5948b63b92ff,38854,31459,assistant/message,True,12963
4b4ea9a9-beb3-4a24-841b-5948b63b92ff,38854,31461,tool/result,True,3104
4b4ea9a9-beb3-4a24-841b-5948b63b92ff,38854,31748,assistant/message,True,3559
4b4ea9a9-beb3-4a24-841b-5948b63b92ff,38854,31750,tool/result,True,1188
4b4ea9a9-beb3-4a24-841b-5948b63b92ff,38854,32782,assistant/message,True,10315
4b4ea9a9-beb3-4a24-841b-5948b63b92ff,38854,32784,tool/result,True,1499
4b4ea9a9-beb3-4a24-841b-5948b63b92ff,38854,33603,assistant/message,True,8617
4b4ea9a9-beb3-4a24-841b-5948b63b92ff,38854,33605,tool/result,True,2147
4b4ea9a9-beb3-4a24-841b-5948b63b92ff,38854,33612,user/message,True,2241
4b4ea9a9-beb3-4a24-841b-5948b63b92ff,38854,34909,assistant/message,True,13371
4b4ea9a9-beb3-4a24-841b-5948b63b92ff,38854,34911,tool/result,True,1654
4b4ea9a9-beb3-4a24-841b-5948b63b92ff,38854,34914,user/message,True,1205
4b4ea9a9-beb3-4a24-841b-5948b63b92ff,42130,38855,user/message,True,5207
4b4ea9a9-beb3-4a24-841b-5948b63b92ff,42130,36122,assistant/message,True,13028
4b4ea9a9-beb3-4a24-841b-5948b63b92ff,42130,36124,tool/result,True,5280
4b4ea9a9-beb3-4a24-841b-5948b63b92ff,42130,36538,assistant/message,True,5183
4b4ea9a9-beb3-4a24-841b-5948b63b92ff,42130,36540,tool/result,True,2041
4b4ea9a9-beb3-4a24-841b-5948b63b92ff,42130,36797,assistant/message,True,3258
4b4ea9a9-beb3-4a24-841b-5948b63b92ff,42130,36799,tool/result,True,1164
4b4ea9a9-beb3-4a24-841b-5948b63b92ff,42130,37111,assistant/message,True,3685
4b4ea9a9-beb3-4a24-841b-5948b63b92ff,42130,37113,tool/result,True,767
4b4ea9a9-beb3-4a24-841b-5948b63b92ff,42130,37303,assistant/message,True,2602
4b4ea9a9-beb3-4a24-841b-5948b63b92ff,42130,37305,tool/result,True,4991
4b4ea9a9-beb3-4a24-841b-5948b63b92ff,44371,42131,user/message,True,5913
4b4ea9a9-beb3-4a24-841b-5948b63b92ff,44371,38847,assistant/message,True,15309
4b4ea9a9-beb3-4a24-841b-5948b63b92ff,44371,38849,tool/result,True,3384
4b4ea9a9-beb3-4a24-841b-5948b63b92ff,44371,38858,user/message,True,2241
4b4ea9a9-beb3-4a24-841b-5948b63b92ff,44371,39652,assistant/message,True,8406
4b4ea9a9-beb3-4a24-841b-5948b63b92ff,44371,39654,tool/result,True,1645
4b4ea9a9-beb3-4a24-841b-5948b63b92ff,44371,39657,user/message,True,1205
4b4ea9a9-beb3-4a24-841b-5948b63b92ff,44371,40218,assistant/message,True,6064
4b4ea9a9-beb3-4a24-841b-5948b63b92ff,44371,40220,tool/result,True,3099
4b4ea9a9-beb3-4a24-841b-5948b63b92ff,44371,41477,assistant/message,True,12163
4b4ea9a9-beb3-4a24-841b-5948b63b92ff,44371,41479,tool/result,True,1592
4b4ea9a9-beb3-4a24-841b-5948b63b92ff,44371,41789,assistant/message,True,3636
4b4ea9a9-beb3-4a24-841b-5948b63b92ff,44371,41791,tool/result,True,612
4b4ea9a9-beb3-4a24-841b-5948b63b92ff,50504,44372,user/message,True,4624
4b4ea9a9-beb3-4a24-841b-5948b63b92ff,50504,42125,assistant/message,True,3990
4b4ea9a9-beb3-4a24-841b-5948b63b92ff,50504,42127,tool/result,True,1949
4b4ea9a9-beb3-4a24-841b-5948b63b92ff,50504,42327,assistant/message,True,2718
4b4ea9a9-beb3-4a24-841b-5948b63b92ff,50504,42329,tool/result,True,5573
4b4ea9a9-beb3-4a24-841b-5948b63b92ff,50504,43203,assistant/message,True,9614
4b4ea9a9-beb3-4a24-841b-5948b63b92ff,50504,43205,tool/result,True,1153
4b4ea9a9-beb3-4a24-841b-5948b63b92ff,50504,43486,assistant/message,True,3798
4b4ea9a9-beb3-4a24-841b-5948b63b92ff,50504,43489,tool/result,True,534
4b4ea9a9-beb3-4a24-841b-5948b63b92ff,50504,43490,tool/result,True,13303
4b4ea9a9-beb3-4a24-841b-5948b63b92ff,50504,43803,assistant/message,True,3806
4b4ea9a9-beb3-4a24-841b-5948b63b92ff,50504,43805,tool/result,True,1669
4b4ea9a9-beb3-4a24-841b-5948b63b92ff,50504,44366,assistant/message,True,6446
4b4ea9a9-beb3-4a24-841b-5948b63b92ff,50504,44368,tool/result,True,1085
4b4ea9a9-beb3-4a24-841b-5948b63b92ff,50504,44375,user/message,True,2241
4b4ea9a9-beb3-4a24-841b-5948b63b92ff,52415,50505,user/message,True,5050
4b4ea9a9-beb3-4a24-841b-5948b63b92ff,52415,47815,assistant/message,True,33618
4b4ea9a9-beb3-4a24-841b-5948b63b92ff,52415,47817,tool/result,True,935
4b4ea9a9-beb3-4a24-841b-5948b63b92ff,52415,47819,tool/result,True,3678
4b4ea9a9-beb3-4a24-841b-5948b63b92ff,52415,47822,user/message,True,1205
4b4ea9a9-beb3-4a24-841b-5948b63b92ff,52415,47952,assistant/message,True,2172
4b4ea9a9-beb3-4a24-841b-5948b63b92ff,52415,47954,tool/result,True,7036
4b4ea9a9-beb3-4a24-841b-5948b63b92ff,56807,52416,user/message,True,1032
4b4ea9a9-beb3-4a24-841b-5948b63b92ff,56807,50497,assistant/message,True,24397
4b4ea9a9-beb3-4a24-841b-5948b63b92ff,56807,50499,tool/result,True,1907
4b4ea9a9-beb3-4a24-841b-5948b63b92ff,56807,50501,tool/result,True,417
4b4ea9a9-beb3-4a24-841b-5948b63b92ff,56807,50508,user/message,True,2241
4b4ea9a9-beb3-4a24-841b-5948b63b92ff,56807,50958,assistant/message,True,5031
4b4ea9a9-beb3-4a24-841b-5948b63b92ff,56807,50960,tool/result,True,497
4b4ea9a9-beb3-4a24-841b-5948b63b92ff,56807,51078,assistant/message,True,2015
4b4ea9a9-beb3-4a24-841b-5948b63b92ff,56807,51080,tool/result,True,1788
4b4ea9a9-beb3-4a24-841b-5948b63b92ff,56807,51952,assistant/message,True,8938
4b4ea9a9-beb3-4a24-841b-5948b63b92ff,56807,51954,tool/result,True,422
4b4ea9a9-beb3-4a24-841b-5948b63b92ff,56807,52141,assistant/message,True,2603
4b4ea9a9-beb3-4a24-841b-5948b63b92ff,56807,52143,tool/result,True,878
4b4ea9a9-beb3-4a24-841b-5948b63b92ff,56807,52410,assistant/message,True,3374
4b4ea9a9-beb3-4a24-841b-5948b63b92ff,56807,52412,tool/result,True,6685
4b4ea9a9-beb3-4a24-841b-5948b63b92ff,61178,56808,user/message,True,3640
4b4ea9a9-beb3-4a24-841b-5948b63b92ff,61178,53117,assistant/message,True,7361
4b4ea9a9-beb3-4a24-841b-5948b63b92ff,61178,53119,tool/result,True,820
4b4ea9a9-beb3-4a24-841b-5948b63b92ff,61178,53121,tool/result,True,417
4b4ea9a9-beb3-4a24-841b-5948b63b92ff,61178,53124,user/message,True,1205
4b4ea9a9-beb3-4a24-841b-5948b63b92ff,61178,53409,assistant/message,True,3607
4b4ea9a9-beb3-4a24-841b-5948b63b92ff,61178,53411,tool/result,True,824
4b4ea9a9-beb3-4a24-841b-5948b63b92ff,61178,54181,assistant/message,True,8300
4b4ea9a9-beb3-4a24-841b-5948b63b92ff,61178,54183,tool/result,True,1279
4b4ea9a9-beb3-4a24-841b-5948b63b92ff,61178,54185,tool/result,True,417
4b4ea9a9-beb3-4a24-841b-5948b63b92ff,61178,54470,assistant/message,True,3432
4b4ea9a9-beb3-4a24-841b-5948b63b92ff,61178,54472,tool/result,True,409
4b4ea9a9-beb3-4a24-841b-5948b63b92ff,61178,54753,assistant/message,True,3535
4b4ea9a9-beb3-4a24-841b-5948b63b92ff,61178,54755,tool/result,True,414
4b4ea9a9-beb3-4a24-841b-5948b63b92ff,61178,55192,assistant/message,True,5252
4b4ea9a9-beb3-4a24-841b-5948b63b92ff,61178,55194,tool/result,True,488
4b4ea9a9-beb3-4a24-841b-5948b63b92ff,61178,55502,assistant/message,True,3744
4b4ea9a9-beb3-4a24-841b-5948b63b92ff,61178,55504,tool/result,True,417
4b4ea9a9-beb3-4a24-841b-5948b63b92ff,61178,55760,assistant/message,True,3324
4b4ea9a9-beb3-4a24-841b-5948b63b92ff,61178,55762,tool/result,True,448
4b4ea9a9-beb3-4a24-841b-5948b63b92ff,61178,55959,assistant/message,True,2625
4b4ea9a9-beb3-4a24-841b-5948b63b92ff,61178,55961,tool/result,True,983
4b4ea9a9-beb3-4a24-841b-5948b63b92ff,61178,56346,assistant/message,True,4438
4b4ea9a9-beb3-4a24-841b-5948b63b92ff,61178,56348,tool/result,True,2367
4b4ea9a9-beb3-4a24-841b-5948b63b92ff,63981,61179,user/message,True,3563
4b4ea9a9-beb3-4a24-841b-5948b63b92ff,63981,56802,assistant/message,True,4933
4b4ea9a9-beb3-4a24-841b-5948b63b92ff,63981,56804,tool/result,True,3981
4b4ea9a9-beb3-4a24-841b-5948b63b92ff,63981,56811,user/message,True,2241
4b4ea9a9-beb3-4a24-841b-5948b63b92ff,63981,57989,assistant/message,True,12455
4b4ea9a9-beb3-4a24-841b-5948b63b92ff,63981,57991,tool/result,True,434
4b4ea9a9-beb3-4a24-841b-5948b63b92ff,63981,57993,tool/result,True,1582
4b4ea9a9-beb3-4a24-841b-5948b63b92ff,63981,58624,assistant/message,True,6949
4b4ea9a9-beb3-4a24-841b-5948b63b92ff,63981,58626,tool/result,True,515
4b4ea9a9-beb3-4a24-841b-5948b63b92ff,63981,58937,assistant/message,True,3902
4b4ea9a9-beb3-4a24-841b-5948b63b92ff,63981,58939,tool/result,True,507
4b4ea9a9-beb3-4a24-841b-5948b63b92ff,63981,58941,tool/result,True,472
4b4ea9a9-beb3-4a24-841b-5948b63b92ff,63981,59688,assistant/message,True,7505
4b4ea9a9-beb3-4a24-841b-5948b63b92ff,63981,59690,tool/result,True,547
4b4ea9a9-beb3-4a24-841b-5948b63b92ff,63981,59692,tool/result,True,569
4b4ea9a9-beb3-4a24-841b-5948b63b92ff,63981,60532,assistant/message,True,8487
4b4ea9a9-beb3-4a24-841b-5948b63b92ff,63981,60534,tool/result,True,488
4b4ea9a9-beb3-4a24-841b-5948b63b92ff,63981,60660,assistant/message,True,2068
4b4ea9a9-beb3-4a24-841b-5948b63b92ff,63981,60662,tool/result,True,949
4b4ea9a9-beb3-4a24-841b-5948b63b92ff,68964,63982,user/message,True,3945
4b4ea9a9-beb3-4a24-841b-5948b63b92ff,68964,60870,assistant/message,True,2892
4b4ea9a9-beb3-4a24-841b-5948b63b92ff,68964,60872,tool/result,True,566
4b4ea9a9-beb3-4a24-841b-5948b63b92ff,68964,61101,assistant/message,True,3112
4b4ea9a9-beb3-4a24-841b-5948b63b92ff,68964,61103,tool/result,True,965
4b4ea9a9-beb3-4a24-841b-5948b63b92ff,68964,61173,assistant/message,True,1526
4b4ea9a9-beb3-4a24-841b-5948b63b92ff,68964,61175,tool/result,True,2586
4b4ea9a9-beb3-4a24-841b-5948b63b92ff,68964,61306,assistant/message,True,2098
4b4ea9a9-beb3-4a24-841b-5948b63b92ff,68964,61308,tool/result,True,12165
4b4ea9a9-beb3-4a24-841b-5948b63b92ff,68964,61311,user/message,True,1205
4b4ea9a9-beb3-4a24-841b-5948b63b92ff,68964,61561,assistant/message,True,3350
4b4ea9a9-beb3-4a24-841b-5948b63b92ff,68964,61563,tool/result,True,6829
4b4ea9a9-beb3-4a24-841b-5948b63b92ff,68964,61825,assistant/message,True,3399
4b4ea9a9-beb3-4a24-841b-5948b63b92ff,68964,61827,tool/result,True,876
4b4ea9a9-beb3-4a24-841b-5948b63b92ff,68964,62427,assistant/message,True,6246
4b4ea9a9-beb3-4a24-841b-5948b63b92ff,68964,62429,tool/result,True,2240
4ba0c0e7-bf7c-4744-94bd-add5b5a20878,99,8,user/message,True,1624
4ba0c0e7-bf7c-4744-94bd-add5b5a20878,99,9,user/message,True,2238
4ba0c0e7-bf7c-4744-94bd-add5b5a20878,99,10,user/message,True,1208
4ba0c0e7-bf7c-4744-94bd-add5b5a20878,99,15,assistant/message,True,3949
4ba0c0e7-bf7c-4744-94bd-add5b5a20878,99,18,tool/result,True,5316
4ba0c0e7-bf7c-4744-94bd-add5b5a20878,99,19,tool/result,True,7326
4ba0c0e7-bf7c-4744-94bd-add5b5a20878,99,22,assistant/message,True,81189
4ba0c0e7-bf7c-4744-94bd-add5b5a20878,99,24,tool/result,True,2925
4ba0c0e7-bf7c-4744-94bd-add5b5a20878,99,27,assistant/message,True,22474
4ba0c0e7-bf7c-4744-94bd-add5b5a20878,99,29,tool/result,True,529
4ba0c0e7-bf7c-4744-94bd-add5b5a20878,99,32,assistant/message,True,3358
4ba0c0e7-bf7c-4744-94bd-add5b5a20878,99,34,tool/result,True,594
4ba0c0e7-bf7c-4744-94bd-add5b5a20878,99,37,assistant/message,True,4083
4ba0c0e7-bf7c-4744-94bd-add5b5a20878,99,39,tool/result,True,829
4ba0c0e7-bf7c-4744-94bd-add5b5a20878,99,42,assistant/message,True,3268
4ba0c0e7-bf7c-4744-94bd-add5b5a20878,99,44,tool/result,True,569
4ba0c0e7-bf7c-4744-94bd-add5b5a20878,99,47,assistant/message,True,3857
4ba0c0e7-bf7c-4744-94bd-add5b5a20878,99,49,tool/result,True,594
4ba0c0e7-bf7c-4744-94bd-add5b5a20878,156,100,user/message,True,8293
4ba0c0e7-bf7c-4744-94bd-add5b5a20878,156,52,assistant/message,True,5673
4ba0c0e7-bf7c-4744-94bd-add5b5a20878,156,54,tool/result,True,4516
4ba0c0e7-bf7c-4744-94bd-add5b5a20878,156,56,tool/result,True,525
4ba0c0e7-bf7c-4744-94bd-add5b5a20878,156,59,assistant/message,True,4325
4ba0c0e7-bf7c-4744-94bd-add5b5a20878,156,61,tool/result,True,618
4ba0c0e7-bf7c-4744-94bd-add5b5a20878,156,64,assistant/message,True,4180
4ba0c0e7-bf7c-4744-94bd-add5b5a20878,156,66,tool/result,True,602
4ba0c0e7-bf7c-4744-94bd-add5b5a20878,156,69,assistant/message,True,5161
4ba0c0e7-bf7c-4744-94bd-add5b5a20878,156,71,tool/result,True,469
4ba0c0e7-bf7c-4744-94bd-add5b5a20878,156,73,tool/result,True,631
4ba0c0e7-bf7c-4744-94bd-add5b5a20878,156,76,assistant/message,True,8541
4ba0c0e7-bf7c-4744-94bd-add5b5a20878,156,78,tool/result,True,419
4ba0c0e7-bf7c-4744-94bd-add5b5a20878,156,81,assistant/message,True,12346
4ba0c0e7-bf7c-4744-94bd-add5b5a20878,156,88,user/message,True,1437
4ba0c0e7-bf7c-4744-94bd-add5b5a20878,156,89,assistant/message,True,34741
4ba0c0e7-bf7c-4744-94bd-add5b5a20878,156,91,tool/result,True,727
4ba0c0e7-bf7c-4744-94bd-add5b5a20878,156,94,assistant/message,True,17214
4ba0c0e7-bf7c-4744-94bd-add5b5a20878,156,96,tool/result,True,527
4ba0c0e7-bf7c-4744-94bd-add5b5a20878,156,103,user/message,True,2240
4ba0c0e7-bf7c-4744-94bd-add5b5a20878,156,105,assistant/message,True,3655
4ba0c0e7-bf7c-4744-94bd-add5b5a20878,156,107,tool/result,True,537
4ba0c0e7-bf7c-4744-94bd-add5b5a20878,156,110,user/message,True,1209
4ba0c0e7-bf7c-4744-94bd-add5b5a20878,156,111,assistant/message,True,3731
4ba0c0e7-bf7c-4744-94bd-add5b5a20878,156,113,tool/result,True,544
4ba0c0e7-bf7c-4744-94bd-add5b5a20878,156,116,assistant/message,True,3691
4ba0c0e7-bf7c-4744-94bd-add5b5a20878,156,118,tool/result,True,548
4ba0c0e7-bf7c-4744-94bd-add5b5a20878,156,121,assistant/message,True,10284
4ba0c0e7-bf7c-4744-94bd-add5b5a20878,191,157,user/message,True,10453
4ba0c0e7-bf7c-4744-94bd-add5b5a20878,191,128,user/message,True,1255
4ba0c0e7-bf7c-4744-94bd-add5b5a20878,191,129,assistant/message,True,19273
4ba0c0e7-bf7c-4744-94bd-add5b5a20878,191,132,tool/result,True,5318
4ba0c0e7-bf7c-4744-94bd-add5b5a20878,191,133,tool/result,True,7752
4ba0c0e7-bf7c-4744-94bd-add5b5a20878,191,136,assistant/message,True,26225
4ba0c0e7-bf7c-4744-94bd-add5b5a20878,191,138,tool/result,True,1234
4ba0c0e7-bf7c-4744-94bd-add5b5a20878,191,141,assistant/message,True,6009
4ba0c0e7-bf7c-4744-94bd-add5b5a20878,191,143,tool/result,True,2258
4ba0c0e7-bf7c-4744-94bd-add5b5a20878,191,146,assistant/message,True,3562
4ba0c0e7-bf7c-4744-94bd-add5b5a20878,191,148,tool/result,True,5666
4ba0c0e7-bf7c-4744-94bd-add5b5a20878,191,151,assistant/message,True,12075
4ba0c0e7-bf7c-4744-94bd-add5b5a20878,191,153,tool/result,True,2303
4ba0c0e7-bf7c-4744-94bd-add5b5a20878,191,160,user/message,True,2240
4ba0c0e7-bf7c-4744-94bd-add5b5a20878,191,162,assistant/message,True,6407
4ba0c0e7-bf7c-4744-94bd-add5b5a20878,191,164,tool/result,True,1358
4ba0c0e7-bf7c-4744-94bd-add5b5a20878,191,167,user/message,True,1209
4bcc372d-1ca9-4b23-8f31-c9963b32b3c4,59,52,tool/result,True,10584
4bcc372d-1ca9-4b23-8f31-c9963b32b3c4,68,8,user/message,True,2691
4bcc372d-1ca9-4b23-8f31-c9963b32b3c4,68,9,user/message,True,2238
4bcc372d-1ca9-4b23-8f31-c9963b32b3c4,68,10,user/message,True,1196
4bcc372d-1ca9-4b23-8f31-c9963b32b3c4,68,15,assistant/message,True,6343
4bcc372d-1ca9-4b23-8f31-c9963b32b3c4,68,18,tool/result,True,456
4bcc372d-1ca9-4b23-8f31-c9963b32b3c4,68,21,assistant/message,True,4993
4bcc372d-1ca9-4b23-8f31-c9963b32b3c4,68,23,tool/result,True,13296
4bcc372d-1ca9-4b23-8f31-c9963b32b3c4,68,25,tool/result,True,1845
4bcc372d-1ca9-4b23-8f31-c9963b32b3c4,68,28,assistant/message,True,5609
4bcc372d-1ca9-4b23-8f31-c9963b32b3c4,68,30,tool/result,True,2874
4bcc372d-1ca9-4b23-8f31-c9963b32b3c4,68,32,tool/result,True,1368
4bcc372d-1ca9-4b23-8f31-c9963b32b3c4,98,69,user/message,True,8706
4bcc372d-1ca9-4b23-8f31-c9963b32b3c4,98,35,assistant/message,True,3947
4bcc372d-1ca9-4b23-8f31-c9963b32b3c4,98,37,tool/result,True,6693
4bcc372d-1ca9-4b23-8f31-c9963b32b3c4,98,40,assistant/message,True,4528
4bcc372d-1ca9-4b23-8f31-c9963b32b3c4,98,42,tool/result,True,842
4bcc372d-1ca9-4b23-8f31-c9963b32b3c4,98,45,assistant/message,True,5029
4bcc372d-1ca9-4b23-8f31-c9963b32b3c4,98,47,tool/result,True,6286
4bcc372d-1ca9-4b23-8f31-c9963b32b3c4,123,99,user/message,True,9215
4bcc372d-1ca9-4b23-8f31-c9963b32b3c4,123,50,assistant/message,True,5053
4bcc372d-1ca9-4b23-8f31-c9963b32b3c4,123,60,tool/result,True,5663
4bcc372d-1ca9-4b23-8f31-c9963b32b3c4,123,55,assistant/message,True,5730
4bcc372d-1ca9-4b23-8f31-c9963b32b3c4,123,57,tool/result,True,2935
4bcc372d-1ca9-4b23-8f31-c9963b32b3c4,123,63,assistant/message,True,11559
4bcc372d-1ca9-4b23-8f31-c9963b32b3c4,123,65,tool/result,True,1637
4bcc372d-1ca9-4b23-8f31-c9963b32b3c4,123,72,user/message,True,2239
4bcc372d-1ca9-4b23-8f31-c9963b32b3c4,123,74,assistant/message,True,15291
4bcc372d-1ca9-4b23-8f31-c9963b32b3c4,123,76,tool/result,True,653
4bcc372d-1ca9-4b23-8f31-c9963b32b3c4,123,79,user/message,True,1196
4bcc372d-1ca9-4b23-8f31-c9963b32b3c4,123,87,user/message,True,293
4bcc372d-1ca9-4b23-8f31-c9963b32b3c4,123,88,assistant/message,True,6036
4bcc372d-1ca9-4b23-8f31-c9963b32b3c4,123,90,tool/result,True,1400
4bcc372d-1ca9-4b23-8f31-c9963b32b3c4,139,137,tool/result,True,20787
4bcc372d-1ca9-4b23-8f31-c9963b32b3c4,152,150,tool/result,True,9021
4bcc372d-1ca9-4b23-8f31-c9963b32b3c4,155,124,user/message,True,11072
4bcc372d-1ca9-4b23-8f31-c9963b32b3c4,155,93,assistant/message,True,10655
4bcc372d-1ca9-4b23-8f31-c9963b32b3c4,155,95,tool/result,True,505
4bcc372d-1ca9-4b23-8f31-c9963b32b3c4,155,103,assistant/message,True,7489
4bcc372d-1ca9-4b23-8f31-c9963b32b3c4,155,105,tool/result,True,489
4bcc372d-1ca9-4b23-8f31-c9963b32b3c4,155,108,assistant/message,True,11626
4bcc372d-1ca9-4b23-8f31-c9963b32b3c4,155,110,tool/result,True,1800
4bcc372d-1ca9-4b23-8f31-c9963b32b3c4,155,113,assistant/message,True,10216
4bcc372d-1ca9-4b23-8f31-c9963b32b3c4,155,115,tool/result,True,1129
4bcc372d-1ca9-4b23-8f31-c9963b32b3c4,164,162,tool/result,True,18907
4bcc372d-1ca9-4b23-8f31-c9963b32b3c4,173,156,user/message,True,12674
4bcc372d-1ca9-4b23-8f31-c9963b32b3c4,173,118,assistant/message,True,51001
4bcc372d-1ca9-4b23-8f31-c9963b32b3c4,173,120,tool/result,True,1096
4bcc372d-1ca9-4b23-8f31-c9963b32b3c4,173,127,user/message,True,2240
4bcc372d-1ca9-4b23-8f31-c9963b32b3c4,173,129,assistant/message,True,7430
4bcc372d-1ca9-4b23-8f31-c9963b32b3c4,173,131,tool/result,True,412
4bcc372d-1ca9-4b23-8f31-c9963b32b3c4,173,134,user/message,True,1197
4bcc372d-1ca9-4b23-8f31-c9963b32b3c4,184,174,user/message,True,14776
4bcc372d-1ca9-4b23-8f31-c9963b32b3c4,184,135,assistant/message,True,8004
4bcc372d-1ca9-4b23-8f31-c9963b32b3c4,184,140,tool/result,True,5642
4bcc372d-1ca9-4b23-8f31-c9963b32b3c4,184,143,assistant/message,True,5868
4bcc372d-1ca9-4b23-8f31-c9963b32b3c4,184,145,tool/result,True,513
4bcc372d-1ca9-4b23-8f31-c9963b32b3c4,200,185,user/message,True,14000
4bcc372d-1ca9-4b23-8f31-c9963b32b3c4,200,148,assistant/message,True,8172
4bcc372d-1ca9-4b23-8f31-c9963b32b3c4,200,153,tool/result,True,5714
4bcc372d-1ca9-4b23-8f31-c9963b32b3c4,200,160,assistant/message,True,11102
4bcc372d-1ca9-4b23-8f31-c9963b32b3c4,200,165,tool/result,True,5653
4bcc372d-1ca9-4b23-8f31-c9963b32b3c4,215,201,user/message,True,10778
4bcc372d-1ca9-4b23-8f31-c9963b32b3c4,215,168,assistant/message,True,26662
4bcc372d-1ca9-4b23-8f31-c9963b32b3c4,215,170,tool/result,True,637
4bcc372d-1ca9-4b23-8f31-c9963b32b3c4,215,177,user/message,True,2240
4bcc372d-1ca9-4b23-8f31-c9963b32b3c4,215,179,assistant/message,True,20310
4bcc372d-1ca9-4b23-8f31-c9963b32b3c4,215,181,tool/result,True,1363
4bcc372d-1ca9-4b23-8f31-c9963b32b3c4,215,188,user/message,True,1197
4bcc372d-1ca9-4b23-8f31-c9963b32b3c4,215,190,assistant/message,True,15308
4bcc372d-1ca9-4b23-8f31-c9963b32b3c4,215,192,tool/result,True,1527
4bcc372d-1ca9-4b23-8f31-c9963b32b3c4,239,216,user/message,True,12437
4bcc372d-1ca9-4b23-8f31-c9963b32b3c4,239,195,assistant/message,True,12717
4bcc372d-1ca9-4b23-8f31-c9963b32b3c4,239,197,tool/result,True,3347
4bcc372d-1ca9-4b23-8f31-c9963b32b3c4,239,205,assistant/message,True,19707
4bcc372d-1ca9-4b23-8f31-c9963b32b3c4,239,207,tool/result,True,672
4bcc372d-1ca9-4b23-8f31-c9963b32b3c4,254,240,user/message,True,13824
4bcc372d-1ca9-4b23-8f31-c9963b32b3c4,264,255,user/message,True,13143
4bcc372d-1ca9-4b23-8f31-c9963b32b3c4,264,210,assistant/message,True,70697
4bcc372d-1ca9-4b23-8f31-c9963b32b3c4,264,212,tool/result,True,704
4bcc372d-1ca9-4b23-8f31-c9963b32b3c4,264,219,user/message,True,2240
4bcc372d-1ca9-4b23-8f31-c9963b32b3c4,294,265,user/message,True,14998
4bcc372d-1ca9-4b23-8f31-c9963b32b3c4,294,221,assistant/message,True,44205
4bcc372d-1ca9-4b23-8f31-c9963b32b3c4,294,225,tool/result,True,539
4bcc372d-1ca9-4b23-8f31-c9963b32b3c4,294,228,user/message,True,1197
4bcc372d-1ca9-4b23-8f31-c9963b32b3c4,312,295,user/message,True,13598
4bcc372d-1ca9-4b23-8f31-c9963b32b3c4,312,229,assistant/message,True,4125
4bcc372d-1ca9-4b23-8f31-c9963b32b3c4,312,231,tool/result,True,3465
4bcc372d-1ca9-4b23-8f31-c9963b32b3c4,312,234,assistant/message,True,13222
4bcc372d-1ca9-4b23-8f31-c9963b32b3c4,312,236,tool/result,True,516
4bcc372d-1ca9-4b23-8f31-c9963b32b3c4,312,244,assistant/message,True,7218
4bcc372d-1ca9-4b23-8f31-c9963b32b3c4,312,246,tool/result,True,520
4bcc372d-1ca9-4b23-8f31-c9963b32b3c4,312,249,assistant/message,True,7768
4bcc372d-1ca9-4b23-8f31-c9963b32b3c4,312,251,tool/result,True,768
4bcc372d-1ca9-4b23-8f31-c9963b32b3c4,312,259,assistant/message,True,7973
4bcc372d-1ca9-4b23-8f31-c9963b32b3c4,312,261,tool/result,True,3427
4bcc372d-1ca9-4b23-8f31-c9963b32b3c4,322,313,user/message,True,15873
4bcc372d-1ca9-4b23-8f31-c9963b32b3c4,322,268,user/message,True,2240
4bcc372d-1ca9-4b23-8f31-c9963b32b3c4,322,270,assistant/message,True,16239
4bcc372d-1ca9-4b23-8f31-c9963b32b3c4,322,272,tool/result,True,704
4bcc372d-1ca9-4b23-8f31-c9963b32b3c4,340,323,user/message,True,16608
4bcc372d-1ca9-4b23-8f31-c9963b32b3c4,340,275,assistant/message,True,4768
4bcc372d-1ca9-4b23-8f31-c9963b32b3c4,340,279,tool/result,True,1781
4bcc372d-1ca9-4b23-8f31-c9963b32b3c4,340,282,assistant/message,True,7349
4bcc372d-1ca9-4b23-8f31-c9963b32b3c4,340,284,tool/result,True,832
4bcc372d-1ca9-4b23-8f31-c9963b32b3c4,340,287,assistant/message,True,5434
4bcc372d-1ca9-4b23-8f31-c9963b32b3c4,340,291,tool/result,True,3249
4bcc372d-1ca9-4b23-8f31-c9963b32b3c4,350,341,user/message,True,16386
4bcc372d-1ca9-4b23-8f31-c9963b32b3c4,350,299,assistant/message,True,14229
4bcc372d-1ca9-4b23-8f31-c9963b32b3c4,350,303,tool/result,True,1124
4bcc372d-1ca9-4b23-8f31-c9963b32b3c4,350,306,user/message,True,1197
4bcc372d-1ca9-4b23-8f31-c9963b32b3c4,368,351,user/message,True,11837
4bcc372d-1ca9-4b23-8f31-c9963b32b3c4,384,369,user/message,True,11788
4bcc372d-1ca9-4b23-8f31-c9963b32b3c4,384,307,assistant/message,True,8177
4bcc372d-1ca9-4b23-8f31-c9963b32b3c4,384,309,tool/result,True,6207
4bcc372d-1ca9-4b23-8f31-c9963b32b3c4,394,392,tool/result,True,21534
4bcc372d-1ca9-4b23-8f31-c9963b32b3c4,397,385,user/message,True,12591
4bcc372d-1ca9-4b23-8f31-c9963b32b3c4,397,317,assistant/message,True,5993
4bcc372d-1ca9-4b23-8f31-c9963b32b3c4,397,319,tool/result,True,3627
4bcc372d-1ca9-4b23-8f31-c9963b32b3c4,397,326,user/message,True,2240
4bcc372d-1ca9-4b23-8f31-c9963b32b3c4,397,328,assistant/message,True,5529
4bcc372d-1ca9-4b23-8f31-c9963b32b3c4,397,330,tool/result,True,3977
4bcc372d-1ca9-4b23-8f31-c9963b32b3c4,397,335,assistant/message,True,11558
4bcc372d-1ca9-4b23-8f31-c9963b32b3c4,397,337,tool/result,True,1215
4bcc372d-1ca9-4b23-8f31-c9963b32b3c4,415,398,user/message,True,12930
4bcc372d-1ca9-4b23-8f31-c9963b32b3c4,415,345,assistant/message,True,10175
4bcc372d-1ca9-4b23-8f31-c9963b32b3c4,415,347,tool/result,True,1393
4bcc372d-1ca9-4b23-8f31-c9963b32b3c4,415,355,assistant/message,True,16306
4bcc372d-1ca9-4b23-8f31-c9963b32b3c4,415,357,tool/result,True,413
4bcc372d-1ca9-4b23-8f31-c9963b32b3c4,415,362,user/message,True,1197
4bcc372d-1ca9-4b23-8f31-c9963b32b3c4,415,363,assistant/message,True,5932
4bcc372d-1ca9-4b23-8f31-c9963b32b3c4,415,365,tool/result,True,683
4bcc372d-1ca9-4b23-8f31-c9963b32b3c4,415,373,assistant/message,True,5500
4bcc372d-1ca9-4b23-8f31-c9963b32b3c4,415,375,tool/result,True,629
4bcc372d-1ca9-4b23-8f31-c9963b32b3c4,415,388,user/message,True,1271
4bcc372d-1ca9-4b23-8f31-c9963b32b3c4,468,416,user/message,True,14589
4bcc372d-1ca9-4b23-8f31-c9963b32b3c4,468,390,assistant/message,True,32048
4bcc372d-1ca9-4b23-8f31-c9963b32b3c4,468,395,tool/result,True,17994
4bcc372d-1ca9-4b23-8f31-c9963b32b3c4,485,483,tool/result,True,9416
4bcc372d-1ca9-4b23-8f31-c9963b32b3c4,505,469,user/message,True,14639
4bcc372d-1ca9-4b23-8f31-c9963b32b3c4,505,401,user/message,True,2240
4bcc372d-1ca9-4b23-8f31-c9963b32b3c4,505,403,assistant/message,True,3347
4bcc372d-1ca9-4b23-8f31-c9963b32b3c4,505,405,tool/result,True,10220
4bcc372d-1ca9-4b23-8f31-c9963b32b3c4,505,408,assistant/message,True,30168
4bcc372d-1ca9-4b23-8f31-c9963b32b3c4,505,410,tool/result,True,703
4bcc372d-1ca9-4b23-8f31-c9963b32b3c4,505,412,tool/result,True,703
4bcc372d-1ca9-4b23-8f31-c9963b32b3c4,505,420,assistant/message,True,10244
4bcc372d-1ca9-4b23-8f31-c9963b32b3c4,505,424,tool/result,True,742
4bcc372d-1ca9-4b23-8f31-c9963b32b3c4,505,428,tool/result,True,1938
4bcc372d-1ca9-4b23-8f31-c9963b32b3c4,505,431,user/message,True,1197
4bcc372d-1ca9-4b23-8f31-c9963b32b3c4,505,432,assistant/message,True,9904
4bcc372d-1ca9-4b23-8f31-c9963b32b3c4,505,436,tool/result,True,1135
4bcc372d-1ca9-4b23-8f31-c9963b32b3c4,505,440,tool/result,True,1241
4bcc372d-1ca9-4b23-8f31-c9963b32b3c4,505,443,assistant/message,True,24650
4bcc372d-1ca9-4b23-8f31-c9963b32b3c4,505,447,tool/result,True,1408
4bcc372d-1ca9-4b23-8f31-c9963b32b3c4,505,451,tool/result,True,1689
4bcc372d-1ca9-4b23-8f31-c9963b32b3c4,505,455,tool/result,True,1471
4bcc372d-1ca9-4b23-8f31-c9963b32b3c4,505,459,tool/result,True,2543
4bcc372d-1ca9-4b23-8f31-c9963b32b3c4,505,473,assistant/message,True,8273
4bcc372d-1ca9-4b23-8f31-c9963b32b3c4,505,475,tool/result,True,3471
4bcc372d-1ca9-4b23-8f31-c9963b32b3c4,505,479,user/message,True,308
4bcc372d-1ca9-4b23-8f31-c9963b32b3c4,516,506,user/message,True,12937
4bcc372d-1ca9-4b23-8f31-c9963b32b3c4,516,480,user/message,True,1053
4bcc372d-1ca9-4b23-8f31-c9963b32b3c4,516,481,assistant/message,True,4272
4bcc372d-1ca9-4b23-8f31-c9963b32b3c4,516,486,tool/result,True,5645
4bcc372d-1ca9-4b23-8f31-c9963b32b3c4,541,517,user/message,True,12250
4bcc372d-1ca9-4b23-8f31-c9963b32b3c4,541,489,assistant/message,True,7233
4bcc372d-1ca9-4b23-8f31-c9963b32b3c4,541,491,tool/result,True,1787
4bcc372d-1ca9-4b23-8f31-c9963b32b3c4,541,493,tool/result,True,9327
4bcc372d-1ca9-4b23-8f31-c9963b32b3c4,541,498,assistant/message,True,45856
4bcc372d-1ca9-4b23-8f31-c9963b32b3c4,541,500,tool/result,True,1556
4bcc372d-1ca9-4b23-8f31-c9963b32b3c4,541,502,tool/result,True,1950
4bcc372d-1ca9-4b23-8f31-c9963b32b3c4,541,509,user/message,True,2240
4bcc372d-1ca9-4b23-8f31-c9963b32b3c4,564,542,user/message,True,12669
4bcc372d-1ca9-4b23-8f31-c9963b32b3c4,564,511,assistant/message,True,29488
4bcc372d-1ca9-4b23-8f31-c9963b32b3c4,564,513,tool/result,True,544
4bcc372d-1ca9-4b23-8f31-c9963b32b3c4,564,521,assistant/message,True,5868
4bcc372d-1ca9-4b23-8f31-c9963b32b3c4,564,523,tool/result,True,449
4bcc372d-1ca9-4b23-8f31-c9963b32b3c4,564,526,user/message,True,1053
4bcc372d-1ca9-4b23-8f31-c9963b32b3c4,564,527,assistant/message,True,5484
4bcc372d-1ca9-4b23-8f31-c9963b32b3c4,564,529,tool/result,True,9829
4bcc372d-1ca9-4b23-8f31-c9963b32b3c4,564,531,tool/result,True,3205
4bcc372d-1ca9-4b23-8f31-c9963b32b3c4,564,534,assistant/message,True,27285
4bcc372d-1ca9-4b23-8f31-c9963b32b3c4,564,536,tool/result,True,2465
4bcc372d-1ca9-4b23-8f31-c9963b32b3c4,564,538,tool/result,True,1311
4bcc372d-1ca9-4b23-8f31-c9963b32b3c4,564,545,user/message,True,2240
4bcc372d-1ca9-4b23-8f31-c9963b32b3c4,564,547,assistant/message,True,3535
4bcc372d-1ca9-4b23-8f31-c9963b32b3c4,564,549,tool/result,True,3380
4bcc372d-1ca9-4b23-8f31-c9963b32b3c4,578,565,user/message,True,13004
4bcc372d-1ca9-4b23-8f31-c9963b32b3c4,578,552,assistant/message,True,23357
4bcc372d-1ca9-4b23-8f31-c9963b32b3c4,578,554,tool/result,True,1551
4bcc372d-1ca9-4b23-8f31-c9963b32b3c4,578,557,assistant/message,True,46291
4bcc372d-1ca9-4b23-8f31-c9963b32b3c4,578,559,tool/result,True,7733
4bcc372d-1ca9-4b23-8f31-c9963b32b3c4,578,561,tool/result,True,8247
4bcc372d-1ca9-4b23-8f31-c9963b32b3c4,578,568,user/message,True,2240
4bcc372d-1ca9-4b23-8f31-c9963b32b3c4,596,593,tool/result,True,20830
4bcc372d-1ca9-4b23-8f31-c9963b32b3c4,598,594,tool/result,True,36136
4bcc372d-1ca9-4b23-8f31-c9963b32b3c4,632,579,user/message,True,13520
4bcc372d-1ca9-4b23-8f31-c9963b32b3c4,632,570,assistant/message,True,121560
4bcc372d-1ca9-4b23-8f31-c9963b32b3c4,632,582,user/message,True,294
4bcc372d-1ca9-4b23-8f31-c9963b32b3c4,632,583,user/message,True,2240
4bcc372d-1ca9-4b23-8f31-c9963b32b3c4,632,584,user/message,True,1053
4bcc372d-1ca9-4b23-8f31-c9963b32b3c4,632,586,assistant/message,True,6842
4bcc372d-1ca9-4b23-8f31-c9963b32b3c4,632,591,tool/result,True,13298
4bcc372d-1ca9-4b23-8f31-c9963b32b3c4,632,592,tool/result,True,7732
4bcc372d-1ca9-4b23-8f31-c9963b32b3c4,632,597,tool/result,True,16556
4bcc372d-1ca9-4b23-8f31-c9963b32b3c4,632,599,tool/result,True,24840
4bcc372d-1ca9-4b23-8f31-c9963b32b3c4,648,633,user/message,True,14238
4bcc372d-1ca9-4b23-8f31-c9963b32b3c4,648,602,assistant/message,True,76881
4bcc372d-1ca9-4b23-8f31-c9963b32b3c4,648,604,tool/result,True,9566
4bcc372d-1ca9-4b23-8f31-c9963b32b3c4,648,609,assistant/message,True,5841
4bcc372d-1ca9-4b23-8f31-c9963b32b3c4,648,611,tool/result,True,2402
4bcc372d-1ca9-4b23-8f31-c9963b32b3c4,648,616,assistant/message,True,37729
4bcc372d-1ca9-4b23-8f31-c9963b32b3c4,648,624,user/message,True,1736
4bcc372d-1ca9-4b23-8f31-c9963b32b3c4,648,625,assistant/message,True,20208
4bcc372d-1ca9-4b23-8f31-c9963b32b3c4,648,636,user/message,True,347
4bcc372d-1ca9-4b23-8f31-c9963b32b3c4,648,637,user/message,True,2240
4bcc372d-1ca9-4b23-8f31-c9963b32b3c4,669,649,user/message,True,13162
4bcc372d-1ca9-4b23-8f31-c9963b32b3c4,669,639,assistant/message,True,122238
4bcc372d-1ca9-4b23-8f31-c9963b32b3c4,669,643,tool/result,True,13298
4bcc372d-1ca9-4b23-8f31-c9963b32b3c4,669,644,tool/result,True,7732
4bcc372d-1ca9-4b23-8f31-c9963b32b3c4,669,645,tool/result,True,16106
4bcc372d-1ca9-4b23-8f31-c9963b32b3c4,669,652,user/message,True,2240
4bcc372d-1ca9-4b23-8f31-c9963b32b3c4,669,653,user/message,True,1053
4bcc372d-1ca9-4b23-8f31-c9963b32b3c4,693,670,user/message,True,13613
4bcc372d-1ca9-4b23-8f31-c9963b32b3c4,704,694,user/message,True,13542
4f208ec8-efa4-40e6-910c-53385978ad3a,3947,390,tool/result,True,8878
4f208ec8-efa4-40e6-910c-53385978ad3a,3950,7,user/message,True,1066
4f208ec8-efa4-40e6-910c-53385978ad3a,3950,8,user/message,True,1201
4f208ec8-efa4-40e6-910c-53385978ad3a,3950,388,assistant/message,True,3568
4f208ec8-efa4-40e6-910c-53385978ad3a,3950,3948,tool/result,True,5683
4f208ec8-efa4-40e6-910c-53385978ad3a,3950,482,assistant/message,True,1483
4f208ec8-efa4-40e6-910c-53385978ad3a,3950,484,tool/result,True,3825
4f208ec8-efa4-40e6-910c-53385978ad3a,3950,588,assistant/message,True,1690
4f208ec8-efa4-40e6-910c-53385978ad3a,3950,591,tool/result,True,13648
4f208ec8-efa4-40e6-910c-53385978ad3a,3950,592,tool/result,True,7756
4f208ec8-efa4-40e6-910c-53385978ad3a,9720,6807,tool/result,True,9034
4f208ec8-efa4-40e6-910c-53385978ad3a,9723,3951,user/message,True,7438
4f208ec8-efa4-40e6-910c-53385978ad3a,9723,697,assistant/message,True,1708
4f208ec8-efa4-40e6-910c-53385978ad3a,9723,700,tool/result,True,18006
4f208ec8-efa4-40e6-910c-53385978ad3a,9723,701,tool/result,True,6350
4f208ec8-efa4-40e6-910c-53385978ad3a,9723,3941,assistant/message,True,28466
4f208ec8-efa4-40e6-910c-53385978ad3a,9723,3943,tool/result,True,1071
4f208ec8-efa4-40e6-910c-53385978ad3a,9723,3945,tool/result,True,942
4f208ec8-efa4-40e6-910c-53385978ad3a,9723,4438,assistant/message,True,4980
4f208ec8-efa4-40e6-910c-53385978ad3a,9723,4440,tool/result,True,482
4f208ec8-efa4-40e6-910c-53385978ad3a,9723,4443,user/message,True,1204
4f208ec8-efa4-40e6-910c-53385978ad3a,9723,4853,assistant/message,True,4226
4f208ec8-efa4-40e6-910c-53385978ad3a,9723,4855,tool/result,True,1498
4f208ec8-efa4-40e6-910c-53385978ad3a,16772,9724,user/message,True,8139
4f208ec8-efa4-40e6-910c-53385978ad3a,16772,6356,assistant/message,True,13601
4f208ec8-efa4-40e6-910c-53385978ad3a,16772,6358,tool/result,True,1375
4f208ec8-efa4-40e6-910c-53385978ad3a,16772,6805,assistant/message,True,4510
4f208ec8-efa4-40e6-910c-53385978ad3a,16772,9721,tool/result,True,5831
4f208ec8-efa4-40e6-910c-53385978ad3a,16772,9716,assistant/message,True,25550
4f208ec8-efa4-40e6-910c-53385978ad3a,16772,9718,tool/result,True,7759
4f208ec8-efa4-40e6-910c-53385978ad3a,23092,16773,user/message,True,7514
4f208ec8-efa4-40e6-910c-53385978ad3a,23092,13842,assistant/message,True,38620
4f208ec8-efa4-40e6-910c-53385978ad3a,23092,13844,tool/result,True,536
4f208ec8-efa4-40e6-910c-53385978ad3a,23092,13847,user/message,True,1205
4f208ec8-efa4-40e6-910c-53385978ad3a,23092,16767,assistant/message,True,29116
4f208ec8-efa4-40e6-910c-53385978ad3a,23092,16769,tool/result,True,2221
4f208ec8-efa4-40e6-910c-53385978ad3a,23092,16901,assistant/message,True,2086
4f208ec8-efa4-40e6-910c-53385978ad3a,23092,16903,tool/result,True,1281
4f208ec8-efa4-40e6-910c-53385978ad3a,23092,17056,assistant/message,True,2291
4f208ec8-efa4-40e6-910c-53385978ad3a,23092,17058,tool/result,True,888
4f208ec8-efa4-40e6-910c-53385978ad3a,23092,17118,assistant/message,True,1423
4f208ec8-efa4-40e6-910c-53385978ad3a,23092,17120,tool/result,True,932
4f208ec8-efa4-40e6-910c-53385978ad3a,23092,17195,assistant/message,True,1581
4f208ec8-efa4-40e6-910c-53385978ad3a,23092,17197,tool/result,True,734
4f208ec8-efa4-40e6-910c-53385978ad3a,26586,23093,user/message,True,9446
4f208ec8-efa4-40e6-910c-53385978ad3a,26586,18322,assistant/message,True,11679
4f208ec8-efa4-40e6-910c-53385978ad3a,26586,18324,tool/result,True,578
4f208ec8-efa4-40e6-910c-53385978ad3a,26586,18480,assistant/message,True,2314
4f208ec8-efa4-40e6-910c-53385978ad3a,26586,18482,tool/result,True,492
4f208ec8-efa4-40e6-910c-53385978ad3a,26586,18701,assistant/message,True,2984
4f208ec8-efa4-40e6-910c-53385978ad3a,26586,18703,tool/result,True,1526
4f208ec8-efa4-40e6-910c-53385978ad3a,26586,18771,assistant/message,True,1470
4f208ec8-efa4-40e6-910c-53385978ad3a,26586,18773,tool/result,True,5147
4f208ec8-efa4-40e6-910c-53385978ad3a,26586,19467,assistant/message,True,7370
4f208ec8-efa4-40e6-910c-53385978ad3a,26586,19469,tool/result,True,1923
4f208ec8-efa4-40e6-910c-53385978ad3a,26586,19742,assistant/message,True,3481
4f208ec8-efa4-40e6-910c-53385978ad3a,26586,19744,tool/result,True,1580
4f208ec8-efa4-40e6-910c-53385978ad3a,26586,19837,assistant/message,True,1760
4f208ec8-efa4-40e6-910c-53385978ad3a,26586,19839,tool/result,True,550
4f208ec8-efa4-40e6-910c-53385978ad3a,26586,20584,assistant/message,True,7906
4f208ec8-efa4-40e6-910c-53385978ad3a,26586,20586,tool/result,True,940
4f208ec8-efa4-40e6-910c-53385978ad3a,26586,21081,assistant/message,True,5416
4f208ec8-efa4-40e6-910c-53385978ad3a,26586,21083,tool/result,True,1326
4f208ec8-efa4-40e6-910c-53385978ad3a,26586,21647,assistant/message,True,6448
4f208ec8-efa4-40e6-910c-53385978ad3a,26586,21649,tool/result,True,549
4f208ec8-efa4-40e6-910c-53385978ad3a,26586,23087,assistant/message,True,14182
4f208ec8-efa4-40e6-910c-53385978ad3a,26586,23089,tool/result,True,1416
4f208ec8-efa4-40e6-910c-53385978ad3a,31486,26587,user/message,True,10390
4f208ec8-efa4-40e6-910c-53385978ad3a,31486,23337,assistant/message,True,3147
4f208ec8-efa4-40e6-910c-53385978ad3a,31486,23339,tool/result,True,1110
4f208ec8-efa4-40e6-910c-53385978ad3a,31486,23342,user/message,True,1205
4f208ec8-efa4-40e6-910c-53385978ad3a,31486,23476,assistant/message,True,2160
4f208ec8-efa4-40e6-910c-53385978ad3a,31486,23478,tool/result,True,1281
4f208ec8-efa4-40e6-910c-53385978ad3a,31486,23632,assistant/message,True,2369
4f208ec8-efa4-40e6-910c-53385978ad3a,31486,23634,tool/result,True,695
4f208ec8-efa4-40e6-910c-53385978ad3a,31486,23899,assistant/message,True,3406
4f208ec8-efa4-40e6-910c-53385978ad3a,31486,23901,tool/result,True,739
4f208ec8-efa4-40e6-910c-53385978ad3a,31486,24072,assistant/message,True,2438
4f208ec8-efa4-40e6-910c-53385978ad3a,31486,24074,tool/result,True,1601
4f208ec8-efa4-40e6-910c-53385978ad3a,31486,24212,assistant/message,True,2157
4f208ec8-efa4-40e6-910c-53385978ad3a,31486,24214,tool/result,True,2581
4f208ec8-efa4-40e6-910c-53385978ad3a,31486,25052,assistant/message,True,9034
4f208ec8-efa4-40e6-910c-53385978ad3a,31486,25054,tool/result,True,2981
4f208ec8-efa4-40e6-910c-53385978ad3a,31486,25863,assistant/message,True,8758
4f208ec8-efa4-40e6-910c-53385978ad3a,31486,25865,tool/result,True,3690
4f208ec8-efa4-40e6-910c-53385978ad3a,31486,26386,assistant/message,True,5880
4f208ec8-efa4-40e6-910c-53385978ad3a,31486,26388,tool/result,True,624
4f208ec8-efa4-40e6-910c-53385978ad3a,31486,26581,assistant/message,True,2595
4f208ec8-efa4-40e6-910c-53385978ad3a,31486,26583,tool/result,True,1312
4f208ec8-efa4-40e6-910c-53385978ad3a,31486,26920,assistant/message,True,4021
4f208ec8-efa4-40e6-910c-53385978ad3a,31486,26922,tool/result,True,628
4f208ec8-efa4-40e6-910c-53385978ad3a,35087,31487,user/message,True,10988
4f208ec8-efa4-40e6-910c-53385978ad3a,35087,27445,assistant/message,True,6020
4f208ec8-efa4-40e6-910c-53385978ad3a,35087,27447,tool/result,True,1054
4f208ec8-efa4-40e6-910c-53385978ad3a,35087,27631,assistant/message,True,2557
4f208ec8-efa4-40e6-910c-53385978ad3a,35087,27633,tool/result,True,1705
4f208ec8-efa4-40e6-910c-53385978ad3a,35087,28689,assistant/message,True,11141
4f208ec8-efa4-40e6-910c-53385978ad3a,35087,28691,tool/result,True,750
4f208ec8-efa4-40e6-910c-53385978ad3a,35087,29232,assistant/message,True,6164
4f208ec8-efa4-40e6-910c-53385978ad3a,35087,29234,tool/result,True,732
4f208ec8-efa4-40e6-910c-53385978ad3a,35087,29654,assistant/message,True,4899
4f208ec8-efa4-40e6-910c-53385978ad3a,35087,29656,tool/result,True,2842
4f208ec8-efa4-40e6-910c-53385978ad3a,35087,30178,assistant/message,True,5892
4f208ec8-efa4-40e6-910c-53385978ad3a,35087,30180,tool/result,True,506
4f208ec8-efa4-40e6-910c-53385978ad3a,38939,35088,user/message,True,10696
4f208ec8-efa4-40e6-910c-53385978ad3a,38939,30593,assistant/message,True,4711
4f208ec8-efa4-40e6-910c-53385978ad3a,38939,30595,tool/result,True,2425
4f208ec8-efa4-40e6-910c-53385978ad3a,38939,31481,assistant/message,True,9123
4f208ec8-efa4-40e6-910c-53385978ad3a,38939,31483,tool/result,True,514
4f208ec8-efa4-40e6-910c-53385978ad3a,38939,31575,assistant/message,True,1645
4f208ec8-efa4-40e6-910c-53385978ad3a,38939,31577,tool/result,True,1786
4f208ec8-efa4-40e6-910c-53385978ad3a,38939,31580,user/message,True,1205
4f208ec8-efa4-40e6-910c-53385978ad3a,38939,32282,assistant/message,True,7229
4f208ec8-efa4-40e6-910c-53385978ad3a,38939,32284,tool/result,True,654
4f208ec8-efa4-40e6-910c-53385978ad3a,38939,32972,assistant/message,True,7154
4f208ec8-efa4-40e6-910c-53385978ad3a,38939,32974,tool/result,True,630
4f208ec8-efa4-40e6-910c-53385978ad3a,38939,33162,assistant/message,True,2601
4f208ec8-efa4-40e6-910c-53385978ad3a,38939,33164,tool/result,True,790
4f208ec8-efa4-40e6-910c-53385978ad3a,43778,38940,user/message,True,10497
4f208ec8-efa4-40e6-910c-53385978ad3a,43778,33604,assistant/message,True,4610
4f208ec8-efa4-40e6-910c-53385978ad3a,43778,33606,tool/result,True,537
4f208ec8-efa4-40e6-910c-53385978ad3a,43778,35082,assistant/message,True,14980
4f208ec8-efa4-40e6-910c-53385978ad3a,43778,35084,tool/result,True,2534
4f208ec8-efa4-40e6-910c-53385978ad3a,43778,35835,assistant/message,True,7720
4f208ec8-efa4-40e6-910c-53385978ad3a,43778,35837,tool/result,True,459
4f208ec8-efa4-40e6-910c-53385978ad3a,43778,35963,assistant/message,True,2039
4f208ec8-efa4-40e6-910c-53385978ad3a,43778,35965,tool/result,True,528
4f208ec8-efa4-40e6-910c-53385978ad3a,43778,36859,assistant/message,True,8673
4f208ec8-efa4-40e6-910c-53385978ad3a,43778,36861,tool/result,True,728
4f208ec8-efa4-40e6-910c-53385978ad3a,47814,43779,user/message,True,10599
4f208ec8-efa4-40e6-910c-53385978ad3a,47814,37516,assistant/message,True,6577
4f208ec8-efa4-40e6-910c-53385978ad3a,47814,37518,tool/result,True,993
4f208ec8-efa4-40e6-910c-53385978ad3a,47814,38934,assistant/message,True,13529
4f208ec8-efa4-40e6-910c-53385978ad3a,47814,38936,tool/result,True,1057
4f208ec8-efa4-40e6-910c-53385978ad3a,47814,39745,assistant/message,True,8097
4f208ec8-efa4-40e6-910c-53385978ad3a,47814,39747,tool/result,True,441
4f208ec8-efa4-40e6-910c-53385978ad3a,47814,39750,user/message,True,1205
4f208ec8-efa4-40e6-910c-53385978ad3a,49703,47815,user/message,True,12325
4f208ec8-efa4-40e6-910c-53385978ad3a,49703,41400,assistant/message,True,15747
4f208ec8-efa4-40e6-910c-53385978ad3a,49703,41402,tool/result,True,1263
4f208ec8-efa4-40e6-910c-53385978ad3a,49703,43773,assistant/message,True,20552
4f208ec8-efa4-40e6-910c-53385978ad3a,49703,43775,tool/result,True,1041
4f208ec8-efa4-40e6-910c-53385978ad3a,51725,50418,tool/result,True,11848
4f208ec8-efa4-40e6-910c-53385978ad3a,51728,49704,user/message,True,12277
4f208ec8-efa4-40e6-910c-53385978ad3a,51728,44240,assistant/message,True,5127
4f208ec8-efa4-40e6-910c-53385978ad3a,51728,44242,tool/result,True,955
4f208ec8-efa4-40e6-910c-53385978ad3a,51728,44819,assistant/message,True,6015
4f208ec8-efa4-40e6-910c-53385978ad3a,51728,44821,tool/result,True,1676
4f208ec8-efa4-40e6-910c-53385978ad3a,51728,46729,assistant/message,True,18133
4f208ec8-efa4-40e6-910c-53385978ad3a,51728,46731,tool/result,True,899
4f208ec8-efa4-40e6-910c-53385978ad3a,53626,51729,user/message,True,11903
4f208ec8-efa4-40e6-910c-53385978ad3a,53626,47809,assistant/message,True,10515
4f208ec8-efa4-40e6-910c-53385978ad3a,53626,47811,tool/result,True,979
4f208ec8-efa4-40e6-910c-53385978ad3a,53626,49698,assistant/message,True,18553
4f208ec8-efa4-40e6-910c-53385978ad3a,53626,49700,tool/result,True,930
4f208ec8-efa4-40e6-910c-53385978ad3a,53626,49707,user/message,True,1205
4f208ec8-efa4-40e6-910c-53385978ad3a,56091,53627,user/message,True,13268
4f208ec8-efa4-40e6-910c-53385978ad3a,56091,50416,assistant/message,True,7564
4f208ec8-efa4-40e6-910c-53385978ad3a,56091,51726,tool/result,True,5856
4f208ec8-efa4-40e6-910c-53385978ad3a,56091,51721,assistant/message,True,12985
4f208ec8-efa4-40e6-910c-53385978ad3a,56091,51723,tool/result,True,1249
4f208ec8-efa4-40e6-910c-53385978ad3a,56091,52108,assistant/message,True,4386
4f208ec8-efa4-40e6-910c-53385978ad3a,56091,52110,tool/result,True,419
4f208ec8-efa4-40e6-910c-53385978ad3a,59254,56092,user/message,True,14552
4f208ec8-efa4-40e6-910c-53385978ad3a,59254,52487,assistant/message,True,4405
4f208ec8-efa4-40e6-910c-53385978ad3a,59254,52489,tool/result,True,2316
4f208ec8-efa4-40e6-910c-53385978ad3a,59254,52746,assistant/message,True,3255
4f208ec8-efa4-40e6-910c-53385978ad3a,59254,52748,tool/result,True,3406
4f208ec8-efa4-40e6-910c-53385978ad3a,59254,53621,assistant/message,True,8545
4f208ec8-efa4-40e6-910c-53385978ad3a,59254,53623,tool/result,True,2259
4f208ec8-efa4-40e6-910c-53385978ad3a,64688,59255,user/message,True,11732
4f208ec8-efa4-40e6-910c-53385978ad3a,64688,56086,assistant/message,True,22539
4f208ec8-efa4-40e6-910c-53385978ad3a,64688,56088,tool/result,True,4436
4f208ec8-efa4-40e6-910c-53385978ad3a,64688,56095,user/message,True,1205
4f208ec8-efa4-40e6-910c-53385978ad3a,64688,59123,assistant/message,True,30005
4f208ec8-efa4-40e6-910c-53385978ad3a,64688,59125,tool/result,True,417
4f208ec8-efa4-40e6-910c-53385978ad3a,68884,64689,user/message,True,12399
4f208ec8-efa4-40e6-910c-53385978ad3a,68884,59249,assistant/message,True,2044
4f208ec8-efa4-40e6-910c-53385978ad3a,68884,59251,tool/result,True,1920
4f208ec8-efa4-40e6-910c-53385978ad3a,68884,59390,assistant/message,True,2157
4f208ec8-efa4-40e6-910c-53385978ad3a,68884,59392,tool/result,True,414
4f208ec8-efa4-40e6-910c-53385978ad3a,68884,59782,assistant/message,True,4282
4f208ec8-efa4-40e6-910c-53385978ad3a,68884,59784,tool/result,True,661
4f208ec8-efa4-40e6-910c-53385978ad3a,68884,61722,assistant/message,True,18909
4f208ec8-efa4-40e6-910c-53385978ad3a,68884,61724,tool/result,True,590
4f208ec8-efa4-40e6-910c-53385978ad3a,68884,61881,assistant/message,True,2318
4f208ec8-efa4-40e6-910c-53385978ad3a,68884,61883,tool/result,True,954
4f208ec8-efa4-40e6-910c-53385978ad3a,68884,62143,assistant/message,True,3223
4f208ec8-efa4-40e6-910c-53385978ad3a,68884,62145,tool/result,True,549
4f208ec8-efa4-40e6-910c-53385978ad3a,68884,62385,assistant/message,True,3003
4f208ec8-efa4-40e6-910c-53385978ad3a,68884,62387,tool/result,True,701
4f208ec8-efa4-40e6-910c-53385978ad3a,68884,62673,assistant/message,True,3521
4f208ec8-efa4-40e6-910c-53385978ad3a,68884,62675,tool/result,True,621
4f208ec8-efa4-40e6-910c-53385978ad3a,68884,62920,assistant/message,True,3130
4f208ec8-efa4-40e6-910c-53385978ad3a,68884,62922,tool/result,True,1123
4f208ec8-efa4-40e6-910c-53385978ad3a,71861,68885,user/message,True,13553
4f208ec8-efa4-40e6-910c-53385978ad3a,71861,64683,assistant/message,True,17312
4f208ec8-efa4-40e6-910c-53385978ad3a,71861,64685,tool/result,True,613
4f208ec8-efa4-40e6-910c-53385978ad3a,71861,66909,assistant/message,True,21325
4f208ec8-efa4-40e6-910c-53385978ad3a,71861,66911,tool/result,True,528
4f208ec8-efa4-40e6-910c-53385978ad3a,71861,66914,user/message,True,1205
4f208ec8-efa4-40e6-910c-53385978ad3a,71861,67057,assistant/message,True,2187
4f208ec8-efa4-40e6-910c-53385978ad3a,71861,67059,tool/result,True,772
4f208ec8-efa4-40e6-910c-53385978ad3a,75437,71862,user/message,True,12492
4f208ec8-efa4-40e6-910c-53385978ad3a,75437,68487,assistant/message,True,14286
4f208ec8-efa4-40e6-910c-53385978ad3a,75437,68489,tool/result,True,766
4f208ec8-efa4-40e6-910c-53385978ad3a,75437,68879,assistant/message,True,4605
4f208ec8-efa4-40e6-910c-53385978ad3a,75437,68881,tool/result,True,7834
4f208ec8-efa4-40e6-910c-53385978ad3a,79884,75438,user/message,True,13350
4f208ec8-efa4-40e6-910c-53385978ad3a,79884,71856,assistant/message,True,28423
4f208ec8-efa4-40e6-910c-53385978ad3a,79884,71858,tool/result,True,700
4f208ec8-efa4-40e6-910c-53385978ad3a,79884,72232,assistant/message,True,4387
4f208ec8-efa4-40e6-910c-53385978ad3a,79884,72234,tool/result,True,1388
4f208ec8-efa4-40e6-910c-53385978ad3a,79884,72237,user/message,True,1205
4f208ec8-efa4-40e6-910c-53385978ad3a,83097,79885,user/message,True,13821
4f208ec8-efa4-40e6-910c-53385978ad3a,83097,75432,assistant/message,True,29455
4f208ec8-efa4-40e6-910c-53385978ad3a,83097,75434,tool/result,True,2312
4f208ec8-efa4-40e6-910c-53385978ad3a,83097,77060,assistant/message,True,15730
4f208ec8-efa4-40e6-910c-53385978ad3a,83097,77062,tool/result,True,1893
4f208ec8-efa4-40e6-910c-53385978ad3a,87230,83098,user/message,True,11035
4f208ec8-efa4-40e6-910c-53385978ad3a,87230,79879,assistant/message,True,26221
4f208ec8-efa4-40e6-910c-53385978ad3a,87230,79881,tool/result,True,3689
4f208ec8-efa4-40e6-910c-53385978ad3a,87230,80511,assistant/message,True,6777
4f208ec8-efa4-40e6-910c-53385978ad3a,87230,80513,tool/result,True,544
4f208ec8-efa4-40e6-910c-53385978ad3a,87230,80516,user/message,True,1205
4f208ec8-efa4-40e6-910c-53385978ad3a,87230,80731,assistant/message,True,2946
4f208ec8-efa4-40e6-910c-53385978ad3a,87230,80733,tool/result,True,1250
4f208ec8-efa4-40e6-910c-53385978ad3a,90383,87231,user/message,True,12525
4f208ec8-efa4-40e6-910c-53385978ad3a,90383,83092,assistant/message,True,23336
4f208ec8-efa4-40e6-910c-53385978ad3a,90383,83094,tool/result,True,1819
4f208ec8-efa4-40e6-910c-53385978ad3a,90383,83171,assistant/message,True,1563
4f208ec8-efa4-40e6-910c-53385978ad3a,90383,83173,tool/result,True,488
4f208ec8-efa4-40e6-910c-53385978ad3a,90383,84623,assistant/message,True,14392
4f208ec8-efa4-40e6-910c-53385978ad3a,90383,84625,tool/result,True,546
4f208ec8-efa4-40e6-910c-53385978ad3a,90383,85622,assistant/message,True,10075
4f208ec8-efa4-40e6-910c-53385978ad3a,90383,85624,tool/result,True,4425
4f208ec8-efa4-40e6-910c-53385978ad3a,95066,92669,tool/result,True,22806
4f208ec8-efa4-40e6-910c-53385978ad3a,95069,90384,user/message,True,12535
4f208ec8-efa4-40e6-910c-53385978ad3a,95069,85761,assistant/message,True,2115
4f208ec8-efa4-40e6-910c-53385978ad3a,95069,85763,tool/result,True,1113
4f208ec8-efa4-40e6-910c-53385978ad3a,95069,86296,assistant/message,True,5838
4f208ec8-efa4-40e6-910c-53385978ad3a,95069,86298,tool/result,True,1521
4f208ec8-efa4-40e6-910c-53385978ad3a,95069,87225,assistant/message,True,9510
4f208ec8-efa4-40e6-910c-53385978ad3a,95069,87227,tool/result,True,2618
4f208ec8-efa4-40e6-910c-53385978ad3a,97274,95070,user/message,True,9522
4f208ec8-efa4-40e6-910c-53385978ad3a,97274,90378,assistant/message,True,30984
4f208ec8-efa4-40e6-910c-53385978ad3a,97274,90380,tool/result,True,1875
4f208ec8-efa4-40e6-910c-53385978ad3a,97274,90387,user/message,True,1205
4f208ec8-efa4-40e6-910c-53385978ad3a,97274,92168,assistant/message,True,17452
4f208ec8-efa4-40e6-910c-53385978ad3a,97274,92170,tool/result,True,479
4f208ec8-efa4-40e6-910c-53385978ad3a,101158,97275,user/message,True,9710
4f208ec8-efa4-40e6-910c-53385978ad3a,101158,92667,assistant/message,True,5410
4f208ec8-efa4-40e6-910c-53385978ad3a,101158,95067,tool/result,True,18805
4f208ec8-efa4-40e6-910c-53385978ad3a,101158,95062,assistant/message,True,22703
4f208ec8-efa4-40e6-910c-53385978ad3a,101158,95064,tool/result,True,1943
4f208ec8-efa4-40e6-910c-53385978ad3a,101158,95651,assistant/message,True,6094
4f208ec8-efa4-40e6-910c-53385978ad3a,101158,95653,tool/result,True,2286
4f208ec8-efa4-40e6-910c-53385978ad3a,101158,95744,assistant/message,True,1703
4f208ec8-efa4-40e6-910c-53385978ad3a,101158,95746,tool/result,True,13344
4f208ec8-efa4-40e6-910c-53385978ad3a,105380,105378,tool/result,True,17956
4f208ec8-efa4-40e6-910c-53385978ad3a,105383,101159,user/message,True,8850
4f208ec8-efa4-40e6-910c-53385978ad3a,105383,96038,assistant/message,True,3485
4f208ec8-efa4-40e6-910c-53385978ad3a,105383,96040,tool/result,True,1681
4f208ec8-efa4-40e6-910c-53385978ad3a,105383,97269,assistant/message,True,12523
4f208ec8-efa4-40e6-910c-53385978ad3a,105383,97271,tool/result,True,2498
4f208ec8-efa4-40e6-910c-53385978ad3a,105383,97502,assistant/message,True,3067
4f208ec8-efa4-40e6-910c-53385978ad3a,105383,97504,tool/result,True,529
4f208ec8-efa4-40e6-910c-53385978ad3a,105383,97507,user/message,True,1205
4f208ec8-efa4-40e6-910c-53385978ad3a,105383,97590,assistant/message,True,1670
4f208ec8-efa4-40e6-910c-53385978ad3a,105383,97592,tool/result,True,719
4f208ec8-efa4-40e6-910c-53385978ad3a,105383,97903,assistant/message,True,3766
4f208ec8-efa4-40e6-910c-53385978ad3a,105383,97905,tool/result,True,807
4f208ec8-efa4-40e6-910c-53385978ad3a,105383,98817,assistant/message,True,9272
4f208ec8-efa4-40e6-910c-53385978ad3a,105383,98819,tool/result,True,579
4f208ec8-efa4-40e6-910c-53385978ad3a,105383,99493,assistant/message,True,7001
4f208ec8-efa4-40e6-910c-53385978ad3a,105383,99495,tool/result,True,418
4f208ec8-efa4-40e6-910c-53385978ad3a,105383,100047,assistant/message,True,6101
4f208ec8-efa4-40e6-910c-53385978ad3a,105383,100049,tool/result,True,1351
4f208ec8-efa4-40e6-910c-53385978ad3a,105383,101153,assistant/message,True,12590
4f208ec8-efa4-40e6-910c-53385978ad3a,105383,101155,tool/result,True,756
4f208ec8-efa4-40e6-910c-53385978ad3a,105383,101441,assistant/message,True,3793
4f208ec8-efa4-40e6-910c-53385978ad3a,105383,101443,tool/result,True,746
4f208ec8-efa4-40e6-910c-53385978ad3a,105383,101954,assistant/message,True,6160
4f208ec8-efa4-40e6-910c-53385978ad3a,105383,101956,tool/result,True,648
4f208ec8-efa4-40e6-910c-53385978ad3a,107729,105384,user/message,True,9206
4f208ec8-efa4-40e6-910c-53385978ad3a,107729,102109,assistant/message,True,2398
4f208ec8-efa4-40e6-910c-53385978ad3a,107729,102111,tool/result,True,453
4f208ec8-efa4-40e6-910c-53385978ad3a,107729,102625,assistant/message,True,6207
4f208ec8-efa4-40e6-910c-53385978ad3a,107729,102627,tool/result,True,2128
4f208ec8-efa4-40e6-910c-53385978ad3a,107729,103447,assistant/message,True,9338
4f208ec8-efa4-40e6-910c-53385978ad3a,107729,103449,tool/result,True,1804
4f208ec8-efa4-40e6-910c-53385978ad3a,107729,103647,assistant/message,True,2786
4f208ec8-efa4-40e6-910c-53385978ad3a,107729,103649,tool/result,True,1627
4f208ec8-efa4-40e6-910c-53385978ad3a,110668,107730,user/message,True,9751
4f208ec8-efa4-40e6-910c-53385978ad3a,110668,104558,assistant/message,True,10243
4f208ec8-efa4-40e6-910c-53385978ad3a,110668,104560,tool/result,True,942
4f208ec8-efa4-40e6-910c-53385978ad3a,112309,110669,user/message,True,9453
4f208ec8-efa4-40e6-910c-53385978ad3a,112309,105376,assistant/message,True,9195
4f208ec8-efa4-40e6-910c-53385978ad3a,112309,105381,tool/result,True,5785
4f208ec8-efa4-40e6-910c-53385978ad3a,113729,112310,user/message,True,9716
4f208ec8-efa4-40e6-910c-53385978ad3a,113729,107724,assistant/message,True,24267
4f208ec8-efa4-40e6-910c-53385978ad3a,113729,107726,tool/result,True,4201
4f208ec8-efa4-40e6-910c-53385978ad3a,113729,107733,user/message,True,1206
4f208ec8-efa4-40e6-910c-53385978ad3a,118401,113730,user/message,True,9906
4f208ec8-efa4-40e6-910c-53385978ad3a,118401,110663,assistant/message,True,29689
4f208ec8-efa4-40e6-910c-53385978ad3a,118401,110665,tool/result,True,657
4f208ec8-efa4-40e6-910c-53385978ad3a,118401,112298,assistant/message,True,17177
4f208ec8-efa4-40e6-910c-53385978ad3a,118401,112300,tool/result,True,1636
4f208ec8-efa4-40e6-910c-53385978ad3a,118401,112313,user/message,True,727
4f208ec8-efa4-40e6-910c-53385978ad3a,118401,112640,assistant/message,True,4252
4f208ec8-efa4-40e6-910c-53385978ad3a,118401,112642,tool/result,True,2775
5539bf89-e59c-4e37-92c8-a3181269c8ad,6110,259,tool/result,True,26112
5539bf89-e59c-4e37-92c8-a3181269c8ad,9323,9321,tool/result,True,23800
7bae77bb-3c0e-4c05-96ba-4b1209d66c8b,108,30,user/message,True,307
7bae77bb-3c0e-4c05-96ba-4b1209d66c8b,108,31,user/message,True,307
7bae77bb-3c0e-4c05-96ba-4b1209d66c8b,108,32,user/message,True,2113
7bae77bb-3c0e-4c05-96ba-4b1209d66c8b,108,33,user/message,True,2239
7bae77bb-3c0e-4c05-96ba-4b1209d66c8b,108,34,user/message,True,1206
7bae77bb-3c0e-4c05-96ba-4b1209d66c8b,108,39,assistant/message,True,30164
7bae77bb-3c0e-4c05-96ba-4b1209d66c8b,108,41,tool/result,True,404
7bae77bb-3c0e-4c05-96ba-4b1209d66c8b,108,43,tool/result,True,3551
7bae77bb-3c0e-4c05-96ba-4b1209d66c8b,108,45,tool/result,True,445
7bae77bb-3c0e-4c05-96ba-4b1209d66c8b,108,48,assistant/message,True,12472
7bae77bb-3c0e-4c05-96ba-4b1209d66c8b,108,50,tool/result,True,536
7bae77bb-3c0e-4c05-96ba-4b1209d66c8b,108,53,assistant/message,True,4519
7bae77bb-3c0e-4c05-96ba-4b1209d66c8b,108,55,tool/result,True,921
7bae77bb-3c0e-4c05-96ba-4b1209d66c8b,108,58,assistant/message,True,8187
7bae77bb-3c0e-4c05-96ba-4b1209d66c8b,108,60,tool/result,True,950
7bae77bb-3c0e-4c05-96ba-4b1209d66c8b,108,63,assistant/message,True,4374
7bae77bb-3c0e-4c05-96ba-4b1209d66c8b,108,65,tool/result,True,963
7bae77bb-3c0e-4c05-96ba-4b1209d66c8b,108,68,assistant/message,True,9247
7bae77bb-3c0e-4c05-96ba-4b1209d66c8b,108,70,tool/result,True,513
7bae77bb-3c0e-4c05-96ba-4b1209d66c8b,108,73,assistant/message,True,6830
7bae77bb-3c0e-4c05-96ba-4b1209d66c8b,108,75,tool/result,True,557
7bae77bb-3c0e-4c05-96ba-4b1209d66c8b,108,78,assistant/message,True,9474
7bae77bb-3c0e-4c05-96ba-4b1209d66c8b,108,80,tool/result,True,1506
7bae77bb-3c0e-4c05-96ba-4b1209d66c8b,108,83,assistant/message,True,6661
7bae77bb-3c0e-4c05-96ba-4b1209d66c8b,108,85,tool/result,True,2077
7bae77bb-3c0e-4c05-96ba-4b1209d66c8b,108,88,assistant/message,True,19816
7bae77bb-3c0e-4c05-96ba-4b1209d66c8b,108,90,tool/result,True,1910
7bae77bb-3c0e-4c05-96ba-4b1209d66c8b,154,109,user/message,True,8600
7bae77bb-3c0e-4c05-96ba-4b1209d66c8b,154,93,assistant/message,True,32601
7bae77bb-3c0e-4c05-96ba-4b1209d66c8b,154,95,tool/result,True,974
7bae77bb-3c0e-4c05-96ba-4b1209d66c8b,154,98,assistant/message,True,31166
7bae77bb-3c0e-4c05-96ba-4b1209d66c8b,154,100,tool/result,True,580
7bae77bb-3c0e-4c05-96ba-4b1209d66c8b,154,103,assistant/message,True,58309
7bae77bb-3c0e-4c05-96ba-4b1209d66c8b,154,105,tool/result,True,533
7bae77bb-3c0e-4c05-96ba-4b1209d66c8b,154,112,user/message,True,2240
7bae77bb-3c0e-4c05-96ba-4b1209d66c8b,154,114,assistant/message,True,6580
7bae77bb-3c0e-4c05-96ba-4b1209d66c8b,154,116,tool/result,True,431
7bae77bb-3c0e-4c05-96ba-4b1209d66c8b,154,119,user/message,True,1207
7bae77bb-3c0e-4c05-96ba-4b1209d66c8b,154,120,assistant/message,True,2943
7bae77bb-3c0e-4c05-96ba-4b1209d66c8b,154,122,tool/result,True,1364
7bae77bb-3c0e-4c05-96ba-4b1209d66c8b,154,125,assistant/message,True,7456
7bae77bb-3c0e-4c05-96ba-4b1209d66c8b,154,127,tool/result,True,1104
7bae77bb-3c0e-4c05-96ba-4b1209d66c8b,165,162,tool/result,True,20774
7bae77bb-3c0e-4c05-96ba-4b1209d66c8b,179,155,user/message,True,9295
7bae77bb-3c0e-4c05-96ba-4b1209d66c8b,179,130,assistant/message,True,9116
7bae77bb-3c0e-4c05-96ba-4b1209d66c8b,179,137,user/message,True,1999
7bae77bb-3c0e-4c05-96ba-4b1209d66c8b,190,180,user/message,True,6782
7bae77bb-3c0e-4c05-96ba-4b1209d66c8b,202,191,user/message,True,6309
7bae77bb-3c0e-4c05-96ba-4b1209d66c8b,202,138,assistant/message,True,59499
7bae77bb-3c0e-4c05-96ba-4b1209d66c8b,202,140,tool/result,True,430
7bae77bb-3c0e-4c05-96ba-4b1209d66c8b,202,142,tool/result,True,1843
7bae77bb-3c0e-4c05-96ba-4b1209d66c8b,202,144,tool/result,True,554
7bae77bb-3c0e-4c05-96ba-4b1209d66c8b,202,146,tool/result,True,529
7bae77bb-3c0e-4c05-96ba-4b1209d66c8b,202,148,tool/result,True,4880
7bae77bb-3c0e-4c05-96ba-4b1209d66c8b,202,150,tool/result,True,782
7ce22256-b88c-4c36-afb2-3e4eb4dc067b,4824,7,user/message,True,887
7ce22256-b88c-4c36-afb2-3e4eb4dc067b,4824,8,user/message,True,1201
7ce22256-b88c-4c36-afb2-3e4eb4dc067b,4824,99,assistant/message,True,1534
7ce22256-b88c-4c36-afb2-3e4eb4dc067b,4824,101,tool/result,True,13648
7ce22256-b88c-4c36-afb2-3e4eb4dc067b,4824,103,tool/result,True,1567
7ce22256-b88c-4c36-afb2-3e4eb4dc067b,4824,262,assistant/message,True,2253
7ce22256-b88c-4c36-afb2-3e4eb4dc067b,4824,266,tool/result,True,17592
7ce22256-b88c-4c36-afb2-3e4eb4dc067b,4824,267,tool/result,True,7756
7ce22256-b88c-4c36-afb2-3e4eb4dc067b,4824,268,tool/result,True,5742
7ce22256-b88c-4c36-afb2-3e4eb4dc067b,4824,1103,assistant/message,True,7493
7ce22256-b88c-4c36-afb2-3e4eb4dc067b,4824,1105,tool/result,True,643
7ce22256-b88c-4c36-afb2-3e4eb4dc067b,4824,1235,assistant/message,True,1913
7ce22256-b88c-4c36-afb2-3e4eb4dc067b,4824,1237,tool/result,True,2497
7ce22256-b88c-4c36-afb2-3e4eb4dc067b,13492,4825,user/message,True,7285
7ce22256-b88c-4c36-afb2-3e4eb4dc067b,13492,1535,assistant/message,True,3321
7ce22256-b88c-4c36-afb2-3e4eb4dc067b,13492,1537,tool/result,True,5794
7ce22256-b88c-4c36-afb2-3e4eb4dc067b,13492,3086,assistant/message,True,13919
7ce22256-b88c-4c36-afb2-3e4eb4dc067b,13492,3088,tool/result,True,1646
7ce22256-b88c-4c36-afb2-3e4eb4dc067b,13492,3090,tool/result,True,1342
7ce22256-b88c-4c36-afb2-3e4eb4dc067b,13492,4381,assistant/message,True,11766
7ce22256-b88c-4c36-afb2-3e4eb4dc067b,13492,4383,tool/result,True,3013
7ce22256-b88c-4c36-afb2-3e4eb4dc067b,13492,4385,tool/result,True,414
7ce22256-b88c-4c36-afb2-3e4eb4dc067b,13492,4819,assistant/message,True,4585
7ce22256-b88c-4c36-afb2-3e4eb4dc067b,13492,4821,tool/result,True,2760
7ce22256-b88c-4c36-afb2-3e4eb4dc067b,15329,13493,user/message,True,7859
7ce22256-b88c-4c36-afb2-3e4eb4dc067b,15329,8222,assistant/message,True,28272
7ce22256-b88c-4c36-afb2-3e4eb4dc067b,15329,8224,tool/result,True,1382
7ce22256-b88c-4c36-afb2-3e4eb4dc067b,15329,8227,user/message,True,1204
7ce22256-b88c-4c36-afb2-3e4eb4dc067b,19087,15330,user/message,True,8012
7ce22256-b88c-4c36-afb2-3e4eb4dc067b,19087,13487,assistant/message,True,46664
7ce22256-b88c-4c36-afb2-3e4eb4dc067b,19087,13489,tool/result,True,537
7ce22256-b88c-4c36-afb2-3e4eb4dc067b,19087,13698,assistant/message,True,2886
7ce22256-b88c-4c36-afb2-3e4eb4dc067b,19087,13701,tool/result,True,7761
7ce22256-b88c-4c36-afb2-3e4eb4dc067b,19087,13702,tool/result,True,13653
7ce22256-b88c-4c36-afb2-3e4eb4dc067b,23371,19088,user/message,True,9353
7ce22256-b88c-4c36-afb2-3e4eb4dc067b,23371,14624,assistant/message,True,9858
7ce22256-b88c-4c36-afb2-3e4eb4dc067b,23371,14626,tool/result,True,1321
7ce22256-b88c-4c36-afb2-3e4eb4dc067b,23371,14889,assistant/message,True,3315
7ce22256-b88c-4c36-afb2-3e4eb4dc067b,23371,14891,tool/result,True,1316
7ce22256-b88c-4c36-afb2-3e4eb4dc067b,23371,15087,assistant/message,True,2683
7ce22256-b88c-4c36-afb2-3e4eb4dc067b,23371,15089,tool/result,True,1149
7ce22256-b88c-4c36-afb2-3e4eb4dc067b,23371,15233,assistant/message,True,2150
7ce22256-b88c-4c36-afb2-3e4eb4dc067b,23371,15235,tool/result,True,429
7ce22256-b88c-4c36-afb2-3e4eb4dc067b,23371,15324,assistant/message,True,1714
7ce22256-b88c-4c36-afb2-3e4eb4dc067b,23371,15326,tool/result,True,813
7ce22256-b88c-4c36-afb2-3e4eb4dc067b,23371,16196,assistant/message,True,9276
7ce22256-b88c-4c36-afb2-3e4eb4dc067b,23371,16198,tool/result,True,1506
7ce22256-b88c-4c36-afb2-3e4eb4dc067b,23371,16201,user/message,True,1205
7ce22256-b88c-4c36-afb2-3e4eb4dc067b,23371,18081,assistant/message,True,19403
7ce22256-b88c-4c36-afb2-3e4eb4dc067b,23371,18083,tool/result,True,1592
7ce22256-b88c-4c36-afb2-3e4eb4dc067b,23371,18221,assistant/message,True,2222
7ce22256-b88c-4c36-afb2-3e4eb4dc067b,23371,18223,tool/result,True,1321
7ce22256-b88c-4c36-afb2-3e4eb4dc067b,23371,19082,assistant/message,True,8666
7ce22256-b88c-4c36-afb2-3e4eb4dc067b,23371,19084,tool/result,True,471
7ce22256-b88c-4c36-afb2-3e4eb4dc067b,23371,19232,assistant/message,True,2233
7ce22256-b88c-4c36-afb2-3e4eb4dc067b,23371,19234,tool/result,True,559
7ce22256-b88c-4c36-afb2-3e4eb4dc067b,23371,19309,assistant/message,True,1632
7ce22256-b88c-4c36-afb2-3e4eb4dc067b,23371,19311,tool/result,True,675
7ce22256-b88c-4c36-afb2-3e4eb4dc067b,23371,19727,assistant/message,True,5014
7ce22256-b88c-4c36-afb2-3e4eb4dc067b,23371,19729,tool/result,True,824
7ce22256-b88c-4c36-afb2-3e4eb4dc067b,28811,23372,user/message,True,8988
7ce22256-b88c-4c36-afb2-3e4eb4dc067b,28811,20105,assistant/message,True,4285
7ce22256-b88c-4c36-afb2-3e4eb4dc067b,28811,20107,tool/result,True,623
7ce22256-b88c-4c36-afb2-3e4eb4dc067b,28811,20426,assistant/message,True,3694
7ce22256-b88c-4c36-afb2-3e4eb4dc067b,28811,20428,tool/result,True,711
7ce22256-b88c-4c36-afb2-3e4eb4dc067b,28811,20543,assistant/message,True,1988
7ce22256-b88c-4c36-afb2-3e4eb4dc067b,28811,20546,tool/result,True,629
7ce22256-b88c-4c36-afb2-3e4eb4dc067b,28811,20547,tool/result,True,629
7ce22256-b88c-4c36-afb2-3e4eb4dc067b,28811,20977,assistant/message,True,4950
7ce22256-b88c-4c36-afb2-3e4eb4dc067b,28811,20979,tool/result,True,1765
7ce22256-b88c-4c36-afb2-3e4eb4dc067b,28811,22068,assistant/message,True,11080
7ce22256-b88c-4c36-afb2-3e4eb4dc067b,28811,22070,tool/result,True,873
7ce22256-b88c-4c36-afb2-3e4eb4dc067b,31896,28812,user/message,True,10635
7ce22256-b88c-4c36-afb2-3e4eb4dc067b,31896,23366,assistant/message,True,12892
7ce22256-b88c-4c36-afb2-3e4eb4dc067b,31896,23368,tool/result,True,17971
7ce22256-b88c-4c36-afb2-3e4eb4dc067b,31896,25759,assistant/message,True,22683
7ce22256-b88c-4c36-afb2-3e4eb4dc067b,31896,25761,tool/result,True,1711
7ce22256-b88c-4c36-afb2-3e4eb4dc067b,31896,25764,user/message,True,1205
7ce22256-b88c-4c36-afb2-3e4eb4dc067b,31896,26079,assistant/message,True,3723
7ce22256-b88c-4c36-afb2-3e4eb4dc067b,31896,26081,tool/result,True,1861
9902f5e4-2bff-4798-9f30-16131308c3b2,8922,8,user/message,True,1846
9902f5e4-2bff-4798-9f30-16131308c3b2,8922,9,user/message,True,1201
9902f5e4-2bff-4798-9f30-16131308c3b2,8922,85,assistant/message,True,1315
9902f5e4-2bff-4798-9f30-16131308c3b2,8922,87,tool/result,True,1143
9902f5e4-2bff-4798-9f30-16131308c3b2,8922,558,assistant/message,True,4533
9902f5e4-2bff-4798-9f30-16131308c3b2,8922,560,tool/result,True,2762
9902f5e4-2bff-4798-9f30-16131308c3b2,8926,8923,user/message,True,7443
9902f5e4-2bff-4798-9f30-16131308c3b2,10048,8927,user/message,True,7369
9902f5e4-2bff-4798-9f30-16131308c3b2,10222,10049,user/message,True,7286
9902f5e4-2bff-4798-9f30-16131308c3b2,10222,6185,assistant/message,True,51962
9902f5e4-2bff-4798-9f30-16131308c3b2,10222,6187,tool/result,True,541
9902f5e4-2bff-4798-9f30-16131308c3b2,14429,10223,user/message,True,8679
9902f5e4-2bff-4798-9f30-16131308c3b2,14429,6297,assistant/message,True,1789
9902f5e4-2bff-4798-9f30-16131308c3b2,14429,6299,tool/result,True,1316
9902f5e4-2bff-4798-9f30-16131308c3b2,14429,6728,assistant/message,True,4753
9902f5e4-2bff-4798-9f30-16131308c3b2,14429,6730,tool/result,True,1891
9902f5e4-2bff-4798-9f30-16131308c3b2,14429,6830,assistant/message,True,1704
9902f5e4-2bff-4798-9f30-16131308c3b2,14429,6832,tool/result,True,736
9902f5e4-2bff-4798-9f30-16131308c3b2,14429,7152,assistant/message,True,3765
9902f5e4-2bff-4798-9f30-16131308c3b2,14429,7154,tool/result,True,1292
9902f5e4-2bff-4798-9f30-16131308c3b2,14429,7156,tool/result,True,1488
9902f5e4-2bff-4798-9f30-16131308c3b2,14429,7470,assistant/message,True,3595
9902f5e4-2bff-4798-9f30-16131308c3b2,14429,7472,tool/result,True,1712
9902f5e4-2bff-4798-9f30-16131308c3b2,14429,7526,assistant/message,True,1300
9902f5e4-2bff-4798-9f30-16131308c3b2,14429,7528,tool/result,True,663
9902f5e4-2bff-4798-9f30-16131308c3b2,14429,7590,assistant/message,True,1373
9902f5e4-2bff-4798-9f30-16131308c3b2,14429,7592,tool/result,True,480
9902f5e4-2bff-4798-9f30-16131308c3b2,14429,7683,assistant/message,True,1696
9902f5e4-2bff-4798-9f30-16131308c3b2,14429,7685,tool/result,True,471
9902f5e4-2bff-4798-9f30-16131308c3b2,14429,7933,assistant/message,True,2968
9902f5e4-2bff-4798-9f30-16131308c3b2,14429,7935,tool/result,True,433
9902f5e4-2bff-4798-9f30-16131308c3b2,14429,8040,assistant/message,True,1754
9902f5e4-2bff-4798-9f30-16131308c3b2,14429,8042,tool/result,True,1043
9902f5e4-2bff-4798-9f30-16131308c3b2,14429,8916,assistant/message,True,8432
9902f5e4-2bff-4798-9f30-16131308c3b2,14429,8918,tool/result,True,433
9902f5e4-2bff-4798-9f30-16131308c3b2,14429,8999,assistant/message,True,1461
9902f5e4-2bff-4798-9f30-16131308c3b2,14429,9001,tool/result,True,965
9902f5e4-2bff-4798-9f30-16131308c3b2,14429,9005,user/message,True,2974
9902f5e4-2bff-4798-9f30-16131308c3b2,14429,9006,user/message,True,1204
9902f5e4-2bff-4798-9f30-16131308c3b2,16593,14430,user/message,True,8504
9902f5e4-2bff-4798-9f30-16131308c3b2,16593,10042,assistant/message,True,9974
9902f5e4-2bff-4798-9f30-16131308c3b2,16593,10044,tool/result,True,435
9902f5e4-2bff-4798-9f30-16131308c3b2,16593,10216,assistant/message,True,2594
9902f5e4-2bff-4798-9f30-16131308c3b2,16593,10218,tool/result,True,590
9902f5e4-2bff-4798-9f30-16131308c3b2,16593,10226,user/message,True,3036
9902f5e4-2bff-4798-9f30-16131308c3b2,16593,11154,assistant/message,True,9880
9902f5e4-2bff-4798-9f30-16131308c3b2,16593,11156,tool/result,True,435
9902f5e4-2bff-4798-9f30-16131308c3b2,16593,11255,assistant/message,True,1847
9902f5e4-2bff-4798-9f30-16131308c3b2,16593,11257,tool/result,True,796
9902f5e4-2bff-4798-9f30-16131308c3b2,16593,11261,user/message,True,3064
9902f5e4-2bff-4798-9f30-16131308c3b2,18358,16594,user/message,True,10150
9902f5e4-2bff-4798-9f30-16131308c3b2,18358,14424,assistant/message,True,30244
9902f5e4-2bff-4798-9f30-16131308c3b2,18358,14426,tool/result,True,848
9902f5e4-2bff-4798-9f30-16131308c3b2,20980,18359,user/message,True,10720
9902f5e4-2bff-4798-9f30-16131308c3b2,20980,15024,assistant/message,True,6716
9902f5e4-2bff-4798-9f30-16131308c3b2,20980,15026,tool/result,True,521
9902f5e4-2bff-4798-9f30-16131308c3b2,20980,15029,user/message,True,1205
9902f5e4-2bff-4798-9f30-16131308c3b2,28058,20981,user/message,True,10932
9902f5e4-2bff-4798-9f30-16131308c3b2,28058,16586,assistant/message,True,15574
9902f5e4-2bff-4798-9f30-16131308c3b2,28058,16588,tool/result,True,1813
9902f5e4-2bff-4798-9f30-16131308c3b2,28058,16590,tool/result,True,4022
9902f5e4-2bff-4798-9f30-16131308c3b2,28058,18353,assistant/message,True,17818
9902f5e4-2bff-4798-9f30-16131308c3b2,28058,18355,tool/result,True,3737
9902f5e4-2bff-4798-9f30-16131308c3b2,28058,19628,assistant/message,True,12847
9902f5e4-2bff-4798-9f30-16131308c3b2,28058,19630,tool/result,True,664
9902f5e4-2bff-4798-9f30-16131308c3b2,28058,19786,assistant/message,True,2312
9902f5e4-2bff-4798-9f30-16131308c3b2,28058,19788,tool/result,True,1007
9902f5e4-2bff-4798-9f30-16131308c3b2,28058,20975,assistant/message,True,12102
9902f5e4-2bff-4798-9f30-16131308c3b2,28058,20977,tool/result,True,708
9902f5e4-2bff-4798-9f30-16131308c3b2,28058,23835,assistant/message,True,27377
9902f5e4-2bff-4798-9f30-16131308c3b2,28058,23837,tool/result,True,431
9902f5e4-2bff-4798-9f30-16131308c3b2,28058,23842,user/message,True,1205
9902f5e4-2bff-4798-9f30-16131308c3b2,33504,28059,user/message,True,11883
9902f5e4-2bff-4798-9f30-16131308c3b2,33504,25193,assistant/message,True,13601
9902f5e4-2bff-4798-9f30-16131308c3b2,33504,25195,tool/result,True,2734
9902f5e4-2bff-4798-9f30-16131308c3b2,33504,25959,assistant/message,True,7903
9902f5e4-2bff-4798-9f30-16131308c3b2,33504,25968,user/message,True,1675
9902f5e4-2bff-4798-9f30-16131308c3b2,33504,28053,assistant/message,True,21714
9902f5e4-2bff-4798-9f30-16131308c3b2,33504,28055,tool/result,True,12110
9902f5e4-2bff-4798-9f30-16131308c3b2,36067,33505,user/message,True,10193
9902f5e4-2bff-4798-9f30-16131308c3b2,36071,36068,user/message,True,10141
9902f5e4-2bff-4798-9f30-16131308c3b2,36334,36072,user/message,True,9031
9902f5e4-2bff-4798-9f30-16131308c3b2,36334,33499,assistant/message,True,55478
9902f5e4-2bff-4798-9f30-16131308c3b2,36334,33501,tool/result,True,543
9902f5e4-2bff-4798-9f30-16131308c3b2,36334,33508,user/message,True,1205
9902f5e4-2bff-4798-9f30-16131308c3b2,38234,36335,user/message,True,9169
9902f5e4-2bff-4798-9f30-16131308c3b2,38234,33566,assistant/message,True,1428
9902f5e4-2bff-4798-9f30-16131308c3b2,38234,33568,tool/result,True,7334
9902f5e4-2bff-4798-9f30-16131308c3b2,40013,38235,user/message,True,10757
9902f5e4-2bff-4798-9f30-16131308c3b2,40013,35999,assistant/message,True,23898
9902f5e4-2bff-4798-9f30-16131308c3b2,40013,36001,tool/result,True,1738
9902f5e4-2bff-4798-9f30-16131308c3b2,40013,36062,assistant/message,True,1383
9902f5e4-2bff-4798-9f30-16131308c3b2,40013,36064,tool/result,True,2528
9902f5e4-2bff-4798-9f30-16131308c3b2,40013,36233,assistant/message,True,2429
9902f5e4-2bff-4798-9f30-16131308c3b2,40013,36235,tool/result,True,1402
9902f5e4-2bff-4798-9f30-16131308c3b2,45172,40014,user/message,True,11367
9902f5e4-2bff-4798-9f30-16131308c3b2,45172,36329,assistant/message,True,1744
9902f5e4-2bff-4798-9f30-16131308c3b2,45172,36331,tool/result,True,7310
9902f5e4-2bff-4798-9f30-16131308c3b2,45172,36461,assistant/message,True,2130
9902f5e4-2bff-4798-9f30-16131308c3b2,45172,36463,tool/result,True,977
9902f5e4-2bff-4798-9f30-16131308c3b2,45172,36466,user/message,True,1205
9902f5e4-2bff-4798-9f30-16131308c3b2,45172,37073,assistant/message,True,6527
9902f5e4-2bff-4798-9f30-16131308c3b2,45172,37080,user/message,True,1254
9902f5e4-2bff-4798-9f30-16131308c3b2,45172,38229,assistant/message,True,12439
9902f5e4-2bff-4798-9f30-16131308c3b2,45172,38231,tool/result,True,628
9902f5e4-2bff-4798-9f30-16131308c3b2,45172,38708,assistant/message,True,5671
9902f5e4-2bff-4798-9f30-16131308c3b2,45172,38710,tool/result,True,1762
9902f5e4-2bff-4798-9f30-16131308c3b2,45172,40008,assistant/message,True,13174
9902f5e4-2bff-4798-9f30-16131308c3b2,45172,40010,tool/result,True,2115
9902f5e4-2bff-4798-9f30-16131308c3b2,48783,48778,tool/result,True,29152
9902f5e4-2bff-4798-9f30-16131308c3b2,48785,48779,tool/result,True,34106
9902f5e4-2bff-4798-9f30-16131308c3b2,48788,45173,user/message,True,10640
9902f5e4-2bff-4798-9f30-16131308c3b2,48788,45167,assistant/message,True,53235
9902f5e4-2bff-4798-9f30-16131308c3b2,48788,45169,tool/result,True,554
9902f5e4-2bff-4798-9f30-16131308c3b2,48788,45594,assistant/message,True,4878
9902f5e4-2bff-4798-9f30-16131308c3b2,48788,45601,user/message,True,2058
9902f5e4-2bff-4798-9f30-16131308c3b2,48788,45602,user/message,True,1205
9902f5e4-2bff-4798-9f30-16131308c3b2,49725,48789,user/message,True,10078
9902f5e4-2bff-4798-9f30-16131308c3b2,49729,49726,user/message,True,9166
9902f5e4-2bff-4798-9f30-16131308c3b2,50396,49730,user/message,True,8936
9902f5e4-2bff-4798-9f30-16131308c3b2,50995,50397,user/message,True,8916
9902f5e4-2bff-4798-9f30-16131308c3b2,50995,48773,assistant/message,True,30331
9902f5e4-2bff-4798-9f30-16131308c3b2,50995,48777,tool/result,True,19084
9902f5e4-2bff-4798-9f30-16131308c3b2,50995,48784,tool/result,True,22618
9902f5e4-2bff-4798-9f30-16131308c3b2,50995,48786,tool/result,True,23534
9902f5e4-2bff-4798-9f30-16131308c3b2,50995,48781,tool/result,True,942
9902f5e4-2bff-4798-9f30-16131308c3b2,52385,50996,user/message,True,11263
9902f5e4-2bff-4798-9f30-16131308c3b2,52385,49716,assistant/message,True,10118
9902f5e4-2bff-4798-9f30-16131308c3b2,52385,49718,tool/result,True,5340
9902f5e4-2bff-4798-9f30-16131308c3b2,52385,49720,tool/result,True,1185
9902f5e4-2bff-4798-9f30-16131308c3b2,52385,49722,tool/result,True,507
9902f5e4-2bff-4798-9f30-16131308c3b2,52385,49733,user/message,True,1205
9902f5e4-2bff-4798-9f30-16131308c3b2,52385,49995,assistant/message,True,3333
9902f5e4-2bff-4798-9f30-16131308c3b2,52385,49997,tool/result,True,9236
9902f5e4-2bff-4798-9f30-16131308c3b2,55216,52386,user/message,True,12393
9902f5e4-2bff-4798-9f30-16131308c3b2,55216,50391,assistant/message,True,4717
9902f5e4-2bff-4798-9f30-16131308c3b2,55216,50393,tool/result,True,4980
9902f5e4-2bff-4798-9f30-16131308c3b2,55216,50734,assistant/message,True,4147
9902f5e4-2bff-4798-9f30-16131308c3b2,55216,50736,tool/result,True,4256
9902f5e4-2bff-4798-9f30-16131308c3b2,55216,50738,tool/result,True,1743
9902f5e4-2bff-4798-9f30-16131308c3b2,55216,50988,assistant/message,True,3446
9902f5e4-2bff-4798-9f30-16131308c3b2,55216,50990,tool/result,True,1859
9902f5e4-2bff-4798-9f30-16131308c3b2,55216,50992,tool/result,True,4726
9902f5e4-2bff-4798-9f30-16131308c3b2,57415,57413,tool/result,True,29152
9902f5e4-2bff-4798-9f30-16131308c3b2,57586,55217,user/message,True,12695
9902f5e4-2bff-4798-9f30-16131308c3b2,57586,51397,assistant/message,True,4986
9902f5e4-2bff-4798-9f30-16131308c3b2,57586,51399,tool/result,True,2944
9902f5e4-2bff-4798-9f30-16131308c3b2,57586,51401,tool/result,True,3308
9902f5e4-2bff-4798-9f30-16131308c3b2,57586,52378,assistant/message,True,10664
9902f5e4-2bff-4798-9f30-16131308c3b2,57586,52380,tool/result,True,1693
9902f5e4-2bff-4798-9f30-16131308c3b2,57586,52382,tool/result,True,1664
9902f5e4-2bff-4798-9f30-16131308c3b2,57586,53830,assistant/message,True,14981
9902f5e4-2bff-4798-9f30-16131308c3b2,57586,53832,tool/result,True,1921
9902f5e4-2bff-4798-9f30-16131308c3b2,57586,53834,tool/result,True,475
9902f5e4-2bff-4798-9f30-16131308c3b2,57586,53843,user/message,True,310
9902f5e4-2bff-4798-9f30-16131308c3b2,57586,53844,user/message,True,1205
9902f5e4-2bff-4798-9f30-16131308c3b2,57586,55211,assistant/message,True,15022
9902f5e4-2bff-4798-9f30-16131308c3b2,57586,55213,tool/result,True,498
9902f5e4-2bff-4798-9f30-16131308c3b2,57586,55322,assistant/message,True,1867
9902f5e4-2bff-4798-9f30-16131308c3b2,57586,55324,tool/result,True,3999
9b46292f-5a33-48d5-bb3e-ebad55f2ac79,53,46,tool/result,True,9412
9b46292f-5a33-48d5-bb3e-ebad55f2ac79,56,8,user/message,True,1752
9b46292f-5a33-48d5-bb3e-ebad55f2ac79,56,9,user/message,True,2238
9b46292f-5a33-48d5-bb3e-ebad55f2ac79,56,10,user/message,True,1206
9b46292f-5a33-48d5-bb3e-ebad55f2ac79,56,15,assistant/message,True,7010
9b46292f-5a33-48d5-bb3e-ebad55f2ac79,56,17,tool/result,True,525
9b46292f-5a33-48d5-bb3e-ebad55f2ac79,56,19,tool/result,True,404
9b46292f-5a33-48d5-bb3e-ebad55f2ac79,56,22,assistant/message,True,3397
9b46292f-5a33-48d5-bb3e-ebad55f2ac79,56,24,tool/result,True,4137
9b46292f-5a33-48d5-bb3e-ebad55f2ac79,56,27,assistant/message,True,4654
9b46292f-5a33-48d5-bb3e-ebad55f2ac79,56,29,tool/result,True,4208
9b46292f-5a33-48d5-bb3e-ebad55f2ac79,102,57,user/message,True,5681
9b46292f-5a33-48d5-bb3e-ebad55f2ac79,102,32,assistant/message,True,5565
9b46292f-5a33-48d5-bb3e-ebad55f2ac79,102,34,tool/result,True,5144
9b46292f-5a33-48d5-bb3e-ebad55f2ac79,102,37,assistant/message,True,13629
9b46292f-5a33-48d5-bb3e-ebad55f2ac79,102,39,tool/result,True,1448
9b46292f-5a33-48d5-bb3e-ebad55f2ac79,102,41,tool/result,True,488
9b46292f-5a33-48d5-bb3e-ebad55f2ac79,102,44,assistant/message,True,10550
9b46292f-5a33-48d5-bb3e-ebad55f2ac79,102,54,tool/result,True,5626
9b46292f-5a33-48d5-bb3e-ebad55f2ac79,131,129,tool/result,True,23204
9b46292f-5a33-48d5-bb3e-ebad55f2ac79,134,103,user/message,True,7822
9b46292f-5a33-48d5-bb3e-ebad55f2ac79,134,49,assistant/message,True,41408
9b46292f-5a33-48d5-bb3e-ebad55f2ac79,134,51,tool/result,True,536
9b46292f-5a33-48d5-bb3e-ebad55f2ac79,134,60,user/message,True,2239
9b46292f-5a33-48d5-bb3e-ebad55f2ac79,134,62,assistant/message,True,3143
9b46292f-5a33-48d5-bb3e-ebad55f2ac79,134,64,tool/result,True,1020
9b46292f-5a33-48d5-bb3e-ebad55f2ac79,134,67,user/message,True,1206
9b46292f-5a33-48d5-bb3e-ebad55f2ac79,134,68,assistant/message,True,8302
9b46292f-5a33-48d5-bb3e-ebad55f2ac79,134,70,tool/result,True,1160
9b46292f-5a33-48d5-bb3e-ebad55f2ac79,134,73,assistant/message,True,4950
9b46292f-5a33-48d5-bb3e-ebad55f2ac79,134,75,tool/result,True,843
9b46292f-5a33-48d5-bb3e-ebad55f2ac79,134,77,tool/result,True,997
9b46292f-5a33-48d5-bb3e-ebad55f2ac79,134,80,assistant/message,True,12168
9b46292f-5a33-48d5-bb3e-ebad55f2ac79,134,82,tool/result,True,1195
9b46292f-5a33-48d5-bb3e-ebad55f2ac79,134,84,tool/result,True,1592
9b46292f-5a33-48d5-bb3e-ebad55f2ac79,134,86,tool/result,True,1207
9b46292f-5a33-48d5-bb3e-ebad55f2ac79,134,89,assistant/message,True,12152
9b46292f-5a33-48d5-bb3e-ebad55f2ac79,134,96,user/message,True,1480
9b46292f-5a33-48d5-bb3e-ebad55f2ac79,134,97,assistant/message,True,24534
9b46292f-5a33-48d5-bb3e-ebad55f2ac79,134,99,tool/result,True,1158
9b46292f-5a33-48d5-bb3e-ebad55f2ac79,147,135,user/message,True,10170
9b46292f-5a33-48d5-bb3e-ebad55f2ac79,147,107,assistant/message,True,7644
9b46292f-5a33-48d5-bb3e-ebad55f2ac79,147,109,tool/result,True,1337
9b46292f-5a33-48d5-bb3e-ebad55f2ac79,147,112,assistant/message,True,13697
9b46292f-5a33-48d5-bb3e-ebad55f2ac79,147,114,tool/result,True,5840
9b46292f-5a33-48d5-bb3e-ebad55f2ac79,147,117,assistant/message,True,11492
9b46292f-5a33-48d5-bb3e-ebad55f2ac79,147,119,tool/result,True,1478
9b46292f-5a33-48d5-bb3e-ebad55f2ac79,147,122,assistant/message,True,12523
9b46292f-5a33-48d5-bb3e-ebad55f2ac79,147,124,tool/result,True,682
9b46292f-5a33-48d5-bb3e-ebad55f2ac79,147,127,assistant/message,True,8662
9b46292f-5a33-48d5-bb3e-ebad55f2ac79,147,132,tool/result,True,6249
9b46292f-5a33-48d5-bb3e-ebad55f2ac79,147,138,user/message,True,2240
9b46292f-5a33-48d5-bb3e-ebad55f2ac79,159,148,user/message,True,9149
9b46292f-5a33-48d5-bb3e-ebad55f2ac79,159,140,assistant/message,True,102691
9b46292f-5a33-48d5-bb3e-ebad55f2ac79,159,142,tool/result,True,1049
9b46292f-5a33-48d5-bb3e-ebad55f2ac79,159,144,tool/result,True,498
9b46292f-5a33-48d5-bb3e-ebad55f2ac79,159,151,user/message,True,2240
9b46292f-5a33-48d5-bb3e-ebad55f2ac79,159,152,user/message,True,1207
9b46292f-5a33-48d5-bb3e-ebad55f2ac79,176,160,user/message,True,9872
9b46292f-5a33-48d5-bb3e-ebad55f2ac79,176,154,assistant/message,True,126802
9b46292f-5a33-48d5-bb3e-ebad55f2ac79,176,156,tool/result,True,537
9b46292f-5a33-48d5-bb3e-ebad55f2ac79,201,177,user/message,True,9532
9b46292f-5a33-48d5-bb3e-ebad55f2ac79,201,163,user/message,True,2240
9b46292f-5a33-48d5-bb3e-ebad55f2ac79,201,165,assistant/message,True,2973
9b46292f-5a33-48d5-bb3e-ebad55f2ac79,201,167,tool/result,True,858
9b46292f-5a33-48d5-bb3e-ebad55f2ac79,201,170,user/message,True,1207
9b46292f-5a33-48d5-bb3e-ebad55f2ac79,201,171,assistant/message,True,83381
9b46292f-5a33-48d5-bb3e-ebad55f2ac79,201,173,tool/result,True,1459
9b46292f-5a33-48d5-bb3e-ebad55f2ac79,222,215,tool/result,True,31025
9b46292f-5a33-48d5-bb3e-ebad55f2ac79,225,202,user/message,True,7863
9b46292f-5a33-48d5-bb3e-ebad55f2ac79,225,181,assistant/message,True,33963
9b46292f-5a33-48d5-bb3e-ebad55f2ac79,225,183,tool/result,True,509
9b46292f-5a33-48d5-bb3e-ebad55f2ac79,225,186,assistant/message,True,41807
9b46292f-5a33-48d5-bb3e-ebad55f2ac79,225,188,tool/result,True,526
9b46292f-5a33-48d5-bb3e-ebad55f2ac79,225,191,assistant/message,True,8712
9b46292f-5a33-48d5-bb3e-ebad55f2ac79,225,193,tool/result,True,525
9b46292f-5a33-48d5-bb3e-ebad55f2ac79,225,196,assistant/message,True,25558
9b46292f-5a33-48d5-bb3e-ebad55f2ac79,225,198,tool/result,True,553
9b46292f-5a33-48d5-bb3e-ebad55f2ac79,225,205,user/message,True,2240
9b46292f-5a33-48d5-bb3e-ebad55f2ac79,254,226,user/message,True,9031
9b46292f-5a33-48d5-bb3e-ebad55f2ac79,254,207,assistant/message,True,19832
9b46292f-5a33-48d5-bb3e-ebad55f2ac79,254,209,tool/result,True,442
9b46292f-5a33-48d5-bb3e-ebad55f2ac79,254,212,user/message,True,1207
9b46292f-5a33-48d5-bb3e-ebad55f2ac79,254,213,assistant/message,True,25339
9b46292f-5a33-48d5-bb3e-ebad55f2ac79,254,223,tool/result,True,23931
9b46292f-5a33-48d5-bb3e-ebad55f2ac79,254,218,assistant/message,True,30312
9b46292f-5a33-48d5-bb3e-ebad55f2ac79,254,220,tool/result,True,825
9b46292f-5a33-48d5-bb3e-ebad55f2ac79,254,229,user/message,True,2240
9b46292f-5a33-48d5-bb3e-ebad55f2ac79,254,231,assistant/message,True,20632
9b46292f-5a33-48d5-bb3e-ebad55f2ac79,254,233,tool/result,True,786
9b46292f-5a33-48d5-bb3e-ebad55f2ac79,254,236,assistant/message,True,20549
9b46292f-5a33-48d5-bb3e-ebad55f2ac79,254,238,tool/result,True,442
9b46292f-5a33-48d5-bb3e-ebad55f2ac79,276,255,user/message,True,9820
9b46292f-5a33-48d5-bb3e-ebad55f2ac79,276,241,assistant/message,True,21501
9b46292f-5a33-48d5-bb3e-ebad55f2ac79,276,248,user/message,True,1521
9b46292f-5a33-48d5-bb3e-ebad55f2ac79,276,249,assistant/message,True,41864
9b46292f-5a33-48d5-bb3e-ebad55f2ac79,276,251,tool/result,True,21096
9b46292f-5a33-48d5-bb3e-ebad55f2ac79,276,258,user/message,True,2240
9b46292f-5a33-48d5-bb3e-ebad55f2ac79,276,260,assistant/message,True,44948
9b46292f-5a33-48d5-bb3e-ebad55f2ac79,276,262,tool/result,True,765
9b46292f-5a33-48d5-bb3e-ebad55f2ac79,276,265,user/message,True,1207
9b46292f-5a33-48d5-bb3e-ebad55f2ac79,276,266,assistant/message,True,8515
9b46292f-5a33-48d5-bb3e-ebad55f2ac79,276,268,tool/result,True,10585
9b46292f-5a33-48d5-bb3e-ebad55f2ac79,293,277,user/message,True,10529
9b46292f-5a33-48d5-bb3e-ebad55f2ac79,293,271,assistant/message,True,125043
9b46292f-5a33-48d5-bb3e-ebad55f2ac79,293,273,tool/result,True,12075
9b46292f-5a33-48d5-bb3e-ebad55f2ac79,293,280,user/message,True,2240
9b46292f-5a33-48d5-bb3e-ebad55f2ac79,293,282,assistant/message,True,3053
9b46292f-5a33-48d5-bb3e-ebad55f2ac79,293,284,tool/result,True,1100
9b46292f-5a33-48d5-bb3e-ebad55f2ac79,293,287,user/message,True,1207
9b46292f-5a33-48d5-bb3e-ebad55f2ac79,314,312,tool/result,True,36972
9b46292f-5a33-48d5-bb3e-ebad55f2ac79,323,294,user/message,True,9219
9b46292f-5a33-48d5-bb3e-ebad55f2ac79,323,288,assistant/message,True,103411
9b46292f-5a33-48d5-bb3e-ebad55f2ac79,323,290,tool/result,True,536
9b46292f-5a33-48d5-bb3e-ebad55f2ac79,323,297,user/message,True,2240
9b46292f-5a33-48d5-bb3e-ebad55f2ac79,323,299,assistant/message,True,3188
9b46292f-5a33-48d5-bb3e-ebad55f2ac79,323,301,tool/result,True,1603
9b46292f-5a33-48d5-bb3e-ebad55f2ac79,374,324,user/message,True,10491
9b46292f-5a33-48d5-bb3e-ebad55f2ac79,374,304,user/message,True,1207
9b46292f-5a33-48d5-bb3e-ebad55f2ac79,374,305,assistant/message,True,44487
9b46292f-5a33-48d5-bb3e-ebad55f2ac79,374,307,tool/result,True,6789
9b46292f-5a33-48d5-bb3e-ebad55f2ac79,374,310,assistant/message,True,4361
9b46292f-5a33-48d5-bb3e-ebad55f2ac79,374,315,tool/result,True,27352
9b46292f-5a33-48d5-bb3e-ebad55f2ac79,374,318,assistant/message,True,3752
9b46292f-5a33-48d5-bb3e-ebad55f2ac79,374,320,tool/result,True,5521
9b46292f-5a33-48d5-bb3e-ebad55f2ac79,374,327,user/message,True,2240
9b46292f-5a33-48d5-bb3e-ebad55f2ac79,374,329,assistant/message,True,3328
9b46292f-5a33-48d5-bb3e-ebad55f2ac79,374,331,tool/result,True,2261
9b46292f-5a33-48d5-bb3e-ebad55f2ac79,374,334,assistant/message,True,6121
9b46292f-5a33-48d5-bb3e-ebad55f2ac79,374,336,tool/result,True,1236
9b46292f-5a33-48d5-bb3e-ebad55f2ac79,426,375,user/message,True,11500
9b46292f-5a33-48d5-bb3e-ebad55f2ac79,426,339,assistant/message,True,4248
9b46292f-5a33-48d5-bb3e-ebad55f2ac79,426,341,tool/result,True,955
9b46292f-5a33-48d5-bb3e-ebad55f2ac79,426,344,assistant/message,True,18436
9b46292f-5a33-48d5-bb3e-ebad55f2ac79,426,346,tool/result,True,4315
9b46292f-5a33-48d5-bb3e-ebad55f2ac79,426,349,assistant/message,True,3919
9b46292f-5a33-48d5-bb3e-ebad55f2ac79,426,351,tool/result,True,741
9b46292f-5a33-48d5-bb3e-ebad55f2ac79,426,354,assistant/message,True,52408
9b46292f-5a33-48d5-bb3e-ebad55f2ac79,426,356,tool/result,True,537
9b46292f-5a33-48d5-bb3e-ebad55f2ac79,426,359,assistant/message,True,5674
9b46292f-5a33-48d5-bb3e-ebad55f2ac79,426,361,tool/result,True,1494
9b46292f-5a33-48d5-bb3e-ebad55f2ac79,426,364,assistant/message,True,4569
9b46292f-5a33-48d5-bb3e-ebad55f2ac79,426,366,tool/result,True,878
9b46292f-5a33-48d5-bb3e-ebad55f2ac79,426,369,assistant/message,True,13882
9b46292f-5a33-48d5-bb3e-ebad55f2ac79,426,371,tool/result,True,1845
9b46292f-5a33-48d5-bb3e-ebad55f2ac79,426,378,user/message,True,2240
9b46292f-5a33-48d5-bb3e-ebad55f2ac79,426,380,assistant/message,True,5502
9b46292f-5a33-48d5-bb3e-ebad55f2ac79,426,382,tool/result,True,1511
9b46292f-5a33-48d5-bb3e-ebad55f2ac79,426,385,user/message,True,1207
9b46292f-5a33-48d5-bb3e-ebad55f2ac79,426,386,assistant/message,True,7529
9b46292f-5a33-48d5-bb3e-ebad55f2ac79,426,388,tool/result,True,421
9b46292f-5a33-48d5-bb3e-ebad55f2ac79,426,391,assistant/message,True,5751
9b46292f-5a33-48d5-bb3e-ebad55f2ac79,426,393,tool/result,True,413
9b46292f-5a33-48d5-bb3e-ebad55f2ac79,426,396,assistant/message,True,4067
9b46292f-5a33-48d5-bb3e-ebad55f2ac79,426,398,tool/result,True,528
9b46292f-5a33-48d5-bb3e-ebad55f2ac79,448,427,user/message,True,11465
9b46292f-5a33-48d5-bb3e-ebad55f2ac79,448,401,assistant/message,True,3737
9b46292f-5a33-48d5-bb3e-ebad55f2ac79,448,403,tool/result,True,641
9b46292f-5a33-48d5-bb3e-ebad55f2ac79,448,406,assistant/message,True,4101
9b46292f-5a33-48d5-bb3e-ebad55f2ac79,448,408,tool/result,True,678
9b46292f-5a33-48d5-bb3e-ebad55f2ac79,448,411,assistant/message,True,3743
9b46292f-5a33-48d5-bb3e-ebad55f2ac79,448,413,tool/result,True,938
9b46292f-5a33-48d5-bb3e-ebad55f2ac79,448,416,assistant/message,True,4499
9b46292f-5a33-48d5-bb3e-ebad55f2ac79,448,418,tool/result,True,2642
9b46292f-5a33-48d5-bb3e-ebad55f2ac79,448,421,assistant/message,True,72609
9b46292f-5a33-48d5-bb3e-ebad55f2ac79,448,423,tool/result,True,663
9b46292f-5a33-48d5-bb3e-ebad55f2ac79,448,430,user/message,True,2240
9b46292f-5a33-48d5-bb3e-ebad55f2ac79,481,456,tool/result,True,36972
9b46292f-5a33-48d5-bb3e-ebad55f2ac79,505,449,user/message,True,9830
9b46292f-5a33-48d5-bb3e-ebad55f2ac79,505,432,assistant/message,True,17975
9b46292f-5a33-48d5-bb3e-ebad55f2ac79,505,439,user/message,True,1514
9b46292f-5a33-48d5-bb3e-ebad55f2ac79,505,440,user/message,True,1207
9b46292f-5a33-48d5-bb3e-ebad55f2ac79,505,441,assistant/message,True,72177
9b46292f-5a33-48d5-bb3e-ebad55f2ac79,505,443,tool/result,True,540
9b46292f-5a33-48d5-bb3e-ebad55f2ac79,505,445,tool/result,True,540
9b46292f-5a33-48d5-bb3e-ebad55f2ac79,523,521,tool/result,True,37544
9b46292f-5a33-48d5-bb3e-ebad55f2ac79,526,506,user/message,True,10630
9b46292f-5a33-48d5-bb3e-ebad55f2ac79,526,452,user/message,True,2240
9b46292f-5a33-48d5-bb3e-ebad55f2ac79,526,454,assistant/message,True,4018
9b46292f-5a33-48d5-bb3e-ebad55f2ac79,526,482,tool/result,True,27352
9b46292f-5a33-48d5-bb3e-ebad55f2ac79,526,459,assistant/message,True,20122
9b46292f-5a33-48d5-bb3e-ebad55f2ac79,526,461,tool/result,True,2584
9b46292f-5a33-48d5-bb3e-ebad55f2ac79,526,463,tool/result,True,1118
9b46292f-5a33-48d5-bb3e-ebad55f2ac79,526,465,tool/result,True,1341
9b46292f-5a33-48d5-bb3e-ebad55f2ac79,526,467,tool/result,True,1479
9b46292f-5a33-48d5-bb3e-ebad55f2ac79,526,470,assistant/message,True,4110
9b46292f-5a33-48d5-bb3e-ebad55f2ac79,526,472,tool/result,True,1237
9b46292f-5a33-48d5-bb3e-ebad55f2ac79,526,475,assistant/message,True,5436
9b46292f-5a33-48d5-bb3e-ebad55f2ac79,526,477,tool/result,True,588
9b46292f-5a33-48d5-bb3e-ebad55f2ac79,526,479,tool/result,True,483
9b46292f-5a33-48d5-bb3e-ebad55f2ac79,526,485,assistant/message,True,12806
9b46292f-5a33-48d5-bb3e-ebad55f2ac79,526,492,user/message,True,825
9b46292f-5a33-48d5-bb3e-ebad55f2ac79,526,493,assistant/message,True,23412
9b46292f-5a33-48d5-bb3e-ebad55f2ac79,526,495,tool/result,True,848
9b46292f-5a33-48d5-bb3e-ebad55f2ac79,526,498,assistant/message,True,5886
9b46292f-5a33-48d5-bb3e-ebad55f2ac79,526,509,user/message,True,1675
9b46292f-5a33-48d5-bb3e-ebad55f2ac79,541,534,tool/result,True,25272
9b46292f-5a33-48d5-bb3e-ebad55f2ac79,544,527,user/message,True,9755
9b46292f-5a33-48d5-bb3e-ebad55f2ac79,544,511,assistant/message,True,82907
9b46292f-5a33-48d5-bb3e-ebad55f2ac79,544,513,tool/result,True,426
9b46292f-5a33-48d5-bb3e-ebad55f2ac79,544,515,tool/result,True,767
9b46292f-5a33-48d5-bb3e-ebad55f2ac79,544,518,user/message,True,1207
9b46292f-5a33-48d5-bb3e-ebad55f2ac79,544,519,assistant/message,True,5622
9b46292f-5a33-48d5-bb3e-ebad55f2ac79,544,524,tool/result,True,27638
9b46292f-5a33-48d5-bb3e-ebad55f2ac79,544,530,user/message,True,2240
9b46292f-5a33-48d5-bb3e-ebad55f2ac79,567,564,tool/result,True,37544
9b46292f-5a33-48d5-bb3e-ebad55f2ac79,578,576,tool/result,True,25428
9b46292f-5a33-48d5-bb3e-ebad55f2ac79,581,545,user/message,True,11062
9b46292f-5a33-48d5-bb3e-ebad55f2ac79,581,532,assistant/message,True,3466
9b46292f-5a33-48d5-bb3e-ebad55f2ac79,581,542,tool/result,True,20532
9b46292f-5a33-48d5-bb3e-ebad55f2ac79,581,537,assistant/message,True,87626
9b46292f-5a33-48d5-bb3e-ebad55f2ac79,581,539,tool/result,True,436
9b46292f-5a33-48d5-bb3e-ebad55f2ac79,605,582,user/message,True,12672
9b46292f-5a33-48d5-bb3e-ebad55f2ac79,605,548,user/message,True,2240
9b46292f-5a33-48d5-bb3e-ebad55f2ac79,605,550,assistant/message,True,35747
9b46292f-5a33-48d5-bb3e-ebad55f2ac79,605,552,tool/result,True,540
9b46292f-5a33-48d5-bb3e-ebad55f2ac79,605,555,user/message,True,1207
9b46292f-5a33-48d5-bb3e-ebad55f2ac79,605,556,assistant/message,True,3588
9b46292f-5a33-48d5-bb3e-ebad55f2ac79,605,558,tool/result,True,430
9b46292f-5a33-48d5-bb3e-ebad55f2ac79,605,562,assistant/message,True,6415
9b46292f-5a33-48d5-bb3e-ebad55f2ac79,605,568,tool/result,True,27638
9b46292f-5a33-48d5-bb3e-ebad55f2ac79,605,570,user/message,True,531
9b46292f-5a33-48d5-bb3e-ebad55f2ac79,605,572,assistant/message,True,4852
9b46292f-5a33-48d5-bb3e-ebad55f2ac79,605,574,tool/result,True,488
9b46292f-5a33-48d5-bb3e-ebad55f2ac79,605,579,tool/result,True,20607
9b46292f-5a33-48d5-bb3e-ebad55f2ac79,605,586,assistant/message,True,11827
9b46292f-5a33-48d5-bb3e-ebad55f2ac79,605,588,tool/result,True,978
9b46292f-5a33-48d5-bb3e-ebad55f2ac79,605,590,tool/result,True,12948
9b46292f-5a33-48d5-bb3e-ebad55f2ac79,638,636,tool/result,True,22059
9b46292f-5a33-48d5-bb3e-ebad55f2ac79,641,606,user/message,True,14273
9b46292f-5a33-48d5-bb3e-ebad55f2ac79,641,593,assistant/message,True,105618
9b46292f-5a33-48d5-bb3e-ebad55f2ac79,641,595,tool/result,True,431
9b46292f-5a33-48d5-bb3e-ebad55f2ac79,641,597,tool/result,True,1027
9b46292f-5a33-48d5-bb3e-ebad55f2ac79,641,599,tool/result,True,541
9b46292f-5a33-48d5-bb3e-ebad55f2ac79,641,601,tool/result,True,1698
9b46292f-5a33-48d5-bb3e-ebad55f2ac79,641,609,user/message,True,2240
9b46292f-5a33-48d5-bb3e-ebad55f2ac79,641,611,assistant/message,True,4178
9b46292f-5a33-48d5-bb3e-ebad55f2ac79,641,613,tool/result,True,7915
9b46292f-5a33-48d5-bb3e-ebad55f2ac79,641,617,user/message,True,531
9b46292f-5a33-48d5-bb3e-ebad55f2ac79,641,618,user/message,True,1207
9b46292f-5a33-48d5-bb3e-ebad55f2ac79,668,642,user/message,True,11142
9b46292f-5a33-48d5-bb3e-ebad55f2ac79,668,619,assistant/message,True,2606
9b46292f-5a33-48d5-bb3e-ebad55f2ac79,668,621,tool/result,True,1069
9b46292f-5a33-48d5-bb3e-ebad55f2ac79,668,624,assistant/message,True,7822
9b46292f-5a33-48d5-bb3e-ebad55f2ac79,668,626,tool/result,True,3407
9b46292f-5a33-48d5-bb3e-ebad55f2ac79,668,629,assistant/message,True,8734
9b46292f-5a33-48d5-bb3e-ebad55f2ac79,668,631,tool/result,True,4119
9b46292f-5a33-48d5-bb3e-ebad55f2ac79,668,634,assistant/message,True,47018
9b46292f-5a33-48d5-bb3e-ebad55f2ac79,668,639,tool/result,True,18587
9b46292f-5a33-48d5-bb3e-ebad55f2ac79,668,645,user/message,True,2240
9b46292f-5a33-48d5-bb3e-ebad55f2ac79,716,669,user/message,True,10979
9b46292f-5a33-48d5-bb3e-ebad55f2ac79,716,647,assistant/message,True,3342
9b46292f-5a33-48d5-bb3e-ebad55f2ac79,716,649,tool/result,True,9531
9b46292f-5a33-48d5-bb3e-ebad55f2ac79,716,652,user/message,True,1207
9b46292f-5a33-48d5-bb3e-ebad55f2ac79,716,653,assistant/message,True,12185
9b46292f-5a33-48d5-bb3e-ebad55f2ac79,716,655,tool/result,True,1537
9b46292f-5a33-48d5-bb3e-ebad55f2ac79,716,658,assistant/message,True,18064
9b46292f-5a33-48d5-bb3e-ebad55f2ac79,716,660,tool/result,True,10309
9b46292f-5a33-48d5-bb3e-ebad55f2ac79,753,717,user/message,True,11187
9b46292f-5a33-48d5-bb3e-ebad55f2ac79,753,663,assistant/message,True,37842
9b46292f-5a33-48d5-bb3e-ebad55f2ac79,753,665,tool/result,True,5427
9b46292f-5a33-48d5-bb3e-ebad55f2ac79,753,672,user/message,True,2240
9b46292f-5a33-48d5-bb3e-ebad55f2ac79,770,754,user/message,True,12172
9b46292f-5a33-48d5-bb3e-ebad55f2ac79,770,674,assistant/message,True,58477
9b46292f-5a33-48d5-bb3e-ebad55f2ac79,770,676,tool/result,True,1308
9b46292f-5a33-48d5-bb3e-ebad55f2ac79,770,678,tool/result,True,541
9b46292f-5a33-48d5-bb3e-ebad55f2ac79,770,680,tool/result,True,541
9b46292f-5a33-48d5-bb3e-ebad55f2ac79,770,682,tool/result,True,819
9b46292f-5a33-48d5-bb3e-ebad55f2ac79,770,684,tool/result,True,1083
9b46292f-5a33-48d5-bb3e-ebad55f2ac79,770,686,tool/result,True,1317
9b46292f-5a33-48d5-bb3e-ebad55f2ac79,770,688,tool/result,True,908
9b46292f-5a33-48d5-bb3e-ebad55f2ac79,770,690,tool/result,True,541
9b46292f-5a33-48d5-bb3e-ebad55f2ac79,770,692,tool/result,True,1096
9b46292f-5a33-48d5-bb3e-ebad55f2ac79,770,694,tool/result,True,1136
9b46292f-5a33-48d5-bb3e-ebad55f2ac79,770,696,tool/result,True,1173
9b46292f-5a33-48d5-bb3e-ebad55f2ac79,770,698,tool/result,True,541
9b46292f-5a33-48d5-bb3e-ebad55f2ac79,770,700,tool/result,True,2113
9b46292f-5a33-48d5-bb3e-ebad55f2ac79,770,702,tool/result,True,1389
9b46292f-5a33-48d5-bb3e-ebad55f2ac79,770,704,tool/result,True,1621
9b46292f-5a33-48d5-bb3e-ebad55f2ac79,770,706,tool/result,True,1149
9b46292f-5a33-48d5-bb3e-ebad55f2ac79,770,708,tool/result,True,1963
9b46292f-5a33-48d5-bb3e-ebad55f2ac79,770,711,assistant/message,True,7390
9b46292f-5a33-48d5-bb3e-ebad55f2ac79,770,713,tool/result,True,3195
9b46292f-5a33-48d5-bb3e-ebad55f2ac79,799,797,tool/result,True,22386
9b46292f-5a33-48d5-bb3e-ebad55f2ac79,802,771,user/message,True,11874
9b46292f-5a33-48d5-bb3e-ebad55f2ac79,802,721,assistant/message,True,23213
9b46292f-5a33-48d5-bb3e-ebad55f2ac79,802,723,tool/result,True,511
9b46292f-5a33-48d5-bb3e-ebad55f2ac79,802,726,user/message,True,1207
9b46292f-5a33-48d5-bb3e-ebad55f2ac79,802,727,assistant/message,True,16954
9b46292f-5a33-48d5-bb3e-ebad55f2ac79,802,729,tool/result,True,708
9b46292f-5a33-48d5-bb3e-ebad55f2ac79,802,732,assistant/message,True,15088
9b46292f-5a33-48d5-bb3e-ebad55f2ac79,802,734,tool/result,True,1671
9b46292f-5a33-48d5-bb3e-ebad55f2ac79,802,736,tool/result,True,2005
9b46292f-5a33-48d5-bb3e-ebad55f2ac79,802,738,tool/result,True,1760
9b46292f-5a33-48d5-bb3e-ebad55f2ac79,802,740,tool/result,True,818
9b46292f-5a33-48d5-bb3e-ebad55f2ac79,802,743,assistant/message,True,3946
9b46292f-5a33-48d5-bb3e-ebad55f2ac79,802,745,tool/result,True,414
9b46292f-5a33-48d5-bb3e-ebad55f2ac79,802,748,assistant/message,True,4573
9b46292f-5a33-48d5-bb3e-ebad55f2ac79,802,750,tool/result,True,3385
9b46292f-5a33-48d5-bb3e-ebad55f2ac79,802,757,user/message,True,2240
9b46292f-5a33-48d5-bb3e-ebad55f2ac79,802,759,assistant/message,True,6657
9b46292f-5a33-48d5-bb3e-ebad55f2ac79,802,761,tool/result,True,14215
9b46292f-5a33-48d5-bb3e-ebad55f2ac79,819,803,user/message,True,9898
9b46292f-5a33-48d5-bb3e-ebad55f2ac79,819,764,assistant/message,True,5700
9b46292f-5a33-48d5-bb3e-ebad55f2ac79,819,766,tool/result,True,431
9b46292f-5a33-48d5-bb3e-ebad55f2ac79,819,775,assistant/message,True,4113
9b46292f-5a33-48d5-bb3e-ebad55f2ac79,819,777,tool/result,True,594
9b46292f-5a33-48d5-bb3e-ebad55f2ac79,819,781,user/message,True,497
9b46292f-5a33-48d5-bb3e-ebad55f2ac79,819,782,assistant/message,True,4436
9b46292f-5a33-48d5-bb3e-ebad55f2ac79,819,784,tool/result,True,1566
9b46292f-5a33-48d5-bb3e-ebad55f2ac79,819,787,assistant/message,True,24885
9b46292f-5a33-48d5-bb3e-ebad55f2ac79,819,794,user/message,True,2063
9b46292f-5a33-48d5-bb3e-ebad55f2ac79,819,795,assistant/message,True,29151
9b46292f-5a33-48d5-bb3e-ebad55f2ac79,819,800,tool/result,True,18963
9b46292f-5a33-48d5-bb3e-ebad55f2ac79,819,806,user/message,True,2240
9b46292f-5a33-48d5-bb3e-ebad55f2ac79,857,820,user/message,True,11209
9b46292f-5a33-48d5-bb3e-ebad55f2ac79,857,808,assistant/message,True,4061
9b46292f-5a33-48d5-bb3e-ebad55f2ac79,857,810,tool/result,True,9612
9b46292f-5a33-48d5-bb3e-ebad55f2ac79,857,813,user/message,True,1207
9b46292f-5a33-48d5-bb3e-ebad55f2ac79,857,814,assistant/message,True,76609
9b46292f-5a33-48d5-bb3e-ebad55f2ac79,857,816,tool/result,True,535
9b46292f-5a33-48d5-bb3e-ebad55f2ac79,857,823,user/message,True,2240
9b46292f-5a33-48d5-bb3e-ebad55f2ac79,857,825,assistant/message,True,6876
9b46292f-5a33-48d5-bb3e-ebad55f2ac79,857,827,tool/result,True,1166
9b46292f-5a33-48d5-bb3e-ebad55f2ac79,874,866,tool/result,True,23764
9b46292f-5a33-48d5-bb3e-ebad55f2ac79,877,858,user/message,True,13302
9b46292f-5a33-48d5-bb3e-ebad55f2ac79,877,830,assistant/message,True,13078
9b46292f-5a33-48d5-bb3e-ebad55f2ac79,877,832,tool/result,True,883
9b46292f-5a33-48d5-bb3e-ebad55f2ac79,877,835,assistant/message,True,25877
9b46292f-5a33-48d5-bb3e-ebad55f2ac79,877,837,tool/result,True,872
9b46292f-5a33-48d5-bb3e-ebad55f2ac79,877,840,assistant/message,True,29967
9b46292f-5a33-48d5-bb3e-ebad55f2ac79,877,842,tool/result,True,783
9b46292f-5a33-48d5-bb3e-ebad55f2ac79,877,845,assistant/message,True,15879
9b46292f-5a33-48d5-bb3e-ebad55f2ac79,877,847,tool/result,True,543
9b46292f-5a33-48d5-bb3e-ebad55f2ac79,877,850,assistant/message,True,14146
9b46292f-5a33-48d5-bb3e-ebad55f2ac79,877,861,user/message,True,1061
9b46292f-5a33-48d5-bb3e-ebad55f2ac79,877,862,user/message,True,2240
9b46292f-5a33-48d5-bb3e-ebad55f2ac79,877,864,assistant/message,True,30161
9b46292f-5a33-48d5-bb3e-ebad55f2ac79,877,875,tool/result,True,19409
9b46292f-5a33-48d5-bb3e-ebad55f2ac79,877,869,user/message,True,1207
9b46292f-5a33-48d5-bb3e-ebad55f2ac79,904,878,user/message,True,12568
9b46292f-5a33-48d5-bb3e-ebad55f2ac79,908,905,user/message,True,12203
9b46292f-5a33-48d5-bb3e-ebad55f2ac79,918,909,user/message,True,11688
9b46292f-5a33-48d5-bb3e-ebad55f2ac79,918,870,assistant/message,True,128242
9b46292f-5a33-48d5-bb3e-ebad55f2ac79,918,872,tool/result,True,17411
9b46292f-5a33-48d5-bb3e-ebad55f2ac79,932,925,tool/result,True,27152
9b46292f-5a33-48d5-bb3e-ebad55f2ac79,935,919,user/message,True,11212
9b46292f-5a33-48d5-bb3e-ebad55f2ac79,935,881,user/message,True,2240
9b46292f-5a33-48d5-bb3e-ebad55f2ac79,935,883,assistant/message,True,3166
9b46292f-5a33-48d5-bb3e-ebad55f2ac79,935,885,tool/result,True,1155
9b46292f-5a33-48d5-bb3e-ebad55f2ac79,935,888,user/message,True,1207
9b46292f-5a33-48d5-bb3e-ebad55f2ac79,935,889,assistant/message,True,27726
9b46292f-5a33-48d5-bb3e-ebad55f2ac79,935,891,tool/result,True,587
9b46292f-5a33-48d5-bb3e-ebad55f2ac79,935,894,assistant/message,True,10134
9b46292f-5a33-48d5-bb3e-ebad55f2ac79,935,896,tool/result,True,781
9b46292f-5a33-48d5-bb3e-ebad55f2ac79,935,899,assistant/message,True,11886
9b46292f-5a33-48d5-bb3e-ebad55f2ac79,935,901,tool/result,True,1079
9b46292f-5a33-48d5-bb3e-ebad55f2ac79,979,936,user/message,True,9301
9b46292f-5a33-48d5-bb3e-ebad55f2ac79,979,913,assistant/message,True,33599
9b46292f-5a33-48d5-bb3e-ebad55f2ac79,979,915,tool/result,True,1016
9b46292f-5a33-48d5-bb3e-ebad55f2ac79,979,923,assistant/message,True,20206
9b46292f-5a33-48d5-bb3e-ebad55f2ac79,979,933,tool/result,True,21385
9b46292f-5a33-48d5-bb3e-ebad55f2ac79,997,980,user/message,True,10497
9b46292f-5a33-48d5-bb3e-ebad55f2ac79,997,928,assistant/message,True,41250
9b46292f-5a33-48d5-bb3e-ebad55f2ac79,997,930,tool/result,True,1264
9b46292f-5a33-48d5-bb3e-ebad55f2ac79,997,939,user/message,True,2240
9b46292f-5a33-48d5-bb3e-ebad55f2ac79,997,941,assistant/message,True,3559
9b46292f-5a33-48d5-bb3e-ebad55f2ac79,997,943,tool/result,True,6881
9b46292f-5a33-48d5-bb3e-ebad55f2ac79,997,946,user/message,True,1207
9b46292f-5a33-48d5-bb3e-ebad55f2ac79,997,947,assistant/message,True,3394
9b46292f-5a33-48d5-bb3e-ebad55f2ac79,997,949,tool/result,True,1168
9b46292f-5a33-48d5-bb3e-ebad55f2ac79,997,952,assistant/message,True,8289
9b46292f-5a33-48d5-bb3e-ebad55f2ac79,997,954,tool/result,True,1595
9b46292f-5a33-48d5-bb3e-ebad55f2ac79,997,957,assistant/message,True,4048
9b46292f-5a33-48d5-bb3e-ebad55f2ac79,997,959,tool/result,True,1156
9b46292f-5a33-48d5-bb3e-ebad55f2ac79,997,962,assistant/message,True,19893
9b46292f-5a33-48d5-bb3e-ebad55f2ac79,997,964,tool/result,True,728
9b46292f-5a33-48d5-bb3e-ebad55f2ac79,1009,1006,tool/result,True,27492
9b46292f-5a33-48d5-bb3e-ebad55f2ac79,1011,1007,tool/result,True,41162
9b46292f-5a33-48d5-bb3e-ebad55f2ac79,1014,998,user/message,True,11112
9b46292f-5a33-48d5-bb3e-ebad55f2ac79,1014,967,assistant/message,True,11370
9b46292f-5a33-48d5-bb3e-ebad55f2ac79,1014,969,tool/result,True,760
9b46292f-5a33-48d5-bb3e-ebad55f2ac79,1014,974,assistant/message,True,19758
9b46292f-5a33-48d5-bb3e-ebad55f2ac79,1014,976,tool/result,True,523
9b46292f-5a33-48d5-bb3e-ebad55f2ac79,1014,984,assistant/message,True,29119
9b46292f-5a33-48d5-bb3e-ebad55f2ac79,1014,991,user/message,True,1739
9b46292f-5a33-48d5-bb3e-ebad55f2ac79,1014,992,assistant/message,True,2942
9b46292f-5a33-48d5-bb3e-ebad55f2ac79,1014,994,tool/result,True,20306
9b46292f-5a33-48d5-bb3e-ebad55f2ac79,1032,1015,user/message,True,11826
9b46292f-5a33-48d5-bb3e-ebad55f2ac79,1032,1001,user/message,True,2241
9b46292f-5a33-48d5-bb3e-ebad55f2ac79,1032,1003,assistant/message,True,41938
9b46292f-5a33-48d5-bb3e-ebad55f2ac79,1032,1010,tool/result,True,21571
9b46292f-5a33-48d5-bb3e-ebad55f2ac79,1032,1012,tool/result,True,29823
9b46292f-5a33-48d5-bb3e-ebad55f2ac79,1050,1033,user/message,True,11876
9b46292f-5a33-48d5-bb3e-ebad55f2ac79,1050,1018,user/message,True,1208
9b46292f-5a33-48d5-bb3e-ebad55f2ac79,1050,1020,assistant/message,True,5027
9b46292f-5a33-48d5-bb3e-ebad55f2ac79,1050,1023,tool/result,True,16046
9b46292f-5a33-48d5-bb3e-ebad55f2ac79,1050,1024,tool/result,True,16158
9b46292f-5a33-48d5-bb3e-ebad55f2ac79,1050,1027,assistant/message,True,35474
9b46292f-5a33-48d5-bb3e-ebad55f2ac79,1050,1029,tool/result,True,518
9b46292f-5a33-48d5-bb3e-ebad55f2ac79,1050,1036,user/message,True,2241
9b46292f-5a33-48d5-bb3e-ebad55f2ac79,1073,1051,user/message,True,13596
9b46292f-5a33-48d5-bb3e-ebad55f2ac79,1073,1038,assistant/message,True,8501
9b46292f-5a33-48d5-bb3e-ebad55f2ac79,1073,1040,tool/result,True,20308
9b46292f-5a33-48d5-bb3e-ebad55f2ac79,1098,1074,user/message,True,13260
9b46292f-5a33-48d5-bb3e-ebad55f2ac79,1098,1043,assistant/message,True,46638
9b46292f-5a33-48d5-bb3e-ebad55f2ac79,1098,1046,tool/result,True,9686
9b46292f-5a33-48d5-bb3e-ebad55f2ac79,1098,1047,tool/result,True,3118
9b46292f-5a33-48d5-bb3e-ebad55f2ac79,1098,1054,user/message,True,2241
9b46292f-5a33-48d5-bb3e-ebad55f2ac79,1158,1099,user/message,True,13602
9b46292f-5a33-48d5-bb3e-ebad55f2ac79,1158,1056,assistant/message,True,3501
9b46292f-5a33-48d5-bb3e-ebad55f2ac79,1158,1058,tool/result,True,16046
9b46292f-5a33-48d5-bb3e-ebad55f2ac79,1158,1061,user/message,True,1208
9b46292f-5a33-48d5-bb3e-ebad55f2ac79,1158,1062,assistant/message,True,36093
9b46292f-5a33-48d5-bb3e-ebad55f2ac79,1158,1064,tool/result,True,2373
9b46292f-5a33-48d5-bb3e-ebad55f2ac79,1158,1066,tool/result,True,1448
9b46292f-5a33-48d5-bb3e-ebad55f2ac79,1158,1068,tool/result,True,2029
9b46292f-5a33-48d5-bb3e-ebad55f2ac79,1158,1070,tool/result,True,2900
9b46292f-5a33-48d5-bb3e-ebad55f2ac79,1158,1078,assistant/message,True,13710
9b46292f-5a33-48d5-bb3e-ebad55f2ac79,1158,1080,tool/result,True,545
9b46292f-5a33-48d5-bb3e-ebad55f2ac79,1158,1083,assistant/message,True,3220
9b46292f-5a33-48d5-bb3e-ebad55f2ac79,1158,1085,tool/result,True,4061
9b46292f-5a33-48d5-bb3e-ebad55f2ac79,1158,1088,assistant/message,True,3767
9b46292f-5a33-48d5-bb3e-ebad55f2ac79,1158,1090,tool/result,True,4937
9b46292f-5a33-48d5-bb3e-ebad55f2ac79,1158,1093,assistant/message,True,8645
9b46292f-5a33-48d5-bb3e-ebad55f2ac79,1158,1095,tool/result,True,1583
9b46292f-5a33-48d5-bb3e-ebad55f2ac79,1210,1159,user/message,True,14899
9b46292f-5a33-48d5-bb3e-ebad55f2ac79,1210,1102,user/message,True,2241
9b46292f-5a33-48d5-bb3e-ebad55f2ac79,1210,1104,assistant/message,True,5275
9b46292f-5a33-48d5-bb3e-ebad55f2ac79,1210,1106,tool/result,True,480
9b46292f-5a33-48d5-bb3e-ebad55f2ac79,1210,1109,assistant/message,True,6221
9b46292f-5a33-48d5-bb3e-ebad55f2ac79,1210,1111,tool/result,True,433
9b46292f-5a33-48d5-bb3e-ebad55f2ac79,1210,1114,assistant/message,True,4522
9b46292f-5a33-48d5-bb3e-ebad55f2ac79,1210,1116,tool/result,True,639
9b46292f-5a33-48d5-bb3e-ebad55f2ac79,1210,1120,assistant/message,True,3545
9b46292f-5a33-48d5-bb3e-ebad55f2ac79,1210,1122,tool/result,True,569
9b46292f-5a33-48d5-bb3e-ebad55f2ac79,1210,1124,tool/result,True,3235
9b46292f-5a33-48d5-bb3e-ebad55f2ac79,1210,1128,user/message,True,562
9b46292f-5a33-48d5-bb3e-ebad55f2ac79,1210,1129,assistant/message,True,8439
9b46292f-5a33-48d5-bb3e-ebad55f2ac79,1210,1131,tool/result,True,1321
9b46292f-5a33-48d5-bb3e-ebad55f2ac79,1210,1134,assistant/message,True,18128
9b46292f-5a33-48d5-bb3e-ebad55f2ac79,1210,1136,tool/result,True,3119
9b46292f-5a33-48d5-bb3e-ebad55f2ac79,1226,1211,user/message,True,14826
9b46292f-5a33-48d5-bb3e-ebad55f2ac79,1226,1139,assistant/message,True,47573
9b46292f-5a33-48d5-bb3e-ebad55f2ac79,1226,1141,tool/result,True,541
9b46292f-5a33-48d5-bb3e-ebad55f2ac79,1226,1143,tool/result,True,541
9b46292f-5a33-48d5-bb3e-ebad55f2ac79,1226,1145,tool/result,True,541
9b46292f-5a33-48d5-bb3e-ebad55f2ac79,1226,1147,tool/result,True,1016
9b46292f-5a33-48d5-bb3e-ebad55f2ac79,1226,1149,tool/result,True,1131
9b46292f-5a33-48d5-bb3e-ebad55f2ac79,1226,1151,tool/result,True,1775
9b46292f-5a33-48d5-bb3e-ebad55f2ac79,1226,1153,tool/result,True,1051
9b46292f-5a33-48d5-bb3e-ebad55f2ac79,1226,1155,tool/result,True,1049
9b46292f-5a33-48d5-bb3e-ebad55f2ac79,1226,1163,assistant/message,True,3879
9b46292f-5a33-48d5-bb3e-ebad55f2ac79,1226,1165,tool/result,True,8819
9b46292f-5a33-48d5-bb3e-ebad55f2ac79,1226,1168,user/message,True,1208
9b46292f-5a33-48d5-bb3e-ebad55f2ac79,1257,1227,user/message,True,16118
9b46292f-5a33-48d5-bb3e-ebad55f2ac79,1257,1169,assistant/message,True,18497
9b46292f-5a33-48d5-bb3e-ebad55f2ac79,1257,1171,tool/result,True,1066
9b46292f-5a33-48d5-bb3e-ebad55f2ac79,1257,1173,tool/result,True,541
9b46292f-5a33-48d5-bb3e-ebad55f2ac79,1257,1175,tool/result,True,1958
9b46292f-5a33-48d5-bb3e-ebad55f2ac79,1257,1177,tool/result,True,1083
9b46292f-5a33-48d5-bb3e-ebad55f2ac79,1257,1180,assistant/message,True,4537
9b46292f-5a33-48d5-bb3e-ebad55f2ac79,1257,1182,tool/result,True,924
9b46292f-5a33-48d5-bb3e-ebad55f2ac79,1257,1185,assistant/message,True,6013
9b46292f-5a33-48d5-bb3e-ebad55f2ac79,1257,1187,tool/result,True,994
9b46292f-5a33-48d5-bb3e-ebad55f2ac79,1257,1190,assistant/message,True,10122
9b46292f-5a33-48d5-bb3e-ebad55f2ac79,1257,1192,tool/result,True,2005
9b46292f-5a33-48d5-bb3e-ebad55f2ac79,1257,1195,assistant/message,True,6832
9b46292f-5a33-48d5-bb3e-ebad55f2ac79,1257,1197,tool/result,True,483
9b46292f-5a33-48d5-bb3e-ebad55f2ac79,1257,1200,assistant/message,True,3238
9b46292f-5a33-48d5-bb3e-ebad55f2ac79,1257,1202,tool/result,True,2454
9b46292f-5a33-48d5-bb3e-ebad55f2ac79,1257,1205,assistant/message,True,5582
9b46292f-5a33-48d5-bb3e-ebad55f2ac79,1257,1207,tool/result,True,1434
9b46292f-5a33-48d5-bb3e-ebad55f2ac79,1257,1214,user/message,True,2241
9b46292f-5a33-48d5-bb3e-ebad55f2ac79,1257,1216,assistant/message,True,3227
9b46292f-5a33-48d5-bb3e-ebad55f2ac79,1257,1218,tool/result,True,9115
9b46292f-5a33-48d5-bb3e-ebad55f2ac79,1273,1258,user/message,True,19319
9b46292f-5a33-48d5-bb3e-ebad55f2ac79,1273,1221,assistant/message,True,34371
9b46292f-5a33-48d5-bb3e-ebad55f2ac79,1273,1223,tool/result,True,6665
9b46292f-5a33-48d5-bb3e-ebad55f2ac79,1273,1231,assistant/message,True,4181
9b46292f-5a33-48d5-bb3e-ebad55f2ac79,1273,1233,tool/result,True,1984
9b46292f-5a33-48d5-bb3e-ebad55f2ac79,1273,1236,user/message,True,1208
9b46292f-5a33-48d5-bb3e-ebad55f2ac79,1273,1237,assistant/message,True,4341
9b46292f-5a33-48d5-bb3e-ebad55f2ac79,1273,1239,tool/result,True,1669
9b46292f-5a33-48d5-bb3e-ebad55f2ac79,1273,1242,assistant/message,True,9775
9b46292f-5a33-48d5-bb3e-ebad55f2ac79,1273,1244,tool/result,True,1202
9b46292f-5a33-48d5-bb3e-ebad55f2ac79,1273,1247,assistant/message,True,30121
9b46292f-5a33-48d5-bb3e-ebad55f2ac79,1273,1249,tool/result,True,2364
9b46292f-5a33-48d5-bb3e-ebad55f2ac79,1296,1274,user/message,True,15329
9b46292f-5a33-48d5-bb3e-ebad55f2ac79,1296,1252,assistant/message,True,9172
9b46292f-5a33-48d5-bb3e-ebad55f2ac79,1296,1254,tool/result,True,2420
9b46292f-5a33-48d5-bb3e-ebad55f2ac79,1296,1261,user/message,True,2241
9b46292f-5a33-48d5-bb3e-ebad55f2ac79,1296,1263,assistant/message,True,51025
9b46292f-5a33-48d5-bb3e-ebad55f2ac79,1296,1265,tool/result,True,847
9b46292f-5a33-48d5-bb3e-ebad55f2ac79,1309,1306,tool/result,True,37031
9b46292f-5a33-48d5-bb3e-ebad55f2ac79,1311,1307,tool/result,True,34479
9b46292f-5a33-48d5-bb3e-ebad55f2ac79,1322,1297,user/message,True,10833
9b46292f-5a33-48d5-bb3e-ebad55f2ac79,1322,1268,assistant/message,True,32201
9b46292f-5a33-48d5-bb3e-ebad55f2ac79,1322,1270,tool/result,True,1064
9b46292f-5a33-48d5-bb3e-ebad55f2ac79,1322,1278,assistant/message,True,41831
9b46292f-5a33-48d5-bb3e-ebad55f2ac79,1322,1280,tool/result,True,528
9b46292f-5a33-48d5-bb3e-ebad55f2ac79,1322,1283,user/message,True,1208
9b46292f-5a33-48d5-bb3e-ebad55f2ac79,1322,1284,assistant/message,True,20813
9b46292f-5a33-48d5-bb3e-ebad55f2ac79,1322,1286,tool/result,True,471
9b46292f-5a33-48d5-bb3e-ebad55f2ac79,1322,1289,assistant/message,True,32075
9b46292f-5a33-48d5-bb3e-ebad55f2ac79,1322,1300,user/message,True,1274
9b46292f-5a33-48d5-bb3e-ebad55f2ac79,1337,1329,tool/result,True,42355
9b46292f-5a33-48d5-bb3e-ebad55f2ac79,1340,1323,user/message,True,9944
9b46292f-5a33-48d5-bb3e-ebad55f2ac79,1340,1301,user/message,True,2241
9b46292f-5a33-48d5-bb3e-ebad55f2ac79,1340,1303,assistant/message,True,5114
9b46292f-5a33-48d5-bb3e-ebad55f2ac79,1340,1310,tool/result,True,27279
9b46292f-5a33-48d5-bb3e-ebad55f2ac79,1340,1312,tool/result,True,25504
9b46292f-5a33-48d5-bb3e-ebad55f2ac79,1358,1341,user/message,True,11935
9b46292f-5a33-48d5-bb3e-ebad55f2ac79,1358,1315,assistant/message,True,4346
9b46292f-5a33-48d5-bb3e-ebad55f2ac79,1358,1318,tool/result,True,14739
9b46292f-5a33-48d5-bb3e-ebad55f2ac79,1358,1319,tool/result,True,8515
9b46292f-5a33-48d5-bb3e-ebad55f2ac79,1358,1327,assistant/message,True,14079
9b46292f-5a33-48d5-bb3e-ebad55f2ac79,1358,1338,tool/result,True,30537
9b46292f-5a33-48d5-bb3e-ebad55f2ac79,1358,1332,user/message,True,1208
9b46292f-5a33-48d5-bb3e-ebad55f2ac79,1358,1333,assistant/message,True,37193
9b46292f-5a33-48d5-bb3e-ebad55f2ac79,1358,1335,tool/result,True,988
9b46292f-5a33-48d5-bb3e-ebad55f2ac79,1358,1344,user/message,True,2241
9b46292f-5a33-48d5-bb3e-ebad55f2ac79,1370,1366,tool/result,True,34479
9b46292f-5a33-48d5-bb3e-ebad55f2ac79,1380,1359,user/message,True,14059
9b46292f-5a33-48d5-bb3e-ebad55f2ac79,1380,1346,assistant/message,True,16399
9b46292f-5a33-48d5-bb3e-ebad55f2ac79,1380,1348,tool/result,True,1192
9b46292f-5a33-48d5-bb3e-ebad55f2ac79,1390,1381,user/message,True,14220
9b46292f-5a33-48d5-bb3e-ebad55f2ac79,1402,1391,user/message,True,14150
9b46292f-5a33-48d5-bb3e-ebad55f2ac79,1402,1351,assistant/message,True,43004
9b46292f-5a33-48d5-bb3e-ebad55f2ac79,1402,1354,tool/result,True,10239
9b46292f-5a33-48d5-bb3e-ebad55f2ac79,1402,1355,tool/result,True,19765
9b46292f-5a33-48d5-bb3e-ebad55f2ac79,1402,1362,user/message,True,2241
9b46292f-5a33-48d5-bb3e-ebad55f2ac79,1402,1364,assistant/message,True,14873
9b46292f-5a33-48d5-bb3e-ebad55f2ac79,1402,1371,tool/result,True,25504
9b46292f-5a33-48d5-bb3e-ebad55f2ac79,1402,1368,tool/result,True,835
9b46292f-5a33-48d5-bb3e-ebad55f2ac79,1402,1373,user/message,True,1208
9b46292f-5a33-48d5-bb3e-ebad55f2ac79,1402,1375,assistant/message,True,3908
9b46292f-5a33-48d5-bb3e-ebad55f2ac79,1402,1377,tool/result,True,14763
9b46292f-5a33-48d5-bb3e-ebad55f2ac79,1402,1385,assistant/message,True,4870
9b46292f-5a33-48d5-bb3e-ebad55f2ac79,1402,1387,tool/result,True,6983
9b46292f-5a33-48d5-bb3e-ebad55f2ac79,1426,1424,tool/result,True,34479
9b46292f-5a33-48d5-bb3e-ebad55f2ac79,1435,1403,user/message,True,16076
9b46292f-5a33-48d5-bb3e-ebad55f2ac79,1439,1436,user/message,True,15975
9b46292f-5a33-48d5-bb3e-ebad55f2ac79,1451,1440,user/message,True,15905
9b46292f-5a33-48d5-bb3e-ebad55f2ac79,1451,1397,assistant/message,True,143930
9b46292f-5a33-48d5-bb3e-ebad55f2ac79,1451,1410,user/message,True,295
9b46292f-5a33-48d5-bb3e-ebad55f2ac79,1451,1411,user/message,True,2241
9b46292f-5a33-48d5-bb3e-ebad55f2ac79,1479,1452,user/message,True,873
9b46292f-5a33-48d5-bb3e-ebad55f2ac79,1479,1412,user/message,True,1208
9b46292f-5a33-48d5-bb3e-ebad55f2ac79,1479,1414,assistant/message,True,6556
9b46292f-5a33-48d5-bb3e-ebad55f2ac79,1479,1416,tool/result,True,906
9b46292f-5a33-48d5-bb3e-ebad55f2ac79,1479,1419,tool/result,True,461
9b46292f-5a33-48d5-bb3e-ebad55f2ac79,1479,1422,assistant/message,True,4089
9b46292f-5a33-48d5-bb3e-ebad55f2ac79,1479,1427,tool/result,True,25504
9b46292f-5a33-48d5-bb3e-ebad55f2ac79,1479,1430,assistant/message,True,3290
9b46292f-5a33-48d5-bb3e-ebad55f2ac79,1479,1432,tool/result,True,14739
9b46292f-5a33-48d5-bb3e-ebad55f2ac79,1479,1446,assistant/message,True,3156
9b46292f-5a33-48d5-bb3e-ebad55f2ac79,1479,1448,tool/result,True,18527
9b46292f-5a33-48d5-bb3e-ebad55f2ac79,1479,1455,user/message,True,2241
9b46292f-5a33-48d5-bb3e-ebad55f2ac79,1479,1457,assistant/message,True,3369
9b46292f-5a33-48d5-bb3e-ebad55f2ac79,1479,1459,tool/result,True,19185
9b46292f-5a33-48d5-bb3e-ebad55f2ac79,1479,1462,assistant/message,True,3873
9b46292f-5a33-48d5-bb3e-ebad55f2ac79,1479,1464,tool/result,True,2575
9b46292f-5a33-48d5-bb3e-ebad55f2ac79,1479,1467,assistant/message,True,6413
9b46292f-5a33-48d5-bb3e-ebad55f2ac79,1479,1470,tool/result,True,8303
9b46292f-5a33-48d5-bb3e-ebad55f2ac79,1479,1471,tool/result,True,6983
9b46292f-5a33-48d5-bb3e-ebad55f2ac79,1500,1493,tool/result,True,34480
9b46292f-5a33-48d5-bb3e-ebad55f2ac79,1509,1480,user/message,True,9489
9b46292f-5a33-48d5-bb3e-ebad55f2ac79,1509,1474,assistant/message,True,97849
9b46292f-5a33-48d5-bb3e-ebad55f2ac79,1509,1476,tool/result,True,484
9b46292f-5a33-48d5-bb3e-ebad55f2ac79,1509,1483,user/message,True,2241
9b46292f-5a33-48d5-bb3e-ebad55f2ac79,1509,1485,assistant/message,True,13339
9b46292f-5a33-48d5-bb3e-ebad55f2ac79,1509,1487,tool/result,True,1354
9b46292f-5a33-48d5-bb3e-ebad55f2ac79,1509,1490,user/message,True,1208
9b46292f-5a33-48d5-bb3e-ebad55f2ac79,1528,1510,user/message,True,11163
9b46292f-5a33-48d5-bb3e-ebad55f2ac79,1528,1491,assistant/message,True,6435
9b46292f-5a33-48d5-bb3e-ebad55f2ac79,1528,1501,tool/result,True,25505
9b46292f-5a33-48d5-bb3e-ebad55f2ac79,1528,1496,assistant/message,True,11461
9b46292f-5a33-48d5-bb3e-ebad55f2ac79,1528,1498,tool/result,True,502
9b46292f-5a33-48d5-bb3e-ebad55f2ac79,1528,1504,assistant/message,True,52848
9b46292f-5a33-48d5-bb3e-ebad55f2ac79,1528,1506,tool/result,True,14830
9b46292f-5a33-48d5-bb3e-ebad55f2ac79,1528,1513,user/message,True,2241
9b46292f-5a33-48d5-bb3e-ebad55f2ac79,1528,1515,assistant/message,True,39381
9b46292f-5a33-48d5-bb3e-ebad55f2ac79,1528,1517,tool/result,True,2007
9b46292f-5a33-48d5-bb3e-ebad55f2ac79,1528,1519,tool/result,True,2277
9b46292f-5a33-48d5-bb3e-ebad55f2ac79,1528,1522,user/message,True,1208
9b46292f-5a33-48d5-bb3e-ebad55f2ac79,1570,1529,user/message,True,13466
9b46292f-5a33-48d5-bb3e-ebad55f2ac79,1582,1571,user/message,True,13136
9b46292f-5a33-48d5-bb3e-ebad55f2ac79,1582,1523,assistant/message,True,100840
9b46292f-5a33-48d5-bb3e-ebad55f2ac79,1582,1525,tool/result,True,544
9b46292f-5a33-48d5-bb3e-ebad55f2ac79,1617,1583,user/message,True,11945
9b46292f-5a33-48d5-bb3e-ebad55f2ac79,1617,1532,user/message,True,2241
9b46292f-5a33-48d5-bb3e-ebad55f2ac79,1617,1534,assistant/message,True,7552
9b46292f-5a33-48d5-bb3e-ebad55f2ac79,1617,1536,tool/result,True,1347
9b46292f-5a33-48d5-bb3e-ebad55f2ac79,1617,1539,user/message,True,1208
9b46292f-5a33-48d5-bb3e-ebad55f2ac79,1617,1540,assistant/message,True,3654
9b46292f-5a33-48d5-bb3e-ebad55f2ac79,1617,1542,tool/result,True,1253
9b46292f-5a33-48d5-bb3e-ebad55f2ac79,1617,1545,assistant/message,True,6711
9b46292f-5a33-48d5-bb3e-ebad55f2ac79,1617,1547,tool/result,True,609
9b46292f-5a33-48d5-bb3e-ebad55f2ac79,1617,1550,assistant/message,True,4321
9b46292f-5a33-48d5-bb3e-ebad55f2ac79,1617,1552,tool/result,True,3316
9b46292f-5a33-48d5-bb3e-ebad55f2ac79,1617,1555,assistant/message,True,27735
9b46292f-5a33-48d5-bb3e-ebad55f2ac79,1617,1557,tool/result,True,480
9b46292f-5a33-48d5-bb3e-ebad55f2ac79,1617,1560,assistant/message,True,9517
9b46292f-5a33-48d5-bb3e-ebad55f2ac79,1617,1562,tool/result,True,564
9b46292f-5a33-48d5-bb3e-ebad55f2ac79,1617,1565,assistant/message,True,16189
9b46292f-5a33-48d5-bb3e-ebad55f2ac79,1617,1567,tool/result,True,545
9b46292f-5a33-48d5-bb3e-ebad55f2ac79,1664,1618,user/message,True,10771
9b46292f-5a33-48d5-bb3e-ebad55f2ac79,1664,1577,assistant/message,True,8164
9b46292f-5a33-48d5-bb3e-ebad55f2ac79,1664,1579,tool/result,True,841
9b46292f-5a33-48d5-bb3e-ebad55f2ac79,1664,1587,assistant/message,True,12969
9b46292f-5a33-48d5-bb3e-ebad55f2ac79,1664,1589,tool/result,True,595
9b46292f-5a33-48d5-bb3e-ebad55f2ac79,1664,1592,assistant/message,True,3047
9b46292f-5a33-48d5-bb3e-ebad55f2ac79,1664,1594,tool/result,True,7364
9b46292f-5a33-48d5-bb3e-ebad55f2ac79,1664,1597,assistant/message,True,3194
9b46292f-5a33-48d5-bb3e-ebad55f2ac79,1664,1599,tool/result,True,1384
9b46292f-5a33-48d5-bb3e-ebad55f2ac79,1664,1602,assistant/message,True,26291
9b46292f-5a33-48d5-bb3e-ebad55f2ac79,1664,1604,tool/result,True,942
9b46292f-5a33-48d5-bb3e-ebad55f2ac79,1664,1607,assistant/message,True,11232
9b46292f-5a33-48d5-bb3e-ebad55f2ac79,1664,1609,tool/result,True,597
9b46292f-5a33-48d5-bb3e-ebad55f2ac79,1664,1612,assistant/message,True,14574
9b46292f-5a33-48d5-bb3e-ebad55f2ac79,1664,1614,tool/result,True,7224
9b46292f-5a33-48d5-bb3e-ebad55f2ac79,1696,1694,tool/result,True,34479
9b46292f-5a33-48d5-bb3e-ebad55f2ac79,1699,1665,user/message,True,11648
9b46292f-5a33-48d5-bb3e-ebad55f2ac79,1699,1621,user/message,True,2241
9b46292f-5a33-48d5-bb3e-ebad55f2ac79,1699,1623,assistant/message,True,3307
9b46292f-5a33-48d5-bb3e-ebad55f2ac79,1699,1625,tool/result,True,12812
9b46292f-5a33-48d5-bb3e-ebad55f2ac79,1699,1628,user/message,True,1208
9b46292f-5a33-48d5-bb3e-ebad55f2ac79,1699,1629,assistant/message,True,9571
9b46292f-5a33-48d5-bb3e-ebad55f2ac79,1699,1631,tool/result,True,547
9b46292f-5a33-48d5-bb3e-ebad55f2ac79,1699,1634,assistant/message,True,3127
9b46292f-5a33-48d5-bb3e-ebad55f2ac79,1699,1636,tool/result,True,2528
9b46292f-5a33-48d5-bb3e-ebad55f2ac79,1699,1639,assistant/message,True,5951
9b46292f-5a33-48d5-bb3e-ebad55f2ac79,1699,1641,tool/result,True,547
9b46292f-5a33-48d5-bb3e-ebad55f2ac79,1699,1644,assistant/message,True,3448
9b46292f-5a33-48d5-bb3e-ebad55f2ac79,1699,1646,tool/result,True,672
9b46292f-5a33-48d5-bb3e-ebad55f2ac79,1699,1649,assistant/message,True,13055
9b46292f-5a33-48d5-bb3e-ebad55f2ac79,1699,1651,tool/result,True,429
9b46292f-5a33-48d5-bb3e-ebad55f2ac79,1699,1654,assistant/message,True,17102
9b46292f-5a33-48d5-bb3e-ebad55f2ac79,1699,1656,tool/result,True,425
9b46292f-5a33-48d5-bb3e-ebad55f2ac79,1699,1659,assistant/message,True,3295
9b46292f-5a33-48d5-bb3e-ebad55f2ac79,1699,1661,tool/result,True,8628
9b46292f-5a33-48d5-bb3e-ebad55f2ac79,1715,1713,tool/result,True,55099
9b46292f-5a33-48d5-bb3e-ebad55f2ac79,1724,1700,user/message,True,11419
9b46292f-5a33-48d5-bb3e-ebad55f2ac79,1724,1669,assistant/message,True,16402
9b46292f-5a33-48d5-bb3e-ebad55f2ac79,1724,1671,tool/result,True,428
9b46292f-5a33-48d5-bb3e-ebad55f2ac79,1724,1674,assistant/message,True,5456
9b46292f-5a33-48d5-bb3e-ebad55f2ac79,1724,1676,tool/result,True,3157
9b46292f-5a33-48d5-bb3e-ebad55f2ac79,1724,1679,assistant/message,True,7161
9b46292f-5a33-48d5-bb3e-ebad55f2ac79,1724,1681,tool/result,True,416
9b46292f-5a33-48d5-bb3e-ebad55f2ac79,1724,1684,assistant/message,True,17255
9b46292f-5a33-48d5-bb3e-ebad55f2ac79,1724,1691,user/message,True,1516
9b46292f-5a33-48d5-bb3e-ebad55f2ac79,1733,1731,tool/result,True,37031
9b46292f-5a33-48d5-bb3e-ebad55f2ac79,1742,1725,user/message,True,10484
9b46292f-5a33-48d5-bb3e-ebad55f2ac79,1742,1692,assistant/message,True,17409
9b46292f-5a33-48d5-bb3e-ebad55f2ac79,1742,1697,tool/result,True,25504
9b46292f-5a33-48d5-bb3e-ebad55f2ac79,1742,1703,user/message,True,2241
9b46292f-5a33-48d5-bb3e-ebad55f2ac79,1742,1705,assistant/message,True,3120
9b46292f-5a33-48d5-bb3e-ebad55f2ac79,1742,1707,tool/result,True,14829
9b46292f-5a33-48d5-bb3e-ebad55f2ac79,1742,1710,user/message,True,1208
9b46292f-5a33-48d5-bb3e-ebad55f2ac79,1742,1711,assistant/message,True,3130
9b46292f-5a33-48d5-bb3e-ebad55f2ac79,1742,1716,tool/result,True,39442
9b46292f-5a33-48d5-bb3e-ebad55f2ac79,1758,1756,tool/result,True,32531
9b46292f-5a33-48d5-bb3e-ebad55f2ac79,1761,1743,user/message,True,12267
9b46292f-5a33-48d5-bb3e-ebad55f2ac79,1761,1719,assistant/message,True,3238
9b46292f-5a33-48d5-bb3e-ebad55f2ac79,1761,1721,tool/result,True,17397
9b46292f-5a33-48d5-bb3e-ebad55f2ac79,1761,1729,assistant/message,True,35313
9b46292f-5a33-48d5-bb3e-ebad55f2ac79,1761,1734,tool/result,True,27279
9b46292f-5a33-48d5-bb3e-ebad55f2ac79,1775,1768,tool/result,True,20151
9b46292f-5a33-48d5-bb3e-ebad55f2ac79,1784,1762,user/message,True,13744
9b46292f-5a33-48d5-bb3e-ebad55f2ac79,1784,1737,assistant/message,True,2969
9b46292f-5a33-48d5-bb3e-ebad55f2ac79,1784,1739,tool/result,True,11729
9b46292f-5a33-48d5-bb3e-ebad55f2ac79,1784,1746,user/message,True,2241
9b46292f-5a33-48d5-bb3e-ebad55f2ac79,1784,1748,assistant/message,True,5420
9b46292f-5a33-48d5-bb3e-ebad55f2ac79,1784,1750,tool/result,True,10497
9b46292f-5a33-48d5-bb3e-ebad55f2ac79,1784,1753,user/message,True,1208
9b46292f-5a33-48d5-bb3e-ebad55f2ac79,1784,1754,assistant/message,True,34264
9b46292f-5a33-48d5-bb3e-ebad55f2ac79,1784,1759,tool/result,True,24166
9b46292f-5a33-48d5-bb3e-ebad55f2ac79,1784,1766,assistant/message,True,3609
9b46292f-5a33-48d5-bb3e-ebad55f2ac79,1784,1776,tool/result,True,16906
9b46292f-5a33-48d5-bb3e-ebad55f2ac79,1784,1771,assistant/message,True,3459
9b46292f-5a33-48d5-bb3e-ebad55f2ac79,1784,1773,tool/result,True,17398
9b46292f-5a33-48d5-bb3e-ebad55f2ac79,1802,1799,tool/result,True,34479
9b46292f-5a33-48d5-bb3e-ebad55f2ac79,1804,1800,tool/result,True,55099
9b46292f-5a33-48d5-bb3e-ebad55f2ac79,1814,1812,tool/result,True,21743
9b46292f-5a33-48d5-bb3e-ebad55f2ac79,1817,1785,user/message,True,18396
9b46292f-5a33-48d5-bb3e-ebad55f2ac79,1817,1779,assistant/message,True,124456
9b46292f-5a33-48d5-bb3e-ebad55f2ac79,1817,1792,user/message,True,295
9b46292f-5a33-48d5-bb3e-ebad55f2ac79,1817,1793,user/message,True,2241
9b46292f-5a33-48d5-bb3e-ebad55f2ac79,1817,1794,user/message,True,1208
a2c2fa1b-5eeb-4a99-89a0-827401b2937f,5540,5538,tool/result,True,19887
a2c2fa1b-5eeb-4a99-89a0-827401b2937f,9099,7,user/message,True,2152
a2c2fa1b-5eeb-4a99-89a0-827401b2937f,9099,8,user/message,True,1201
a2c2fa1b-5eeb-4a99-89a0-827401b2937f,9099,274,assistant/message,True,2964
a2c2fa1b-5eeb-4a99-89a0-827401b2937f,9099,276,tool/result,True,473
a2c2fa1b-5eeb-4a99-89a0-827401b2937f,9099,278,tool/result,True,6813
a2c2fa1b-5eeb-4a99-89a0-827401b2937f,9099,280,tool/result,True,473
a2c2fa1b-5eeb-4a99-89a0-827401b2937f,9099,593,assistant/message,True,3184
a2c2fa1b-5eeb-4a99-89a0-827401b2937f,9099,595,tool/result,True,1205
a2c2fa1b-5eeb-4a99-89a0-827401b2937f,9099,880,assistant/message,True,3023
a2c2fa1b-5eeb-4a99-89a0-827401b2937f,9099,882,tool/result,True,901
a2c2fa1b-5eeb-4a99-89a0-827401b2937f,9099,1218,assistant/message,True,3670
a2c2fa1b-5eeb-4a99-89a0-827401b2937f,9099,1220,tool/result,True,457
a2c2fa1b-5eeb-4a99-89a0-827401b2937f,9099,1418,assistant/message,True,2558
a2c2fa1b-5eeb-4a99-89a0-827401b2937f,9099,1420,tool/result,True,1055
a2c2fa1b-5eeb-4a99-89a0-827401b2937f,9099,1614,assistant/message,True,2595
a2c2fa1b-5eeb-4a99-89a0-827401b2937f,9099,1616,tool/result,True,4008
a2c2fa1b-5eeb-4a99-89a0-827401b2937f,9099,4720,assistant/message,True,27256
a2c2fa1b-5eeb-4a99-89a0-827401b2937f,9099,4722,tool/result,True,866
a2c2fa1b-5eeb-4a99-89a0-827401b2937f,9099,5320,assistant/message,True,6118
a2c2fa1b-5eeb-4a99-89a0-827401b2937f,9099,5323,tool/result,True,460
a2c2fa1b-5eeb-4a99-89a0-827401b2937f,16683,9100,user/message,True,9239
a2c2fa1b-5eeb-4a99-89a0-827401b2937f,16683,5536,assistant/message,True,2697
a2c2fa1b-5eeb-4a99-89a0-827401b2937f,16683,5541,tool/result,True,5757
a2c2fa1b-5eeb-4a99-89a0-827401b2937f,16683,5845,assistant/message,True,3472
a2c2fa1b-5eeb-4a99-89a0-827401b2937f,16683,5847,tool/result,True,6531
a2c2fa1b-5eeb-4a99-89a0-827401b2937f,16683,9094,assistant/message,True,29308
a2c2fa1b-5eeb-4a99-89a0-827401b2937f,16683,9096,tool/result,True,1428
a2c2fa1b-5eeb-4a99-89a0-827401b2937f,20443,16684,user/message,True,7262
a2c2fa1b-5eeb-4a99-89a0-827401b2937f,20443,12739,assistant/message,True,35699
a2c2fa1b-5eeb-4a99-89a0-827401b2937f,20443,12741,tool/result,True,542
a2c2fa1b-5eeb-4a99-89a0-827401b2937f,20443,12744,user/message,True,1205
a2c2fa1b-5eeb-4a99-89a0-827401b2937f,20443,12983,assistant/message,True,3123
a2c2fa1b-5eeb-4a99-89a0-827401b2937f,20443,12985,tool/result,True,1084
a2c2fa1b-5eeb-4a99-89a0-827401b2937f,20443,16677,assistant/message,True,34590
a2c2fa1b-5eeb-4a99-89a0-827401b2937f,20443,16680,tool/result,True,463
a2c2fa1b-5eeb-4a99-89a0-827401b2937f,20443,17438,assistant/message,True,8169
a2c2fa1b-5eeb-4a99-89a0-827401b2937f,20443,17440,tool/result,True,533
a2c2fa1b-5eeb-4a99-89a0-827401b2937f,25435,20444,user/message,True,8648
a2c2fa1b-5eeb-4a99-89a0-827401b2937f,25435,17628,assistant/message,True,2639
a2c2fa1b-5eeb-4a99-89a0-827401b2937f,25435,17630,tool/result,True,4970
a2c2fa1b-5eeb-4a99-89a0-827401b2937f,25435,18625,assistant/message,True,10432
a2c2fa1b-5eeb-4a99-89a0-827401b2937f,25435,18627,tool/result,True,1047
a2c2fa1b-5eeb-4a99-89a0-827401b2937f,25435,18812,assistant/message,True,2603
a2c2fa1b-5eeb-4a99-89a0-827401b2937f,25435,18814,tool/result,True,3781
a2c2fa1b-5eeb-4a99-89a0-827401b2937f,25435,19584,assistant/message,True,8512
a2c2fa1b-5eeb-4a99-89a0-827401b2937f,25435,19586,tool/result,True,538
a2c2fa1b-5eeb-4a99-89a0-827401b2937f,25435,19651,assistant/message,True,1436
a2c2fa1b-5eeb-4a99-89a0-827401b2937f,25435,19653,tool/result,True,810
a2c2fa1b-5eeb-4a99-89a0-827401b2937f,25435,20167,assistant/message,True,6052
a2c2fa1b-5eeb-4a99-89a0-827401b2937f,25435,20169,tool/result,True,4421
a2c2fa1b-5eeb-4a99-89a0-827401b2937f,25435,20438,assistant/message,True,3618
a2c2fa1b-5eeb-4a99-89a0-827401b2937f,25435,20440,tool/result,True,4419
a2c2fa1b-5eeb-4a99-89a0-827401b2937f,25435,20892,assistant/message,True,5669
a2c2fa1b-5eeb-4a99-89a0-827401b2937f,25435,20894,tool/result,True,2561
a2c2fa1b-5eeb-4a99-89a0-827401b2937f,25435,20896,tool/result,True,2831
a2c2fa1b-5eeb-4a99-89a0-827401b2937f,25435,20899,user/message,True,1205
bbb2ec54-010d-4ca7-8b87-0807bc61f12e,15637,7,user/message,True,5727
bbb2ec54-010d-4ca7-8b87-0807bc61f12e,15637,8,user/message,True,1201
bbb2ec54-010d-4ca7-8b87-0807bc61f12e,15637,344,assistant/message,True,3713
bbb2ec54-010d-4ca7-8b87-0807bc61f12e,15637,346,tool/result,True,691
bbb2ec54-010d-4ca7-8b87-0807bc61f12e,15637,348,tool/result,True,3746
bbb2ec54-010d-4ca7-8b87-0807bc61f12e,15637,350,tool/result,True,2470
bbb2ec54-010d-4ca7-8b87-0807bc61f12e,15637,569,assistant/message,True,2668
bbb2ec54-010d-4ca7-8b87-0807bc61f12e,15637,571,tool/result,True,9232
bbb2ec54-010d-4ca7-8b87-0807bc61f12e,15637,573,tool/result,True,418
bbb2ec54-010d-4ca7-8b87-0807bc61f12e,15637,902,assistant/message,True,3435
bbb2ec54-010d-4ca7-8b87-0807bc61f12e,15637,904,tool/result,True,429
bbb2ec54-010d-4ca7-8b87-0807bc61f12e,15637,2465,assistant/message,True,8344
bbb2ec54-010d-4ca7-8b87-0807bc61f12e,15637,2472,user/message,True,357
bbb2ec54-010d-4ca7-8b87-0807bc61f12e,15637,6512,assistant/message,True,38020
bbb2ec54-010d-4ca7-8b87-0807bc61f12e,15637,6514,tool/result,True,526
bbb2ec54-010d-4ca7-8b87-0807bc61f12e,15637,6571,assistant/message,True,1304
bbb2ec54-010d-4ca7-8b87-0807bc61f12e,15637,6573,tool/result,True,481
c033051a-2b95-4253-91ab-8805c6853aab,12817,687,tool/result,True,9673
c033051a-2b95-4253-91ab-8805c6853aab,13153,13148,tool/result,True,26116
c033051a-2b95-4253-91ab-8805c6853aab,13156,7,user/message,True,564
c033051a-2b95-4253-91ab-8805c6853aab,13156,8,user/message,True,1201
c033051a-2b95-4253-91ab-8805c6853aab,13156,272,assistant/message,True,2804
c033051a-2b95-4253-91ab-8805c6853aab,13156,274,tool/result,True,2998
c033051a-2b95-4253-91ab-8805c6853aab,13156,276,tool/result,True,804
c033051a-2b95-4253-91ab-8805c6853aab,13156,685,assistant/message,True,4107
c033051a-2b95-4253-91ab-8805c6853aab,13156,12818,tool/result,True,5846
c033051a-2b95-4253-91ab-8805c6853aab,13156,1734,assistant/message,True,8552
c033051a-2b95-4253-91ab-8805c6853aab,13156,1736,tool/result,True,665
c033051a-2b95-4253-91ab-8805c6853aab,13156,3895,assistant/message,True,16361
c033051a-2b95-4253-91ab-8805c6853aab,13156,3897,tool/result,True,505
c033051a-2b95-4253-91ab-8805c6853aab,13156,5683,assistant/message,True,13573
c033051a-2b95-4253-91ab-8805c6853aab,13156,5685,tool/result,True,568
c033051a-2b95-4253-91ab-8805c6853aab,13156,8482,assistant/message,True,20845
c033051a-2b95-4253-91ab-8805c6853aab,13156,8484,tool/result,True,734
c033051a-2b95-4253-91ab-8805c6853aab,13156,9450,assistant/message,True,8206
c033051a-2b95-4253-91ab-8805c6853aab,13156,9452,tool/result,True,580
e2b21469-dfb9-471a-86e2-66b95f5ac7d3,5210,1964,tool/result,True,52498
e2b21469-dfb9-471a-86e2-66b95f5ac7d3,5684,5484,tool/result,True,9771
e2b21469-dfb9-471a-86e2-66b95f5ac7d3,5686,5682,tool/result,True,15027
e2b21469-dfb9-471a-86e2-66b95f5ac7d3,5760,5758,tool/result,True,21596
e2b21469-dfb9-471a-86e2-66b95f5ac7d3,5763,7,user/message,True,1148
e2b21469-dfb9-471a-86e2-66b95f5ac7d3,5763,8,user/message,True,1201
e2b21469-dfb9-471a-86e2-66b95f5ac7d3,5763,197,assistant/message,True,2225
e2b21469-dfb9-471a-86e2-66b95f5ac7d3,5763,199,tool/result,True,7411
e2b21469-dfb9-471a-86e2-66b95f5ac7d3,5763,596,assistant/message,True,3815
e2b21469-dfb9-471a-86e2-66b95f5ac7d3,5763,598,tool/result,True,550
e2b21469-dfb9-471a-86e2-66b95f5ac7d3,5763,709,assistant/message,True,1662
e2b21469-dfb9-471a-86e2-66b95f5ac7d3,5763,711,tool/result,True,838
e2b21469-dfb9-471a-86e2-66b95f5ac7d3,5763,946,assistant/message,True,2784
e2b21469-dfb9-471a-86e2-66b95f5ac7d3,5763,948,tool/result,True,3821
e2b21469-dfb9-471a-86e2-66b95f5ac7d3,5763,1514,assistant/message,True,5789
e2b21469-dfb9-471a-86e2-66b95f5ac7d3,5763,1516,tool/result,True,771
e2b21469-dfb9-471a-86e2-66b95f5ac7d3,5763,1907,assistant/message,True,4375
e2b21469-dfb9-471a-86e2-66b95f5ac7d3,5763,1909,tool/result,True,637
e2b21469-dfb9-471a-86e2-66b95f5ac7d3,5763,1962,assistant/message,True,1297
e2b21469-dfb9-471a-86e2-66b95f5ac7d3,5763,5211,tool/result,True,33102
e2b21469-dfb9-471a-86e2-66b95f5ac7d3,8208,5895,tool/result,True,10044
e2b21469-dfb9-471a-86e2-66b95f5ac7d3,9639,5764,user/message,True,7182
e2b21469-dfb9-471a-86e2-66b95f5ac7d3,9639,5206,assistant/message,True,26840
e2b21469-dfb9-471a-86e2-66b95f5ac7d3,9639,5208,tool/result,True,664
e2b21469-dfb9-471a-86e2-66b95f5ac7d3,9639,5482,assistant/message,True,3290
e2b21469-dfb9-471a-86e2-66b95f5ac7d3,9639,5685,tool/result,True,5744
e2b21469-dfb9-471a-86e2-66b95f5ac7d3,9639,5680,assistant/message,True,2553
e2b21469-dfb9-471a-86e2-66b95f5ac7d3,9639,5687,tool/result,True,5821
e2b21469-dfb9-471a-86e2-66b95f5ac7d3,9639,5756,assistant/message,True,1428
e2b21469-dfb9-471a-86e2-66b95f5ac7d3,9639,5761,tool/result,True,17086
e2b21469-dfb9-471a-86e2-66b95f5ac7d3,12395,9640,user/message,True,7179
e2b21469-dfb9-471a-86e2-66b95f5ac7d3,12395,5893,assistant/message,True,1865
e2b21469-dfb9-471a-86e2-66b95f5ac7d3,12395,8209,tool/result,True,5781
e2b21469-dfb9-471a-86e2-66b95f5ac7d3,12395,5898,user/message,True,1204
e2b21469-dfb9-471a-86e2-66b95f5ac7d3,12395,8202,assistant/message,True,19957
e2b21469-dfb9-471a-86e2-66b95f5ac7d3,12395,8204,tool/result,True,4253
e2b21469-dfb9-471a-86e2-66b95f5ac7d3,12395,8206,tool/result,True,3923
e2b21469-dfb9-471a-86e2-66b95f5ac7d3,12395,9632,assistant/message,True,12556
e2b21469-dfb9-471a-86e2-66b95f5ac7d3,12395,9634,tool/result,True,638
e2b21469-dfb9-471a-86e2-66b95f5ac7d3,12395,9636,tool/result,True,485
e2b21469-dfb9-471a-86e2-66b95f5ac7d3,12395,9729,assistant/message,True,1623
e2b21469-dfb9-471a-86e2-66b95f5ac7d3,12395,9731,tool/result,True,1428
e2b21469-dfb9-471a-86e2-66b95f5ac7d3,16863,12396,user/message,True,9527
e2b21469-dfb9-471a-86e2-66b95f5ac7d3,16863,9935,assistant/message,True,2645
e2b21469-dfb9-471a-86e2-66b95f5ac7d3,16863,9937,tool/result,True,2352
e2b21469-dfb9-471a-86e2-66b95f5ac7d3,16863,10069,assistant/message,True,2099
e2b21469-dfb9-471a-86e2-66b95f5ac7d3,16863,10071,tool/result,True,646
e2b21469-dfb9-471a-86e2-66b95f5ac7d3,16863,10456,assistant/message,True,4737
e2b21469-dfb9-471a-86e2-66b95f5ac7d3,16863,10458,tool/result,True,1036
e2b21469-dfb9-471a-86e2-66b95f5ac7d3,16863,10792,assistant/message,True,4016
e2b21469-dfb9-471a-86e2-66b95f5ac7d3,16863,10794,tool/result,True,1471
e2b21469-dfb9-471a-86e2-66b95f5ac7d3,16863,11234,assistant/message,True,5183
e2b21469-dfb9-471a-86e2-66b95f5ac7d3,16863,11236,tool/result,True,555
e2b21469-dfb9-471a-86e2-66b95f5ac7d3,16863,11387,assistant/message,True,2409
e2b21469-dfb9-471a-86e2-66b95f5ac7d3,16863,11391,tool/result,True,578
e2b21469-dfb9-471a-86e2-66b95f5ac7d3,16863,11624,assistant/message,True,3041
e2b21469-dfb9-471a-86e2-66b95f5ac7d3,16863,11626,tool/result,True,1417
e2b21469-dfb9-471a-86e2-66b95f5ac7d3,16863,12046,assistant/message,True,4796
e2b21469-dfb9-471a-86e2-66b95f5ac7d3,16863,12048,tool/result,True,4519
e2b21469-dfb9-471a-86e2-66b95f5ac7d3,16863,12246,assistant/message,True,2965
e2b21469-dfb9-471a-86e2-66b95f5ac7d3,16863,12248,tool/result,True,1658
e2b21469-dfb9-471a-86e2-66b95f5ac7d3,16863,12250,tool/result,True,1798
e2b21469-dfb9-471a-86e2-66b95f5ac7d3,16863,12388,assistant/message,True,2365
e2b21469-dfb9-471a-86e2-66b95f5ac7d3,16863,12390,tool/result,True,1693
e2b21469-dfb9-471a-86e2-66b95f5ac7d3,16863,12392,tool/result,True,1355
e2b21469-dfb9-471a-86e2-66b95f5ac7d3,24671,16864,user/message,True,9906
e2b21469-dfb9-471a-86e2-66b95f5ac7d3,24671,13218,assistant/message,True,8939
e2b21469-dfb9-471a-86e2-66b95f5ac7d3,24671,13220,tool/result,True,2032
e2b21469-dfb9-471a-86e2-66b95f5ac7d3,24671,13222,tool/result,True,1630
e2b21469-dfb9-471a-86e2-66b95f5ac7d3,24671,13224,tool/result,True,1070
e2b21469-dfb9-471a-86e2-66b95f5ac7d3,24671,13227,user/message,True,1205
e2b21469-dfb9-471a-86e2-66b95f5ac7d3,24671,14159,assistant/message,True,9715
e2b21469-dfb9-471a-86e2-66b95f5ac7d3,24671,14161,tool/result,True,1706
e2b21469-dfb9-471a-86e2-66b95f5ac7d3,24671,14163,tool/result,True,417
e2b21469-dfb9-471a-86e2-66b95f5ac7d3,24671,14539,assistant/message,True,4537
e2b21469-dfb9-471a-86e2-66b95f5ac7d3,24671,14541,tool/result,True,4248
e2b21469-dfb9-471a-86e2-66b95f5ac7d3,24671,14642,assistant/message,True,1759
e2b21469-dfb9-471a-86e2-66b95f5ac7d3,24671,14644,tool/result,True,3020
e2b21469-dfb9-471a-86e2-66b95f5ac7d3,24671,16858,assistant/message,True,20671
e2b21469-dfb9-471a-86e2-66b95f5ac7d3,24671,16860,tool/result,True,1020
e2b21469-dfb9-471a-86e2-66b95f5ac7d3,28376,25112,tool/result,True,9732
e2b21469-dfb9-471a-86e2-66b95f5ac7d3,28379,24672,user/message,True,9900
e2b21469-dfb9-471a-86e2-66b95f5ac7d3,28379,21023,assistant/message,True,37677
e2b21469-dfb9-471a-86e2-66b95f5ac7d3,28379,21030,user/message,True,309
e2b21469-dfb9-471a-86e2-66b95f5ac7d3,28379,24661,assistant/message,True,35270
e2b21469-dfb9-471a-86e2-66b95f5ac7d3,28379,24664,tool/result,True,463
e2b21469-dfb9-471a-86e2-66b95f5ac7d3,28379,24666,tool/result,True,503
e2b21469-dfb9-471a-86e2-66b95f5ac7d3,28379,24668,tool/result,True,2402
e2b21469-dfb9-471a-86e2-66b95f5ac7d3,32020,28380,user/message,True,9289
e2b21469-dfb9-471a-86e2-66b95f5ac7d3,32020,25110,assistant/message,True,4704
e2b21469-dfb9-471a-86e2-66b95f5ac7d3,32020,28377,tool/result,True,5748
e2b21469-dfb9-471a-86e2-66b95f5ac7d3,32020,25114,tool/result,True,6752
e2b21469-dfb9-471a-86e2-66b95f5ac7d3,32020,25117,user/message,True,1205
e2b21469-dfb9-471a-86e2-66b95f5ac7d3,36514,32021,user/message,True,10344
e2b21469-dfb9-471a-86e2-66b95f5ac7d3,36514,28370,assistant/message,True,31388
e2b21469-dfb9-471a-86e2-66b95f5ac7d3,36514,28372,tool/result,True,1785
e2b21469-dfb9-471a-86e2-66b95f5ac7d3,36514,28374,tool/result,True,1641
e2b21469-dfb9-471a-86e2-66b95f5ac7d3,36514,29250,assistant/message,True,9571
e2b21469-dfb9-471a-86e2-66b95f5ac7d3,36514,29252,tool/result,True,1419
e2b21469-dfb9-471a-86e2-66b95f5ac7d3,36514,29254,tool/result,True,1456
e2b21469-dfb9-471a-86e2-66b95f5ac7d3,36514,29256,tool/result,True,433
e2b21469-dfb9-471a-86e2-66b95f5ac7d3,36514,30031,assistant/message,True,8395
e2b21469-dfb9-471a-86e2-66b95f5ac7d3,36514,30033,tool/result,True,1745
e2b21469-dfb9-471a-86e2-66b95f5ac7d3,36514,30352,assistant/message,True,4003
e2b21469-dfb9-471a-86e2-66b95f5ac7d3,36514,30354,tool/result,True,1519
e2b21469-dfb9-471a-86e2-66b95f5ac7d3,36514,30356,tool/result,True,532
e2b21469-dfb9-471a-86e2-66b95f5ac7d3,36514,30993,assistant/message,True,7028
e2b21469-dfb9-471a-86e2-66b95f5ac7d3,36514,30995,tool/result,True,1193
e2b21469-dfb9-471a-86e2-66b95f5ac7d3,36514,30997,tool/result,True,407
e2b21469-dfb9-471a-86e2-66b95f5ac7d3,36514,32013,assistant/message,True,10353
e2b21469-dfb9-471a-86e2-66b95f5ac7d3,36514,32015,tool/result,True,452
e2b21469-dfb9-471a-86e2-66b95f5ac7d3,36514,32017,tool/result,True,483
e2b21469-dfb9-471a-86e2-66b95f5ac7d3,36514,32473,assistant/message,True,4946
e2b21469-dfb9-471a-86e2-66b95f5ac7d3,36514,32475,tool/result,True,952
e2b21469-dfb9-471a-86e2-66b95f5ac7d3,36514,32478,user/message,True,1205
e2b21469-dfb9-471a-86e2-66b95f5ac7d3,36514,32997,assistant/message,True,5666
e2b21469-dfb9-471a-86e2-66b95f5ac7d3,36514,32999,tool/result,True,579
e2b21469-dfb9-471a-86e2-66b95f5ac7d3,39108,37380,tool/result,True,14121
e2b21469-dfb9-471a-86e2-66b95f5ac7d3,42405,36515,user/message,True,12544
e2b21469-dfb9-471a-86e2-66b95f5ac7d3,42405,33235,assistant/message,True,3015
e2b21469-dfb9-471a-86e2-66b95f5ac7d3,42405,33237,tool/result,True,4343
e2b21469-dfb9-471a-86e2-66b95f5ac7d3,42405,36507,assistant/message,True,31646
e2b21469-dfb9-471a-86e2-66b95f5ac7d3,42405,36509,tool/result,True,8309
e2b21469-dfb9-471a-86e2-66b95f5ac7d3,42405,36511,tool/result,True,1606
e2b21469-dfb9-471a-86e2-66b95f5ac7d3,45432,42406,user/message,True,13219
e2b21469-dfb9-471a-86e2-66b95f5ac7d3,45432,37378,assistant/message,True,8889
e2b21469-dfb9-471a-86e2-66b95f5ac7d3,45432,39109,tool/result,True,5794
e2b21469-dfb9-471a-86e2-66b95f5ac7d3,45432,37383,user/message,True,1205
e2b21469-dfb9-471a-86e2-66b95f5ac7d3,45432,39104,assistant/message,True,16528
e2b21469-dfb9-471a-86e2-66b95f5ac7d3,45432,39106,tool/result,True,3751
e2b21469-dfb9-471a-86e2-66b95f5ac7d3,49880,45433,user/message,True,15768
e2b21469-dfb9-471a-86e2-66b95f5ac7d3,49880,42400,assistant/message,True,31496
e2b21469-dfb9-471a-86e2-66b95f5ac7d3,49880,42402,tool/result,True,843
e2b21469-dfb9-471a-86e2-66b95f5ac7d3,49880,43703,assistant/message,True,13648
e2b21469-dfb9-471a-86e2-66b95f5ac7d3,49880,43705,tool/result,True,538
e2b21469-dfb9-471a-86e2-66b95f5ac7d3,49880,43707,tool/result,True,536
e2b21469-dfb9-471a-86e2-66b95f5ac7d3,49880,44741,assistant/message,True,10593
e2b21469-dfb9-471a-86e2-66b95f5ac7d3,49880,44743,tool/result,True,537
e2b21469-dfb9-471a-86e2-66b95f5ac7d3,49880,44745,tool/result,True,537
e2b21469-dfb9-471a-86e2-66b95f5ac7d3,49880,44747,tool/result,True,537
e2b21469-dfb9-471a-86e2-66b95f5ac7d3,54501,49881,user/message,True,14720
e2b21469-dfb9-471a-86e2-66b95f5ac7d3,54501,44948,assistant/message,True,2715
e2b21469-dfb9-471a-86e2-66b95f5ac7d3,54501,44950,tool/result,True,591
e2b21469-dfb9-471a-86e2-66b95f5ac7d3,54501,45263,assistant/message,True,3606
e2b21469-dfb9-471a-86e2-66b95f5ac7d3,54501,45265,tool/result,True,764
e2b21469-dfb9-471a-86e2-66b95f5ac7d3,54501,45427,assistant/message,True,2309
e2b21469-dfb9-471a-86e2-66b95f5ac7d3,54501,45429,tool/result,True,1068
e2b21469-dfb9-471a-86e2-66b95f5ac7d3,54501,45845,assistant/message,True,4670
e2b21469-dfb9-471a-86e2-66b95f5ac7d3,54501,45847,tool/result,True,639
e2b21469-dfb9-471a-86e2-66b95f5ac7d3,54501,45850,user/message,True,1205
e2b21469-dfb9-471a-86e2-66b95f5ac7d3,54501,46155,assistant/message,True,3697
e2b21469-dfb9-471a-86e2-66b95f5ac7d3,54501,46157,tool/result,True,1090
e2b21469-dfb9-471a-86e2-66b95f5ac7d3,54501,46625,assistant/message,True,5210
e2b21469-dfb9-471a-86e2-66b95f5ac7d3,54501,46627,tool/result,True,1602
e2b21469-dfb9-471a-86e2-66b95f5ac7d3,54501,47538,assistant/message,True,9246
e2b21469-dfb9-471a-86e2-66b95f5ac7d3,54501,47540,tool/result,True,2164
e2b21469-dfb9-471a-86e2-66b95f5ac7d3,57052,54502,user/message,True,15288
e2b21469-dfb9-471a-86e2-66b95f5ac7d3,57052,49873,assistant/message,True,23311
e2b21469-dfb9-471a-86e2-66b95f5ac7d3,57052,49875,tool/result,True,536
e2b21469-dfb9-471a-86e2-66b95f5ac7d3,57052,49877,tool/result,True,536
e2b21469-dfb9-471a-86e2-66b95f5ac7d3,57052,50466,assistant/message,True,6391
e2b21469-dfb9-471a-86e2-66b95f5ac7d3,57052,50468,tool/result,True,680
e2b21469-dfb9-471a-86e2-66b95f5ac7d3,57052,50655,assistant/message,True,2630
e2b21469-dfb9-471a-86e2-66b95f5ac7d3,57052,50657,tool/result,True,3162
e2b21469-dfb9-471a-86e2-66b95f5ac7d3,57052,50904,assistant/message,True,3112
e2b21469-dfb9-471a-86e2-66b95f5ac7d3,57052,50906,tool/result,True,1340
e2b21469-dfb9-471a-86e2-66b95f5ac7d3,57052,51489,assistant/message,True,6403
e2b21469-dfb9-471a-86e2-66b95f5ac7d3,57052,51491,tool/result,True,1218
e2b21469-dfb9-471a-86e2-66b95f5ac7d3,57052,51493,tool/result,True,1068
e2b21469-dfb9-471a-86e2-66b95f5ac7d3,57097,57095,tool/result,True,65199
e2b21469-dfb9-471a-86e2-66b95f5ac7d3,57171,57169,tool/result,True,54045
e2b21469-dfb9-471a-86e2-66b95f5ac7d3,57256,57254,tool/result,True,43149
e2b21469-dfb9-471a-86e2-66b95f5ac7d3,57350,57348,tool/result,True,31935
e2b21469-dfb9-471a-86e2-66b95f5ac7d3,57353,57053,user/message,True,15148
e2b21469-dfb9-471a-86e2-66b95f5ac7d3,57353,54490,assistant/message,True,29199
e2b21469-dfb9-471a-86e2-66b95f5ac7d3,57353,54492,tool/result,True,536
e2b21469-dfb9-471a-86e2-66b95f5ac7d3,57353,54494,tool/result,True,536
e2b21469-dfb9-471a-86e2-66b95f5ac7d3,57353,54496,tool/result,True,536
e2b21469-dfb9-471a-86e2-66b95f5ac7d3,57353,54498,tool/result,True,536
e2b21469-dfb9-471a-86e2-66b95f5ac7d3,57353,54933,assistant/message,True,5075
e2b21469-dfb9-471a-86e2-66b95f5ac7d3,57353,54935,tool/result,True,1027
e2b21469-dfb9-471a-86e2-66b95f5ac7d3,57353,54937,tool/result,True,1819
e2b21469-dfb9-471a-86e2-66b95f5ac7d3,57353,54940,user/message,True,1205
e2b21469-dfb9-471a-86e2-66b95f5ac7d3,57353,57047,assistant/message,True,20978
e2b21469-dfb9-471a-86e2-66b95f5ac7d3,57353,57049,tool/result,True,435
e2b21469-dfb9-471a-86e2-66b95f5ac7d3,61197,57450,tool/result,True,20909
e2b21469-dfb9-471a-86e2-66b95f5ac7d3,61200,57354,user/message,True,13589
e2b21469-dfb9-471a-86e2-66b95f5ac7d3,61200,57093,assistant/message,True,1210
e2b21469-dfb9-471a-86e2-66b95f5ac7d3,61200,57098,tool/result,True,40453
e2b21469-dfb9-471a-86e2-66b95f5ac7d3,61200,57167,assistant/message,True,1485
e2b21469-dfb9-471a-86e2-66b95f5ac7d3,61200,57172,tool/result,True,34372
e2b21469-dfb9-471a-86e2-66b95f5ac7d3,61200,57252,assistant/message,True,1582
e2b21469-dfb9-471a-86e2-66b95f5ac7d3,61200,57257,tool/result,True,28503
e2b21469-dfb9-471a-86e2-66b95f5ac7d3,70753,61201,user/message,True,14662
e2b21469-dfb9-471a-86e2-66b95f5ac7d3,70753,57346,assistant/message,True,1652
e2b21469-dfb9-471a-86e2-66b95f5ac7d3,70753,57351,tool/result,True,22364
e2b21469-dfb9-471a-86e2-66b95f5ac7d3,70753,57448,assistant/message,True,1653
e2b21469-dfb9-471a-86e2-66b95f5ac7d3,70753,61198,tool/result,True,16359
e2b21469-dfb9-471a-86e2-66b95f5ac7d3,70753,57453,user/message,True,1205
e2b21469-dfb9-471a-86e2-66b95f5ac7d3,75061,70754,user/message,True,15045
e2b21469-dfb9-471a-86e2-66b95f5ac7d3,75061,61193,assistant/message,True,35119
e2b21469-dfb9-471a-86e2-66b95f5ac7d3,75061,61195,tool/result,True,536
e2b21469-dfb9-471a-86e2-66b95f5ac7d3,75061,61319,assistant/message,True,1953
e2b21469-dfb9-471a-86e2-66b95f5ac7d3,75061,61321,tool/result,True,472
e2b21469-dfb9-471a-86e2-66b95f5ac7d3,75061,61617,assistant/message,True,3517
e2b21469-dfb9-471a-86e2-66b95f5ac7d3,75061,61619,tool/result,True,1327
e2b21469-dfb9-471a-86e2-66b95f5ac7d3,75061,61879,assistant/message,True,3386
e2b21469-dfb9-471a-86e2-66b95f5ac7d3,75061,61881,tool/result,True,1648
e2b21469-dfb9-471a-86e2-66b95f5ac7d3,75061,62303,assistant/message,True,4892
e2b21469-dfb9-471a-86e2-66b95f5ac7d3,75061,62305,tool/result,True,532
e2b21469-dfb9-471a-86e2-66b95f5ac7d3,75061,62798,assistant/message,True,5833
e2b21469-dfb9-471a-86e2-66b95f5ac7d3,75061,62800,tool/result,True,537
e2b21469-dfb9-471a-86e2-66b95f5ac7d3,80800,75062,user/message,True,13525
e2b21469-dfb9-471a-86e2-66b95f5ac7d3,80800,62917,assistant/message,True,1923
e2b21469-dfb9-471a-86e2-66b95f5ac7d3,80800,62919,tool/result,True,607
e2b21469-dfb9-471a-86e2-66b95f5ac7d3,80800,70746,assistant/message,True,55927
e2b21469-dfb9-471a-86e2-66b95f5ac7d3,80800,70759,user/message,True,488
e2b21469-dfb9-471a-86e2-66b95f5ac7d3,80800,75056,assistant/message,True,40353
e2b21469-dfb9-471a-86e2-66b95f5ac7d3,80800,75058,tool/result,True,533
e2b21469-dfb9-471a-86e2-66b95f5ac7d3,80800,75065,user/message,True,1205
e2b21469-dfb9-471a-86e2-66b95f5ac7d3,84042,80801,user/message,True,13022
e2b21469-dfb9-471a-86e2-66b95f5ac7d3,84042,75159,assistant/message,True,1796
e2b21469-dfb9-471a-86e2-66b95f5ac7d3,84042,75161,tool/result,True,7760
e2b21469-dfb9-471a-86e2-66b95f5ac7d3,84042,78256,assistant/message,True,30296
e2b21469-dfb9-471a-86e2-66b95f5ac7d3,84042,78258,tool/result,True,678
e2b21469-dfb9-471a-86e2-66b95f5ac7d3,84042,80795,assistant/message,True,24441
e2b21469-dfb9-471a-86e2-66b95f5ac7d3,84042,80797,tool/result,True,536
e2b21469-dfb9-471a-86e2-66b95f5ac7d3,89650,84043,user/message,True,11867
e2b21469-dfb9-471a-86e2-66b95f5ac7d3,89650,81177,assistant/message,True,4390
e2b21469-dfb9-471a-86e2-66b95f5ac7d3,89650,81179,tool/result,True,721
e2b21469-dfb9-471a-86e2-66b95f5ac7d3,89650,81182,user/message,True,1205
e2b21469-dfb9-471a-86e2-66b95f5ac7d3,89650,81612,assistant/message,True,5075
e2b21469-dfb9-471a-86e2-66b95f5ac7d3,89650,81614,tool/result,True,1439
e2b21469-dfb9-471a-86e2-66b95f5ac7d3,89650,81821,assistant/message,True,2825
e2b21469-dfb9-471a-86e2-66b95f5ac7d3,89650,81823,tool/result,True,936
e2b21469-dfb9-471a-86e2-66b95f5ac7d3,89650,82236,assistant/message,True,4809
e2b21469-dfb9-471a-86e2-66b95f5ac7d3,89650,82238,tool/result,True,1140
e2b21469-dfb9-471a-86e2-66b95f5ac7d3,89650,82744,assistant/message,True,5744
e2b21469-dfb9-471a-86e2-66b95f5ac7d3,89650,82746,tool/result,True,800
e2b21469-dfb9-471a-86e2-66b95f5ac7d3,89650,82951,assistant/message,True,2906
e2b21469-dfb9-471a-86e2-66b95f5ac7d3,89650,82953,tool/result,True,984
e2b21469-dfb9-471a-86e2-66b95f5ac7d3,89650,83085,assistant/message,True,2040
e2b21469-dfb9-471a-86e2-66b95f5ac7d3,89650,83087,tool/result,True,1243
e2b21469-dfb9-471a-86e2-66b95f5ac7d3,89650,83349,assistant/message,True,3326
e2b21469-dfb9-471a-86e2-66b95f5ac7d3,89650,83351,tool/result,True,1650
e2b21469-dfb9-471a-86e2-66b95f5ac7d3,89650,83658,assistant/message,True,3976
e2b21469-dfb9-471a-86e2-66b95f5ac7d3,89650,83660,tool/result,True,987
e2b21469-dfb9-471a-86e2-66b95f5ac7d3,89650,84037,assistant/message,True,4618
e2b21469-dfb9-471a-86e2-66b95f5ac7d3,89650,84039,tool/result,True,6891
e2b21469-dfb9-471a-86e2-66b95f5ac7d3,89650,84522,assistant/message,True,5546
e2b21469-dfb9-471a-86e2-66b95f5ac7d3,89650,84526,tool/result,True,646
e2b21469-dfb9-471a-86e2-66b95f5ac7d3,93098,90013,tool/result,True,10782
e2b21469-dfb9-471a-86e2-66b95f5ac7d3,93101,89651,user/message,True,12294
e2b21469-dfb9-471a-86e2-66b95f5ac7d3,93101,84713,assistant/message,True,2628
e2b21469-dfb9-471a-86e2-66b95f5ac7d3,93101,84715,tool/result,True,417
e2b21469-dfb9-471a-86e2-66b95f5ac7d3,93101,84910,assistant/message,True,2741
e2b21469-dfb9-471a-86e2-66b95f5ac7d3,93101,84912,tool/result,True,3107
e2b21469-dfb9-471a-86e2-66b95f5ac7d3,93101,85511,assistant/message,True,6232
e2b21469-dfb9-471a-86e2-66b95f5ac7d3,93101,85513,tool/result,True,536
e2b21469-dfb9-471a-86e2-66b95f5ac7d3,93101,85657,assistant/message,True,2154
e2b21469-dfb9-471a-86e2-66b95f5ac7d3,93101,85659,tool/result,True,446
e2b21469-dfb9-471a-86e2-66b95f5ac7d3,93101,85706,assistant/message,True,1299
e2b21469-dfb9-471a-86e2-66b95f5ac7d3,93101,85708,tool/result,True,628
e2b21469-dfb9-471a-86e2-66b95f5ac7d3,93101,86404,assistant/message,True,7527
e2b21469-dfb9-471a-86e2-66b95f5ac7d3,93101,86406,tool/result,True,561
e2b21469-dfb9-471a-86e2-66b95f5ac7d3,93101,86867,assistant/message,True,5076
e2b21469-dfb9-471a-86e2-66b95f5ac7d3,93101,86869,tool/result,True,783
e2b21469-dfb9-471a-86e2-66b95f5ac7d3,93101,87936,assistant/message,True,10260
e2b21469-dfb9-471a-86e2-66b95f5ac7d3,93101,87943,user/message,True,565
e2b21469-dfb9-471a-86e2-66b95f5ac7d3,98780,93102,user/message,True,13568
e2b21469-dfb9-471a-86e2-66b95f5ac7d3,98780,89645,assistant/message,True,16815
e2b21469-dfb9-471a-86e2-66b95f5ac7d3,98780,89647,tool/result,True,1561
e2b21469-dfb9-471a-86e2-66b95f5ac7d3,98780,90011,assistant/message,True,4238
e2b21469-dfb9-471a-86e2-66b95f5ac7d3,98780,93099,tool/result,True,5852
e2b21469-dfb9-471a-86e2-66b95f5ac7d3,98780,90016,user/message,True,1205
e2b21469-dfb9-471a-86e2-66b95f5ac7d3,98780,93094,assistant/message,True,27999
e2b21469-dfb9-471a-86e2-66b95f5ac7d3,98780,93096,tool/result,True,13122
e2b21469-dfb9-471a-86e2-66b95f5ac7d3,101435,98781,user/message,True,11510
e2b21469-dfb9-471a-86e2-66b95f5ac7d3,101435,93574,assistant/message,True,5084
e2b21469-dfb9-471a-86e2-66b95f5ac7d3,101435,93576,tool/result,True,782
e2b21469-dfb9-471a-86e2-66b95f5ac7d3,101435,93691,assistant/message,True,1979
e2b21469-dfb9-471a-86e2-66b95f5ac7d3,101435,93693,tool/result,True,10162
e2b21469-dfb9-471a-86e2-66b95f5ac7d3,104583,101436,user/message,True,3417
e2b21469-dfb9-471a-86e2-66b95f5ac7d3,104583,98775,assistant/message,True,47399
e2b21469-dfb9-471a-86e2-66b95f5ac7d3,104583,98777,tool/result,True,536
e2b21469-dfb9-471a-86e2-66b95f5ac7d3,104583,98862,assistant/message,True,1596
e2b21469-dfb9-471a-86e2-66b95f5ac7d3,104583,98864,tool/result,True,1434
e2b21469-dfb9-471a-86e2-66b95f5ac7d3,104583,98867,user/message,True,1205
e2b21469-dfb9-471a-86e2-66b95f5ac7d3,104583,99046,assistant/message,True,2680
e2b21469-dfb9-471a-86e2-66b95f5ac7d3,104583,99050,tool/result,True,579
e2b21469-dfb9-471a-86e2-66b95f5ac7d3,104583,99215,assistant/message,True,2395
e2b21469-dfb9-471a-86e2-66b95f5ac7d3,104583,99217,tool/result,True,450
e2b21469-dfb9-471a-86e2-66b95f5ac7d3,104583,99416,assistant/message,True,2687
e2b21469-dfb9-471a-86e2-66b95f5ac7d3,104583,99418,tool/result,True,1620
e2b21469-dfb9-471a-86e2-66b95f5ac7d3,104583,99566,assistant/message,True,2213
e2b21469-dfb9-471a-86e2-66b95f5ac7d3,104583,99568,tool/result,True,3585
e2b21469-dfb9-471a-86e2-66b95f5ac7d3,108567,104584,user/message,True,8361
e2b21469-dfb9-471a-86e2-66b95f5ac7d3,108567,100825,assistant/message,True,13148
e2b21469-dfb9-471a-86e2-66b95f5ac7d3,108567,100827,tool/result,True,2540
e2b21469-dfb9-471a-86e2-66b95f5ac7d3,108567,101118,assistant/message,True,3631
e2b21469-dfb9-471a-86e2-66b95f5ac7d3,108567,101120,tool/result,True,1173
e2b21469-dfb9-471a-86e2-66b95f5ac7d3,108567,101430,assistant/message,True,3750
e2b21469-dfb9-471a-86e2-66b95f5ac7d3,108567,101432,tool/result,True,5437
e2b21469-dfb9-471a-86e2-66b95f5ac7d3,108567,101843,assistant/message,True,4670
e2b21469-dfb9-471a-86e2-66b95f5ac7d3,108567,101845,tool/result,True,1091
e2b21469-dfb9-471a-86e2-66b95f5ac7d3,108567,101911,assistant/message,True,1514
e2b21469-dfb9-471a-86e2-66b95f5ac7d3,108567,101913,tool/result,True,3457
e2b21469-dfb9-471a-86e2-66b95f5ac7d3,108567,102933,assistant/message,True,11393
e2b21469-dfb9-471a-86e2-66b95f5ac7d3,108567,102935,tool/result,True,419
e2b21469-dfb9-471a-86e2-66b95f5ac7d3,108567,103065,assistant/message,True,2178
e2b21469-dfb9-471a-86e2-66b95f5ac7d3,108567,103067,tool/result,True,439
e2b21469-dfb9-471a-86e2-66b95f5ac7d3,108567,103202,assistant/message,True,2236
e2b21469-dfb9-471a-86e2-66b95f5ac7d3,108567,103204,tool/result,True,593
e2b21469-dfb9-471a-86e2-66b95f5ac7d3,113670,108568,user/message,True,9539
e2b21469-dfb9-471a-86e2-66b95f5ac7d3,113670,104408,assistant/message,True,13145
e2b21469-dfb9-471a-86e2-66b95f5ac7d3,113670,104410,tool/result,True,1914
e2b21469-dfb9-471a-86e2-66b95f5ac7d3,113670,104578,assistant/message,True,2547
e2b21469-dfb9-471a-86e2-66b95f5ac7d3,113670,104580,tool/result,True,859
e2b21469-dfb9-471a-86e2-66b95f5ac7d3,113670,105511,assistant/message,True,10262
e2b21469-dfb9-471a-86e2-66b95f5ac7d3,113670,105513,tool/result,True,419
e2b21469-dfb9-471a-86e2-66b95f5ac7d3,113670,105516,user/message,True,1206
e2b21469-dfb9-471a-86e2-66b95f5ac7d3,113670,105565,assistant/message,True,1350
e2b21469-dfb9-471a-86e2-66b95f5ac7d3,113670,105567,tool/result,True,628
e2b21469-dfb9-471a-86e2-66b95f5ac7d3,113670,107367,assistant/message,True,19258
e2b21469-dfb9-471a-86e2-66b95f5ac7d3,113670,107369,tool/result,True,3444
e2b21469-dfb9-471a-86e2-66b95f5ac7d3,113670,107447,assistant/message,True,1602
e2b21469-dfb9-471a-86e2-66b95f5ac7d3,113670,107449,tool/result,True,1571
e2b21469-dfb9-471a-86e2-66b95f5ac7d3,117172,113671,user/message,True,11506
e2b21469-dfb9-471a-86e2-66b95f5ac7d3,117172,108562,assistant/message,True,12224
e2b21469-dfb9-471a-86e2-66b95f5ac7d3,117172,108564,tool/result,True,541
e2b21469-dfb9-471a-86e2-66b95f5ac7d3,117172,109421,assistant/message,True,9433
e2b21469-dfb9-471a-86e2-66b95f5ac7d3,117172,109423,tool/result,True,4167
e2b21469-dfb9-471a-86e2-66b95f5ac7d3,117172,109599,assistant/message,True,2587
e2b21469-dfb9-471a-86e2-66b95f5ac7d3,117172,109601,tool/result,True,780
e2b21469-dfb9-471a-86e2-66b95f5ac7d3,117172,109842,assistant/message,True,3284
e2b21469-dfb9-471a-86e2-66b95f5ac7d3,117172,109844,tool/result,True,1148
e2b21469-dfb9-471a-86e2-66b95f5ac7d3,117172,110791,assistant/message,True,10421
e2b21469-dfb9-471a-86e2-66b95f5ac7d3,117172,110793,tool/result,True,3759
e2b21469-dfb9-471a-86e2-66b95f5ac7d3,117172,110960,assistant/message,True,2679
e2b21469-dfb9-471a-86e2-66b95f5ac7d3,117172,110962,tool/result,True,457
e2b21469-dfb9-471a-86e2-66b95f5ac7d3,117172,111164,assistant/message,True,3074
e2b21469-dfb9-471a-86e2-66b95f5ac7d3,117172,111168,tool/result,True,933
e2b21469-dfb9-471a-86e2-66b95f5ac7d3,117172,112323,assistant/message,True,12926
e2b21469-dfb9-471a-86e2-66b95f5ac7d3,117172,112325,tool/result,True,1229
e2b21469-dfb9-471a-86e2-66b95f5ac7d3,121054,121052,tool/result,True,11311
e2b21469-dfb9-471a-86e2-66b95f5ac7d3,121064,117173,user/message,True,12918
e2b21469-dfb9-471a-86e2-66b95f5ac7d3,121064,113665,assistant/message,True,15131
e2b21469-dfb9-471a-86e2-66b95f5ac7d3,121064,113667,tool/result,True,454
e2b21469-dfb9-471a-86e2-66b95f5ac7d3,121064,113973,assistant/message,True,4057
e2b21469-dfb9-471a-86e2-66b95f5ac7d3,121064,113975,tool/result,True,448
e2b21469-dfb9-471a-86e2-66b95f5ac7d3,121064,113978,user/message,True,1206
e2b21469-dfb9-471a-86e2-66b95f5ac7d3,121064,114181,assistant/message,True,3007
e2b21469-dfb9-471a-86e2-66b95f5ac7d3,121064,114183,tool/result,True,611
e2b21469-dfb9-471a-86e2-66b95f5ac7d3,121064,114541,assistant/message,True,4739
e2b21469-dfb9-471a-86e2-66b95f5ac7d3,121064,114543,tool/result,True,3989
e2b21469-dfb9-471a-86e2-66b95f5ac7d3,125542,121065,user/message,True,14763
e2b21469-dfb9-471a-86e2-66b95f5ac7d3,125542,117161,assistant/message,True,27928
e2b21469-dfb9-471a-86e2-66b95f5ac7d3,125542,117163,tool/result,True,1362
e2b21469-dfb9-471a-86e2-66b95f5ac7d3,125542,117176,user/message,True,508
e2b21469-dfb9-471a-86e2-66b95f5ac7d3,125542,120403,assistant/message,True,34513
e2b21469-dfb9-471a-86e2-66b95f5ac7d3,125542,120406,tool/result,True,464
e2b21469-dfb9-471a-86e2-66b95f5ac7d3,125542,120551,assistant/message,True,2389
e2b21469-dfb9-471a-86e2-66b95f5ac7d3,125542,120553,tool/result,True,1093
e2b21469-dfb9-471a-86e2-66b95f5ac7d3,125542,121050,assistant/message,True,5696
e2b21469-dfb9-471a-86e2-66b95f5ac7d3,125542,121055,tool/result,True,5903
e2b21469-dfb9-471a-86e2-66b95f5ac7d3,125542,121068,user/message,True,297
e2b21469-dfb9-471a-86e2-66b95f5ac7d3,131752,125543,user/message,True,12929
e2b21469-dfb9-471a-86e2-66b95f5ac7d3,131752,122307,assistant/message,True,13215
e2b21469-dfb9-471a-86e2-66b95f5ac7d3,131752,122309,tool/result,True,6175
e2b21469-dfb9-471a-86e2-66b95f5ac7d3,131752,122312,user/message,True,1206
e2b21469-dfb9-471a-86e2-66b95f5ac7d3,131752,125537,assistant/message,True,34899
e2b21469-dfb9-471a-86e2-66b95f5ac7d3,131752,125539,tool/result,True,2160
e2b21469-dfb9-471a-86e2-66b95f5ac7d3,134936,131753,user/message,True,17881
e2b21469-dfb9-471a-86e2-66b95f5ac7d3,134936,128700,assistant/message,True,32429
e2b21469-dfb9-471a-86e2-66b95f5ac7d3,134936,128702,tool/result,True,2993
e2b21469-dfb9-471a-86e2-66b95f5ac7d3,138203,134937,user/message,True,14197
e2b21469-dfb9-471a-86e2-66b95f5ac7d3,138203,131747,assistant/message,True,30729
e2b21469-dfb9-471a-86e2-66b95f5ac7d3,138203,131749,tool/result,True,4710
e2b21469-dfb9-471a-86e2-66b95f5ac7d3,142246,138204,user/message,True,15256
e2b21469-dfb9-471a-86e2-66b95f5ac7d3,142246,134931,assistant/message,True,31740
e2b21469-dfb9-471a-86e2-66b95f5ac7d3,142246,134933,tool/result,True,4339
e2b21469-dfb9-471a-86e2-66b95f5ac7d3,142246,134940,user/message,True,1206
e2b21469-dfb9-471a-86e2-66b95f5ac7d3,147915,142247,user/message,True,16848
e2b21469-dfb9-471a-86e2-66b95f5ac7d3,147915,138198,assistant/message,True,33371
e2b21469-dfb9-471a-86e2-66b95f5ac7d3,147915,138200,tool/result,True,7123
f90c794a-f384-4cac-b5d0-a9b9146f1d11,108,8,user/message,True,1830
f90c794a-f384-4cac-b5d0-a9b9146f1d11,108,9,user/message,True,2238
f90c794a-f384-4cac-b5d0-a9b9146f1d11,108,10,user/message,True,1196
f90c794a-f384-4cac-b5d0-a9b9146f1d11,108,15,assistant/message,True,2631
f90c794a-f384-4cac-b5d0-a9b9146f1d11,108,17,tool/result,True,9488
f90c794a-f384-4cac-b5d0-a9b9146f1d11,108,20,assistant/message,True,26933
f90c794a-f384-4cac-b5d0-a9b9146f1d11,108,22,tool/result,True,455
f90c794a-f384-4cac-b5d0-a9b9146f1d11,108,24,tool/result,True,438
f90c794a-f384-4cac-b5d0-a9b9146f1d11,108,27,assistant/message,True,7386
f90c794a-f384-4cac-b5d0-a9b9146f1d11,108,29,tool/result,True,830
f90c794a-f384-4cac-b5d0-a9b9146f1d11,108,32,assistant/message,True,17943
f90c794a-f384-4cac-b5d0-a9b9146f1d11,108,34,tool/result,True,656
f90c794a-f384-4cac-b5d0-a9b9146f1d11,108,37,assistant/message,True,14958
f90c794a-f384-4cac-b5d0-a9b9146f1d11,108,39,tool/result,True,528
f90c794a-f384-4cac-b5d0-a9b9146f1d11,108,42,assistant/message,True,11750
f90c794a-f384-4cac-b5d0-a9b9146f1d11,108,49,user/message,True,1652
f90c794a-f384-4cac-b5d0-a9b9146f1d11,108,50,assistant/message,True,32103
f90c794a-f384-4cac-b5d0-a9b9146f1d11,108,53,tool/result,True,456
f90c794a-f384-4cac-b5d0-a9b9146f1d11,181,109,user/message,True,6693
f90c794a-f384-4cac-b5d0-a9b9146f1d11,181,56,assistant/message,True,13239
f90c794a-f384-4cac-b5d0-a9b9146f1d11,181,58,tool/result,True,1247
f90c794a-f384-4cac-b5d0-a9b9146f1d11,181,61,assistant/message,True,6810
f90c794a-f384-4cac-b5d0-a9b9146f1d11,181,64,tool/result,True,456
f90c794a-f384-4cac-b5d0-a9b9146f1d11,181,67,assistant/message,True,8763
f90c794a-f384-4cac-b5d0-a9b9146f1d11,181,69,tool/result,True,428
f90c794a-f384-4cac-b5d0-a9b9146f1d11,181,72,assistant/message,True,5234
f90c794a-f384-4cac-b5d0-a9b9146f1d11,181,75,tool/result,True,456
f90c794a-f384-4cac-b5d0-a9b9146f1d11,181,78,assistant/message,True,4034
f90c794a-f384-4cac-b5d0-a9b9146f1d11,181,80,tool/result,True,414
f90c794a-f384-4cac-b5d0-a9b9146f1d11,181,83,assistant/message,True,3625
f90c794a-f384-4cac-b5d0-a9b9146f1d11,181,85,tool/result,True,505
f90c794a-f384-4cac-b5d0-a9b9146f1d11,181,88,assistant/message,True,12119
f90c794a-f384-4cac-b5d0-a9b9146f1d11,181,90,tool/result,True,621
f90c794a-f384-4cac-b5d0-a9b9146f1d11,181,93,assistant/message,True,19877
f90c794a-f384-4cac-b5d0-a9b9146f1d11,181,95,tool/result,True,502
f90c794a-f384-4cac-b5d0-a9b9146f1d11,181,98,assistant/message,True,3346
f90c794a-f384-4cac-b5d0-a9b9146f1d11,181,100,tool/result,True,465
f90c794a-f384-4cac-b5d0-a9b9146f1d11,181,103,assistant/message,True,28363
f90c794a-f384-4cac-b5d0-a9b9146f1d11,181,105,tool/result,True,735
f90c794a-f384-4cac-b5d0-a9b9146f1d11,181,112,user/message,True,2240
f90c794a-f384-4cac-b5d0-a9b9146f1d11,181,114,assistant/message,True,4471
f90c794a-f384-4cac-b5d0-a9b9146f1d11,181,116,tool/result,True,517
f90c794a-f384-4cac-b5d0-a9b9146f1d11,181,119,user/message,True,1197
f90c794a-f384-4cac-b5d0-a9b9146f1d11,219,182,user/message,True,8022
f90c794a-f384-4cac-b5d0-a9b9146f1d11,219,120,assistant/message,True,29669
f90c794a-f384-4cac-b5d0-a9b9146f1d11,219,122,tool/result,True,431
f90c794a-f384-4cac-b5d0-a9b9146f1d11,219,125,assistant/message,True,29225
f90c794a-f384-4cac-b5d0-a9b9146f1d11,219,127,tool/result,True,431
f90c794a-f384-4cac-b5d0-a9b9146f1d11,219,130,assistant/message,True,5808
f90c794a-f384-4cac-b5d0-a9b9146f1d11,219,132,tool/result,True,510
f90c794a-f384-4cac-b5d0-a9b9146f1d11,219,135,assistant/message,True,7669
f90c794a-f384-4cac-b5d0-a9b9146f1d11,219,137,tool/result,True,436
f90c794a-f384-4cac-b5d0-a9b9146f1d11,219,139,tool/result,True,435
f90c794a-f384-4cac-b5d0-a9b9146f1d11,219,142,assistant/message,True,12735
f90c794a-f384-4cac-b5d0-a9b9146f1d11,219,145,tool/result,True,459
f90c794a-f384-4cac-b5d0-a9b9146f1d11,219,148,assistant/message,True,11430
f90c794a-f384-4cac-b5d0-a9b9146f1d11,219,155,user/message,True,582
f90c794a-f384-4cac-b5d0-a9b9146f1d11,219,156,assistant/message,True,4612
f90c794a-f384-4cac-b5d0-a9b9146f1d11,219,158,tool/result,True,451
f90c794a-f384-4cac-b5d0-a9b9146f1d11,219,160,tool/result,True,565
f90c794a-f384-4cac-b5d0-a9b9146f1d11,219,163,assistant/message,True,8523
f90c794a-f384-4cac-b5d0-a9b9146f1d11,219,165,tool/result,True,530
f90c794a-f384-4cac-b5d0-a9b9146f1d11,219,167,tool/result,True,556
f90c794a-f384-4cac-b5d0-a9b9146f1d11,219,170,assistant/message,True,21682
f90c794a-f384-4cac-b5d0-a9b9146f1d11,219,172,tool/result,True,481
f90c794a-f384-4cac-b5d0-a9b9146f1d11,219,185,user/message,True,631
f90c794a-f384-4cac-b5d0-a9b9146f1d11,219,186,user/message,True,2240
f90c794a-f384-4cac-b5d0-a9b9146f1d11,219,188,assistant/message,True,16046
f90c794a-f384-4cac-b5d0-a9b9146f1d11,219,190,tool/result,True,720
f90c794a-f384-4cac-b5d0-a9b9146f1d11,252,220,user/message,True,7949
f90c794a-f384-4cac-b5d0-a9b9146f1d11,252,193,user/message,True,1197
f90c794a-f384-4cac-b5d0-a9b9146f1d11,252,194,assistant/message,True,5279
f90c794a-f384-4cac-b5d0-a9b9146f1d11,252,196,tool/result,True,430
f90c794a-f384-4cac-b5d0-a9b9146f1d11,252,199,assistant/message,True,5940
f90c794a-f384-4cac-b5d0-a9b9146f1d11,252,206,user/message,True,582
f90c794a-f384-4cac-b5d0-a9b9146f1d11,252,207,assistant/message,True,84356
f90c794a-f384-4cac-b5d0-a9b9146f1d11,252,209,tool/result,True,451
f90c794a-f384-4cac-b5d0-a9b9146f1d11,252,211,tool/result,True,435
f90c794a-f384-4cac-b5d0-a9b9146f1d11,252,213,tool/result,True,497
f90c794a-f384-4cac-b5d0-a9b9146f1d11,252,215,tool/result,True,620
f90c794a-f384-4cac-b5d0-a9b9146f1d11,252,223,user/message,True,2240
f90c794a-f384-4cac-b5d0-a9b9146f1d11,252,225,assistant/message,True,21901
f90c794a-f384-4cac-b5d0-a9b9146f1d11,252,227,tool/result,True,466
f90c794a-f384-4cac-b5d0-a9b9146f1d11,252,231,user/message,True,607
f90c794a-f384-4cac-b5d0-a9b9146f1d11,252,232,assistant/message,True,22400
f90c794a-f384-4cac-b5d0-a9b9146f1d11,252,234,tool/result,True,770
f90c794a-f384-4cac-b5d0-a9b9146f1d11,268,266,tool/result,True,9367
f90c794a-f384-4cac-b5d0-a9b9146f1d11,271,253,user/message,True,7059
f90c794a-f384-4cac-b5d0-a9b9146f1d11,271,237,assistant/message,True,36844
f90c794a-f384-4cac-b5d0-a9b9146f1d11,271,244,user/message,True,1535
f90c794a-f384-4cac-b5d0-a9b9146f1d11,286,272,user/message,True,8660
f90c794a-f384-4cac-b5d0-a9b9146f1d11,286,245,assistant/message,True,50068
f90c794a-f384-4cac-b5d0-a9b9146f1d11,286,248,tool/result,True,6705
f90c794a-f384-4cac-b5d0-a9b9146f1d11,286,249,tool/result,True,7851
f90c794a-f384-4cac-b5d0-a9b9146f1d11,286,256,user/message,True,2240
f90c794a-f384-4cac-b5d0-a9b9146f1d11,302,287,user/message,True,9665
f90c794a-f384-4cac-b5d0-a9b9146f1d11,302,258,assistant/message,True,45975
f90c794a-f384-4cac-b5d0-a9b9146f1d11,302,260,tool/result,True,1938
f90c794a-f384-4cac-b5d0-a9b9146f1d11,302,263,user/message,True,1197
f90c794a-f384-4cac-b5d0-a9b9146f1d11,302,264,assistant/message,True,5032
f90c794a-f384-4cac-b5d0-a9b9146f1d11,302,269,tool/result,True,5655
f90c794a-f384-4cac-b5d0-a9b9146f1d11,302,276,assistant/message,True,5289
f90c794a-f384-4cac-b5d0-a9b9146f1d11,302,278,tool/result,True,5697
f90c794a-f384-4cac-b5d0-a9b9146f1d11,323,303,user/message,True,10810
f90c794a-f384-4cac-b5d0-a9b9146f1d11,323,281,assistant/message,True,15197
f90c794a-f384-4cac-b5d0-a9b9146f1d11,323,283,tool/result,True,5918
f90c794a-f384-4cac-b5d0-a9b9146f1d11,323,290,user/message,True,2240
f90c794a-f384-4cac-b5d0-a9b9146f1d11,323,292,assistant/message,True,11570
f90c794a-f384-4cac-b5d0-a9b9146f1d11,323,294,tool/result,True,4794
f90c794a-f384-4cac-b5d0-a9b9146f1d11,339,324,user/message,True,12038
f90c794a-f384-4cac-b5d0-a9b9146f1d11,339,297,assistant/message,True,16133
f90c794a-f384-4cac-b5d0-a9b9146f1d11,339,299,tool/result,True,6614
f90c794a-f384-4cac-b5d0-a9b9146f1d11,339,307,assistant/message,True,7491
f90c794a-f384-4cac-b5d0-a9b9146f1d11,339,309,tool/result,True,2241
f90c794a-f384-4cac-b5d0-a9b9146f1d11,361,340,user/message,True,10913
f90c794a-f384-4cac-b5d0-a9b9146f1d11,361,312,user/message,True,1197
f90c794a-f384-4cac-b5d0-a9b9146f1d11,361,313,assistant/message,True,4942
f90c794a-f384-4cac-b5d0-a9b9146f1d11,361,315,tool/result,True,5270
f90c794a-f384-4cac-b5d0-a9b9146f1d11,361,318,assistant/message,True,14963
f90c794a-f384-4cac-b5d0-a9b9146f1d11,361,320,tool/result,True,3577
f90c794a-f384-4cac-b5d0-a9b9146f1d11,361,327,user/message,True,2240
f90c794a-f384-4cac-b5d0-a9b9146f1d11,361,329,assistant/message,True,10457
f90c794a-f384-4cac-b5d0-a9b9146f1d11,361,331,tool/result,True,3351
f90c794a-f384-4cac-b5d0-a9b9146f1d11,361,334,assistant/message,True,13208
f90c794a-f384-4cac-b5d0-a9b9146f1d11,361,336,tool/result,True,1260
f90c794a-f384-4cac-b5d0-a9b9146f1d11,395,362,user/message,True,5961
f90c794a-f384-4cac-b5d0-a9b9146f1d11,395,344,assistant/message,True,16999
f90c794a-f384-4cac-b5d0-a9b9146f1d11,395,346,tool/result,True,2478
f90c794a-f384-4cac-b5d0-a9b9146f1d11,395,349,assistant/message,True,7442
f90c794a-f384-4cac-b5d0-a9b9146f1d11,395,351,tool/result,True,594
f90c794a-f384-4cac-b5d0-a9b9146f1d11,395,354,assistant/message,True,87743
f90c794a-f384-4cac-b5d0-a9b9146f1d11,395,365,user/message,True,1402
f90c794a-f384-4cac-b5d0-a9b9146f1d11,395,366,user/message,True,2240
f90c794a-f384-4cac-b5d0-a9b9146f1d11,436,396,user/message,True,6234
f90c794a-f384-4cac-b5d0-a9b9146f1d11,436,368,assistant/message,True,28349
f90c794a-f384-4cac-b5d0-a9b9146f1d11,436,370,tool/result,True,483
f90c794a-f384-4cac-b5d0-a9b9146f1d11,436,372,tool/result,True,687
f90c794a-f384-4cac-b5d0-a9b9146f1d11,436,375,user/message,True,1197
f90c794a-f384-4cac-b5d0-a9b9146f1d11,436,376,assistant/message,True,10888
f90c794a-f384-4cac-b5d0-a9b9146f1d11,436,378,tool/result,True,614
f90c794a-f384-4cac-b5d0-a9b9146f1d11,436,380,tool/result,True,1290
f90c794a-f384-4cac-b5d0-a9b9146f1d11,436,383,assistant/message,True,16101
f90c794a-f384-4cac-b5d0-a9b9146f1d11,436,387,tool/result,True,3234
f90c794a-f384-4cac-b5d0-a9b9146f1d11,436,390,assistant/message,True,32542
f90c794a-f384-4cac-b5d0-a9b9146f1d11,436,392,tool/result,True,684
f90c794a-f384-4cac-b5d0-a9b9146f1d11,436,399,user/message,True,2240
f90c794a-f384-4cac-b5d0-a9b9146f1d11,436,401,assistant/message,True,6192
f90c794a-f384-4cac-b5d0-a9b9146f1d11,436,403,tool/result,True,642
f90c794a-f384-4cac-b5d0-a9b9146f1d11,436,406,assistant/message,True,26497
f90c794a-f384-4cac-b5d0-a9b9146f1d11,436,408,tool/result,True,544
f90c794a-f384-4cac-b5d0-a9b9146f1d11,487,437,user/message,True,8302
f90c794a-f384-4cac-b5d0-a9b9146f1d11,487,411,assistant/message,True,3589
f90c794a-f384-4cac-b5d0-a9b9146f1d11,487,413,tool/result,True,3188
f90c794a-f384-4cac-b5d0-a9b9146f1d11,487,416,assistant/message,True,23590
f90c794a-f384-4cac-b5d0-a9b9146f1d11,487,418,tool/result,True,1329
f90c794a-f384-4cac-b5d0-a9b9146f1d11,487,421,assistant/message,True,25567
f90c794a-f384-4cac-b5d0-a9b9146f1d11,487,428,user/message,True,1787
f90c794a-f384-4cac-b5d0-a9b9146f1d11,487,429,assistant/message,True,15814
f90c794a-f384-4cac-b5d0-a9b9146f1d11,487,431,tool/result,True,1910
f90c794a-f384-4cac-b5d0-a9b9146f1d11,487,433,tool/result,True,2500
f90c794a-f384-4cac-b5d0-a9b9146f1d11,487,440,user/message,True,2240
f90c794a-f384-4cac-b5d0-a9b9146f1d11,487,442,assistant/message,True,10320
f90c794a-f384-4cac-b5d0-a9b9146f1d11,487,444,tool/result,True,9490
f90c794a-f384-4cac-b5d0-a9b9146f1d11,487,446,tool/result,True,1076
f90c794a-f384-4cac-b5d0-a9b9146f1d11,487,449,user/message,True,1197
f90c794a-f384-4cac-b5d0-a9b9146f1d11,487,450,assistant/message,True,7710
f90c794a-f384-4cac-b5d0-a9b9146f1d11,487,452,tool/result,True,1464
f90c794a-f384-4cac-b5d0-a9b9146f1d11,487,455,assistant/message,True,6938
f90c794a-f384-4cac-b5d0-a9b9146f1d11,487,457,tool/result,True,1092
f90c794a-f384-4cac-b5d0-a9b9146f1d11,487,460,assistant/message,True,5748
f90c794a-f384-4cac-b5d0-a9b9146f1d11,487,462,tool/result,True,653
f90c794a-f384-4cac-b5d0-a9b9146f1d11,515,488,user/message,True,11013
f90c794a-f384-4cac-b5d0-a9b9146f1d11,515,465,assistant/message,True,11711
f90c794a-f384-4cac-b5d0-a9b9146f1d11,515,467,tool/result,True,452
f90c794a-f384-4cac-b5d0-a9b9146f1d11,515,470,assistant/message,True,7712
f90c794a-f384-4cac-b5d0-a9b9146f1d11,515,472,tool/result,True,779
f90c794a-f384-4cac-b5d0-a9b9146f1d11,515,475,assistant/message,True,6009
f90c794a-f384-4cac-b5d0-a9b9146f1d11,515,477,tool/result,True,562
f90c794a-f384-4cac-b5d0-a9b9146f1d11,515,480,assistant/message,True,73576
f90c794a-f384-4cac-b5d0-a9b9146f1d11,515,491,user/message,True,340
f90c794a-f384-4cac-b5d0-a9b9146f1d11,515,492,user/message,True,2240
f90c794a-f384-4cac-b5d0-a9b9146f1d11,515,494,assistant/message,True,51599
f90c794a-f384-4cac-b5d0-a9b9146f1d11,515,496,tool/result,True,518
f90c794a-f384-4cac-b5d0-a9b9146f1d11,515,499,user/message,True,1197
f90c794a-f384-4cac-b5d0-a9b9146f1d11,572,516,user/message,True,10606
f90c794a-f384-4cac-b5d0-a9b9146f1d11,572,500,assistant/message,True,8540
f90c794a-f384-4cac-b5d0-a9b9146f1d11,572,502,tool/result,True,684
f90c794a-f384-4cac-b5d0-a9b9146f1d11,572,505,assistant/message,True,5732
f90c794a-f384-4cac-b5d0-a9b9146f1d11,572,507,tool/result,True,9490
f90c794a-f384-4cac-b5d0-a9b9146f1d11,572,510,assistant/message,True,72399
f90c794a-f384-4cac-b5d0-a9b9146f1d11,572,512,tool/result,True,520
f90c794a-f384-4cac-b5d0-a9b9146f1d11,572,519,user/message,True,2240
f90c794a-f384-4cac-b5d0-a9b9146f1d11,572,521,assistant/message,True,4341
f90c794a-f384-4cac-b5d0-a9b9146f1d11,572,523,tool/result,True,412
f90c794a-f384-4cac-b5d0-a9b9146f1d11,572,526,user/message,True,1197
f90c794a-f384-4cac-b5d0-a9b9146f1d11,625,573,user/message,True,9691
f90c794a-f384-4cac-b5d0-a9b9146f1d11,625,527,assistant/message,True,12432
f90c794a-f384-4cac-b5d0-a9b9146f1d11,625,534,user/message,True,828
f90c794a-f384-4cac-b5d0-a9b9146f1d11,625,535,assistant/message,True,25831
f90c794a-f384-4cac-b5d0-a9b9146f1d11,625,538,tool/result,True,459
f90c794a-f384-4cac-b5d0-a9b9146f1d11,625,540,tool/result,True,566
f90c794a-f384-4cac-b5d0-a9b9146f1d11,625,543,assistant/message,True,5921
f90c794a-f384-4cac-b5d0-a9b9146f1d11,625,545,tool/result,True,1808
f90c794a-f384-4cac-b5d0-a9b9146f1d11,625,548,assistant/message,True,13407
f90c794a-f384-4cac-b5d0-a9b9146f1d11,625,550,tool/result,True,1024
f90c794a-f384-4cac-b5d0-a9b9146f1d11,625,553,assistant/message,True,5878
f90c794a-f384-4cac-b5d0-a9b9146f1d11,625,557,tool/result,True,1683
f90c794a-f384-4cac-b5d0-a9b9146f1d11,625,560,assistant/message,True,9808
f90c794a-f384-4cac-b5d0-a9b9146f1d11,625,564,tool/result,True,666
f90c794a-f384-4cac-b5d0-a9b9146f1d11,658,626,user/message,True,9000
f90c794a-f384-4cac-b5d0-a9b9146f1d11,658,567,assistant/message,True,19003
f90c794a-f384-4cac-b5d0-a9b9146f1d11,658,569,tool/result,True,454
f90c794a-f384-4cac-b5d0-a9b9146f1d11,658,576,user/message,True,2240
f90c794a-f384-4cac-b5d0-a9b9146f1d11,658,578,assistant/message,True,5850
f90c794a-f384-4cac-b5d0-a9b9146f1d11,658,580,tool/result,True,431
f90c794a-f384-4cac-b5d0-a9b9146f1d11,658,582,tool/result,True,935
f90c794a-f384-4cac-b5d0-a9b9146f1d11,658,585,user/message,True,1197
f90c794a-f384-4cac-b5d0-a9b9146f1d11,658,587,assistant/message,True,5006
f90c794a-f384-4cac-b5d0-a9b9146f1d11,658,589,tool/result,True,5344
f90c794a-f384-4cac-b5d0-a9b9146f1d11,658,593,user/message,True,483
f90c794a-f384-4cac-b5d0-a9b9146f1d11,658,594,assistant/message,True,6042
f90c794a-f384-4cac-b5d0-a9b9146f1d11,658,598,tool/result,True,431
f90c794a-f384-4cac-b5d0-a9b9146f1d11,658,601,assistant/message,True,10980
f90c794a-f384-4cac-b5d0-a9b9146f1d11,658,603,tool/result,True,450
f90c794a-f384-4cac-b5d0-a9b9146f1d11,658,606,assistant/message,True,4151
f90c794a-f384-4cac-b5d0-a9b9146f1d11,658,608,tool/result,True,807
f90c794a-f384-4cac-b5d0-a9b9146f1d11,658,611,assistant/message,True,6944
f90c794a-f384-4cac-b5d0-a9b9146f1d11,658,615,tool/result,True,3064
f90c794a-f384-4cac-b5d0-a9b9146f1d11,709,659,user/message,True,10230
f90c794a-f384-4cac-b5d0-a9b9146f1d11,709,618,assistant/message,True,15194
f90c794a-f384-4cac-b5d0-a9b9146f1d11,709,622,tool/result,True,1065
f90c794a-f384-4cac-b5d0-a9b9146f1d11,709,630,assistant/message,True,13388
f90c794a-f384-4cac-b5d0-a9b9146f1d11,709,632,tool/result,True,505
f90c794a-f384-4cac-b5d0-a9b9146f1d11,709,635,assistant/message,True,21821
f90c794a-f384-4cac-b5d0-a9b9146f1d11,709,637,tool/result,True,708
f90c794a-f384-4cac-b5d0-a9b9146f1d11,709,640,assistant/message,True,3599
f90c794a-f384-4cac-b5d0-a9b9146f1d11,709,642,tool/result,True,1274
f90c794a-f384-4cac-b5d0-a9b9146f1d11,709,645,assistant/message,True,15149
f90c794a-f384-4cac-b5d0-a9b9146f1d11,709,652,user/message,True,1348
fae09fbf-c8d7-4760-af42-e0b17638e151,6075,8,user/message,True,1336
fae09fbf-c8d7-4760-af42-e0b17638e151,6075,9,user/message,True,1201
fae09fbf-c8d7-4760-af42-e0b17638e151,6075,132,assistant/message,True,1751
fae09fbf-c8d7-4760-af42-e0b17638e151,6075,134,tool/result,True,3718
fae09fbf-c8d7-4760-af42-e0b17638e151,6075,240,assistant/message,True,1780
fae09fbf-c8d7-4760-af42-e0b17638e151,6075,242,tool/result,True,3645
fae09fbf-c8d7-4760-af42-e0b17638e151,6075,427,assistant/message,True,2422
fae09fbf-c8d7-4760-af42-e0b17638e151,6075,429,tool/result,True,2487
fae09fbf-c8d7-4760-af42-e0b17638e151,6075,627,assistant/message,True,2392
fae09fbf-c8d7-4760-af42-e0b17638e151,6075,629,tool/result,True,1369
fae09fbf-c8d7-4760-af42-e0b17638e151,6075,710,assistant/message,True,1533
fae09fbf-c8d7-4760-af42-e0b17638e151,6075,712,tool/result,True,906
fae09fbf-c8d7-4760-af42-e0b17638e151,7438,6076,user/message,True,5464
fae09fbf-c8d7-4760-af42-e0b17638e151,7438,1218,assistant/message,True,5129
fae09fbf-c8d7-4760-af42-e0b17638e151,7438,1220,tool/result,True,439
fae09fbf-c8d7-4760-af42-e0b17638e151,7438,1282,assistant/message,True,1479
fae09fbf-c8d7-4760-af42-e0b17638e151,7438,1284,tool/result,True,757
fae09fbf-c8d7-4760-af42-e0b17638e151,7438,2281,assistant/message,True,9786
fae09fbf-c8d7-4760-af42-e0b17638e151,7438,2283,tool/result,True,1567
fae09fbf-c8d7-4760-af42-e0b17638e151,11387,7439,user/message,True,6706
fae09fbf-c8d7-4760-af42-e0b17638e151,11387,2654,assistant/message,True,4080
fae09fbf-c8d7-4760-af42-e0b17638e151,11387,2656,tool/result,True,1506
fae09fbf-c8d7-4760-af42-e0b17638e151,11387,3949,assistant/message,True,12636
fae09fbf-c8d7-4760-af42-e0b17638e151,11387,3951,tool/result,True,537
fae09fbf-c8d7-4760-af42-e0b17638e151,11866,11388,user/message,True,7022
fae09fbf-c8d7-4760-af42-e0b17638e151,11866,6070,assistant/message,True,17881
fae09fbf-c8d7-4760-af42-e0b17638e151,11866,6072,tool/result,True,536
fae09fbf-c8d7-4760-af42-e0b17638e151,11866,6129,assistant/message,True,1381
fae09fbf-c8d7-4760-af42-e0b17638e151,11866,6131,tool/result,True,2295
fae09fbf-c8d7-4760-af42-e0b17638e151,11866,6134,user/message,True,1204
fae09fbf-c8d7-4760-af42-e0b17638e151,14519,11867,user/message,True,8916
fae09fbf-c8d7-4760-af42-e0b17638e151,14519,7427,assistant/message,True,12058
fae09fbf-c8d7-4760-af42-e0b17638e151,14519,7429,tool/result,True,506
fae09fbf-c8d7-4760-af42-e0b17638e151,14519,7442,user/message,True,1336
fae09fbf-c8d7-4760-af42-e0b17638e151,15778,14520,user/message,True,7652
fae09fbf-c8d7-4760-af42-e0b17638e151,15778,8623,assistant/message,True,10675
fae09fbf-c8d7-4760-af42-e0b17638e151,15778,8625,tool/result,True,701
fae09fbf-c8d7-4760-af42-e0b17638e151,15778,11382,assistant/message,True,24003
fae09fbf-c8d7-4760-af42-e0b17638e151,15778,11384,tool/result,True,536
fae09fbf-c8d7-4760-af42-e0b17638e151,15778,11695,assistant/message,True,3823
fae09fbf-c8d7-4760-af42-e0b17638e151,15778,11697,tool/result,True,1292
fae09fbf-c8d7-4760-af42-e0b17638e151,20272,15779,user/message,True,7394
fae09fbf-c8d7-4760-af42-e0b17638e151,20272,11861,assistant/message,True,2470
fae09fbf-c8d7-4760-af42-e0b17638e151,20272,11863,tool/result,True,2861
fae09fbf-c8d7-4760-af42-e0b17638e151,20272,14512,assistant/message,True,25735
fae09fbf-c8d7-4760-af42-e0b17638e151,20272,14523,user/message,True,951
fae09fbf-c8d7-4760-af42-e0b17638e151,20272,14524,user/message,True,1205
fae09fbf-c8d7-4760-af42-e0b17638e151,21296,20273,user/message,True,7897
fae09fbf-c8d7-4760-af42-e0b17638e151,21296,15771,assistant/message,True,13508
fae09fbf-c8d7-4760-af42-e0b17638e151,21296,15773,tool/result,True,3623
fae09fbf-c8d7-4760-af42-e0b17638e151,21296,15775,tool/result,True,664
fae09fbf-c8d7-4760-af42-e0b17638e151,21296,17439,assistant/message,True,17158
fae09fbf-c8d7-4760-af42-e0b17638e151,21296,17441,tool/result,True,528
fae09fbf-c8d7-4760-af42-e0b17638e151,21296,17443,tool/result,True,728
fae09fbf-c8d7-4760-af42-e0b17638e151,33024,21297,user/message,True,7264
fae09fbf-c8d7-4760-af42-e0b17638e151,33024,20265,assistant/message,True,27148
fae09fbf-c8d7-4760-af42-e0b17638e151,33024,20267,tool/result,True,703
fae09fbf-c8d7-4760-af42-e0b17638e151,33024,20269,tool/result,True,4734
fae09fbf-c8d7-4760-af42-e0b17638e151,33024,20450,assistant/message,True,2910
fae09fbf-c8d7-4760-af42-e0b17638e151,33024,20452,tool/result,True,1711
fae09fbf-c8d7-4760-af42-e0b17638e151,33024,20454,tool/result,True,1627
fae09fbf-c8d7-4760-af42-e0b17638e151,33024,20457,user/message,True,1205
fae09fbf-c8d7-4760-af42-e0b17638e151,33024,21289,assistant/message,True,9364
fae09fbf-c8d7-4760-af42-e0b17638e151,33024,21291,tool/result,True,1956
fae09fbf-c8d7-4760-af42-e0b17638e151,33024,21293,tool/result,True,1726
fae09fbf-c8d7-4760-af42-e0b17638e151,33024,21961,assistant/message,True,7337
fae09fbf-c8d7-4760-af42-e0b17638e151,33024,21963,tool/result,True,1858
fae09fbf-c8d7-4760-af42-e0b17638e151,33453,33025,user/message,True,7676
fae09fbf-c8d7-4760-af42-e0b17638e151,33453,27664,assistant/message,True,53057
fae09fbf-c8d7-4760-af42-e0b17638e151,33453,27666,tool/result,True,1485
fb5923d8-541f-45e7-a20f-2f62269fc77c,31,22,tool/result,True,51699
fb5923d8-541f-45e7-a20f-2f62269fc77c,33,27,tool/result,True,34474
fb5923d8-541f-45e7-a20f-2f62269fc77c,50,48,tool/result,True,55094
fb5923d8-541f-45e7-a20f-2f62269fc77c,58,56,tool/result,True,29788
fb5923d8-541f-45e7-a20f-2f62269fc77c,61,8,user/message,True,1494
fb5923d8-541f-45e7-a20f-2f62269fc77c,61,9,user/message,True,2238
fb5923d8-541f-45e7-a20f-2f62269fc77c,61,10,user/message,True,1206
fb5923d8-541f-45e7-a20f-2f62269fc77c,61,15,assistant/message,True,2616
fb5923d8-541f-45e7-a20f-2f62269fc77c,61,17,tool/result,True,19422
fb5923d8-541f-45e7-a20f-2f62269fc77c,61,20,assistant/message,True,4611
fb5923d8-541f-45e7-a20f-2f62269fc77c,61,32,tool/result,True,36536
fb5923d8-541f-45e7-a20f-2f62269fc77c,61,25,assistant/message,True,6382
fb5923d8-541f-45e7-a20f-2f62269fc77c,61,34,tool/result,True,25495
fb5923d8-541f-45e7-a20f-2f62269fc77c,61,29,tool/result,True,2907
fb5923d8-541f-45e7-a20f-2f62269fc77c,61,37,assistant/message,True,7129
fb5923d8-541f-45e7-a20f-2f62269fc77c,61,39,tool/result,True,1643
fb5923d8-541f-45e7-a20f-2f62269fc77c,61,41,tool/result,True,1665
fb5923d8-541f-45e7-a20f-2f62269fc77c,73,71,tool/result,True,42350
fb5923d8-541f-45e7-a20f-2f62269fc77c,88,62,user/message,True,10332
fb5923d8-541f-45e7-a20f-2f62269fc77c,88,44,assistant/message,True,14738
fb5923d8-541f-45e7-a20f-2f62269fc77c,88,47,tool/result,True,20420
fb5923d8-541f-45e7-a20f-2f62269fc77c,88,51,tool/result,True,39433
fb5923d8-541f-45e7-a20f-2f62269fc77c,104,102,tool/result,True,34477
fb5923d8-541f-45e7-a20f-2f62269fc77c,107,89,user/message,True,14689
fb5923d8-541f-45e7-a20f-2f62269fc77c,107,54,assistant/message,True,3957
fb5923d8-541f-45e7-a20f-2f62269fc77c,107,59,tool/result,True,22800
fb5923d8-541f-45e7-a20f-2f62269fc77c,107,65,user/message,True,2239
fb5923d8-541f-45e7-a20f-2f62269fc77c,107,67,assistant/message,True,5249
fb5923d8-541f-45e7-a20f-2f62269fc77c,107,70,tool/result,True,17448
fb5923d8-541f-45e7-a20f-2f62269fc77c,107,74,tool/result,True,30528
fb5923d8-541f-45e7-a20f-2f62269fc77c,107,76,user/message,True,1206
fb5923d8-541f-45e7-a20f-2f62269fc77c,107,78,assistant/message,True,4724
fb5923d8-541f-45e7-a20f-2f62269fc77c,107,80,tool/result,True,998
fb5923d8-541f-45e7-a20f-2f62269fc77c,107,83,assistant/message,True,3461
fb5923d8-541f-45e7-a20f-2f62269fc77c,107,85,tool/result,True,11238
fb5923d8-541f-45e7-a20f-2f62269fc77c,107,93,assistant/message,True,4977
fb5923d8-541f-45e7-a20f-2f62269fc77c,107,95,tool/result,True,10355
fb5923d8-541f-45e7-a20f-2f62269fc77c,107,97,tool/result,True,2763
fb5923d8-541f-45e7-a20f-2f62269fc77c,123,115,tool/result,True,22327
fb5923d8-541f-45e7-a20f-2f62269fc77c,125,121,tool/result,True,30317
fb5923d8-541f-45e7-a20f-2f62269fc77c,134,108,user/message,True,14187
fb5923d8-541f-45e7-a20f-2f62269fc77c,134,100,assistant/message,True,74621
fb5923d8-541f-45e7-a20f-2f62269fc77c,134,105,tool/result,True,25500
fb5923d8-541f-45e7-a20f-2f62269fc77c,151,135,user/message,True,13957
fb5923d8-541f-45e7-a20f-2f62269fc77c,151,111,user/message,True,2240
fb5923d8-541f-45e7-a20f-2f62269fc77c,151,113,assistant/message,True,3528
fb5923d8-541f-45e7-a20f-2f62269fc77c,151,124,tool/result,True,18509
fb5923d8-541f-45e7-a20f-2f62269fc77c,151,118,user/message,True,1207
fb5923d8-541f-45e7-a20f-2f62269fc77c,151,119,assistant/message,True,4686
fb5923d8-541f-45e7-a20f-2f62269fc77c,151,126,tool/result,True,23086
fb5923d8-541f-45e7-a20f-2f62269fc77c,151,129,assistant/message,True,3294
fb5923d8-541f-45e7-a20f-2f62269fc77c,151,131,tool/result,True,18591
fb5923d8-541f-45e7-a20f-2f62269fc77c,151,139,assistant/message,True,3358
fb5923d8-541f-45e7-a20f-2f62269fc77c,151,141,tool/result,True,3161
fb5923d8-541f-45e7-a20f-2f62269fc77c,172,152,user/message,True,15766
fb5923d8-541f-45e7-a20f-2f62269fc77c,172,144,assistant/message,True,148657
fb5923d8-541f-45e7-a20f-2f62269fc77c,172,146,tool/result,True,10345
fb5923d8-541f-45e7-a20f-2f62269fc77c,172,148,tool/result,True,2919
fb5923d8-541f-45e7-a20f-2f62269fc77c,172,157,user/message,True,2240
fb5923d8-541f-45e7-a20f-2f62269fc77c,199,173,user/message,True,19696
fb5923d8-541f-45e7-a20f-2f62269fc77c,199,159,assistant/message,True,3197
fb5923d8-541f-45e7-a20f-2f62269fc77c,199,161,tool/result,True,7759
fb5923d8-541f-45e7-a20f-2f62269fc77c,199,166,user/message,True,1207
fb5923d8-541f-45e7-a20f-2f62269fc77c,199,167,assistant/message,True,59183
fb5923d8-541f-45e7-a20f-2f62269fc77c,199,169,tool/result,True,16613
fb5923d8-541f-45e7-a20f-2f62269fc77c,199,176,user/message,True,2240
fb5923d8-541f-45e7-a20f-2f62269fc77c,218,200,user/message,True,18525
fb5923d8-541f-45e7-a20f-2f62269fc77c,218,178,assistant/message,True,5954
fb5923d8-541f-45e7-a20f-2f62269fc77c,218,181,tool/result,True,9001
fb5923d8-541f-45e7-a20f-2f62269fc77c,218,182,tool/result,True,9345
fb5923d8-541f-45e7-a20f-2f62269fc77c,218,185,assistant/message,True,4371
fb5923d8-541f-45e7-a20f-2f62269fc77c,218,188,tool/result,True,13105
fb5923d8-541f-45e7-a20f-2f62269fc77c,218,189,tool/result,True,7755
fb5923d8-541f-45e7-a20f-2f62269fc77c,228,219,user/message,True,21000
fb5923d8-541f-45e7-a20f-2f62269fc77c,228,194,assistant/message,True,12484
fb5923d8-541f-45e7-a20f-2f62269fc77c,228,196,tool/result,True,10345
fb5923d8-541f-45e7-a20f-2f62269fc77c,228,203,user/message,True,2240
fb5923d8-541f-45e7-a20f-2f62269fc77c,228,205,assistant/message,True,3965
fb5923d8-541f-45e7-a20f-2f62269fc77c,228,207,tool/result,True,16487
fb5923d8-541f-45e7-a20f-2f62269fc77c,228,210,user/message,True,1207
fb5923d8-541f-45e7-a20f-2f62269fc77c,247,229,user/message,True,21612
fb5923d8-541f-45e7-a20f-2f62269fc77c,247,211,assistant/message,True,46569
fb5923d8-541f-45e7-a20f-2f62269fc77c,247,213,tool/result,True,1465
fb5923d8-541f-45e7-a20f-2f62269fc77c,247,215,tool/result,True,1383
fb5923d8-541f-45e7-a20f-2f62269fc77c,257,248,user/message,True,23985
fb5923d8-541f-45e7-a20f-2f62269fc77c,257,223,assistant/message,True,76006
fb5923d8-541f-45e7-a20f-2f62269fc77c,257,225,tool/result,True,16997
fb5923d8-541f-45e7-a20f-2f62269fc77c,288,258,user/message,True,18429
fb5923d8-541f-45e7-a20f-2f62269fc77c,288,232,user/message,True,2240
fb5923d8-541f-45e7-a20f-2f62269fc77c,288,234,assistant/message,True,26428
fb5923d8-541f-45e7-a20f-2f62269fc77c,288,236,tool/result,True,1004
fb5923d8-541f-45e7-a20f-2f62269fc77c,288,238,tool/result,True,1709
fb5923d8-541f-45e7-a20f-2f62269fc77c,288,241,user/message,True,1207
fb5923d8-541f-45e7-a20f-2f62269fc77c,288,242,assistant/message,True,7795
fb5923d8-541f-45e7-a20f-2f62269fc77c,288,244,tool/result,True,15617
fb5923d8-541f-45e7-a20f-2f62269fc77c,304,302,tool/result,True,24533
fb5923d8-541f-45e7-a20f-2f62269fc77c,307,289,user/message,True,19459
fb5923d8-541f-45e7-a20f-2f62269fc77c,307,252,assistant/message,True,8323
fb5923d8-541f-45e7-a20f-2f62269fc77c,307,254,tool/result,True,14449
fb5923d8-541f-45e7-a20f-2f62269fc77c,307,262,assistant/message,True,19943
fb5923d8-541f-45e7-a20f-2f62269fc77c,307,264,tool/result,True,2822
fb5923d8-541f-45e7-a20f-2f62269fc77c,307,266,tool/result,True,1165
fb5923d8-541f-45e7-a20f-2f62269fc77c,322,308,user/message,True,21046
fb5923d8-541f-45e7-a20f-2f62269fc77c,322,269,assistant/message,True,3679
fb5923d8-541f-45e7-a20f-2f62269fc77c,322,271,tool/result,True,12575
fb5923d8-541f-45e7-a20f-2f62269fc77c,322,274,assistant/message,True,14374
fb5923d8-541f-45e7-a20f-2f62269fc77c,322,276,tool/result,True,1578
fb5923d8-541f-45e7-a20f-2f62269fc77c,322,278,tool/result,True,2201
fb5923d8-541f-45e7-a20f-2f62269fc77c,322,281,assistant/message,True,5705
fb5923d8-541f-45e7-a20f-2f62269fc77c,322,283,tool/result,True,5933
fb5923d8-541f-45e7-a20f-2f62269fc77c,322,285,tool/result,True,507
fb5923d8-541f-45e7-a20f-2f62269fc77c,322,292,user/message,True,2240
fb5923d8-541f-45e7-a20f-2f62269fc77c,333,323,user/message,True,21136
fb5923d8-541f-45e7-a20f-2f62269fc77c,333,294,assistant/message,True,17069
fb5923d8-541f-45e7-a20f-2f62269fc77c,333,296,tool/result,True,1491
fb5923d8-541f-45e7-a20f-2f62269fc77c,333,299,user/message,True,1207
fb5923d8-541f-45e7-a20f-2f62269fc77c,333,300,assistant/message,True,10206
fb5923d8-541f-45e7-a20f-2f62269fc77c,333,305,tool/result,True,19822
fb5923d8-541f-45e7-a20f-2f62269fc77c,353,334,user/message,True,19392
fb5923d8-541f-45e7-a20f-2f62269fc77c,353,312,assistant/message,True,3304
fb5923d8-541f-45e7-a20f-2f62269fc77c,353,314,tool/result,True,13449
fb5923d8-541f-45e7-a20f-2f62269fc77c,353,317,assistant/message,True,3274
fb5923d8-541f-45e7-a20f-2f62269fc77c,353,319,tool/result,True,14655
fb5923d8-541f-45e7-a20f-2f62269fc77c,353,326,user/message,True,2240
fb5923d8-541f-45e7-a20f-2f62269fc77c,369,354,user/message,True,20622
fb5923d8-541f-45e7-a20f-2f62269fc77c,369,328,assistant/message,True,10842
fb5923d8-541f-45e7-a20f-2f62269fc77c,369,330,tool/result,True,14879
fb5923d8-541f-45e7-a20f-2f62269fc77c,384,370,user/message,True,21643
fb5923d8-541f-45e7-a20f-2f62269fc77c,384,338,assistant/message,True,10153
fb5923d8-541f-45e7-a20f-2f62269fc77c,384,341,tool/result,True,4227
fb5923d8-541f-45e7-a20f-2f62269fc77c,384,342,tool/result,True,16353
fb5923d8-541f-45e7-a20f-2f62269fc77c,384,345,user/message,True,1207
fb5923d8-541f-45e7-a20f-2f62269fc77c,400,385,user/message,True,19849
fb5923d8-541f-45e7-a20f-2f62269fc77c,400,346,assistant/message,True,17736
fb5923d8-541f-45e7-a20f-2f62269fc77c,400,348,tool/result,True,7337
fb5923d8-541f-45e7-a20f-2f62269fc77c,400,350,tool/result,True,2364
fb5923d8-541f-45e7-a20f-2f62269fc77c,400,357,user/message,True,2240
fb5923d8-541f-45e7-a20f-2f62269fc77c,400,359,assistant/message,True,3505
fb5923d8-541f-45e7-a20f-2f62269fc77c,400,361,tool/result,True,6425
fb5923d8-541f-45e7-a20f-2f62269fc77c,413,401,user/message,True,21949
fb5923d8-541f-45e7-a20f-2f62269fc77c,413,364,assistant/message,True,12162
fb5923d8-541f-45e7-a20f-2f62269fc77c,413,366,tool/result,True,1119
fb5923d8-541f-45e7-a20f-2f62269fc77c,413,374,assistant/message,True,4854
fb5923d8-541f-45e7-a20f-2f62269fc77c,413,376,tool/result,True,9345
fb5923d8-541f-45e7-a20f-2f62269fc77c,425,414,user/message,True,19869
fb5923d8-541f-45e7-a20f-2f62269fc77c,425,379,assistant/message,True,4756
fb5923d8-541f-45e7-a20f-2f62269fc77c,425,381,tool/result,True,10761
fb5923d8-541f-45e7-a20f-2f62269fc77c,425,389,assistant/message,True,8947
fb5923d8-541f-45e7-a20f-2f62269fc77c,425,391,tool/result,True,10021
fb5923d8-541f-45e7-a20f-2f62269fc77c,425,394,user/message,True,1207
fb5923d8-541f-45e7-a20f-2f62269fc77c,443,426,user/message,True,19091
fb5923d8-541f-45e7-a20f-2f62269fc77c,443,395,assistant/message,True,5423
fb5923d8-541f-45e7-a20f-2f62269fc77c,443,397,tool/result,True,11865
fb5923d8-541f-45e7-a20f-2f62269fc77c,443,404,user/message,True,2240
fb5923d8-541f-45e7-a20f-2f62269fc77c,443,406,assistant/message,True,4616
fb5923d8-541f-45e7-a20f-2f62269fc77c,443,409,tool/result,True,3181
fb5923d8-541f-45e7-a20f-2f62269fc77c,443,410,tool/result,True,12455
fb5923d8-541f-45e7-a20f-2f62269fc77c,469,444,user/message,True,19626
fb5923d8-541f-45e7-a20f-2f62269fc77c,479,470,user/message,True,18185
fb5923d8-541f-45e7-a20f-2f62269fc77c,479,418,assistant/message,True,44886
fb5923d8-541f-45e7-a20f-2f62269fc77c,479,420,tool/result,True,2771
fb5923d8-541f-45e7-a20f-2f62269fc77c,479,422,tool/result,True,7279
fb5923d8-541f-45e7-a20f-2f62269fc77c,496,480,user/message,True,19587
fb5923d8-541f-45e7-a20f-2f62269fc77c,496,430,assistant/message,True,6804
fb5923d8-541f-45e7-a20f-2f62269fc77c,496,433,tool/result,True,3749
fb5923d8-541f-45e7-a20f-2f62269fc77c,496,434,tool/result,True,10351
fb5923d8-541f-45e7-a20f-2f62269fc77c,496,437,user/message,True,1207
fb5923d8-541f-45e7-a20f-2f62269fc77c,496,438,assistant/message,True,5637
fb5923d8-541f-45e7-a20f-2f62269fc77c,496,440,tool/result,True,1147
fb5923d8-541f-45e7-a20f-2f62269fc77c,496,447,user/message,True,2240
fb5923d8-541f-45e7-a20f-2f62269fc77c,496,449,assistant/message,True,10232
fb5923d8-541f-45e7-a20f-2f62269fc77c,496,451,tool/result,True,5223
fb5923d8-541f-45e7-a20f-2f62269fc77c,496,454,assistant/message,True,4575
fb5923d8-541f-45e7-a20f-2f62269fc77c,496,456,tool/result,True,1078
fb5923d8-541f-45e7-a20f-2f62269fc77c,496,459,assistant/message,True,4009
fb5923d8-541f-45e7-a20f-2f62269fc77c,496,461,tool/result,True,973
fb5923d8-541f-45e7-a20f-2f62269fc77c,513,497,user/message,True,15517
fb5923d8-541f-45e7-a20f-2f62269fc77c,513,464,assistant/message,True,24739
fb5923d8-541f-45e7-a20f-2f62269fc77c,513,466,tool/result,True,457
fb5923d8-541f-45e7-a20f-2f62269fc77c,513,474,assistant/message,True,13308
fb5923d8-541f-45e7-a20f-2f62269fc77c,513,476,tool/result,True,6347
fb5923d8-541f-45e7-a20f-2f62269fc77c,513,484,assistant/message,True,18004
fb5923d8-541f-45e7-a20f-2f62269fc77c,513,486,tool/result,True,2495
fb5923d8-541f-45e7-a20f-2f62269fc77c,528,514,user/message,True,18680
fb5923d8-541f-45e7-a20f-2f62269fc77c,528,489,assistant/message,True,16133
fb5923d8-541f-45e7-a20f-2f62269fc77c,528,491,tool/result,True,9091
fb5923d8-541f-45e7-a20f-2f62269fc77c,528,493,tool/result,True,846
fb5923d8-541f-45e7-a20f-2f62269fc77c,528,500,user/message,True,2240
fb5923d8-541f-45e7-a20f-2f62269fc77c,539,529,user/message,True,19709
fb5923d8-541f-45e7-a20f-2f62269fc77c,539,502,assistant/message,True,53949
fb5923d8-541f-45e7-a20f-2f62269fc77c,539,504,tool/result,True,825
fb5923d8-541f-45e7-a20f-2f62269fc77c,539,507,user/message,True,1207
