uuid,seq,type,n_tokens,n_tokens_reasoning
01e268e6-b99f-4d90-b192-667992d574b7,7,user/message,235,
01e268e6-b99f-4d90-b192-667992d574b7,8,user/message,156,
01e268e6-b99f-4d90-b192-667992d574b7,179,assistant/message,161,79
01e268e6-b99f-4d90-b192-667992d574b7,183,tool/result,694,
01e268e6-b99f-4d90-b192-667992d574b7,184,tool/result,476,
01e268e6-b99f-4d90-b192-667992d574b7,185,tool/result,381,
01e268e6-b99f-4d90-b192-667992d574b7,346,assistant/message,155,35
01e268e6-b99f-4d90-b192-667992d574b7,350,tool/result,655,
01e268e6-b99f-4d90-b192-667992d574b7,351,tool/result,475,
01e268e6-b99f-4d90-b192-667992d574b7,352,tool/result,532,
01e268e6-b99f-4d90-b192-667992d574b7,354,tool/result,370,
01e268e6-b99f-4d90-b192-667992d574b7,554,assistant/message,193,84
01e268e6-b99f-4d90-b192-667992d574b7,558,tool/result,1441,
01e268e6-b99f-4d90-b192-667992d574b7,559,tool/result,475,
01e268e6-b99f-4d90-b192-667992d574b7,560,tool/result,329,
01e268e6-b99f-4d90-b192-667992d574b7,562,tool/result,10,
01e268e6-b99f-4d90-b192-667992d574b7,926,assistant/message,370,52
01e268e6-b99f-4d90-b192-667992d574b7,930,tool/result,7,
01e268e6-b99f-4d90-b192-667992d574b7,931,tool/result,37,
01e268e6-b99f-4d90-b192-667992d574b7,932,tool/result,39,
3696034f-d67b-4ccf-955f-9a734797d153,7,user/message,68,
3696034f-d67b-4ccf-955f-9a734797d153,8,user/message,156,
3696034f-d67b-4ccf-955f-9a734797d153,116,assistant/message,100,69
3696034f-d67b-4ccf-955f-9a734797d153,119,tool/result,613,
3696034f-d67b-4ccf-955f-9a734797d153,120,tool/result,634,
621406b3-39db-4b2d-894d-6ec9ec475b12,7,user/message,71,
621406b3-39db-4b2d-894d-6ec9ec475b12,8,user/message,156,
621406b3-39db-4b2d-894d-6ec9ec475b12,273,assistant/message,255,99
621406b3-39db-4b2d-894d-6ec9ec475b12,275,tool/result,405,
621406b3-39db-4b2d-894d-6ec9ec475b12,277,tool/result,14368,
dceef225-d947-42c3-9dff-d202e74e4370,7,user/message,77,
dceef225-d947-42c3-9dff-d202e74e4370,8,user/message,156,
dceef225-d947-42c3-9dff-d202e74e4370,114,assistant/message,97,28
dceef225-d947-42c3-9dff-d202e74e4370,116,tool/result,15002,
dceef225-d947-42c3-9dff-d202e74e4370,475,assistant/message,373,83
dceef225-d947-42c3-9dff-d202e74e4370,477,tool/result,5482,
00e3b756-6d28-40a4-97fb-0327e2ca15f3,7,user/message,9,
00e3b756-6d28-40a4-97fb-0327e2ca15f3,8,user/message,90,
00e3b756-6d28-40a4-97fb-0327e2ca15f3,65,assistant/message,47,32
00e3b756-6d28-40a4-97fb-0327e2ca15f3,67,tool/result,499,
00e3b756-6d28-40a4-97fb-0327e2ca15f3,132,assistant/message,57,22
00e3b756-6d28-40a4-97fb-0327e2ca15f3,134,tool/result,57,
00e3b756-6d28-40a4-97fb-0327e2ca15f3,192,assistant/message,52,36
00e3b756-6d28-40a4-97fb-0327e2ca15f3,194,tool/result,382,
00e3b756-6d28-40a4-97fb-0327e2ca15f3,435,assistant/message,235,207
00e3b756-6d28-40a4-97fb-0327e2ca15f3,437,tool/result,501,
00e3b756-6d28-40a4-97fb-0327e2ca15f3,742,assistant/message,296,105
02916586-2a93-45cb-b397-e91f985e52f6,8,user/message,1392,
02916586-2a93-45cb-b397-e91f985e52f6,9,user/message,353,
02916586-2a93-45cb-b397-e91f985e52f6,10,user/message,90,
02916586-2a93-45cb-b397-e91f985e52f6,15,assistant/message,749,598
02916586-2a93-45cb-b397-e91f985e52f6,18,tool/result,1039,
02916586-2a93-45cb-b397-e91f985e52f6,19,tool/result,1012,
02916586-2a93-45cb-b397-e91f985e52f6,22,assistant/message,147,69
02916586-2a93-45cb-b397-e91f985e52f6,24,tool/result,1147,
02916586-2a93-45cb-b397-e91f985e52f6,27,assistant/message,6766,1351
02916586-2a93-45cb-b397-e91f985e52f6,29,tool/result,42,
02916586-2a93-45cb-b397-e91f985e52f6,32,assistant/message,877,42
02916586-2a93-45cb-b397-e91f985e52f6,39,user/message,6,
02916586-2a93-45cb-b397-e91f985e52f6,40,assistant/message,1242,135
02916586-2a93-45cb-b397-e91f985e52f6,47,user/message,27,
02916586-2a93-45cb-b397-e91f985e52f6,48,assistant/message,2524,43
02916586-2a93-45cb-b397-e91f985e52f6,55,user/message,48,
02916586-2a93-45cb-b397-e91f985e52f6,56,assistant/message,1786,71
02916586-2a93-45cb-b397-e91f985e52f6,64,user/message,633,
02916586-2a93-45cb-b397-e91f985e52f6,67,user/message,1257,
02916586-2a93-45cb-b397-e91f985e52f6,68,user/message,353,
02916586-2a93-45cb-b397-e91f985e52f6,69,assistant/message,565,397
02916586-2a93-45cb-b397-e91f985e52f6,72,tool/result,1050,
02916586-2a93-45cb-b397-e91f985e52f6,73,tool/result,1051,
02916586-2a93-45cb-b397-e91f985e52f6,76,user/message,90,
02916586-2a93-45cb-b397-e91f985e52f6,77,assistant/message,357,216
02916586-2a93-45cb-b397-e91f985e52f6,79,tool/result,1099,
02916586-2a93-45cb-b397-e91f985e52f6,81,tool/result,1461,
02916586-2a93-45cb-b397-e91f985e52f6,84,assistant/message,248,52
02916586-2a93-45cb-b397-e91f985e52f6,86,tool/result,3877,
02916586-2a93-45cb-b397-e91f985e52f6,89,assistant/message,4968,1591
02916586-2a93-45cb-b397-e91f985e52f6,97,user/message,853,
02916586-2a93-45cb-b397-e91f985e52f6,100,user/message,1,
02916586-2a93-45cb-b397-e91f985e52f6,101,user/message,353,
02916586-2a93-45cb-b397-e91f985e52f6,102,assistant/message,3467,169
02916586-2a93-45cb-b397-e91f985e52f6,104,tool/result,43,
02916586-2a93-45cb-b397-e91f985e52f6,107,user/message,90,
02916586-2a93-45cb-b397-e91f985e52f6,108,assistant/message,333,18
02916586-2a93-45cb-b397-e91f985e52f6,115,user/message,1820,
02916586-2a93-45cb-b397-e91f985e52f6,116,assistant/message,431,326
02916586-2a93-45cb-b397-e91f985e52f6,118,tool/result,1360,
02916586-2a93-45cb-b397-e91f985e52f6,122,user/message,803,
02916586-2a93-45cb-b397-e91f985e52f6,125,user/message,353,
02916586-2a93-45cb-b397-e91f985e52f6,126,assistant/message,1438,363
032ac214-c4ac-4b5e-86b5-87982f132965,8,user/message,16,
032ac214-c4ac-4b5e-86b5-87982f132965,9,user/message,90,
032ac214-c4ac-4b5e-86b5-87982f132965,680,assistant/message,660,390
05c95d34-0b28-4dae-8a1c-40ff236e281d,7,user/message,9,
05c95d34-0b28-4dae-8a1c-40ff236e281d,8,user/message,90,
05c95d34-0b28-4dae-8a1c-40ff236e281d,186,assistant/message,167,80
05c95d34-0b28-4dae-8a1c-40ff236e281d,193,user/message,5,
05c95d34-0b28-4dae-8a1c-40ff236e281d,248,assistant/message,50,24
05c95d34-0b28-4dae-8a1c-40ff236e281d,250,tool/result,14,
05c95d34-0b28-4dae-8a1c-40ff236e281d,306,assistant/message,47,30
05c95d34-0b28-4dae-8a1c-40ff236e281d,313,user/message,3,
05c95d34-0b28-4dae-8a1c-40ff236e281d,793,assistant/message,473,445
05c95d34-0b28-4dae-8a1c-40ff236e281d,795,tool/result,885,
05c95d34-0b28-4dae-8a1c-40ff236e281d,1238,assistant/message,434,122
05c95d34-0b28-4dae-8a1c-40ff236e281d,1245,user/message,9,
05c95d34-0b28-4dae-8a1c-40ff236e281d,1401,assistant/message,148,98
05c95d34-0b28-4dae-8a1c-40ff236e281d,1403,tool/result,936,
05c95d34-0b28-4dae-8a1c-40ff236e281d,1555,assistant/message,142,99
05c95d34-0b28-4dae-8a1c-40ff236e281d,1557,tool/result,1630,
05c95d34-0b28-4dae-8a1c-40ff236e281d,2867,assistant/message,1308,462
06990c89-10f1-4df6-b44c-6299646b3891,7,user/message,0,
06990c89-10f1-4df6-b44c-6299646b3891,8,user/message,353,
06990c89-10f1-4df6-b44c-6299646b3891,9,user/message,90,
06a8c5ee-cd3f-4e43-be56-bc000ce77807,7,user/message,8,
06a8c5ee-cd3f-4e43-be56-bc000ce77807,96,assistant/message,83,63
06a8c5ee-cd3f-4e43-be56-bc000ce77807,98,tool/result,17,
06a8c5ee-cd3f-4e43-be56-bc000ce77807,131,assistant/message,31,12
06a8c5ee-cd3f-4e43-be56-bc000ce77807,133,tool/result,17,
06a8c5ee-cd3f-4e43-be56-bc000ce77807,454,assistant/message,312,174
06d3d0c0-ef39-4291-a3bc-b19b8eeb42ac,8,user/message,17,
06d3d0c0-ef39-4291-a3bc-b19b8eeb42ac,9,user/message,90,
06d3d0c0-ef39-4291-a3bc-b19b8eeb42ac,193,assistant/message,175,130
06d3d0c0-ef39-4291-a3bc-b19b8eeb42ac,196,tool/result,597,
06d3d0c0-ef39-4291-a3bc-b19b8eeb42ac,197,tool/result,539,
06d3d0c0-ef39-4291-a3bc-b19b8eeb42ac,334,assistant/message,136,54
06d3d0c0-ef39-4291-a3bc-b19b8eeb42ac,336,tool/result,482,
06d3d0c0-ef39-4291-a3bc-b19b8eeb42ac,338,tool/result,510,
06d3d0c0-ef39-4291-a3bc-b19b8eeb42ac,2195,assistant/message,1848,789
0947a960-6d42-4c99-8b7c-5a0df6a32ac3,7,user/message,20,
0947a960-6d42-4c99-8b7c-5a0df6a32ac3,8,user/message,90,
0947a960-6d42-4c99-8b7c-5a0df6a32ac3,428,assistant/message,408,371
0947a960-6d42-4c99-8b7c-5a0df6a32ac3,430,tool/result,625,
0947a960-6d42-4c99-8b7c-5a0df6a32ac3,1236,assistant/message,799,316
0947a960-6d42-4c99-8b7c-5a0df6a32ac3,1243,user/message,5,
0947a960-6d42-4c99-8b7c-5a0df6a32ac3,1430,assistant/message,190,137
0947a960-6d42-4c99-8b7c-5a0df6a32ac3,1432,tool/result,644,
0947a960-6d42-4c99-8b7c-5a0df6a32ac3,1434,tool/result,688,
0947a960-6d42-4c99-8b7c-5a0df6a32ac3,2214,assistant/message,786,292
0947a960-6d42-4c99-8b7c-5a0df6a32ac3,2216,tool/result,2736,
0947a960-6d42-4c99-8b7c-5a0df6a32ac3,2218,tool/result,4651,
0947a960-6d42-4c99-8b7c-5a0df6a32ac3,3903,assistant/message,1676,902
0947a960-6d42-4c99-8b7c-5a0df6a32ac3,3910,user/message,7,
0947a960-6d42-4c99-8b7c-5a0df6a32ac3,4130,assistant/message,213,181
0947a960-6d42-4c99-8b7c-5a0df6a32ac3,4132,tool/result,695,
0947a960-6d42-4c99-8b7c-5a0df6a32ac3,4230,assistant/message,97,24
0947a960-6d42-4c99-8b7c-5a0df6a32ac3,4232,tool/result,537,
0947a960-6d42-4c99-8b7c-5a0df6a32ac3,4234,tool/result,117,
0947a960-6d42-4c99-8b7c-5a0df6a32ac3,4499,assistant/message,265,62
0947a960-6d42-4c99-8b7c-5a0df6a32ac3,4501,tool/result,927,
0947a960-6d42-4c99-8b7c-5a0df6a32ac3,5533,assistant/message,1020,466
0947a960-6d42-4c99-8b7c-5a0df6a32ac3,5540,user/message,6,
0947a960-6d42-4c99-8b7c-5a0df6a32ac3,5652,assistant/message,115,54
0947a960-6d42-4c99-8b7c-5a0df6a32ac3,5654,tool/result,686,
0947a960-6d42-4c99-8b7c-5a0df6a32ac3,5656,tool/result,631,
0947a960-6d42-4c99-8b7c-5a0df6a32ac3,6105,assistant/message,450,226
0947a960-6d42-4c99-8b7c-5a0df6a32ac3,6107,tool/result,1052,
0947a960-6d42-4c99-8b7c-5a0df6a32ac3,7000,assistant/message,925,644
0947a960-6d42-4c99-8b7c-5a0df6a32ac3,7002,tool/result,130,
0947a960-6d42-4c99-8b7c-5a0df6a32ac3,7974,assistant/message,964,221
0cdb67f2-b71b-4cc3-b158-c6db05c7dff9,7,user/message,1088,
0cdb67f2-b71b-4cc3-b158-c6db05c7dff9,8,user/message,90,
0cdb67f2-b71b-4cc3-b158-c6db05c7dff9,239,assistant/message,222,215
0cdb67f2-b71b-4cc3-b158-c6db05c7dff9,241,tool/result,103,
0cdb67f2-b71b-4cc3-b158-c6db05c7dff9,481,assistant/message,236,236
0cdb67f2-b71b-4cc3-b158-c6db05c7dff9,488,user/message,657,
0cdb67f2-b71b-4cc3-b158-c6db05c7dff9,2621,assistant/message,2128,2035
0cdb67f2-b71b-4cc3-b158-c6db05c7dff9,2623,tool/result,112,
0cdb67f2-b71b-4cc3-b158-c6db05c7dff9,2750,assistant/message,120,91
0cdb67f2-b71b-4cc3-b158-c6db05c7dff9,2752,tool/result,59,
0cdb67f2-b71b-4cc3-b158-c6db05c7dff9,2960,assistant/message,202,107
0cdb67f2-b71b-4cc3-b158-c6db05c7dff9,2962,tool/result,5,
0cdb67f2-b71b-4cc3-b158-c6db05c7dff9,2969,user/message,19,
0cdb67f2-b71b-4cc3-b158-c6db05c7dff9,5385,assistant/message,2412,1228
0cdb67f2-b71b-4cc3-b158-c6db05c7dff9,5392,user/message,11,
0cdb67f2-b71b-4cc3-b158-c6db05c7dff9,9516,assistant/message,4120,1699
0e54e7bf-4e3e-4800-b4ea-04f12fc15440,7,user/message,344,
0e54e7bf-4e3e-4800-b4ea-04f12fc15440,8,user/message,90,
0e54e7bf-4e3e-4800-b4ea-04f12fc15440,205,assistant/message,190,84
0e54e7bf-4e3e-4800-b4ea-04f12fc15440,207,tool/result,22,
0e54e7bf-4e3e-4800-b4ea-04f12fc15440,209,tool/result,1262,
0e54e7bf-4e3e-4800-b4ea-04f12fc15440,344,assistant/message,126,38
0e54e7bf-4e3e-4800-b4ea-04f12fc15440,346,tool/result,808,
0e54e7bf-4e3e-4800-b4ea-04f12fc15440,348,tool/result,315,
0e54e7bf-4e3e-4800-b4ea-04f12fc15440,446,assistant/message,89,22
0e54e7bf-4e3e-4800-b4ea-04f12fc15440,449,tool/result,111,
0e54e7bf-4e3e-4800-b4ea-04f12fc15440,450,tool/result,4027,
0e54e7bf-4e3e-4800-b4ea-04f12fc15440,974,assistant/message,519,303
0e54e7bf-4e3e-4800-b4ea-04f12fc15440,976,tool/result,165,
0e54e7bf-4e3e-4800-b4ea-04f12fc15440,978,tool/result,496,
0e54e7bf-4e3e-4800-b4ea-04f12fc15440,1544,assistant/message,560,369
0e54e7bf-4e3e-4800-b4ea-04f12fc15440,1546,tool/result,115,
0e54e7bf-4e3e-4800-b4ea-04f12fc15440,1548,tool/result,36,
0e54e7bf-4e3e-4800-b4ea-04f12fc15440,1779,assistant/message,225,175
0e54e7bf-4e3e-4800-b4ea-04f12fc15440,1781,tool/result,1042,
0e54e7bf-4e3e-4800-b4ea-04f12fc15440,2054,assistant/message,268,141
0e54e7bf-4e3e-4800-b4ea-04f12fc15440,2056,tool/result,245,
0e54e7bf-4e3e-4800-b4ea-04f12fc15440,2136,assistant/message,74,21
0e54e7bf-4e3e-4800-b4ea-04f12fc15440,2138,tool/result,383,
0e54e7bf-4e3e-4800-b4ea-04f12fc15440,2249,assistant/message,104,49
0e54e7bf-4e3e-4800-b4ea-04f12fc15440,2251,tool/result,86,
0e54e7bf-4e3e-4800-b4ea-04f12fc15440,2318,assistant/message,64,27
0e54e7bf-4e3e-4800-b4ea-04f12fc15440,2320,tool/result,1542,
0e54e7bf-4e3e-4800-b4ea-04f12fc15440,2742,assistant/message,420,209
0e54e7bf-4e3e-4800-b4ea-04f12fc15440,2744,tool/result,4,
0e54e7bf-4e3e-4800-b4ea-04f12fc15440,2843,assistant/message,93,39
0e54e7bf-4e3e-4800-b4ea-04f12fc15440,2845,tool/result,609,
0e54e7bf-4e3e-4800-b4ea-04f12fc15440,2960,assistant/message,110,31
0e54e7bf-4e3e-4800-b4ea-04f12fc15440,2962,tool/result,1110,
0e54e7bf-4e3e-4800-b4ea-04f12fc15440,2965,tool/result,1644,
0e54e7bf-4e3e-4800-b4ea-04f12fc15440,3116,assistant/message,146,60
0e54e7bf-4e3e-4800-b4ea-04f12fc15440,3118,tool/result,212,
0e54e7bf-4e3e-4800-b4ea-04f12fc15440,3326,assistant/message,203,134
0e54e7bf-4e3e-4800-b4ea-04f12fc15440,3328,tool/result,968,
0e54e7bf-4e3e-4800-b4ea-04f12fc15440,4107,assistant/message,770,582
0e54e7bf-4e3e-4800-b4ea-04f12fc15440,4109,tool/result,447,
0e54e7bf-4e3e-4800-b4ea-04f12fc15440,4111,tool/result,49,
0e54e7bf-4e3e-4800-b4ea-04f12fc15440,4320,assistant/message,204,70
0e54e7bf-4e3e-4800-b4ea-04f12fc15440,4322,tool/result,695,
0e54e7bf-4e3e-4800-b4ea-04f12fc15440,4324,tool/result,324,
0e54e7bf-4e3e-4800-b4ea-04f12fc15440,4328,user/message,2370,
0e54e7bf-4e3e-4800-b4ea-04f12fc15440,4533,assistant/message,200,91
0e54e7bf-4e3e-4800-b4ea-04f12fc15440,4535,tool/result,7642,
0e54e7bf-4e3e-4800-b4ea-04f12fc15440,4538,user/message,90,
0e54e7bf-4e3e-4800-b4ea-04f12fc15440,7687,assistant/message,3142,1655
0e7258b7-8ba9-4620-acc0-dd57f775a1f5,8,user/message,9,
0e7258b7-8ba9-4620-acc0-dd57f775a1f5,9,user/message,90,
0e7258b7-8ba9-4620-acc0-dd57f775a1f5,136,assistant/message,117,102
0e7258b7-8ba9-4620-acc0-dd57f775a1f5,138,tool/result,838,
0e7258b7-8ba9-4620-acc0-dd57f775a1f5,198,assistant/message,51,27
0e7258b7-8ba9-4620-acc0-dd57f775a1f5,200,tool/result,488,
0e7258b7-8ba9-4620-acc0-dd57f775a1f5,283,assistant/message,75,36
0e7258b7-8ba9-4620-acc0-dd57f775a1f5,285,tool/result,631,
0e7258b7-8ba9-4620-acc0-dd57f775a1f5,287,tool/result,461,
0e7258b7-8ba9-4620-acc0-dd57f775a1f5,690,assistant/message,400,369
0e7258b7-8ba9-4620-acc0-dd57f775a1f5,692,tool/result,1183,
0e7258b7-8ba9-4620-acc0-dd57f775a1f5,1494,assistant/message,793,250
0e7258b7-8ba9-4620-acc0-dd57f775a1f5,1501,user/message,8,
0e7258b7-8ba9-4620-acc0-dd57f775a1f5,1588,assistant/message,86,51
0e7258b7-8ba9-4620-acc0-dd57f775a1f5,1590,tool/result,959,
0e7258b7-8ba9-4620-acc0-dd57f775a1f5,1809,assistant/message,216,170
0e7258b7-8ba9-4620-acc0-dd57f775a1f5,1811,tool/result,1130,
0e7258b7-8ba9-4620-acc0-dd57f775a1f5,3143,assistant/message,1322,516
0e7258b7-8ba9-4620-acc0-dd57f775a1f5,3150,user/message,6,
0e7258b7-8ba9-4620-acc0-dd57f775a1f5,3317,assistant/message,166,93
0e7258b7-8ba9-4620-acc0-dd57f775a1f5,3319,tool/result,1089,
0e7258b7-8ba9-4620-acc0-dd57f775a1f5,3321,tool/result,625,
0e7258b7-8ba9-4620-acc0-dd57f775a1f5,3481,assistant/message,159,120
0e7258b7-8ba9-4620-acc0-dd57f775a1f5,3483,tool/result,1067,
0e7258b7-8ba9-4620-acc0-dd57f775a1f5,5120,assistant/message,1628,587
0f1966f1-84e5-40ba-bafd-484b9f749388,7,user/message,0,
0f1966f1-84e5-40ba-bafd-484b9f749388,8,user/message,353,
0f1966f1-84e5-40ba-bafd-484b9f749388,9,user/message,90,
10e941dd-6bd7-4ccd-94f4-0f7102534336,8,user/message,9,
10e941dd-6bd7-4ccd-94f4-0f7102534336,9,user/message,90,
10e941dd-6bd7-4ccd-94f4-0f7102534336,253,assistant/message,235,215
10e941dd-6bd7-4ccd-94f4-0f7102534336,255,tool/result,54,
10e941dd-6bd7-4ccd-94f4-0f7102534336,328,assistant/message,70,47
10e941dd-6bd7-4ccd-94f4-0f7102534336,330,tool/result,17,
10e941dd-6bd7-4ccd-94f4-0f7102534336,379,assistant/message,46,20
10e941dd-6bd7-4ccd-94f4-0f7102534336,381,tool/result,17,
10e941dd-6bd7-4ccd-94f4-0f7102534336,682,assistant/message,292,143
10e941dd-6bd7-4ccd-94f4-0f7102534336,689,user/message,5,
10e941dd-6bd7-4ccd-94f4-0f7102534336,1120,assistant/message,427,400
10e941dd-6bd7-4ccd-94f4-0f7102534336,1122,tool/result,12,
10e941dd-6bd7-4ccd-94f4-0f7102534336,1443,assistant/message,312,266
10e941dd-6bd7-4ccd-94f4-0f7102534336,1450,user/message,13,
10e941dd-6bd7-4ccd-94f4-0f7102534336,1498,assistant/message,44,34
10e941dd-6bd7-4ccd-94f4-0f7102534336,1500,tool/result,219,
10e941dd-6bd7-4ccd-94f4-0f7102534336,1588,assistant/message,81,66
10e941dd-6bd7-4ccd-94f4-0f7102534336,1590,tool/result,54,
10e941dd-6bd7-4ccd-94f4-0f7102534336,1857,assistant/message,264,246
10e941dd-6bd7-4ccd-94f4-0f7102534336,1859,tool/result,17,
10e941dd-6bd7-4ccd-94f4-0f7102534336,2166,assistant/message,300,288
10e941dd-6bd7-4ccd-94f4-0f7102534336,2168,tool/result,54,
10e941dd-6bd7-4ccd-94f4-0f7102534336,2768,assistant/message,593,296
10e941dd-6bd7-4ccd-94f4-0f7102534336,2775,user/message,9,
10e941dd-6bd7-4ccd-94f4-0f7102534336,2832,assistant/message,51,38
10e941dd-6bd7-4ccd-94f4-0f7102534336,2834,tool/result,54,
10e941dd-6bd7-4ccd-94f4-0f7102534336,3535,assistant/message,698,663
10e941dd-6bd7-4ccd-94f4-0f7102534336,3537,tool/result,17,
10e941dd-6bd7-4ccd-94f4-0f7102534336,4054,assistant/message,508,273
17057ddc-a421-4a4b-a456-72f5ba856f5d,9,user/message,11,
17057ddc-a421-4a4b-a456-72f5ba856f5d,10,user/message,90,
17057ddc-a421-4a4b-a456-72f5ba856f5d,80,assistant/message,60,45
17057ddc-a421-4a4b-a456-72f5ba856f5d,82,tool/result,459,
17057ddc-a421-4a4b-a456-72f5ba856f5d,127,assistant/message,42,20
17057ddc-a421-4a4b-a456-72f5ba856f5d,129,tool/result,255,
17057ddc-a421-4a4b-a456-72f5ba856f5d,177,assistant/message,45,27
17057ddc-a421-4a4b-a456-72f5ba856f5d,179,tool/result,349,
17057ddc-a421-4a4b-a456-72f5ba856f5d,313,assistant/message,131,93
17057ddc-a421-4a4b-a456-72f5ba856f5d,315,tool/result,22,
17057ddc-a421-4a4b-a456-72f5ba856f5d,317,tool/result,490,
17057ddc-a421-4a4b-a456-72f5ba856f5d,420,assistant/message,100,62
17057ddc-a421-4a4b-a456-72f5ba856f5d,422,tool/result,538,
17057ddc-a421-4a4b-a456-72f5ba856f5d,524,assistant/message,99,56
17057ddc-a421-4a4b-a456-72f5ba856f5d,526,tool/result,372,
17057ddc-a421-4a4b-a456-72f5ba856f5d,1181,assistant/message,646,102
17057ddc-a421-4a4b-a456-72f5ba856f5d,1188,user/message,8,
17057ddc-a421-4a4b-a456-72f5ba856f5d,1291,assistant/message,110,34
17057ddc-a421-4a4b-a456-72f5ba856f5d,1293,tool/result,545,
17057ddc-a421-4a4b-a456-72f5ba856f5d,1295,tool/result,601,
17057ddc-a421-4a4b-a456-72f5ba856f5d,1564,assistant/message,272,195
17057ddc-a421-4a4b-a456-72f5ba856f5d,1566,tool/result,828,
17057ddc-a421-4a4b-a456-72f5ba856f5d,1568,tool/result,796,
17057ddc-a421-4a4b-a456-72f5ba856f5d,1787,assistant/message,221,149
17057ddc-a421-4a4b-a456-72f5ba856f5d,1789,tool/result,673,
17057ddc-a421-4a4b-a456-72f5ba856f5d,1791,tool/result,536,
17057ddc-a421-4a4b-a456-72f5ba856f5d,1983,assistant/message,191,150
17057ddc-a421-4a4b-a456-72f5ba856f5d,1985,tool/result,799,
17057ddc-a421-4a4b-a456-72f5ba856f5d,3352,assistant/message,1358,310
1a6a33d2-95ab-45d0-b95a-09f5f05fa2e1,8,user/message,312,
1a6a33d2-95ab-45d0-b95a-09f5f05fa2e1,9,user/message,90,
1a89fdc5-b4c3-4d01-a9a4-91048d822fae,7,user/message,40,
1a89fdc5-b4c3-4d01-a9a4-91048d822fae,8,user/message,90,
1a89fdc5-b4c3-4d01-a9a4-91048d822fae,236,assistant/message,217,168
1e420fff-717d-4724-8fb9-fccd86cb9f0b,7,user/message,24,
1e420fff-717d-4724-8fb9-fccd86cb9f0b,19,user/message,24,
1e420fff-717d-4724-8fb9-fccd86cb9f0b,83,assistant/message,58,44
1e420fff-717d-4724-8fb9-fccd86cb9f0b,85,tool/result,18,
1e420fff-717d-4724-8fb9-fccd86cb9f0b,171,assistant/message,80,23
1e420fff-717d-4724-8fb9-fccd86cb9f0b,173,tool/result,186,
1e420fff-717d-4724-8fb9-fccd86cb9f0b,228,assistant/message,50,29
1e420fff-717d-4724-8fb9-fccd86cb9f0b,230,tool/result,43,
1e420fff-717d-4724-8fb9-fccd86cb9f0b,757,assistant/message,518,366
1e420fff-717d-4724-8fb9-fccd86cb9f0b,764,user/message,4,
1e420fff-717d-4724-8fb9-fccd86cb9f0b,840,assistant/message,88,11
1e420fff-717d-4724-8fb9-fccd86cb9f0b,842,tool/result,18,
1e420fff-717d-4724-8fb9-fccd86cb9f0b,919,assistant/message,71,17
1e420fff-717d-4724-8fb9-fccd86cb9f0b,921,tool/result,89,
1e420fff-717d-4724-8fb9-fccd86cb9f0b,923,tool/result,6,
1e420fff-717d-4724-8fb9-fccd86cb9f0b,1075,assistant/message,143,56
1e420fff-717d-4724-8fb9-fccd86cb9f0b,1082,user/message,4,
1e420fff-717d-4724-8fb9-fccd86cb9f0b,1142,assistant/message,54,24
1e420fff-717d-4724-8fb9-fccd86cb9f0b,1144,tool/result,136,
1e420fff-717d-4724-8fb9-fccd86cb9f0b,1270,assistant/message,118,84
1e420fff-717d-4724-8fb9-fccd86cb9f0b,1272,tool/result,101,
1e420fff-717d-4724-8fb9-fccd86cb9f0b,1354,assistant/message,73,36
1f1b7734-1543-4d63-b848-850b4911495e,7,user/message,11,
1f1b7734-1543-4d63-b848-850b4911495e,8,user/message,142,
1f1b7734-1543-4d63-b848-850b4911495e,9,user/message,90,
1f1b7734-1543-4d63-b848-850b4911495e,383,assistant/message,362,324
1f1b7734-1543-4d63-b848-850b4911495e,385,tool/result,1504,
1f1b7734-1543-4d63-b848-850b4911495e,1428,assistant/message,1034,600
1f45dbf1-6e0a-4537-ae86-c6c06024e0f7,7,user/message,9,
1f45dbf1-6e0a-4537-ae86-c6c06024e0f7,8,user/message,90,
1f45dbf1-6e0a-4537-ae86-c6c06024e0f7,208,assistant/message,190,171
1f45dbf1-6e0a-4537-ae86-c6c06024e0f7,210,tool/result,539,
1f45dbf1-6e0a-4537-ae86-c6c06024e0f7,327,assistant/message,110,41
1f45dbf1-6e0a-4537-ae86-c6c06024e0f7,329,tool/result,342,
1f45dbf1-6e0a-4537-ae86-c6c06024e0f7,331,tool/result,507,
1f45dbf1-6e0a-4537-ae86-c6c06024e0f7,418,assistant/message,81,45
1f45dbf1-6e0a-4537-ae86-c6c06024e0f7,420,tool/result,625,
1f45dbf1-6e0a-4537-ae86-c6c06024e0f7,855,assistant/message,426,312
1f45dbf1-6e0a-4537-ae86-c6c06024e0f7,857,tool/result,1274,
1f45dbf1-6e0a-4537-ae86-c6c06024e0f7,1737,assistant/message,879,741
1f45dbf1-6e0a-4537-ae86-c6c06024e0f7,1739,tool/result,906,
1f45dbf1-6e0a-4537-ae86-c6c06024e0f7,2390,assistant/message,642,403
20a1f102-30b9-44e2-98ec-ae70233c6bcd,7,user/message,16,
20a1f102-30b9-44e2-98ec-ae70233c6bcd,1029,assistant/message,1011,714
22984eb4-1779-45ac-a179-4ab1aa246bb8,8,user/message,6,
22984eb4-1779-45ac-a179-4ab1aa246bb8,9,user/message,354,
22984eb4-1779-45ac-a179-4ab1aa246bb8,10,user/message,90,
22984eb4-1779-45ac-a179-4ab1aa246bb8,15,assistant/message,50,32
22984eb4-1779-45ac-a179-4ab1aa246bb8,17,tool/result,1234,
22984eb4-1779-45ac-a179-4ab1aa246bb8,20,assistant/message,425,66
22984eb4-1779-45ac-a179-4ab1aa246bb8,27,user/message,11,
22984eb4-1779-45ac-a179-4ab1aa246bb8,28,assistant/message,154,83
22984eb4-1779-45ac-a179-4ab1aa246bb8,30,tool/result,6891,
22984eb4-1779-45ac-a179-4ab1aa246bb8,32,tool/result,6629,
22984eb4-1779-45ac-a179-4ab1aa246bb8,35,assistant/message,384,225
22984eb4-1779-45ac-a179-4ab1aa246bb8,39,tool/result,533,
22984eb4-1779-45ac-a179-4ab1aa246bb8,40,tool/result,825,
22984eb4-1779-45ac-a179-4ab1aa246bb8,41,tool/result,612,
22984eb4-1779-45ac-a179-4ab1aa246bb8,44,tool/result,1790,
22984eb4-1779-45ac-a179-4ab1aa246bb8,46,tool/result,1870,
22984eb4-1779-45ac-a179-4ab1aa246bb8,49,assistant/message,161,118
22984eb4-1779-45ac-a179-4ab1aa246bb8,51,tool/result,310,
22984eb4-1779-45ac-a179-4ab1aa246bb8,54,assistant/message,95,51
22984eb4-1779-45ac-a179-4ab1aa246bb8,56,tool/result,445,
22984eb4-1779-45ac-a179-4ab1aa246bb8,59,assistant/message,193,73
22984eb4-1779-45ac-a179-4ab1aa246bb8,61,tool/result,3,
22984eb4-1779-45ac-a179-4ab1aa246bb8,64,assistant/message,140,75
22984eb4-1779-45ac-a179-4ab1aa246bb8,66,tool/result,1799,
22984eb4-1779-45ac-a179-4ab1aa246bb8,69,assistant/message,293,104
22984eb4-1779-45ac-a179-4ab1aa246bb8,71,tool/result,312,
22984eb4-1779-45ac-a179-4ab1aa246bb8,74,assistant/message,225,188
22984eb4-1779-45ac-a179-4ab1aa246bb8,76,tool/result,2230,
22984eb4-1779-45ac-a179-4ab1aa246bb8,79,assistant/message,718,419
22984eb4-1779-45ac-a179-4ab1aa246bb8,86,user/message,13,
22984eb4-1779-45ac-a179-4ab1aa246bb8,87,assistant/message,502,459
22984eb4-1779-45ac-a179-4ab1aa246bb8,89,tool/result,985,
22984eb4-1779-45ac-a179-4ab1aa246bb8,92,assistant/message,719,643
22984eb4-1779-45ac-a179-4ab1aa246bb8,94,tool/result,1202,
22984eb4-1779-45ac-a179-4ab1aa246bb8,97,tool/result,1391,
22984eb4-1779-45ac-a179-4ab1aa246bb8,100,user/message,1428,
22984eb4-1779-45ac-a179-4ab1aa246bb8,103,user/message,354,
22984eb4-1779-45ac-a179-4ab1aa246bb8,105,assistant/message,800,684
22984eb4-1779-45ac-a179-4ab1aa246bb8,107,tool/result,3975,
22984eb4-1779-45ac-a179-4ab1aa246bb8,110,user/message,90,
22984eb4-1779-45ac-a179-4ab1aa246bb8,111,assistant/message,547,468
22984eb4-1779-45ac-a179-4ab1aa246bb8,113,tool/result,1689,
22984eb4-1779-45ac-a179-4ab1aa246bb8,116,assistant/message,133,86
22984eb4-1779-45ac-a179-4ab1aa246bb8,118,tool/result,932,
22984eb4-1779-45ac-a179-4ab1aa246bb8,121,assistant/message,1003,922
22984eb4-1779-45ac-a179-4ab1aa246bb8,123,tool/result,347,
22984eb4-1779-45ac-a179-4ab1aa246bb8,126,assistant/message,94,18
22984eb4-1779-45ac-a179-4ab1aa246bb8,128,tool/result,274,
22984eb4-1779-45ac-a179-4ab1aa246bb8,131,tool/result,1867,
235e9f8d-83b9-4ee3-a703-d19d636dadad,7,user/message,0,
235e9f8d-83b9-4ee3-a703-d19d636dadad,8,user/message,353,
235e9f8d-83b9-4ee3-a703-d19d636dadad,9,user/message,90,
25665ca6-e254-4ec9-aea4-a8217955328d,7,user/message,28,
25665ca6-e254-4ec9-aea4-a8217955328d,8,user/message,90,
25665ca6-e254-4ec9-aea4-a8217955328d,92,assistant/message,73,47
25665ca6-e254-4ec9-aea4-a8217955328d,94,tool/result,1229,
25665ca6-e254-4ec9-aea4-a8217955328d,705,assistant/message,601,559
25665ca6-e254-4ec9-aea4-a8217955328d,707,tool/result,1271,
25665ca6-e254-4ec9-aea4-a8217955328d,1398,assistant/message,681,640
25665ca6-e254-4ec9-aea4-a8217955328d,1400,tool/result,1114,
25665ca6-e254-4ec9-aea4-a8217955328d,2946,assistant/message,1539,567
259e7108-c993-417d-809d-f841cd6155c9,7,user/message,9,
259e7108-c993-417d-809d-f841cd6155c9,8,user/message,90,
259e7108-c993-417d-809d-f841cd6155c9,133,assistant/message,115,96
259e7108-c993-417d-809d-f841cd6155c9,135,tool/result,1148,
259e7108-c993-417d-809d-f841cd6155c9,493,assistant/message,349,63
25caa0a0-f0fa-4dab-914c-e178809c5b34,7,user/message,39,
25caa0a0-f0fa-4dab-914c-e178809c5b34,102,assistant/message,85,58
25caa0a0-f0fa-4dab-914c-e178809c5b34,104,tool/result,55,
25caa0a0-f0fa-4dab-914c-e178809c5b34,211,assistant/message,104,36
25caa0a0-f0fa-4dab-914c-e178809c5b34,213,tool/result,1097,
25caa0a0-f0fa-4dab-914c-e178809c5b34,215,tool/result,46,
25caa0a0-f0fa-4dab-914c-e178809c5b34,335,assistant/message,117,49
25caa0a0-f0fa-4dab-914c-e178809c5b34,337,tool/result,1108,
25caa0a0-f0fa-4dab-914c-e178809c5b34,339,tool/result,931,
25caa0a0-f0fa-4dab-914c-e178809c5b34,1192,assistant/message,845,819
25caa0a0-f0fa-4dab-914c-e178809c5b34,1194,tool/result,180,
25caa0a0-f0fa-4dab-914c-e178809c5b34,2089,assistant/message,886,435
27e55b69-af50-4b4a-bcd1-3bcb3d420858,7,user/message,9,
27e55b69-af50-4b4a-bcd1-3bcb3d420858,8,user/message,90,
27e55b69-af50-4b4a-bcd1-3bcb3d420858,63,assistant/message,45,31
27e55b69-af50-4b4a-bcd1-3bcb3d420858,65,tool/result,768,
27e55b69-af50-4b4a-bcd1-3bcb3d420858,460,assistant/message,386,87
2826ba22-9488-4ae5-b463-2bd02a275265,8,user/message,8,
2826ba22-9488-4ae5-b463-2bd02a275265,9,user/message,90,
2826ba22-9488-4ae5-b463-2bd02a275265,222,assistant/message,204,189
2826ba22-9488-4ae5-b463-2bd02a275265,224,tool/result,54,
2826ba22-9488-4ae5-b463-2bd02a275265,303,assistant/message,76,52
2826ba22-9488-4ae5-b463-2bd02a275265,305,tool/result,17,
2826ba22-9488-4ae5-b463-2bd02a275265,347,assistant/message,35,31
2826ba22-9488-4ae5-b463-2bd02a275265,349,tool/result,221,
2826ba22-9488-4ae5-b463-2bd02a275265,427,assistant/message,71,57
2826ba22-9488-4ae5-b463-2bd02a275265,429,tool/result,54,
2826ba22-9488-4ae5-b463-2bd02a275265,544,assistant/message,112,88
2826ba22-9488-4ae5-b463-2bd02a275265,546,tool/result,17,
2826ba22-9488-4ae5-b463-2bd02a275265,631,assistant/message,82,58
2826ba22-9488-4ae5-b463-2bd02a275265,633,tool/result,17,
2826ba22-9488-4ae5-b463-2bd02a275265,862,assistant/message,223,192
2826ba22-9488-4ae5-b463-2bd02a275265,864,tool/result,18,
2826ba22-9488-4ae5-b463-2bd02a275265,1173,assistant/message,303,151
2826ba22-9488-4ae5-b463-2bd02a275265,1175,tool/result,75,
2826ba22-9488-4ae5-b463-2bd02a275265,1370,assistant/message,188,21
2826ba22-9488-4ae5-b463-2bd02a275265,1372,tool/result,5665,
2826ba22-9488-4ae5-b463-2bd02a275265,1606,assistant/message,227,81
2826ba22-9488-4ae5-b463-2bd02a275265,1608,tool/result,2101,
2826ba22-9488-4ae5-b463-2bd02a275265,1893,assistant/message,276,165
2826ba22-9488-4ae5-b463-2bd02a275265,1900,user/message,10,
2826ba22-9488-4ae5-b463-2bd02a275265,2228,assistant/message,323,120
2826ba22-9488-4ae5-b463-2bd02a275265,2230,tool/result,2300,
2826ba22-9488-4ae5-b463-2bd02a275265,2678,assistant/message,441,270
2826ba22-9488-4ae5-b463-2bd02a275265,2680,tool/result,13412,
2826ba22-9488-4ae5-b463-2bd02a275265,2686,tool/result,2016,
2826ba22-9488-4ae5-b463-2bd02a275265,2688,tool/result,1157,
2826ba22-9488-4ae5-b463-2bd02a275265,2690,tool/result,1981,
2826ba22-9488-4ae5-b463-2bd02a275265,2693,user/message,1164,
2826ba22-9488-4ae5-b463-2bd02a275265,3130,assistant/message,431,220
2826ba22-9488-4ae5-b463-2bd02a275265,3132,tool/result,12764,
2826ba22-9488-4ae5-b463-2bd02a275265,3135,user/message,90,
2826ba22-9488-4ae5-b463-2bd02a275265,3818,assistant/message,676,295
2826ba22-9488-4ae5-b463-2bd02a275265,3825,user/message,23,
2826ba22-9488-4ae5-b463-2bd02a275265,4233,assistant/message,403,242
2826ba22-9488-4ae5-b463-2bd02a275265,4235,tool/result,1377,
2826ba22-9488-4ae5-b463-2bd02a275265,4568,assistant/message,330,122
2826ba22-9488-4ae5-b463-2bd02a275265,4570,tool/result,154,
2826ba22-9488-4ae5-b463-2bd02a275265,4572,tool/result,592,
2826ba22-9488-4ae5-b463-2bd02a275265,4896,assistant/message,321,129
2826ba22-9488-4ae5-b463-2bd02a275265,4898,tool/result,305,
2826ba22-9488-4ae5-b463-2bd02a275265,4900,tool/result,9774,
2826ba22-9488-4ae5-b463-2bd02a275265,4906,tool/result,3104,
2826ba22-9488-4ae5-b463-2bd02a275265,4908,tool/result,1436,
2826ba22-9488-4ae5-b463-2bd02a275265,4911,user/message,1643,
2826ba22-9488-4ae5-b463-2bd02a275265,5505,assistant/message,588,390
2826ba22-9488-4ae5-b463-2bd02a275265,5507,tool/result,16801,
2826ba22-9488-4ae5-b463-2bd02a275265,5510,user/message,90,
2826ba22-9488-4ae5-b463-2bd02a275265,6977,assistant/message,1460,854
2b2aa06a-d078-4464-accd-b2f324ddee51,8,user/message,8,
2b2aa06a-d078-4464-accd-b2f324ddee51,9,user/message,90,
2c60f1d1-155b-40c6-93db-89e916cce48f,8,user/message,9,
2c60f1d1-155b-40c6-93db-89e916cce48f,9,user/message,90,
2c60f1d1-155b-40c6-93db-89e916cce48f,66,assistant/message,47,33
2c60f1d1-155b-40c6-93db-89e916cce48f,68,tool/result,432,
2c60f1d1-155b-40c6-93db-89e916cce48f,136,assistant/message,59,30
2c60f1d1-155b-40c6-93db-89e916cce48f,138,tool/result,629,
2c60f1d1-155b-40c6-93db-89e916cce48f,187,assistant/message,43,24
2c60f1d1-155b-40c6-93db-89e916cce48f,189,tool/result,323,
2c60f1d1-155b-40c6-93db-89e916cce48f,324,assistant/message,126,29
2c60f1d1-155b-40c6-93db-89e916cce48f,331,user/message,10,
2c60f1d1-155b-40c6-93db-89e916cce48f,437,assistant/message,99,52
2c60f1d1-155b-40c6-93db-89e916cce48f,444,user/message,5,
2c60f1d1-155b-40c6-93db-89e916cce48f,515,assistant/message,64,46
2c60f1d1-155b-40c6-93db-89e916cce48f,522,user/message,1,
2c60f1d1-155b-40c6-93db-89e916cce48f,608,assistant/message,79,58
2c60f1d1-155b-40c6-93db-89e916cce48f,615,user/message,2,
2c60f1d1-155b-40c6-93db-89e916cce48f,657,assistant/message,35,19
2c60f1d1-155b-40c6-93db-89e916cce48f,659,tool/result,526,
2c60f1d1-155b-40c6-93db-89e916cce48f,712,assistant/message,44,18
2c60f1d1-155b-40c6-93db-89e916cce48f,714,tool/result,537,
2c60f1d1-155b-40c6-93db-89e916cce48f,765,assistant/message,44,31
2c60f1d1-155b-40c6-93db-89e916cce48f,767,tool/result,24,
2c60f1d1-155b-40c6-93db-89e916cce48f,820,assistant/message,44,26
2c60f1d1-155b-40c6-93db-89e916cce48f,827,user/message,6,
2c60f1d1-155b-40c6-93db-89e916cce48f,914,assistant/message,81,66
2c60f1d1-155b-40c6-93db-89e916cce48f,916,tool/result,445,
2c60f1d1-155b-40c6-93db-89e916cce48f,967,assistant/message,45,27
2c60f1d1-155b-40c6-93db-89e916cce48f,969,tool/result,641,
2c60f1d1-155b-40c6-93db-89e916cce48f,1094,assistant/message,116,88
2c60f1d1-155b-40c6-93db-89e916cce48f,1096,tool/result,405,
2c60f1d1-155b-40c6-93db-89e916cce48f,1152,assistant/message,47,18
2c60f1d1-155b-40c6-93db-89e916cce48f,1154,tool/result,428,
2c60f1d1-155b-40c6-93db-89e916cce48f,1200,assistant/message,40,21
2c60f1d1-155b-40c6-93db-89e916cce48f,1202,tool/result,427,
2c60f1d1-155b-40c6-93db-89e916cce48f,1356,assistant/message,145,66
2db662b3-7c1a-411d-92b4-51bd64b2b471,8,user/message,71,
2db662b3-7c1a-411d-92b4-51bd64b2b471,9,user/message,90,
2db662b3-7c1a-411d-92b4-51bd64b2b471,182,assistant/message,163,106
2db662b3-7c1a-411d-92b4-51bd64b2b471,184,tool/result,50,
2db662b3-7c1a-411d-92b4-51bd64b2b471,186,tool/result,4446,
2db662b3-7c1a-411d-92b4-51bd64b2b471,3307,assistant/message,3122,3011
2db662b3-7c1a-411d-92b4-51bd64b2b471,3309,tool/result,236,
2db662b3-7c1a-411d-92b4-51bd64b2b471,7515,assistant/message,4663,19
2db662b3-7c1a-411d-92b4-51bd64b2b471,7517,tool/result,39,
2db662b3-7c1a-411d-92b4-51bd64b2b471,8043,assistant/message,532,282
2db662b3-7c1a-411d-92b4-51bd64b2b471,8045,tool/result,23,
2db662b3-7c1a-411d-92b4-51bd64b2b471,8222,assistant/message,170,124
2db662b3-7c1a-411d-92b4-51bd64b2b471,8224,tool/result,2007,
2db662b3-7c1a-411d-92b4-51bd64b2b471,8331,assistant/message,98,21
2db662b3-7c1a-411d-92b4-51bd64b2b471,8333,tool/result,4026,
2db662b3-7c1a-411d-92b4-51bd64b2b471,8336,tool/result,2262,
2db662b3-7c1a-411d-92b4-51bd64b2b471,8457,assistant/message,113,69
2db662b3-7c1a-411d-92b4-51bd64b2b471,8459,tool/result,7594,
2db662b3-7c1a-411d-92b4-51bd64b2b471,8462,tool/result,2120,
2db662b3-7c1a-411d-92b4-51bd64b2b471,8465,user/message,1325,
2db662b3-7c1a-411d-92b4-51bd64b2b471,8584,assistant/message,114,59
2db662b3-7c1a-411d-92b4-51bd64b2b471,8586,tool/result,2777,
2db662b3-7c1a-411d-92b4-51bd64b2b471,8589,user/message,90,
2db662b3-7c1a-411d-92b4-51bd64b2b471,8642,assistant/message,52,18
2db662b3-7c1a-411d-92b4-51bd64b2b471,8644,tool/result,3183,
2db662b3-7c1a-411d-92b4-51bd64b2b471,8648,user/message,2085,
2db662b3-7c1a-411d-92b4-51bd64b2b471,12433,assistant/message,3853,3011
2db662b3-7c1a-411d-92b4-51bd64b2b471,12435,tool/result,201,
2db662b3-7c1a-411d-92b4-51bd64b2b471,12992,assistant/message,576,102
2db662b3-7c1a-411d-92b4-51bd64b2b471,12994,tool/result,209,
2db662b3-7c1a-411d-92b4-51bd64b2b471,12998,user/message,2509,
2db662b3-7c1a-411d-92b4-51bd64b2b471,13608,assistant/message,624,272
2db662b3-7c1a-411d-92b4-51bd64b2b471,13610,tool/result,128,
2db662b3-7c1a-411d-92b4-51bd64b2b471,13613,user/message,90,
2db662b3-7c1a-411d-92b4-51bd64b2b471,20675,assistant/message,7108,3011
2f1e6d07-04f4-476f-a233-9788971e428c,7,user/message,1517,
2f1e6d07-04f4-476f-a233-9788971e428c,8,user/message,90,
2f1e6d07-04f4-476f-a233-9788971e428c,1759,assistant/message,1740,599
2f1e6d07-04f4-476f-a233-9788971e428c,1766,user/message,19,
2f1e6d07-04f4-476f-a233-9788971e428c,2571,assistant/message,797,744
2f1e6d07-04f4-476f-a233-9788971e428c,2573,tool/result,523,
2f1e6d07-04f4-476f-a233-9788971e428c,2676,assistant/message,91,22
2f1e6d07-04f4-476f-a233-9788971e428c,2678,tool/result,506,
2f1e6d07-04f4-476f-a233-9788971e428c,4319,assistant/message,1632,711
2f1e6d07-04f4-476f-a233-9788971e428c,4326,user/message,42,
2f1e6d07-04f4-476f-a233-9788971e428c,6928,assistant/message,2595,1663
2f1e6d07-04f4-476f-a233-9788971e428c,6935,user/message,25,
2f1e6d07-04f4-476f-a233-9788971e428c,7720,assistant/message,784,459
2f97e709-2137-44e0-87ff-343f1756fb4c,8,user/message,16,
2f97e709-2137-44e0-87ff-343f1756fb4c,9,user/message,90,
2f97e709-2137-44e0-87ff-343f1756fb4c,617,assistant/message,599,583
2f97e709-2137-44e0-87ff-343f1756fb4c,619,tool/result,54,
2f97e709-2137-44e0-87ff-343f1756fb4c,1261,assistant/message,633,282
3015c7dc-3c36-4cf8-a5cd-571bad6cddf7,8,user/message,305,
3015c7dc-3c36-4cf8-a5cd-571bad6cddf7,9,user/message,90,
30f5ba7f-64b0-49e6-8a23-4abc3e905f92,7,user/message,16,
30f5ba7f-64b0-49e6-8a23-4abc3e905f92,127,assistant/message,114,42
30f5ba7f-64b0-49e6-8a23-4abc3e905f92,129,tool/result,97,
30f5ba7f-64b0-49e6-8a23-4abc3e905f92,206,assistant/message,70,25
30f5ba7f-64b0-49e6-8a23-4abc3e905f92,208,tool/result,43,
30f5ba7f-64b0-49e6-8a23-4abc3e905f92,320,assistant/message,120,27
30f5ba7f-64b0-49e6-8a23-4abc3e905f92,322,tool/result,18,
30f5ba7f-64b0-49e6-8a23-4abc3e905f92,380,assistant/message,51,16
30f5ba7f-64b0-49e6-8a23-4abc3e905f92,382,tool/result,89,
30f5ba7f-64b0-49e6-8a23-4abc3e905f92,478,assistant/message,86,25
30f5ba7f-64b0-49e6-8a23-4abc3e905f92,480,tool/result,40,
30f5ba7f-64b0-49e6-8a23-4abc3e905f92,567,assistant/message,77,21
30f5ba7f-64b0-49e6-8a23-4abc3e905f92,569,tool/result,11,
30f5ba7f-64b0-49e6-8a23-4abc3e905f92,774,assistant/message,196,41
30f5ba7f-64b0-49e6-8a23-4abc3e905f92,781,user/message,39,
30f5ba7f-64b0-49e6-8a23-4abc3e905f92,909,assistant/message,125,103
30f5ba7f-64b0-49e6-8a23-4abc3e905f92,911,tool/result,5940,
3532f9fc-0904-4334-bf23-8b44218421f9,8,user/message,9,
3532f9fc-0904-4334-bf23-8b44218421f9,9,user/message,353,
3532f9fc-0904-4334-bf23-8b44218421f9,10,user/message,90,
3532f9fc-0904-4334-bf23-8b44218421f9,15,assistant/message,217,178
3532f9fc-0904-4334-bf23-8b44218421f9,17,tool/result,12,
3532f9fc-0904-4334-bf23-8b44218421f9,20,assistant/message,70,56
3532f9fc-0904-4334-bf23-8b44218421f9,22,tool/result,12,
3532f9fc-0904-4334-bf23-8b44218421f9,25,assistant/message,562,354
358cf613-b67f-495e-83fa-634953f24f16,8,user/message,9,
358cf613-b67f-495e-83fa-634953f24f16,9,user/message,354,
358cf613-b67f-495e-83fa-634953f24f16,10,user/message,90,
358cf613-b67f-495e-83fa-634953f24f16,15,assistant/message,248,211
358cf613-b67f-495e-83fa-634953f24f16,17,tool/result,1075,
358cf613-b67f-495e-83fa-634953f24f16,20,assistant/message,438,60
363ccd78-1458-42cd-a7e6-426b01177eb5,8,user/message,9,
363ccd78-1458-42cd-a7e6-426b01177eb5,9,user/message,90,
363ccd78-1458-42cd-a7e6-426b01177eb5,104,assistant/message,85,75
363ccd78-1458-42cd-a7e6-426b01177eb5,106,tool/result,337,
363ccd78-1458-42cd-a7e6-426b01177eb5,150,assistant/message,37,20
363ccd78-1458-42cd-a7e6-426b01177eb5,152,tool/result,320,
363ccd78-1458-42cd-a7e6-426b01177eb5,197,assistant/message,39,20
363ccd78-1458-42cd-a7e6-426b01177eb5,199,tool/result,255,
363ccd78-1458-42cd-a7e6-426b01177eb5,289,assistant/message,83,63
363ccd78-1458-42cd-a7e6-426b01177eb5,291,tool/result,278,
363ccd78-1458-42cd-a7e6-426b01177eb5,340,assistant/message,43,11
363ccd78-1458-42cd-a7e6-426b01177eb5,342,tool/result,490,
363ccd78-1458-42cd-a7e6-426b01177eb5,753,assistant/message,402,72
37054a65-196d-44e6-b2a4-e8c6132b0e73,7,user/message,254,
37054a65-196d-44e6-b2a4-e8c6132b0e73,8,user/message,276,
37054a65-196d-44e6-b2a4-e8c6132b0e73,9,user/message,90,
37054a65-196d-44e6-b2a4-e8c6132b0e73,257,assistant/message,240,99
37054a65-196d-44e6-b2a4-e8c6132b0e73,259,tool/result,15,
37054a65-196d-44e6-b2a4-e8c6132b0e73,261,tool/result,2011,
37054a65-196d-44e6-b2a4-e8c6132b0e73,263,tool/result,113,
37054a65-196d-44e6-b2a4-e8c6132b0e73,726,assistant/message,476,150
37054a65-196d-44e6-b2a4-e8c6132b0e73,728,tool/result,804,
37054a65-196d-44e6-b2a4-e8c6132b0e73,730,tool/result,2637,
37054a65-196d-44e6-b2a4-e8c6132b0e73,1635,assistant/message,918,531
37054a65-196d-44e6-b2a4-e8c6132b0e73,1637,tool/result,1221,
37054a65-196d-44e6-b2a4-e8c6132b0e73,1639,tool/result,3400,
37054a65-196d-44e6-b2a4-e8c6132b0e73,1641,tool/result,976,
37054a65-196d-44e6-b2a4-e8c6132b0e73,1645,user/message,1614,
37054a65-196d-44e6-b2a4-e8c6132b0e73,1648,user/message,276,
37054a65-196d-44e6-b2a4-e8c6132b0e73,4679,assistant/message,3050,2458
37054a65-196d-44e6-b2a4-e8c6132b0e73,4681,tool/result,12,
37054a65-196d-44e6-b2a4-e8c6132b0e73,4683,tool/result,1016,
37054a65-196d-44e6-b2a4-e8c6132b0e73,4685,tool/result,1790,
37054a65-196d-44e6-b2a4-e8c6132b0e73,4689,user/message,2317,
37054a65-196d-44e6-b2a4-e8c6132b0e73,4693,user/message,2203,
37054a65-196d-44e6-b2a4-e8c6132b0e73,4696,user/message,90,
37054a65-196d-44e6-b2a4-e8c6132b0e73,14293,assistant/message,9621,8949
37054a65-196d-44e6-b2a4-e8c6132b0e73,14295,tool/result,31,
37054a65-196d-44e6-b2a4-e8c6132b0e73,14297,tool/result,312,
37054a65-196d-44e6-b2a4-e8c6132b0e73,14299,tool/result,58,
37054a65-196d-44e6-b2a4-e8c6132b0e73,14301,tool/result,782,
37054a65-196d-44e6-b2a4-e8c6132b0e73,14305,user/message,2577,
37054a65-196d-44e6-b2a4-e8c6132b0e73,14310,user/message,276,
37054a65-196d-44e6-b2a4-e8c6132b0e73,18150,assistant/message,3851,3451
37054a65-196d-44e6-b2a4-e8c6132b0e73,18152,tool/result,218,
37054a65-196d-44e6-b2a4-e8c6132b0e73,18154,tool/result,326,
37054a65-196d-44e6-b2a4-e8c6132b0e73,18158,user/message,2522,
37054a65-196d-44e6-b2a4-e8c6132b0e73,18162,user/message,2471,
37054a65-196d-44e6-b2a4-e8c6132b0e73,18165,user/message,90,
37054a65-196d-44e6-b2a4-e8c6132b0e73,20933,assistant/message,2778,2335
37054a65-196d-44e6-b2a4-e8c6132b0e73,20935,tool/result,460,
37054a65-196d-44e6-b2a4-e8c6132b0e73,20937,tool/result,978,
37054a65-196d-44e6-b2a4-e8c6132b0e73,20939,tool/result,364,
37054a65-196d-44e6-b2a4-e8c6132b0e73,20943,user/message,3218,
37054a65-196d-44e6-b2a4-e8c6132b0e73,20948,user/message,276,
37054a65-196d-44e6-b2a4-e8c6132b0e73,25269,assistant/message,4331,3671
37054a65-196d-44e6-b2a4-e8c6132b0e73,25271,tool/result,193,
37054a65-196d-44e6-b2a4-e8c6132b0e73,25273,tool/result,311,
37054a65-196d-44e6-b2a4-e8c6132b0e73,25277,user/message,3507,
37054a65-196d-44e6-b2a4-e8c6132b0e73,25281,user/message,3500,
37054a65-196d-44e6-b2a4-e8c6132b0e73,27098,assistant/message,1816,1367
37054a65-196d-44e6-b2a4-e8c6132b0e73,27100,tool/result,1167,
37054a65-196d-44e6-b2a4-e8c6132b0e73,27104,user/message,3661,
37054a65-196d-44e6-b2a4-e8c6132b0e73,27108,user/message,3480,
37054a65-196d-44e6-b2a4-e8c6132b0e73,27111,user/message,276,
37054a65-196d-44e6-b2a4-e8c6132b0e73,27112,user/message,90,
37054a65-196d-44e6-b2a4-e8c6132b0e73,29231,assistant/message,2128,1563
37054a65-196d-44e6-b2a4-e8c6132b0e73,29233,tool/result,514,
37054a65-196d-44e6-b2a4-e8c6132b0e73,33268,assistant/message,4040,3705
37054a65-196d-44e6-b2a4-e8c6132b0e73,33270,tool/result,188,
37054a65-196d-44e6-b2a4-e8c6132b0e73,34943,assistant/message,1671,1360
37054a65-196d-44e6-b2a4-e8c6132b0e73,34945,tool/result,250,
37054a65-196d-44e6-b2a4-e8c6132b0e73,34949,user/message,3930,
37054a65-196d-44e6-b2a4-e8c6132b0e73,34953,user/message,3908,
37054a65-196d-44e6-b2a4-e8c6132b0e73,34956,user/message,276,
37054a65-196d-44e6-b2a4-e8c6132b0e73,36582,assistant/message,1627,1355
37054a65-196d-44e6-b2a4-e8c6132b0e73,36584,tool/result,220,
37054a65-196d-44e6-b2a4-e8c6132b0e73,36588,user/message,4070,
37054a65-196d-44e6-b2a4-e8c6132b0e73,36592,user/message,4038,
37054a65-196d-44e6-b2a4-e8c6132b0e73,36595,user/message,90,
37054a65-196d-44e6-b2a4-e8c6132b0e73,40212,assistant/message,3657,2894
37054a65-196d-44e6-b2a4-e8c6132b0e73,40214,tool/result,1248,
37054a65-196d-44e6-b2a4-e8c6132b0e73,44977,assistant/message,4773,4326
37054a65-196d-44e6-b2a4-e8c6132b0e73,44979,tool/result,292,
37054a65-196d-44e6-b2a4-e8c6132b0e73,44983,user/message,4050,
37054a65-196d-44e6-b2a4-e8c6132b0e73,44987,user/message,3916,
37054a65-196d-44e6-b2a4-e8c6132b0e73,44990,user/message,276,
37054a65-196d-44e6-b2a4-e8c6132b0e73,49552,assistant/message,4566,4004
37054a65-196d-44e6-b2a4-e8c6132b0e73,49554,tool/result,1190,
37054a65-196d-44e6-b2a4-e8c6132b0e73,49558,user/message,4188,
37054a65-196d-44e6-b2a4-e8c6132b0e73,49562,user/message,3957,
37054a65-196d-44e6-b2a4-e8c6132b0e73,49565,user/message,90,
37054a65-196d-44e6-b2a4-e8c6132b0e73,50869,assistant/message,1334,778
37054a65-196d-44e6-b2a4-e8c6132b0e73,50871,tool/result,123,
37054a65-196d-44e6-b2a4-e8c6132b0e73,50875,user/message,3331,
37054a65-196d-44e6-b2a4-e8c6132b0e73,50879,user/message,3314,
37054a65-196d-44e6-b2a4-e8c6132b0e73,50882,user/message,276,
37054a65-196d-44e6-b2a4-e8c6132b0e73,52745,assistant/message,1875,1340
37054a65-196d-44e6-b2a4-e8c6132b0e73,52747,tool/result,206,
37054a65-196d-44e6-b2a4-e8c6132b0e73,57620,assistant/message,4862,2277
37c1c9c4-7af0-4b46-abad-cc47725cd17f,7,user/message,1572,
37c1c9c4-7af0-4b46-abad-cc47725cd17f,8,user/message,353,
37c1c9c4-7af0-4b46-abad-cc47725cd17f,9,user/message,90,
37c1c9c4-7af0-4b46-abad-cc47725cd17f,1297,assistant/message,1278,661
40c4a9b8-b103-42da-b576-0ffe6c051c4e,7,user/message,591,
40c4a9b8-b103-42da-b576-0ffe6c051c4e,8,user/message,90,
40c4a9b8-b103-42da-b576-0ffe6c051c4e,388,assistant/message,385,166
40c4a9b8-b103-42da-b576-0ffe6c051c4e,390,tool/result,6,
40c4a9b8-b103-42da-b576-0ffe6c051c4e,392,tool/result,52,
40c4a9b8-b103-42da-b576-0ffe6c051c4e,484,assistant/message,86,24
40c4a9b8-b103-42da-b576-0ffe6c051c4e,486,tool/result,52,
40c4a9b8-b103-42da-b576-0ffe6c051c4e,658,assistant/message,180,19
40c4a9b8-b103-42da-b576-0ffe6c051c4e,660,tool/result,5138,
40c4a9b8-b103-42da-b576-0ffe6c051c4e,981,assistant/message,331,178
40c4a9b8-b103-42da-b576-0ffe6c051c4e,983,tool/result,1426,
40c4a9b8-b103-42da-b576-0ffe6c051c4e,1451,assistant/message,444,344
40c4a9b8-b103-42da-b576-0ffe6c051c4e,1454,tool/result,17,
40c4a9b8-b103-42da-b576-0ffe6c051c4e,2218,assistant/message,834,60
40c4a9b8-b103-42da-b576-0ffe6c051c4e,2220,tool/result,49,
40c4a9b8-b103-42da-b576-0ffe6c051c4e,2946,assistant/message,785,42
40c4a9b8-b103-42da-b576-0ffe6c051c4e,2948,tool/result,66,
40c4a9b8-b103-42da-b576-0ffe6c051c4e,3620,assistant/message,727,16
40c4a9b8-b103-42da-b576-0ffe6c051c4e,3622,tool/result,47,
40c4a9b8-b103-42da-b576-0ffe6c051c4e,3705,assistant/message,76,11
40c4a9b8-b103-42da-b576-0ffe6c051c4e,3707,tool/result,332,
40c4a9b8-b103-42da-b576-0ffe6c051c4e,3808,assistant/message,104,10
40c4a9b8-b103-42da-b576-0ffe6c051c4e,3810,tool/result,353,
40c4a9b8-b103-42da-b576-0ffe6c051c4e,4565,assistant/message,820,67
40c4a9b8-b103-42da-b576-0ffe6c051c4e,4567,tool/result,361,
40c4a9b8-b103-42da-b576-0ffe6c051c4e,5293,assistant/message,791,20
40c4a9b8-b103-42da-b576-0ffe6c051c4e,5295,tool/result,370,
40c4a9b8-b103-42da-b576-0ffe6c051c4e,6005,assistant/message,772,22
40c4a9b8-b103-42da-b576-0ffe6c051c4e,6007,tool/result,140,
40c4a9b8-b103-42da-b576-0ffe6c051c4e,6699,assistant/message,753,26
40c4a9b8-b103-42da-b576-0ffe6c051c4e,6701,tool/result,49,
40c4a9b8-b103-42da-b576-0ffe6c051c4e,6836,assistant/message,141,49
40c4a9b8-b103-42da-b576-0ffe6c051c4e,6838,tool/result,192,
40c4a9b8-b103-42da-b576-0ffe6c051c4e,7527,assistant/message,750,18
40c4a9b8-b103-42da-b576-0ffe6c051c4e,7529,tool/result,223,
40c4a9b8-b103-42da-b576-0ffe6c051c4e,7532,tool/result,1363,
40c4a9b8-b103-42da-b576-0ffe6c051c4e,7810,assistant/message,253,101
40c4a9b8-b103-42da-b576-0ffe6c051c4e,7813,tool/result,17,
40c4a9b8-b103-42da-b576-0ffe6c051c4e,8163,assistant/message,387,40
40c4a9b8-b103-42da-b576-0ffe6c051c4e,8165,tool/result,169,
40c4a9b8-b103-42da-b576-0ffe6c051c4e,8428,assistant/message,237,96
40c4a9b8-b103-42da-b576-0ffe6c051c4e,8431,tool/result,17,
40c4a9b8-b103-42da-b576-0ffe6c051c4e,8805,assistant/message,407,34
40c4a9b8-b103-42da-b576-0ffe6c051c4e,8807,tool/result,1254,
40c4a9b8-b103-42da-b576-0ffe6c051c4e,10807,assistant/message,2023,1818
40c4a9b8-b103-42da-b576-0ffe6c051c4e,10809,tool/result,121,
40c4a9b8-b103-42da-b576-0ffe6c051c4e,10813,user/message,1301,
40c4a9b8-b103-42da-b576-0ffe6c051c4e,15687,assistant/message,4897,4654
40c4a9b8-b103-42da-b576-0ffe6c051c4e,15689,tool/result,847,
40c4a9b8-b103-42da-b576-0ffe6c051c4e,15692,user/message,90,
40c4a9b8-b103-42da-b576-0ffe6c051c4e,22276,assistant/message,6605,6605
40c4a9b8-b103-42da-b576-0ffe6c051c4e,22285,user/message,1,
40c4a9b8-b103-42da-b576-0ffe6c051c4e,22291,assistant/message,1,1
40c4a9b8-b103-42da-b576-0ffe6c051c4e,22299,user/message,1508,
40c4a9b8-b103-42da-b576-0ffe6c051c4e,22302,user/message,1,
40c4a9b8-b103-42da-b576-0ffe6c051c4e,22639,assistant/message,357,61
40c4a9b8-b103-42da-b576-0ffe6c051c4e,22641,tool/result,1801,
40c4a9b8-b103-42da-b576-0ffe6c051c4e,22644,user/message,90,
40c4a9b8-b103-42da-b576-0ffe6c051c4e,30438,assistant/message,7967,7967
40c4a9b8-b103-42da-b576-0ffe6c051c4e,30446,user/message,2002,
40c4a9b8-b103-42da-b576-0ffe6c051c4e,30449,user/message,165,
40c4a9b8-b103-42da-b576-0ffe6c051c4e,30728,assistant/message,288,91
40c4a9b8-b103-42da-b576-0ffe6c051c4e,30730,tool/result,52,
40c4a9b8-b103-42da-b576-0ffe6c051c4e,30733,user/message,90,
40c4a9b8-b103-42da-b576-0ffe6c051c4e,30964,assistant/message,246,42
40c4a9b8-b103-42da-b576-0ffe6c051c4e,30966,tool/result,164,
40c4a9b8-b103-42da-b576-0ffe6c051c4e,31390,assistant/message,431,178
40c4a9b8-b103-42da-b576-0ffe6c051c4e,31392,tool/result,2075,
40c4a9b8-b103-42da-b576-0ffe6c051c4e,32015,assistant/message,633,370
40c4a9b8-b103-42da-b576-0ffe6c051c4e,32017,tool/result,201,
40c4a9b8-b103-42da-b576-0ffe6c051c4e,32397,assistant/message,372,127
40c4a9b8-b103-42da-b576-0ffe6c051c4e,32404,user/message,211,
40c4a9b8-b103-42da-b576-0ffe6c051c4e,32728,assistant/message,341,127
40c4a9b8-b103-42da-b576-0ffe6c051c4e,32730,tool/result,211,
40c4a9b8-b103-42da-b576-0ffe6c051c4e,35501,assistant/message,2812,2132
40c4a9b8-b103-42da-b576-0ffe6c051c4e,35508,user/message,279,
40c4a9b8-b103-42da-b576-0ffe6c051c4e,35516,user/message,6,
40c4a9b8-b103-42da-b576-0ffe6c051c4e,35967,assistant/message,481,130
40c4a9b8-b103-42da-b576-0ffe6c051c4e,35969,tool/result,59,
40c4a9b8-b103-42da-b576-0ffe6c051c4e,36199,assistant/message,245,8
40c4a9b8-b103-42da-b576-0ffe6c051c4e,36201,tool/result,138,
40c4a9b8-b103-42da-b576-0ffe6c051c4e,36407,assistant/message,218,19
40c4a9b8-b103-42da-b576-0ffe6c051c4e,36409,tool/result,391,
40c4a9b8-b103-42da-b576-0ffe6c051c4e,37758,assistant/message,1498,126
40c4a9b8-b103-42da-b576-0ffe6c051c4e,37760,tool/result,51,
40c4a9b8-b103-42da-b576-0ffe6c051c4e,38778,assistant/message,1113,255
40c4a9b8-b103-42da-b576-0ffe6c051c4e,38780,tool/result,231,
40c4a9b8-b103-42da-b576-0ffe6c051c4e,38784,user/message,1524,
40c4a9b8-b103-42da-b576-0ffe6c051c4e,39601,assistant/message,916,28
40c4a9b8-b103-42da-b576-0ffe6c051c4e,39603,tool/result,44,
40c4a9b8-b103-42da-b576-0ffe6c051c4e,39606,user/message,90,
40c4a9b8-b103-42da-b576-0ffe6c051c4e,39685,assistant/message,72,20
40c4a9b8-b103-42da-b576-0ffe6c051c4e,39687,tool/result,33,
40c4a9b8-b103-42da-b576-0ffe6c051c4e,39747,assistant/message,53,19
40c4a9b8-b103-42da-b576-0ffe6c051c4e,39749,tool/result,46,
40c4a9b8-b103-42da-b576-0ffe6c051c4e,39916,assistant/message,162,61
40c4a9b8-b103-42da-b576-0ffe6c051c4e,39918,tool/result,70,
40c4a9b8-b103-42da-b576-0ffe6c051c4e,40037,assistant/message,112,40
40c4a9b8-b103-42da-b576-0ffe6c051c4e,40039,tool/result,37,
40c4a9b8-b103-42da-b576-0ffe6c051c4e,40180,assistant/message,137,24
40c4a9b8-b103-42da-b576-0ffe6c051c4e,40182,tool/result,155,
40c4a9b8-b103-42da-b576-0ffe6c051c4e,40302,assistant/message,113,38
40c4a9b8-b103-42da-b576-0ffe6c051c4e,40304,tool/result,632,
40c4a9b8-b103-42da-b576-0ffe6c051c4e,41016,assistant/message,774,109
40c4a9b8-b103-42da-b576-0ffe6c051c4e,41018,tool/result,198,
40c4a9b8-b103-42da-b576-0ffe6c051c4e,41874,assistant/message,926,59
40c4a9b8-b103-42da-b576-0ffe6c051c4e,41876,tool/result,74,
40c4a9b8-b103-42da-b576-0ffe6c051c4e,42610,assistant/message,810,55
40c4a9b8-b103-42da-b576-0ffe6c051c4e,42612,tool/result,436,
40c4a9b8-b103-42da-b576-0ffe6c051c4e,42737,assistant/message,119,36
40c4a9b8-b103-42da-b576-0ffe6c051c4e,42739,tool/result,22,
40c4a9b8-b103-42da-b576-0ffe6c051c4e,42859,assistant/message,113,20
40c4a9b8-b103-42da-b576-0ffe6c051c4e,42861,tool/result,336,
40c4a9b8-b103-42da-b576-0ffe6c051c4e,42979,assistant/message,111,46
40c4a9b8-b103-42da-b576-0ffe6c051c4e,42981,tool/result,43,
40c4a9b8-b103-42da-b576-0ffe6c051c4e,43103,assistant/message,118,18
40c4a9b8-b103-42da-b576-0ffe6c051c4e,43105,tool/result,341,
40c4a9b8-b103-42da-b576-0ffe6c051c4e,43235,assistant/message,126,84
40c4a9b8-b103-42da-b576-0ffe6c051c4e,43237,tool/result,51,
40c4a9b8-b103-42da-b576-0ffe6c051c4e,43490,assistant/message,246,171
40c4a9b8-b103-42da-b576-0ffe6c051c4e,43492,tool/result,319,
40c4a9b8-b103-42da-b576-0ffe6c051c4e,43571,assistant/message,72,35
40c4a9b8-b103-42da-b576-0ffe6c051c4e,43573,tool/result,9,
40c4a9b8-b103-42da-b576-0ffe6c051c4e,43714,assistant/message,139,14
40c4a9b8-b103-42da-b576-0ffe6c051c4e,43716,tool/result,72,
40c4a9b8-b103-42da-b576-0ffe6c051c4e,43857,assistant/message,139,20
40c4a9b8-b103-42da-b576-0ffe6c051c4e,43859,tool/result,15,
40c4a9b8-b103-42da-b576-0ffe6c051c4e,44001,assistant/message,138,27
40c4a9b8-b103-42da-b576-0ffe6c051c4e,44003,tool/result,6,
40c4a9b8-b103-42da-b576-0ffe6c051c4e,44218,assistant/message,209,116
40c4a9b8-b103-42da-b576-0ffe6c051c4e,44220,tool/result,31,
40c4a9b8-b103-42da-b576-0ffe6c051c4e,44440,assistant/message,217,87
40c4a9b8-b103-42da-b576-0ffe6c051c4e,44442,tool/result,18,
40c4a9b8-b103-42da-b576-0ffe6c051c4e,44684,assistant/message,238,117
40c4a9b8-b103-42da-b576-0ffe6c051c4e,44686,tool/result,95,
40c4a9b8-b103-42da-b576-0ffe6c051c4e,44808,assistant/message,118,27
40c4a9b8-b103-42da-b576-0ffe6c051c4e,44810,tool/result,1447,
40c4a9b8-b103-42da-b576-0ffe6c051c4e,44973,assistant/message,154,120
40c4a9b8-b103-42da-b576-0ffe6c051c4e,44975,tool/result,107,
40c4a9b8-b103-42da-b576-0ffe6c051c4e,44979,user/message,1827,
40c4a9b8-b103-42da-b576-0ffe6c051c4e,45138,assistant/message,156,23
40c4a9b8-b103-42da-b576-0ffe6c051c4e,45140,tool/result,18,
40c4a9b8-b103-42da-b576-0ffe6c051c4e,45143,user/message,90,
40c4a9b8-b103-42da-b576-0ffe6c051c4e,45463,assistant/message,318,211
40c4a9b8-b103-42da-b576-0ffe6c051c4e,45465,tool/result,11,
40c4a9b8-b103-42da-b576-0ffe6c051c4e,45795,assistant/message,325,94
40c4a9b8-b103-42da-b576-0ffe6c051c4e,45797,tool/result,18,
40c4a9b8-b103-42da-b576-0ffe6c051c4e,46671,assistant/message,871,754
40c4a9b8-b103-42da-b576-0ffe6c051c4e,46673,tool/result,79,
40c4a9b8-b103-42da-b576-0ffe6c051c4e,46935,assistant/message,259,108
40c4a9b8-b103-42da-b576-0ffe6c051c4e,46937,tool/result,46,
40c4a9b8-b103-42da-b576-0ffe6c051c4e,47266,assistant/message,325,145
40c4a9b8-b103-42da-b576-0ffe6c051c4e,47268,tool/result,11,
40c4a9b8-b103-42da-b576-0ffe6c051c4e,47740,assistant/message,469,320
40c4a9b8-b103-42da-b576-0ffe6c051c4e,47742,tool/result,51,
40c4a9b8-b103-42da-b576-0ffe6c051c4e,48163,assistant/message,419,299
40c4a9b8-b103-42da-b576-0ffe6c051c4e,48165,tool/result,15,
40c4a9b8-b103-42da-b576-0ffe6c051c4e,48653,assistant/message,485,372
40c4a9b8-b103-42da-b576-0ffe6c051c4e,48655,tool/result,18,
40c4a9b8-b103-42da-b576-0ffe6c051c4e,48907,assistant/message,249,110
40c4a9b8-b103-42da-b576-0ffe6c051c4e,48909,tool/result,47,
40c4a9b8-b103-42da-b576-0ffe6c051c4e,49133,assistant/message,221,93
40c4a9b8-b103-42da-b576-0ffe6c051c4e,49135,tool/result,27,
40c4a9b8-b103-42da-b576-0ffe6c051c4e,49292,assistant/message,149,47
40c4a9b8-b103-42da-b576-0ffe6c051c4e,49294,tool/result,68,
40c4a9b8-b103-42da-b576-0ffe6c051c4e,49373,assistant/message,73,33
40c4a9b8-b103-42da-b576-0ffe6c051c4e,49375,tool/result,20,
40c4a9b8-b103-42da-b576-0ffe6c051c4e,49447,assistant/message,65,26
40c4a9b8-b103-42da-b576-0ffe6c051c4e,49449,tool/result,3,
40c4a9b8-b103-42da-b576-0ffe6c051c4e,49630,assistant/message,178,30
40c4a9b8-b103-42da-b576-0ffe6c051c4e,49632,tool/result,18,
40c4a9b8-b103-42da-b576-0ffe6c051c4e,50604,assistant/message,1075,252
40c4a9b8-b103-42da-b576-0ffe6c051c4e,50606,tool/result,289,
40c4a9b8-b103-42da-b576-0ffe6c051c4e,51131,assistant/message,518,185
40c4a9b8-b103-42da-b576-0ffe6c051c4e,51138,user/message,138,
40c4a9b8-b103-42da-b576-0ffe6c051c4e,51243,assistant/message,103,23
40c4a9b8-b103-42da-b576-0ffe6c051c4e,51245,tool/result,91,
40c4a9b8-b103-42da-b576-0ffe6c051c4e,51374,assistant/message,125,33
40c4a9b8-b103-42da-b576-0ffe6c051c4e,51376,tool/result,490,
40c4a9b8-b103-42da-b576-0ffe6c051c4e,52161,assistant/message,800,571
40c4a9b8-b103-42da-b576-0ffe6c051c4e,52168,user/message,215,
40c4a9b8-b103-42da-b576-0ffe6c051c4e,52298,assistant/message,128,44
40c4a9b8-b103-42da-b576-0ffe6c051c4e,52300,tool/result,66,
40c4a9b8-b103-42da-b576-0ffe6c051c4e,52521,assistant/message,218,96
40c4a9b8-b103-42da-b576-0ffe6c051c4e,52523,tool/result,166,
40c4a9b8-b103-42da-b576-0ffe6c051c4e,52602,assistant/message,73,36
40c4a9b8-b103-42da-b576-0ffe6c051c4e,52604,tool/result,69,
40c4a9b8-b103-42da-b576-0ffe6c051c4e,53131,assistant/message,529,429
40c4a9b8-b103-42da-b576-0ffe6c051c4e,53133,tool/result,624,
40c4a9b8-b103-42da-b576-0ffe6c051c4e,53438,assistant/message,299,223
40c4a9b8-b103-42da-b576-0ffe6c051c4e,53440,tool/result,60,
40c4a9b8-b103-42da-b576-0ffe6c051c4e,53519,assistant/message,75,24
40c4a9b8-b103-42da-b576-0ffe6c051c4e,53521,tool/result,143,
40c4a9b8-b103-42da-b576-0ffe6c051c4e,54283,assistant/message,830,273
40c4a9b8-b103-42da-b576-0ffe6c051c4e,54285,tool/result,1310,
40c4a9b8-b103-42da-b576-0ffe6c051c4e,54289,user/message,2352,
40c4a9b8-b103-42da-b576-0ffe6c051c4e,55099,assistant/message,856,307
40c4a9b8-b103-42da-b576-0ffe6c051c4e,55101,tool/result,40,
40c4a9b8-b103-42da-b576-0ffe6c051c4e,55104,user/message,90,
40c4a9b8-b103-42da-b576-0ffe6c051c4e,56113,assistant/message,1109,246
40c4a9b8-b103-42da-b576-0ffe6c051c4e,56115,tool/result,9,
40c4a9b8-b103-42da-b576-0ffe6c051c4e,56503,assistant/message,424,40
40c4a9b8-b103-42da-b576-0ffe6c051c4e,56505,tool/result,684,
40c4a9b8-b103-42da-b576-0ffe6c051c4e,57715,assistant/message,1289,565
40c4a9b8-b103-42da-b576-0ffe6c051c4e,57717,tool/result,71,
40c4a9b8-b103-42da-b576-0ffe6c051c4e,58156,assistant/message,491,20
40c4a9b8-b103-42da-b576-0ffe6c051c4e,58158,tool/result,103,
40c4a9b8-b103-42da-b576-0ffe6c051c4e,58985,assistant/message,893,304
40c4a9b8-b103-42da-b576-0ffe6c051c4e,58987,tool/result,126,
40c4a9b8-b103-42da-b576-0ffe6c051c4e,59527,assistant/message,610,32
40c4a9b8-b103-42da-b576-0ffe6c051c4e,59529,tool/result,172,
40c4a9b8-b103-42da-b576-0ffe6c051c4e,60344,assistant/message,865,353
40c4a9b8-b103-42da-b576-0ffe6c051c4e,60346,tool/result,61,
40c4a9b8-b103-42da-b576-0ffe6c051c4e,60820,assistant/message,523,24
40c4a9b8-b103-42da-b576-0ffe6c051c4e,60822,tool/result,117,
40c4a9b8-b103-42da-b576-0ffe6c051c4e,61452,assistant/message,702,24
40c4a9b8-b103-42da-b576-0ffe6c051c4e,61454,tool/result,273,
40c4a9b8-b103-42da-b576-0ffe6c051c4e,61458,user/message,2428,
40c4a9b8-b103-42da-b576-0ffe6c051c4e,63563,assistant/message,2305,768
40c4a9b8-b103-42da-b576-0ffe6c051c4e,63565,tool/result,225,
40c4a9b8-b103-42da-b576-0ffe6c051c4e,63568,user/message,90,
40c4a9b8-b103-42da-b576-0ffe6c051c4e,63712,assistant/message,137,63
40c4a9b8-b103-42da-b576-0ffe6c051c4e,63714,tool/result,428,
40c4a9b8-b103-42da-b576-0ffe6c051c4e,63952,assistant/message,247,41
40c4a9b8-b103-42da-b576-0ffe6c051c4e,63954,tool/result,135,
40c4a9b8-b103-42da-b576-0ffe6c051c4e,66282,assistant/message,2611,343
40c4a9b8-b103-42da-b576-0ffe6c051c4e,66284,tool/result,169,
40c4a9b8-b103-42da-b576-0ffe6c051c4e,68040,assistant/message,2034,52
40c4a9b8-b103-42da-b576-0ffe6c051c4e,68042,tool/result,324,
40c4a9b8-b103-42da-b576-0ffe6c051c4e,69069,assistant/message,1107,289
40c4a9b8-b103-42da-b576-0ffe6c051c4e,69071,tool/result,206,
40c4a9b8-b103-42da-b576-0ffe6c051c4e,69223,assistant/message,143,81
40c4a9b8-b103-42da-b576-0ffe6c051c4e,69225,tool/result,20,
40c4a9b8-b103-42da-b576-0ffe6c051c4e,69907,assistant/message,760,64
40c4a9b8-b103-42da-b576-0ffe6c051c4e,69909,tool/result,282,
40c4a9b8-b103-42da-b576-0ffe6c051c4e,69919,user/message,2532,
40c4a9b8-b103-42da-b576-0ffe6c051c4e,69922,user/message,2,
40c4a9b8-b103-42da-b576-0ffe6c051c4e,70535,assistant/message,651,239
40c4a9b8-b103-42da-b576-0ffe6c051c4e,70537,tool/result,20,
40c4a9b8-b103-42da-b576-0ffe6c051c4e,70539,tool/result,38,
40c4a9b8-b103-42da-b576-0ffe6c051c4e,70542,user/message,90,
40c4a9b8-b103-42da-b576-0ffe6c051c4e,72582,assistant/message,2209,652
40c4a9b8-b103-42da-b576-0ffe6c051c4e,72584,tool/result,260,
40c4a9b8-b103-42da-b576-0ffe6c051c4e,72857,assistant/message,265,185
40c4a9b8-b103-42da-b576-0ffe6c051c4e,72861,tool/result,21,
40c4a9b8-b103-42da-b576-0ffe6c051c4e,72862,tool/result,21,
40c4a9b8-b103-42da-b576-0ffe6c051c4e,72863,tool/result,21,
40c4a9b8-b103-42da-b576-0ffe6c051c4e,72988,assistant/message,116,45
40c4a9b8-b103-42da-b576-0ffe6c051c4e,72990,tool/result,4,
40c4a9b8-b103-42da-b576-0ffe6c051c4e,73078,assistant/message,81,28
40c4a9b8-b103-42da-b576-0ffe6c051c4e,73080,tool/result,14,
40c4a9b8-b103-42da-b576-0ffe6c051c4e,73209,assistant/message,122,28
40c4a9b8-b103-42da-b576-0ffe6c051c4e,73211,tool/result,32,
40c4a9b8-b103-42da-b576-0ffe6c051c4e,73280,assistant/message,62,15
40c4a9b8-b103-42da-b576-0ffe6c051c4e,73282,tool/result,241,
40c4a9b8-b103-42da-b576-0ffe6c051c4e,73398,assistant/message,109,14
40c4a9b8-b103-42da-b576-0ffe6c051c4e,73400,tool/result,54,
40c4a9b8-b103-42da-b576-0ffe6c051c4e,73515,assistant/message,108,19
40c4a9b8-b103-42da-b576-0ffe6c051c4e,73517,tool/result,2,
40c4a9b8-b103-42da-b576-0ffe6c051c4e,73877,assistant/message,370,185
40c4a9b8-b103-42da-b576-0ffe6c051c4e,73879,tool/result,45,
40c4a9b8-b103-42da-b576-0ffe6c051c4e,74793,assistant/message,986,272
40c4a9b8-b103-42da-b576-0ffe6c051c4e,74795,tool/result,161,
40c4a9b8-b103-42da-b576-0ffe6c051c4e,75224,assistant/message,406,206
40c4a9b8-b103-42da-b576-0ffe6c051c4e,75226,tool/result,20,
40c4a9b8-b103-42da-b576-0ffe6c051c4e,75588,assistant/message,337,202
40c4a9b8-b103-42da-b576-0ffe6c051c4e,75591,tool/result,17,
40c4a9b8-b103-42da-b576-0ffe6c051c4e,76141,assistant/message,605,22
40c4a9b8-b103-42da-b576-0ffe6c051c4e,76143,tool/result,18,
40c4a9b8-b103-42da-b576-0ffe6c051c4e,76803,assistant/message,711,82
40c4a9b8-b103-42da-b576-0ffe6c051c4e,76805,tool/result,43,
40c4a9b8-b103-42da-b576-0ffe6c051c4e,76809,user/message,2705,
40c4a9b8-b103-42da-b576-0ffe6c051c4e,77224,assistant/message,451,51
40c4a9b8-b103-42da-b576-0ffe6c051c4e,77226,tool/result,2087,
40c4a9b8-b103-42da-b576-0ffe6c051c4e,77229,user/message,90,
40c4a9b8-b103-42da-b576-0ffe6c051c4e,80304,assistant/message,3242,2327
40c4a9b8-b103-42da-b576-0ffe6c051c4e,80306,tool/result,505,
40c4a9b8-b103-42da-b576-0ffe6c051c4e,85044,assistant/message,5226,2650
40c4a9b8-b103-42da-b576-0ffe6c051c4e,85046,tool/result,1073,
40c4a9b8-b103-42da-b576-0ffe6c051c4e,85050,user/message,2680,
40c4a9b8-b103-42da-b576-0ffe6c051c4e,87870,assistant/message,3053,981
40c4a9b8-b103-42da-b576-0ffe6c051c4e,87872,tool/result,93,
40c4a9b8-b103-42da-b576-0ffe6c051c4e,87875,user/message,90,
40c4a9b8-b103-42da-b576-0ffe6c051c4e,89575,assistant/message,1881,45
40c4a9b8-b103-42da-b576-0ffe6c051c4e,89577,tool/result,94,
40c4a9b8-b103-42da-b576-0ffe6c051c4e,91088,assistant/message,1645,51
40c4a9b8-b103-42da-b576-0ffe6c051c4e,91090,tool/result,273,
40c4a9b8-b103-42da-b576-0ffe6c051c4e,92813,assistant/message,1890,236
40c4a9b8-b103-42da-b576-0ffe6c051c4e,92815,tool/result,704,
40c4a9b8-b103-42da-b576-0ffe6c051c4e,93547,assistant/message,783,283
40c4a9b8-b103-42da-b576-0ffe6c051c4e,93549,tool/result,1417,
40c4a9b8-b103-42da-b576-0ffe6c051c4e,93553,user/message,2245,
40c4a9b8-b103-42da-b576-0ffe6c051c4e,96066,assistant/message,2571,2055
40c4a9b8-b103-42da-b576-0ffe6c051c4e,96068,tool/result,289,
40c4a9b8-b103-42da-b576-0ffe6c051c4e,96071,user/message,90,
40c4a9b8-b103-42da-b576-0ffe6c051c4e,98555,assistant/message,2715,648
40c4a9b8-b103-42da-b576-0ffe6c051c4e,98557,tool/result,57,
40c4a9b8-b103-42da-b576-0ffe6c051c4e,100819,assistant/message,2555,32
40c4a9b8-b103-42da-b576-0ffe6c051c4e,100821,tool/result,1206,
40c4a9b8-b103-42da-b576-0ffe6c051c4e,100825,user/message,2645,
40c4a9b8-b103-42da-b576-0ffe6c051c4e,103955,assistant/message,3234,1961
40c4a9b8-b103-42da-b576-0ffe6c051c4e,103957,tool/result,237,
40c4a9b8-b103-42da-b576-0ffe6c051c4e,105200,assistant/message,1294,841
40c4a9b8-b103-42da-b576-0ffe6c051c4e,105202,tool/result,153,
40c4a9b8-b103-42da-b576-0ffe6c051c4e,107804,assistant/message,2795,348
40c4a9b8-b103-42da-b576-0ffe6c051c4e,107806,tool/result,85,
40c4a9b8-b103-42da-b576-0ffe6c051c4e,107810,user/message,1488,
40c4a9b8-b103-42da-b576-0ffe6c051c4e,109836,assistant/message,2195,57
40c4a9b8-b103-42da-b576-0ffe6c051c4e,109838,tool/result,91,
40c4a9b8-b103-42da-b576-0ffe6c051c4e,109841,user/message,90,
40c4a9b8-b103-42da-b576-0ffe6c051c4e,111857,assistant/message,2188,50
40c4a9b8-b103-42da-b576-0ffe6c051c4e,111859,tool/result,481,
40c4a9b8-b103-42da-b576-0ffe6c051c4e,111972,assistant/message,107,31
40c4a9b8-b103-42da-b576-0ffe6c051c4e,111974,tool/result,91,
40c4a9b8-b103-42da-b576-0ffe6c051c4e,112100,assistant/message,119,50
40c4a9b8-b103-42da-b576-0ffe6c051c4e,112102,tool/result,249,
40c4a9b8-b103-42da-b576-0ffe6c051c4e,112194,assistant/message,88,26
40c4a9b8-b103-42da-b576-0ffe6c051c4e,112196,tool/result,91,
40c4a9b8-b103-42da-b576-0ffe6c051c4e,112303,assistant/message,103,26
40c4a9b8-b103-42da-b576-0ffe6c051c4e,112305,tool/result,1944,
40c4a9b8-b103-42da-b576-0ffe6c051c4e,112432,assistant/message,123,39
40c4a9b8-b103-42da-b576-0ffe6c051c4e,112434,tool/result,317,
40c4a9b8-b103-42da-b576-0ffe6c051c4e,112532,assistant/message,92,20
40c4a9b8-b103-42da-b576-0ffe6c051c4e,112534,tool/result,769,
40c4a9b8-b103-42da-b576-0ffe6c051c4e,112664,assistant/message,126,19
40c4a9b8-b103-42da-b576-0ffe6c051c4e,112666,tool/result,1186,
40c4a9b8-b103-42da-b576-0ffe6c051c4e,112763,assistant/message,90,34
40c4a9b8-b103-42da-b576-0ffe6c051c4e,112765,tool/result,177,
40c4a9b8-b103-42da-b576-0ffe6c051c4e,112768,tool/result,883,
40c4a9b8-b103-42da-b576-0ffe6c051c4e,112904,assistant/message,132,72
40c4a9b8-b103-42da-b576-0ffe6c051c4e,112906,tool/result,621,
40c4a9b8-b103-42da-b576-0ffe6c051c4e,113382,assistant/message,471,414
40c4a9b8-b103-42da-b576-0ffe6c051c4e,113384,tool/result,242,
40c4a9b8-b103-42da-b576-0ffe6c051c4e,113388,user/message,1939,
40c4a9b8-b103-42da-b576-0ffe6c051c4e,113539,assistant/message,156,60
40c4a9b8-b103-42da-b576-0ffe6c051c4e,113541,tool/result,523,
40c4a9b8-b103-42da-b576-0ffe6c051c4e,113544,user/message,90,
40c4a9b8-b103-42da-b576-0ffe6c051c4e,113921,assistant/message,386,317
40c4a9b8-b103-42da-b576-0ffe6c051c4e,113923,tool/result,4,
40c4a9b8-b103-42da-b576-0ffe6c051c4e,114076,assistant/message,142,58
40c4a9b8-b103-42da-b576-0ffe6c051c4e,114078,tool/result,9,
40c4a9b8-b103-42da-b576-0ffe6c051c4e,114200,assistant/message,113,46
40c4a9b8-b103-42da-b576-0ffe6c051c4e,114202,tool/result,4,
40c4a9b8-b103-42da-b576-0ffe6c051c4e,114419,assistant/message,208,129
40c4a9b8-b103-42da-b576-0ffe6c051c4e,114421,tool/result,9,
40c4a9b8-b103-42da-b576-0ffe6c051c4e,114648,assistant/message,218,143
40c4a9b8-b103-42da-b576-0ffe6c051c4e,114650,tool/result,9,
40c4a9b8-b103-42da-b576-0ffe6c051c4e,114794,assistant/message,135,53
40c4a9b8-b103-42da-b576-0ffe6c051c4e,114796,tool/result,9,
40c4a9b8-b103-42da-b576-0ffe6c051c4e,114932,assistant/message,127,46
40c4a9b8-b103-42da-b576-0ffe6c051c4e,114934,tool/result,9,
40c4a9b8-b103-42da-b576-0ffe6c051c4e,115061,assistant/message,118,41
40c4a9b8-b103-42da-b576-0ffe6c051c4e,115063,tool/result,9,
40c4a9b8-b103-42da-b576-0ffe6c051c4e,115194,assistant/message,122,54
40c4a9b8-b103-42da-b576-0ffe6c051c4e,115196,tool/result,3,
40c4a9b8-b103-42da-b576-0ffe6c051c4e,115459,assistant/message,254,173
40c4a9b8-b103-42da-b576-0ffe6c051c4e,115461,tool/result,9,
40c4a9b8-b103-42da-b576-0ffe6c051c4e,115603,assistant/message,134,45
40c4a9b8-b103-42da-b576-0ffe6c051c4e,115605,tool/result,7,
40c4a9b8-b103-42da-b576-0ffe6c051c4e,115963,assistant/message,351,275
40c4a9b8-b103-42da-b576-0ffe6c051c4e,115965,tool/result,9,
40c4a9b8-b103-42da-b576-0ffe6c051c4e,116117,assistant/message,144,53
40c4a9b8-b103-42da-b576-0ffe6c051c4e,116119,tool/result,8,
40c4a9b8-b103-42da-b576-0ffe6c051c4e,116660,assistant/message,564,250
40c4a9b8-b103-42da-b576-0ffe6c051c4e,116662,tool/result,190,
40c4a9b8-b103-42da-b576-0ffe6c051c4e,116994,assistant/message,363,37
40c4a9b8-b103-42da-b576-0ffe6c051c4e,116996,tool/result,495,
40c4a9b8-b103-42da-b576-0ffe6c051c4e,117796,assistant/message,908,36
40c4a9b8-b103-42da-b576-0ffe6c051c4e,117798,tool/result,80,
40c4a9b8-b103-42da-b576-0ffe6c051c4e,117910,assistant/message,105,29
40c4a9b8-b103-42da-b576-0ffe6c051c4e,117912,tool/result,46,
40c4a9b8-b103-42da-b576-0ffe6c051c4e,118536,assistant/message,718,16
40c4a9b8-b103-42da-b576-0ffe6c051c4e,118538,tool/result,56,
40c4a9b8-b103-42da-b576-0ffe6c051c4e,118630,assistant/message,85,22
40c4a9b8-b103-42da-b576-0ffe6c051c4e,118632,tool/result,7,
40c4a9b8-b103-42da-b576-0ffe6c051c4e,119126,assistant/message,557,16
40c4a9b8-b103-42da-b576-0ffe6c051c4e,119128,tool/result,698,
40c4a9b8-b103-42da-b576-0ffe6c051c4e,119400,assistant/message,267,196
40c4a9b8-b103-42da-b576-0ffe6c051c4e,119402,tool/result,738,
40c4a9b8-b103-42da-b576-0ffe6c051c4e,119562,assistant/message,153,106
40c4a9b8-b103-42da-b576-0ffe6c051c4e,119564,tool/result,287,
40c4a9b8-b103-42da-b576-0ffe6c051c4e,119568,user/message,1885,
40c4a9b8-b103-42da-b576-0ffe6c051c4e,119684,assistant/message,111,39
40c4a9b8-b103-42da-b576-0ffe6c051c4e,119686,tool/result,174,
40c4a9b8-b103-42da-b576-0ffe6c051c4e,119689,user/message,90,
40c4a9b8-b103-42da-b576-0ffe6c051c4e,120267,assistant/message,571,457
40c4a9b8-b103-42da-b576-0ffe6c051c4e,120269,tool/result,147,
40c4a9b8-b103-42da-b576-0ffe6c051c4e,120687,assistant/message,409,221
42b93092-3c00-4d43-85a5-9abf5e0b132c,8,user/message,52,
42b93092-3c00-4d43-85a5-9abf5e0b132c,9,user/message,90,
42b93092-3c00-4d43-85a5-9abf5e0b132c,163,assistant/message,146,83
42b93092-3c00-4d43-85a5-9abf5e0b132c,165,tool/result,4642,
42b93092-3c00-4d43-85a5-9abf5e0b132c,619,assistant/message,447,311
42b93092-3c00-4d43-85a5-9abf5e0b132c,621,tool/result,9,
42b93092-3c00-4d43-85a5-9abf5e0b132c,3807,assistant/message,3571,733
42b93092-3c00-4d43-85a5-9abf5e0b132c,3809,tool/result,39,
42b93092-3c00-4d43-85a5-9abf5e0b132c,3961,assistant/message,145,89
42b93092-3c00-4d43-85a5-9abf5e0b132c,3963,tool/result,426,
42b93092-3c00-4d43-85a5-9abf5e0b132c,4200,assistant/message,244,39
42b93092-3c00-4d43-85a5-9abf5e0b132c,4202,tool/result,23,
42b93092-3c00-4d43-85a5-9abf5e0b132c,4616,assistant/message,442,141
42b93092-3c00-4d43-85a5-9abf5e0b132c,4618,tool/result,23,
42b93092-3c00-4d43-85a5-9abf5e0b132c,4690,assistant/message,65,9
42b93092-3c00-4d43-85a5-9abf5e0b132c,4692,tool/result,2598,
42b93092-3c00-4d43-85a5-9abf5e0b132c,4798,assistant/message,97,21
42b93092-3c00-4d43-85a5-9abf5e0b132c,4800,tool/result,2448,
42b93092-3c00-4d43-85a5-9abf5e0b132c,7952,assistant/message,3158,3011
42b93092-3c00-4d43-85a5-9abf5e0b132c,7954,tool/result,23,
42b93092-3c00-4d43-85a5-9abf5e0b132c,7957,tool/result,2742,
42b93092-3c00-4d43-85a5-9abf5e0b132c,7960,user/message,1377,
42b93092-3c00-4d43-85a5-9abf5e0b132c,10078,assistant/message,2393,120
42b93092-3c00-4d43-85a5-9abf5e0b132c,10080,tool/result,38,
42b93092-3c00-4d43-85a5-9abf5e0b132c,10083,user/message,90,
42b93092-3c00-4d43-85a5-9abf5e0b132c,10154,assistant/message,66,11
42b93092-3c00-4d43-85a5-9abf5e0b132c,10156,tool/result,3982,
42b93092-3c00-4d43-85a5-9abf5e0b132c,10246,assistant/message,83,17
42b93092-3c00-4d43-85a5-9abf5e0b132c,10248,tool/result,1840,
42b93092-3c00-4d43-85a5-9abf5e0b132c,10251,tool/result,1327,
42b93092-3c00-4d43-85a5-9abf5e0b132c,12387,assistant/message,2148,1865
42b93092-3c00-4d43-85a5-9abf5e0b132c,12389,tool/result,364,
42b93092-3c00-4d43-85a5-9abf5e0b132c,12393,user/message,2324,
42b93092-3c00-4d43-85a5-9abf5e0b132c,12653,assistant/message,253,203
42b93092-3c00-4d43-85a5-9abf5e0b132c,12655,tool/result,265,
42b93092-3c00-4d43-85a5-9abf5e0b132c,12916,assistant/message,254,211
42b93092-3c00-4d43-85a5-9abf5e0b132c,12918,tool/result,482,
42b93092-3c00-4d43-85a5-9abf5e0b132c,13153,assistant/message,229,84
42b93092-3c00-4d43-85a5-9abf5e0b132c,13155,tool/result,563,
42b93092-3c00-4d43-85a5-9abf5e0b132c,13709,assistant/message,545,372
42b93092-3c00-4d43-85a5-9abf5e0b132c,13711,tool/result,1695,
42b93092-3c00-4d43-85a5-9abf5e0b132c,14451,assistant/message,770,294
42b93092-3c00-4d43-85a5-9abf5e0b132c,14453,tool/result,319,
42b93092-3c00-4d43-85a5-9abf5e0b132c,15345,assistant/message,937,245
42b93092-3c00-4d43-85a5-9abf5e0b132c,15347,tool/result,1239,
42b93092-3c00-4d43-85a5-9abf5e0b132c,15351,user/message,2420,
42b93092-3c00-4d43-85a5-9abf5e0b132c,16289,assistant/message,929,710
42b93092-3c00-4d43-85a5-9abf5e0b132c,16291,tool/result,987,
42b93092-3c00-4d43-85a5-9abf5e0b132c,16294,user/message,90,
42b93092-3c00-4d43-85a5-9abf5e0b132c,18658,assistant/message,2369,2294
42b93092-3c00-4d43-85a5-9abf5e0b132c,18660,tool/result,2341,
42b93092-3c00-4d43-85a5-9abf5e0b132c,19028,assistant/message,361,245
42b93092-3c00-4d43-85a5-9abf5e0b132c,19030,tool/result,849,
42b93092-3c00-4d43-85a5-9abf5e0b132c,19034,user/message,3299,
42b93092-3c00-4d43-85a5-9abf5e0b132c,24167,assistant/message,5182,3011
43184c39-00cb-4abb-a1c7-80b80eb14bd1,7,user/message,13,
43184c39-00cb-4abb-a1c7-80b80eb14bd1,8,user/message,90,
43184c39-00cb-4abb-a1c7-80b80eb14bd1,82,assistant/message,63,40
43184c39-00cb-4abb-a1c7-80b80eb14bd1,84,tool/result,846,
43184c39-00cb-4abb-a1c7-80b80eb14bd1,1020,assistant/message,929,448
43184c39-00cb-4abb-a1c7-80b80eb14bd1,1027,user/message,4,
43184c39-00cb-4abb-a1c7-80b80eb14bd1,1084,assistant/message,49,19
43184c39-00cb-4abb-a1c7-80b80eb14bd1,1086,tool/result,1102,
43184c39-00cb-4abb-a1c7-80b80eb14bd1,2498,assistant/message,1405,760
446536ee-f768-4755-9ccb-f418f5ee8104,7,user/message,9,
446536ee-f768-4755-9ccb-f418f5ee8104,8,user/message,90,
446536ee-f768-4755-9ccb-f418f5ee8104,92,assistant/message,74,64
446536ee-f768-4755-9ccb-f418f5ee8104,94,tool/result,750,
446536ee-f768-4755-9ccb-f418f5ee8104,393,assistant/message,290,39
456f5b00-255e-4439-b775-209b2ff08100,8,user/message,9,
456f5b00-255e-4439-b775-209b2ff08100,9,user/message,90,
456f5b00-255e-4439-b775-209b2ff08100,287,assistant/message,269,254
456f5b00-255e-4439-b775-209b2ff08100,289,tool/result,54,
456f5b00-255e-4439-b775-209b2ff08100,369,assistant/message,74,52
456f5b00-255e-4439-b775-209b2ff08100,371,tool/result,17,
456f5b00-255e-4439-b775-209b2ff08100,411,assistant/message,34,15
456f5b00-255e-4439-b775-209b2ff08100,413,tool/result,17,
456f5b00-255e-4439-b775-209b2ff08100,563,assistant/message,143,127
456f5b00-255e-4439-b775-209b2ff08100,565,tool/result,54,
456f5b00-255e-4439-b775-209b2ff08100,605,assistant/message,34,19
456f5b00-255e-4439-b775-209b2ff08100,607,tool/result,223,
456f5b00-255e-4439-b775-209b2ff08100,1153,assistant/message,537,434
456f5b00-255e-4439-b775-209b2ff08100,1155,tool/result,4996,
456f5b00-255e-4439-b775-209b2ff08100,2031,assistant/message,867,663
456f5b00-255e-4439-b775-209b2ff08100,2038,user/message,5,
456f5b00-255e-4439-b775-209b2ff08100,2102,assistant/message,59,47
456f5b00-255e-4439-b775-209b2ff08100,2104,tool/result,24,
456f5b00-255e-4439-b775-209b2ff08100,2549,assistant/message,436,350
4751fe80-6fef-4269-92b4-ea76f36ea3af,7,user/message,254,
4751fe80-6fef-4269-92b4-ea76f36ea3af,8,user/message,157,
4751fe80-6fef-4269-92b4-ea76f36ea3af,9,user/message,90,
4751fe80-6fef-4269-92b4-ea76f36ea3af,547,assistant/message,504,397
4751fe80-6fef-4269-92b4-ea76f36ea3af,550,tool/result,17,
4751fe80-6fef-4269-92b4-ea76f36ea3af,784,assistant/message,227,11
4751fe80-6fef-4269-92b4-ea76f36ea3af,786,tool/result,15,
4751fe80-6fef-4269-92b4-ea76f36ea3af,788,tool/result,5656,
4751fe80-6fef-4269-92b4-ea76f36ea3af,1047,assistant/message,251,179
4751fe80-6fef-4269-92b4-ea76f36ea3af,1049,tool/result,19,
4751fe80-6fef-4269-92b4-ea76f36ea3af,1234,assistant/message,178,76
4751fe80-6fef-4269-92b4-ea76f36ea3af,1236,tool/result,346,
4751fe80-6fef-4269-92b4-ea76f36ea3af,1386,assistant/message,141,81
4751fe80-6fef-4269-92b4-ea76f36ea3af,1388,tool/result,15,
4751fe80-6fef-4269-92b4-ea76f36ea3af,2077,assistant/message,681,597
4751fe80-6fef-4269-92b4-ea76f36ea3af,2079,tool/result,114,
4751fe80-6fef-4269-92b4-ea76f36ea3af,2517,assistant/message,429,340
4751fe80-6fef-4269-92b4-ea76f36ea3af,2519,tool/result,450,
4751fe80-6fef-4269-92b4-ea76f36ea3af,3426,assistant/message,898,742
4751fe80-6fef-4269-92b4-ea76f36ea3af,3428,tool/result,36,
4751fe80-6fef-4269-92b4-ea76f36ea3af,3893,assistant/message,458,350
4751fe80-6fef-4269-92b4-ea76f36ea3af,3895,tool/result,18,
4751fe80-6fef-4269-92b4-ea76f36ea3af,4964,assistant/message,1125,518
4751fe80-6fef-4269-92b4-ea76f36ea3af,4966,tool/result,11,
4751fe80-6fef-4269-92b4-ea76f36ea3af,5496,assistant/message,521,391
4751fe80-6fef-4269-92b4-ea76f36ea3af,5498,tool/result,3,
4751fe80-6fef-4269-92b4-ea76f36ea3af,5597,assistant/message,92,29
4751fe80-6fef-4269-92b4-ea76f36ea3af,5599,tool/result,7,
4751fe80-6fef-4269-92b4-ea76f36ea3af,5925,assistant/message,319,236
4751fe80-6fef-4269-92b4-ea76f36ea3af,5927,tool/result,164,
4751fe80-6fef-4269-92b4-ea76f36ea3af,6111,assistant/message,178,112
4751fe80-6fef-4269-92b4-ea76f36ea3af,6113,tool/result,15,
4751fe80-6fef-4269-92b4-ea76f36ea3af,6790,assistant/message,667,545
4751fe80-6fef-4269-92b4-ea76f36ea3af,6792,tool/result,11,
4751fe80-6fef-4269-92b4-ea76f36ea3af,6877,assistant/message,78,15
4751fe80-6fef-4269-92b4-ea76f36ea3af,6879,tool/result,20,
4751fe80-6fef-4269-92b4-ea76f36ea3af,7238,assistant/message,352,261
4751fe80-6fef-4269-92b4-ea76f36ea3af,7240,tool/result,528,
4751fe80-6fef-4269-92b4-ea76f36ea3af,7243,tool/result,2712,
4751fe80-6fef-4269-92b4-ea76f36ea3af,7540,assistant/message,290,232
4751fe80-6fef-4269-92b4-ea76f36ea3af,7542,tool/result,189,
4751fe80-6fef-4269-92b4-ea76f36ea3af,8053,assistant/message,502,365
4751fe80-6fef-4269-92b4-ea76f36ea3af,8055,tool/result,50,
4751fe80-6fef-4269-92b4-ea76f36ea3af,8552,assistant/message,489,331
4751fe80-6fef-4269-92b4-ea76f36ea3af,8554,tool/result,287,
4751fe80-6fef-4269-92b4-ea76f36ea3af,10200,assistant/message,1639,1448
4751fe80-6fef-4269-92b4-ea76f36ea3af,10202,tool/result,74,
4751fe80-6fef-4269-92b4-ea76f36ea3af,10206,user/message,2424,
4751fe80-6fef-4269-92b4-ea76f36ea3af,10209,user/message,157,
4751fe80-6fef-4269-92b4-ea76f36ea3af,11850,assistant/message,1638,1206
4751fe80-6fef-4269-92b4-ea76f36ea3af,11852,tool/result,330,
4751fe80-6fef-4269-92b4-ea76f36ea3af,11854,tool/result,58,
4751fe80-6fef-4269-92b4-ea76f36ea3af,11856,tool/result,755,
4751fe80-6fef-4269-92b4-ea76f36ea3af,11859,user/message,90,
4751fe80-6fef-4269-92b4-ea76f36ea3af,16434,assistant/message,4568,4404
4751fe80-6fef-4269-92b4-ea76f36ea3af,16436,tool/result,1709,
4751fe80-6fef-4269-92b4-ea76f36ea3af,16438,tool/result,1565,
4751fe80-6fef-4269-92b4-ea76f36ea3af,19630,assistant/message,3185,2827
4751fe80-6fef-4269-92b4-ea76f36ea3af,19632,tool/result,170,
4751fe80-6fef-4269-92b4-ea76f36ea3af,19634,tool/result,3344,
4751fe80-6fef-4269-92b4-ea76f36ea3af,19636,tool/result,280,
4751fe80-6fef-4269-92b4-ea76f36ea3af,19640,user/message,3269,
4751fe80-6fef-4269-92b4-ea76f36ea3af,19644,user/message,3130,
4751fe80-6fef-4269-92b4-ea76f36ea3af,19647,user/message,157,
4751fe80-6fef-4269-92b4-ea76f36ea3af,21246,assistant/message,1599,1168
4751fe80-6fef-4269-92b4-ea76f36ea3af,21248,tool/result,137,
4751fe80-6fef-4269-92b4-ea76f36ea3af,21250,tool/result,8543,
4751fe80-6fef-4269-92b4-ea76f36ea3af,21253,tool/result,2642,
4751fe80-6fef-4269-92b4-ea76f36ea3af,21257,user/message,90,
4751fe80-6fef-4269-92b4-ea76f36ea3af,25396,assistant/message,3715,3672
4a011ef6-188e-4e41-8fe2-0e424c5ea5d4,9,user/message,10,
4a011ef6-188e-4e41-8fe2-0e424c5ea5d4,10,user/message,90,
4b4ea9a9-beb3-4a24-841b-5948b63b92ff,7,user/message,307,
4b4ea9a9-beb3-4a24-841b-5948b63b92ff,8,user/message,353,
4b4ea9a9-beb3-4a24-841b-5948b63b92ff,9,user/message,90,
4b4ea9a9-beb3-4a24-841b-5948b63b92ff,622,assistant/message,604,545
4b4ea9a9-beb3-4a24-841b-5948b63b92ff,624,tool/result,27,
4b4ea9a9-beb3-4a24-841b-5948b63b92ff,626,tool/result,358,
4b4ea9a9-beb3-4a24-841b-5948b63b92ff,697,assistant/message,64,45
4b4ea9a9-beb3-4a24-841b-5948b63b92ff,699,tool/result,1650,
4b4ea9a9-beb3-4a24-841b-5948b63b92ff,1432,assistant/message,699,443
4b4ea9a9-beb3-4a24-841b-5948b63b92ff,1435,tool/result,17,
4b4ea9a9-beb3-4a24-841b-5948b63b92ff,1437,tool/result,439,
4b4ea9a9-beb3-4a24-841b-5948b63b92ff,1439,tool/result,33,
4b4ea9a9-beb3-4a24-841b-5948b63b92ff,1878,assistant/message,436,256
4b4ea9a9-beb3-4a24-841b-5948b63b92ff,1880,tool/result,237,
4b4ea9a9-beb3-4a24-841b-5948b63b92ff,1882,tool/result,1849,
4b4ea9a9-beb3-4a24-841b-5948b63b92ff,2465,assistant/message,574,366
4b4ea9a9-beb3-4a24-841b-5948b63b92ff,2467,tool/result,1517,
4b4ea9a9-beb3-4a24-841b-5948b63b92ff,3115,assistant/message,646,288
4b4ea9a9-beb3-4a24-841b-5948b63b92ff,3117,tool/result,1131,
4b4ea9a9-beb3-4a24-841b-5948b63b92ff,3325,assistant/message,202,58
4b4ea9a9-beb3-4a24-841b-5948b63b92ff,3327,tool/result,114,
4b4ea9a9-beb3-4a24-841b-5948b63b92ff,3579,assistant/message,249,142
4b4ea9a9-beb3-4a24-841b-5948b63b92ff,3581,tool/result,1109,
4b4ea9a9-beb3-4a24-841b-5948b63b92ff,3779,assistant/message,191,69
4b4ea9a9-beb3-4a24-841b-5948b63b92ff,3781,tool/result,1719,
4b4ea9a9-beb3-4a24-841b-5948b63b92ff,4325,assistant/message,542,263
4b4ea9a9-beb3-4a24-841b-5948b63b92ff,4327,tool/result,1893,
4b4ea9a9-beb3-4a24-841b-5948b63b92ff,4331,user/message,767,
4b4ea9a9-beb3-4a24-841b-5948b63b92ff,4334,user/message,353,
4b4ea9a9-beb3-4a24-841b-5948b63b92ff,4757,assistant/message,423,172
4b4ea9a9-beb3-4a24-841b-5948b63b92ff,4759,tool/result,218,
4b4ea9a9-beb3-4a24-841b-5948b63b92ff,4762,user/message,90,
4b4ea9a9-beb3-4a24-841b-5948b63b92ff,5148,assistant/message,390,126
4b4ea9a9-beb3-4a24-841b-5948b63b92ff,5150,tool/result,2,
4b4ea9a9-beb3-4a24-841b-5948b63b92ff,5411,assistant/message,260,29
4b4ea9a9-beb3-4a24-841b-5948b63b92ff,5413,tool/result,42,
4b4ea9a9-beb3-4a24-841b-5948b63b92ff,5715,assistant/message,299,132
4b4ea9a9-beb3-4a24-841b-5948b63b92ff,5717,tool/result,885,
4b4ea9a9-beb3-4a24-841b-5948b63b92ff,5960,assistant/message,240,121
4b4ea9a9-beb3-4a24-841b-5948b63b92ff,5962,tool/result,2080,
4b4ea9a9-beb3-4a24-841b-5948b63b92ff,6331,assistant/message,364,174
4b4ea9a9-beb3-4a24-841b-5948b63b92ff,6333,tool/result,772,
4b4ea9a9-beb3-4a24-841b-5948b63b92ff,7148,assistant/message,814,414
4b4ea9a9-beb3-4a24-841b-5948b63b92ff,7150,tool/result,319,
4b4ea9a9-beb3-4a24-841b-5948b63b92ff,7154,user/message,962,
4b4ea9a9-beb3-4a24-841b-5948b63b92ff,7157,user/message,353,
4b4ea9a9-beb3-4a24-841b-5948b63b92ff,7615,assistant/message,459,116
4b4ea9a9-beb3-4a24-841b-5948b63b92ff,7617,tool/result,450,
4b4ea9a9-beb3-4a24-841b-5948b63b92ff,8217,assistant/message,597,354
4b4ea9a9-beb3-4a24-841b-5948b63b92ff,8219,tool/result,177,
4b4ea9a9-beb3-4a24-841b-5948b63b92ff,8586,assistant/message,358,253
4b4ea9a9-beb3-4a24-841b-5948b63b92ff,8588,tool/result,110,
4b4ea9a9-beb3-4a24-841b-5948b63b92ff,8675,assistant/message,84,34
4b4ea9a9-beb3-4a24-841b-5948b63b92ff,8677,tool/result,2533,
4b4ea9a9-beb3-4a24-841b-5948b63b92ff,8752,assistant/message,72,23
4b4ea9a9-beb3-4a24-841b-5948b63b92ff,8754,tool/result,1538,
4b4ea9a9-beb3-4a24-841b-5948b63b92ff,8914,assistant/message,153,17
4b4ea9a9-beb3-4a24-841b-5948b63b92ff,8916,tool/result,2130,
4b4ea9a9-beb3-4a24-841b-5948b63b92ff,8920,user/message,1203,
4b4ea9a9-beb3-4a24-841b-5948b63b92ff,8923,user/message,353,
4b4ea9a9-beb3-4a24-841b-5948b63b92ff,9049,assistant/message,121,48
4b4ea9a9-beb3-4a24-841b-5948b63b92ff,9051,tool/result,148,
4b4ea9a9-beb3-4a24-841b-5948b63b92ff,9054,user/message,90,
4b4ea9a9-beb3-4a24-841b-5948b63b92ff,9950,assistant/message,892,760
4b4ea9a9-beb3-4a24-841b-5948b63b92ff,9952,tool/result,3,
4b4ea9a9-beb3-4a24-841b-5948b63b92ff,10101,assistant/message,144,68
4b4ea9a9-beb3-4a24-841b-5948b63b92ff,10103,tool/result,302,
4b4ea9a9-beb3-4a24-841b-5948b63b92ff,10379,assistant/message,274,103
4b4ea9a9-beb3-4a24-841b-5948b63b92ff,10381,tool/result,1608,
4b4ea9a9-beb3-4a24-841b-5948b63b92ff,10763,assistant/message,376,324
4b4ea9a9-beb3-4a24-841b-5948b63b92ff,10765,tool/result,13,
4b4ea9a9-beb3-4a24-841b-5948b63b92ff,11096,assistant/message,324,278
4b4ea9a9-beb3-4a24-841b-5948b63b92ff,11098,tool/result,125,
4b4ea9a9-beb3-4a24-841b-5948b63b92ff,11375,assistant/message,270,214
4b4ea9a9-beb3-4a24-841b-5948b63b92ff,11377,tool/result,276,
4b4ea9a9-beb3-4a24-841b-5948b63b92ff,11709,assistant/message,328,224
4b4ea9a9-beb3-4a24-841b-5948b63b92ff,11711,tool/result,216,
4b4ea9a9-beb3-4a24-841b-5948b63b92ff,11955,assistant/message,239,127
4b4ea9a9-beb3-4a24-841b-5948b63b92ff,11957,tool/result,297,
4b4ea9a9-beb3-4a24-841b-5948b63b92ff,12102,assistant/message,139,61
4b4ea9a9-beb3-4a24-841b-5948b63b92ff,12104,tool/result,27,
4b4ea9a9-beb3-4a24-841b-5948b63b92ff,12521,assistant/message,413,230
4b4ea9a9-beb3-4a24-841b-5948b63b92ff,12523,tool/result,7,
4b4ea9a9-beb3-4a24-841b-5948b63b92ff,12811,assistant/message,285,191
4b4ea9a9-beb3-4a24-841b-5948b63b92ff,12813,tool/result,182,
4b4ea9a9-beb3-4a24-841b-5948b63b92ff,12817,user/message,1295,
4b4ea9a9-beb3-4a24-841b-5948b63b92ff,12820,user/message,353,
4b4ea9a9-beb3-4a24-841b-5948b63b92ff,13388,assistant/message,566,379
4b4ea9a9-beb3-4a24-841b-5948b63b92ff,13390,tool/result,1213,
4b4ea9a9-beb3-4a24-841b-5948b63b92ff,13393,user/message,90,
4b4ea9a9-beb3-4a24-841b-5948b63b92ff,13942,assistant/message,546,380
4b4ea9a9-beb3-4a24-841b-5948b63b92ff,13944,tool/result,3,
4b4ea9a9-beb3-4a24-841b-5948b63b92ff,14193,assistant/message,244,171
4b4ea9a9-beb3-4a24-841b-5948b63b92ff,14195,tool/result,342,
4b4ea9a9-beb3-4a24-841b-5948b63b92ff,14740,assistant/message,541,372
4b4ea9a9-beb3-4a24-841b-5948b63b92ff,14742,tool/result,480,
4b4ea9a9-beb3-4a24-841b-5948b63b92ff,16007,assistant/message,1260,1066
4b4ea9a9-beb3-4a24-841b-5948b63b92ff,16009,tool/result,328,
4b4ea9a9-beb3-4a24-841b-5948b63b92ff,16509,assistant/message,496,327
4b4ea9a9-beb3-4a24-841b-5948b63b92ff,16511,tool/result,624,
4b4ea9a9-beb3-4a24-841b-5948b63b92ff,17064,assistant/message,549,388
4b4ea9a9-beb3-4a24-841b-5948b63b92ff,17066,tool/result,67,
4b4ea9a9-beb3-4a24-841b-5948b63b92ff,17070,user/message,1371,
4b4ea9a9-beb3-4a24-841b-5948b63b92ff,17073,user/message,353,
4b4ea9a9-beb3-4a24-841b-5948b63b92ff,17286,assistant/message,208,170
4b4ea9a9-beb3-4a24-841b-5948b63b92ff,17288,tool/result,941,
4b4ea9a9-beb3-4a24-841b-5948b63b92ff,17995,assistant/message,702,584
4b4ea9a9-beb3-4a24-841b-5948b63b92ff,17997,tool/result,339,
4b4ea9a9-beb3-4a24-841b-5948b63b92ff,18221,assistant/message,217,101
4b4ea9a9-beb3-4a24-841b-5948b63b92ff,18223,tool/result,180,
4b4ea9a9-beb3-4a24-841b-5948b63b92ff,18335,assistant/message,105,57
4b4ea9a9-beb3-4a24-841b-5948b63b92ff,18337,tool/result,71,
4b4ea9a9-beb3-4a24-841b-5948b63b92ff,18569,assistant/message,226,125
4b4ea9a9-beb3-4a24-841b-5948b63b92ff,18571,tool/result,348,
4b4ea9a9-beb3-4a24-841b-5948b63b92ff,18755,assistant/message,177,95
4b4ea9a9-beb3-4a24-841b-5948b63b92ff,18757,tool/result,61,
4b4ea9a9-beb3-4a24-841b-5948b63b92ff,19577,assistant/message,815,610
4b4ea9a9-beb3-4a24-841b-5948b63b92ff,19579,tool/result,538,
4b4ea9a9-beb3-4a24-841b-5948b63b92ff,20278,assistant/message,692,644
4b4ea9a9-beb3-4a24-841b-5948b63b92ff,20280,tool/result,750,
4b4ea9a9-beb3-4a24-841b-5948b63b92ff,20284,user/message,1239,
4b4ea9a9-beb3-4a24-841b-5948b63b92ff,20287,user/message,353,
4b4ea9a9-beb3-4a24-841b-5948b63b92ff,20628,assistant/message,336,258
4b4ea9a9-beb3-4a24-841b-5948b63b92ff,20630,tool/result,139,
4b4ea9a9-beb3-4a24-841b-5948b63b92ff,20633,user/message,90,
4b4ea9a9-beb3-4a24-841b-5948b63b92ff,20767,assistant/message,129,48
4b4ea9a9-beb3-4a24-841b-5948b63b92ff,20769,tool/result,232,
4b4ea9a9-beb3-4a24-841b-5948b63b92ff,20915,assistant/message,142,48
4b4ea9a9-beb3-4a24-841b-5948b63b92ff,20917,tool/result,1293,
4b4ea9a9-beb3-4a24-841b-5948b63b92ff,21214,assistant/message,294,130
4b4ea9a9-beb3-4a24-841b-5948b63b92ff,21216,tool/result,3,
4b4ea9a9-beb3-4a24-841b-5948b63b92ff,21417,assistant/message,195,42
4b4ea9a9-beb3-4a24-841b-5948b63b92ff,21419,tool/result,234,
4b4ea9a9-beb3-4a24-841b-5948b63b92ff,21743,assistant/message,320,320
4b4ea9a9-beb3-4a24-841b-5948b63b92ff,21751,user/message,1,
4b4ea9a9-beb3-4a24-841b-5948b63b92ff,21752,user/message,336,
4b4ea9a9-beb3-4a24-841b-5948b63b92ff,22850,assistant/message,1092,1033
4b4ea9a9-beb3-4a24-841b-5948b63b92ff,22852,tool/result,37,
4b4ea9a9-beb3-4a24-841b-5948b63b92ff,23912,assistant/message,1054,886
4b4ea9a9-beb3-4a24-841b-5948b63b92ff,23914,tool/result,37,
4b4ea9a9-beb3-4a24-841b-5948b63b92ff,24076,assistant/message,155,19
4b4ea9a9-beb3-4a24-841b-5948b63b92ff,24078,tool/result,88,
4b4ea9a9-beb3-4a24-841b-5948b63b92ff,24402,assistant/message,319,51
4b4ea9a9-beb3-4a24-841b-5948b63b92ff,24404,tool/result,141,
4b4ea9a9-beb3-4a24-841b-5948b63b92ff,25419,assistant/message,1012,885
4b4ea9a9-beb3-4a24-841b-5948b63b92ff,25421,tool/result,255,
4b4ea9a9-beb3-4a24-841b-5948b63b92ff,25425,user/message,1239,
4b4ea9a9-beb3-4a24-841b-5948b63b92ff,25428,user/message,353,
4b4ea9a9-beb3-4a24-841b-5948b63b92ff,26855,assistant/message,1423,1375
4b4ea9a9-beb3-4a24-841b-5948b63b92ff,26857,tool/result,516,
4b4ea9a9-beb3-4a24-841b-5948b63b92ff,26860,user/message,90,
4b4ea9a9-beb3-4a24-841b-5948b63b92ff,27859,assistant/message,996,888
4b4ea9a9-beb3-4a24-841b-5948b63b92ff,27861,tool/result,112,
4b4ea9a9-beb3-4a24-841b-5948b63b92ff,28344,assistant/message,477,348
4b4ea9a9-beb3-4a24-841b-5948b63b92ff,28346,tool/result,235,
4b4ea9a9-beb3-4a24-841b-5948b63b92ff,28713,assistant/message,360,257
4b4ea9a9-beb3-4a24-841b-5948b63b92ff,28715,tool/result,64,
4b4ea9a9-beb3-4a24-841b-5948b63b92ff,28935,assistant/message,214,97
4b4ea9a9-beb3-4a24-841b-5948b63b92ff,28937,tool/result,359,
4b4ea9a9-beb3-4a24-841b-5948b63b92ff,30249,assistant/message,1305,1173
4b4ea9a9-beb3-4a24-841b-5948b63b92ff,30251,tool/result,906,
4b4ea9a9-beb3-4a24-841b-5948b63b92ff,31459,assistant/message,1203,1031
4b4ea9a9-beb3-4a24-841b-5948b63b92ff,31461,tool/result,641,
4b4ea9a9-beb3-4a24-841b-5948b63b92ff,31748,assistant/message,279,94
4b4ea9a9-beb3-4a24-841b-5948b63b92ff,31750,tool/result,398,
4b4ea9a9-beb3-4a24-841b-5948b63b92ff,32782,assistant/message,1023,846
4b4ea9a9-beb3-4a24-841b-5948b63b92ff,32784,tool/result,409,
4b4ea9a9-beb3-4a24-841b-5948b63b92ff,33603,assistant/message,815,574
4b4ea9a9-beb3-4a24-841b-5948b63b92ff,33605,tool/result,466,
4b4ea9a9-beb3-4a24-841b-5948b63b92ff,33609,user/message,1385,
4b4ea9a9-beb3-4a24-841b-5948b63b92ff,33612,user/message,353,
4b4ea9a9-beb3-4a24-841b-5948b63b92ff,34909,assistant/message,1299,996
4b4ea9a9-beb3-4a24-841b-5948b63b92ff,34911,tool/result,316,
4b4ea9a9-beb3-4a24-841b-5948b63b92ff,34914,user/message,90,
4b4ea9a9-beb3-4a24-841b-5948b63b92ff,36122,assistant/message,1204,1079
4b4ea9a9-beb3-4a24-841b-5948b63b92ff,36124,tool/result,1094,
4b4ea9a9-beb3-4a24-841b-5948b63b92ff,36538,assistant/message,407,308
4b4ea9a9-beb3-4a24-841b-5948b63b92ff,36540,tool/result,425,
4b4ea9a9-beb3-4a24-841b-5948b63b92ff,36797,assistant/message,254,69
4b4ea9a9-beb3-4a24-841b-5948b63b92ff,36799,tool/result,189,
4b4ea9a9-beb3-4a24-841b-5948b63b92ff,37111,assistant/message,306,131
4b4ea9a9-beb3-4a24-841b-5948b63b92ff,37113,tool/result,116,
4b4ea9a9-beb3-4a24-841b-5948b63b92ff,37303,assistant/message,183,70
4b4ea9a9-beb3-4a24-841b-5948b63b92ff,37305,tool/result,1374,
4b4ea9a9-beb3-4a24-841b-5948b63b92ff,38847,assistant/message,1535,1385
4b4ea9a9-beb3-4a24-841b-5948b63b92ff,38849,tool/result,820,
4b4ea9a9-beb3-4a24-841b-5948b63b92ff,38855,user/message,1425,
4b4ea9a9-beb3-4a24-841b-5948b63b92ff,38858,user/message,353,
4b4ea9a9-beb3-4a24-841b-5948b63b92ff,39652,assistant/message,792,609
4b4ea9a9-beb3-4a24-841b-5948b63b92ff,39654,tool/result,527,
4b4ea9a9-beb3-4a24-841b-5948b63b92ff,39657,user/message,90,
4b4ea9a9-beb3-4a24-841b-5948b63b92ff,40218,assistant/message,558,292
4b4ea9a9-beb3-4a24-841b-5948b63b92ff,40220,tool/result,954,
4b4ea9a9-beb3-4a24-841b-5948b63b92ff,41477,assistant/message,1255,1047
4b4ea9a9-beb3-4a24-841b-5948b63b92ff,41479,tool/result,312,
4b4ea9a9-beb3-4a24-841b-5948b63b92ff,41789,assistant/message,304,160
4b4ea9a9-beb3-4a24-841b-5948b63b92ff,41791,tool/result,62,
4b4ea9a9-beb3-4a24-841b-5948b63b92ff,42125,assistant/message,331,142
4b4ea9a9-beb3-4a24-841b-5948b63b92ff,42127,tool/result,498,
4b4ea9a9-beb3-4a24-841b-5948b63b92ff,42131,user/message,1594,
4b4ea9a9-beb3-4a24-841b-5948b63b92ff,42327,assistant/message,189,174
4b4ea9a9-beb3-4a24-841b-5948b63b92ff,42329,tool/result,807,
4b4ea9a9-beb3-4a24-841b-5948b63b92ff,43203,assistant/message,868,632
4b4ea9a9-beb3-4a24-841b-5948b63b92ff,43205,tool/result,295,
4b4ea9a9-beb3-4a24-841b-5948b63b92ff,43486,assistant/message,272,211
4b4ea9a9-beb3-4a24-841b-5948b63b92ff,43489,tool/result,24,
4b4ea9a9-beb3-4a24-841b-5948b63b92ff,43490,tool/result,1650,
4b4ea9a9-beb3-4a24-841b-5948b63b92ff,43803,assistant/message,304,181
4b4ea9a9-beb3-4a24-841b-5948b63b92ff,43805,tool/result,308,
4b4ea9a9-beb3-4a24-841b-5948b63b92ff,44366,assistant/message,555,461
4b4ea9a9-beb3-4a24-841b-5948b63b92ff,44368,tool/result,392,
4b4ea9a9-beb3-4a24-841b-5948b63b92ff,44372,user/message,1272,
4b4ea9a9-beb3-4a24-841b-5948b63b92ff,44375,user/message,353,
4b4ea9a9-beb3-4a24-841b-5948b63b92ff,47815,assistant/message,3433,3265
4b4ea9a9-beb3-4a24-841b-5948b63b92ff,47817,tool/result,188,
4b4ea9a9-beb3-4a24-841b-5948b63b92ff,47819,tool/result,708,
4b4ea9a9-beb3-4a24-841b-5948b63b92ff,47822,user/message,90,
4b4ea9a9-beb3-4a24-841b-5948b63b92ff,47952,assistant/message,125,62
4b4ea9a9-beb3-4a24-841b-5948b63b92ff,47954,tool/result,1684,
4b4ea9a9-beb3-4a24-841b-5948b63b92ff,50497,assistant/message,2536,2255
4b4ea9a9-beb3-4a24-841b-5948b63b92ff,50499,tool/result,328,
4b4ea9a9-beb3-4a24-841b-5948b63b92ff,50501,tool/result,3,
4b4ea9a9-beb3-4a24-841b-5948b63b92ff,50505,user/message,1388,
4b4ea9a9-beb3-4a24-841b-5948b63b92ff,50508,user/message,353,
4b4ea9a9-beb3-4a24-841b-5948b63b92ff,50958,assistant/message,444,297
4b4ea9a9-beb3-4a24-841b-5948b63b92ff,50960,tool/result,26,
4b4ea9a9-beb3-4a24-841b-5948b63b92ff,51078,assistant/message,111,59
4b4ea9a9-beb3-4a24-841b-5948b63b92ff,51080,tool/result,1054,
4b4ea9a9-beb3-4a24-841b-5948b63b92ff,51952,assistant/message,866,713
4b4ea9a9-beb3-4a24-841b-5948b63b92ff,51954,tool/result,5,
4b4ea9a9-beb3-4a24-841b-5948b63b92ff,52141,assistant/message,180,80
4b4ea9a9-beb3-4a24-841b-5948b63b92ff,52143,tool/result,157,
4b4ea9a9-beb3-4a24-841b-5948b63b92ff,52410,assistant/message,261,145
4b4ea9a9-beb3-4a24-841b-5948b63b92ff,52412,tool/result,1689,
4b4ea9a9-beb3-4a24-841b-5948b63b92ff,52416,user/message,109,
4b4ea9a9-beb3-4a24-841b-5948b63b92ff,53117,assistant/message,696,416
4b4ea9a9-beb3-4a24-841b-5948b63b92ff,53119,tool/result,162,
4b4ea9a9-beb3-4a24-841b-5948b63b92ff,53121,tool/result,3,
4b4ea9a9-beb3-4a24-841b-5948b63b92ff,53124,user/message,90,
4b4ea9a9-beb3-4a24-841b-5948b63b92ff,53409,assistant/message,279,148
4b4ea9a9-beb3-4a24-841b-5948b63b92ff,53411,tool/result,173,
4b4ea9a9-beb3-4a24-841b-5948b63b92ff,54181,assistant/message,766,500
4b4ea9a9-beb3-4a24-841b-5948b63b92ff,54183,tool/result,245,
4b4ea9a9-beb3-4a24-841b-5948b63b92ff,54185,tool/result,3,
4b4ea9a9-beb3-4a24-841b-5948b63b92ff,54470,assistant/message,279,137
4b4ea9a9-beb3-4a24-841b-5948b63b92ff,54472,tool/result,2,
4b4ea9a9-beb3-4a24-841b-5948b63b92ff,54753,assistant/message,279,165
4b4ea9a9-beb3-4a24-841b-5948b63b92ff,54755,tool/result,4,
4b4ea9a9-beb3-4a24-841b-5948b63b92ff,55192,assistant/message,428,361
4b4ea9a9-beb3-4a24-841b-5948b63b92ff,55194,tool/result,31,
4b4ea9a9-beb3-4a24-841b-5948b63b92ff,55502,assistant/message,305,206
4b4ea9a9-beb3-4a24-841b-5948b63b92ff,55504,tool/result,3,
4b4ea9a9-beb3-4a24-841b-5948b63b92ff,55760,assistant/message,254,178
4b4ea9a9-beb3-4a24-841b-5948b63b92ff,55762,tool/result,16,
4b4ea9a9-beb3-4a24-841b-5948b63b92ff,55959,assistant/message,190,92
4b4ea9a9-beb3-4a24-841b-5948b63b92ff,55961,tool/result,390,
4b4ea9a9-beb3-4a24-841b-5948b63b92ff,56346,assistant/message,379,256
4b4ea9a9-beb3-4a24-841b-5948b63b92ff,56348,tool/result,1082,
4b4ea9a9-beb3-4a24-841b-5948b63b92ff,56802,assistant/message,446,331
4b4ea9a9-beb3-4a24-841b-5948b63b92ff,56804,tool/result,1011,
4b4ea9a9-beb3-4a24-841b-5948b63b92ff,56808,user/message,874,
4b4ea9a9-beb3-4a24-841b-5948b63b92ff,56811,user/message,353,
4b4ea9a9-beb3-4a24-841b-5948b63b92ff,57989,assistant/message,1175,934
4b4ea9a9-beb3-4a24-841b-5948b63b92ff,57991,tool/result,21,
4b4ea9a9-beb3-4a24-841b-5948b63b92ff,57993,tool/result,650,
4b4ea9a9-beb3-4a24-841b-5948b63b92ff,58624,assistant/message,626,425
4b4ea9a9-beb3-4a24-841b-5948b63b92ff,58626,tool/result,42,
4b4ea9a9-beb3-4a24-841b-5948b63b92ff,58937,assistant/message,314,39
4b4ea9a9-beb3-4a24-841b-5948b63b92ff,58939,tool/result,59,
4b4ea9a9-beb3-4a24-841b-5948b63b92ff,58941,tool/result,41,
4b4ea9a9-beb3-4a24-841b-5948b63b92ff,59688,assistant/message,750,166
4b4ea9a9-beb3-4a24-841b-5948b63b92ff,59690,tool/result,97,
4b4ea9a9-beb3-4a24-841b-5948b63b92ff,59692,tool/result,97,
4b4ea9a9-beb3-4a24-841b-5948b63b92ff,60532,assistant/message,832,761
4b4ea9a9-beb3-4a24-841b-5948b63b92ff,60534,tool/result,3,
4b4ea9a9-beb3-4a24-841b-5948b63b92ff,60660,assistant/message,121,53
4b4ea9a9-beb3-4a24-841b-5948b63b92ff,60662,tool/result,179,
4b4ea9a9-beb3-4a24-841b-5948b63b92ff,60870,assistant/message,201,132
4b4ea9a9-beb3-4a24-841b-5948b63b92ff,60872,tool/result,56,
4b4ea9a9-beb3-4a24-841b-5948b63b92ff,61101,assistant/message,226,114
4b4ea9a9-beb3-4a24-841b-5948b63b92ff,61103,tool/result,181,
4b4ea9a9-beb3-4a24-841b-5948b63b92ff,61173,assistant/message,63,39
4b4ea9a9-beb3-4a24-841b-5948b63b92ff,61175,tool/result,305,
4b4ea9a9-beb3-4a24-841b-5948b63b92ff,61179,user/message,964,
4b4ea9a9-beb3-4a24-841b-5948b63b92ff,61306,assistant/message,124,96
4b4ea9a9-beb3-4a24-841b-5948b63b92ff,61308,tool/result,1425,
4b4ea9a9-beb3-4a24-841b-5948b63b92ff,61311,user/message,90,
4b4ea9a9-beb3-4a24-841b-5948b63b92ff,61561,assistant/message,249,220
4b4ea9a9-beb3-4a24-841b-5948b63b92ff,61563,tool/result,896,
4b4ea9a9-beb3-4a24-841b-5948b63b92ff,61825,assistant/message,259,161
4b4ea9a9-beb3-4a24-841b-5948b63b92ff,61827,tool/result,268,
4b4ea9a9-beb3-4a24-841b-5948b63b92ff,62427,assistant/message,611,166
4b4ea9a9-beb3-4a24-841b-5948b63b92ff,62429,tool/result,805,
4b4ea9a9-beb3-4a24-841b-5948b63b92ff,63976,assistant/message,1539,1289
4b4ea9a9-beb3-4a24-841b-5948b63b92ff,63978,tool/result,372,
4b4ea9a9-beb3-4a24-841b-5948b63b92ff,63982,user/message,1189,
4b4ea9a9-beb3-4a24-841b-5948b63b92ff,63985,user/message,353,
4b4ea9a9-beb3-4a24-841b-5948b63b92ff,64668,assistant/message,678,601
4b4ea9a9-beb3-4a24-841b-5948b63b92ff,64670,tool/result,251,
4b4ea9a9-beb3-4a24-841b-5948b63b92ff,65063,assistant/message,388,251
4b4ea9a9-beb3-4a24-841b-5948b63b92ff,65065,tool/result,106,
4b4ea9a9-beb3-4a24-841b-5948b63b92ff,65067,tool/result,3,
4b4ea9a9-beb3-4a24-841b-5948b63b92ff,65265,assistant/message,192,109
4b4ea9a9-beb3-4a24-841b-5948b63b92ff,65267,tool/result,8,
4b4ea9a9-beb3-4a24-841b-5948b63b92ff,65524,assistant/message,256,96
4b4ea9a9-beb3-4a24-841b-5948b63b92ff,65526,tool/result,832,
4b4ea9a9-beb3-4a24-841b-5948b63b92ff,67486,assistant/message,1957,1928
4b4ea9a9-beb3-4a24-841b-5948b63b92ff,67488,tool/result,674,
4b4ea9a9-beb3-4a24-841b-5948b63b92ff,68959,assistant/message,1464,1414
4b4ea9a9-beb3-4a24-841b-5948b63b92ff,68961,tool/result,62,
4b4ea9a9-beb3-4a24-841b-5948b63b92ff,68965,user/message,1262,
4b4ea9a9-beb3-4a24-841b-5948b63b92ff,71743,assistant/message,2769,919
4b94baa5-9f44-4efb-aab9-606648304e0a,8,user/message,70,
4b94baa5-9f44-4efb-aab9-606648304e0a,9,user/message,90,
4b94baa5-9f44-4efb-aab9-606648304e0a,160,assistant/message,145,88
4b94baa5-9f44-4efb-aab9-606648304e0a,162,tool/result,6419,
4b94baa5-9f44-4efb-aab9-606648304e0a,711,assistant/message,525,444
4b94baa5-9f44-4efb-aab9-606648304e0a,714,tool/result,17,
4b94baa5-9f44-4efb-aab9-606648304e0a,877,assistant/message,157,14
4b94baa5-9f44-4efb-aab9-606648304e0a,879,tool/result,110,
4b94baa5-9f44-4efb-aab9-606648304e0a,1675,assistant/message,798,576
4b94baa5-9f44-4efb-aab9-606648304e0a,1677,tool/result,101,
4b94baa5-9f44-4efb-aab9-606648304e0a,1963,assistant/message,285,49
4b94baa5-9f44-4efb-aab9-606648304e0a,1965,tool/result,57,
4b94baa5-9f44-4efb-aab9-606648304e0a,2296,assistant/message,327,144
4b94baa5-9f44-4efb-aab9-606648304e0a,2298,tool/result,972,
4b94baa5-9f44-4efb-aab9-606648304e0a,10052,assistant/message,2980,2909
4b94baa5-9f44-4efb-aab9-606648304e0a,10059,tool/result,2741,
4b94baa5-9f44-4efb-aab9-606648304e0a,10061,user/message,61,
4b94baa5-9f44-4efb-aab9-606648304e0a,12345,assistant/message,2623,303
4b94baa5-9f44-4efb-aab9-606648304e0a,12347,tool/result,42,
4b94baa5-9f44-4efb-aab9-606648304e0a,12461,assistant/message,115,40
4b94baa5-9f44-4efb-aab9-606648304e0a,12463,tool/result,26,
4b94baa5-9f44-4efb-aab9-606648304e0a,12547,assistant/message,77,40
4b94baa5-9f44-4efb-aab9-606648304e0a,12549,tool/result,1602,
4b94baa5-9f44-4efb-aab9-606648304e0a,13125,assistant/message,560,503
4b94baa5-9f44-4efb-aab9-606648304e0a,13128,tool/result,17,
4b94baa5-9f44-4efb-aab9-606648304e0a,14226,assistant/message,1089,294
4b94baa5-9f44-4efb-aab9-606648304e0a,14233,user/message,2,
4b94baa5-9f44-4efb-aab9-606648304e0a,21520,assistant/message,3274,3011
4cfc8105-a7b6-48fd-ac0b-12d5978d5396,8,user/message,37,
4cfc8105-a7b6-48fd-ac0b-12d5978d5396,9,user/message,90,
4cfc8105-a7b6-48fd-ac0b-12d5978d5396,25,assistant/message,7,0
4cfc8105-a7b6-48fd-ac0b-12d5978d5396,27,tool/result,13,
4cfc8105-a7b6-48fd-ac0b-12d5978d5396,63,assistant/message,31,0
4cfc8105-a7b6-48fd-ac0b-12d5978d5396,65,tool/result,1987,
4cfc8105-a7b6-48fd-ac0b-12d5978d5396,138,assistant/message,69,0
4cfc8105-a7b6-48fd-ac0b-12d5978d5396,140,tool/result,18,
4cfc8105-a7b6-48fd-ac0b-12d5978d5396,197,assistant/message,53,0
4cfc8105-a7b6-48fd-ac0b-12d5978d5396,199,tool/result,6,
4cfc8105-a7b6-48fd-ac0b-12d5978d5396,214,assistant/message,10,0
4cfc8105-a7b6-48fd-ac0b-12d5978d5396,216,tool/result,12,
4cfc8105-a7b6-48fd-ac0b-12d5978d5396,291,assistant/message,72,0
4cfc8105-a7b6-48fd-ac0b-12d5978d5396,293,tool/result,756,
4cfc8105-a7b6-48fd-ac0b-12d5978d5396,553,assistant/message,253,0
4e94b8e2-9dda-47fa-9517-fa24c310196b,7,user/message,16,
4e94b8e2-9dda-47fa-9517-fa24c310196b,8,user/message,90,
4e94b8e2-9dda-47fa-9517-fa24c310196b,700,assistant/message,681,366
4e94b8e2-9dda-47fa-9517-fa24c310196b,707,user/message,6,
4e94b8e2-9dda-47fa-9517-fa24c310196b,940,assistant/message,224,184
4e94b8e2-9dda-47fa-9517-fa24c310196b,942,tool/result,1230,
4e94b8e2-9dda-47fa-9517-fa24c310196b,1649,assistant/message,699,625
4e94b8e2-9dda-47fa-9517-fa24c310196b,1651,tool/result,402,
4e94b8e2-9dda-47fa-9517-fa24c310196b,1653,tool/result,439,
4e94b8e2-9dda-47fa-9517-fa24c310196b,2454,assistant/message,792,293
4f208ec8-efa4-40e6-910c-53385978ad3a,7,user/message,244,
4f208ec8-efa4-40e6-910c-53385978ad3a,8,user/message,90,
4f208ec8-efa4-40e6-910c-53385978ad3a,388,assistant/message,380,273
4f208ec8-efa4-40e6-910c-53385978ad3a,390,tool/result,4495,
4f208ec8-efa4-40e6-910c-53385978ad3a,482,assistant/message,85,19
4f208ec8-efa4-40e6-910c-53385978ad3a,484,tool/result,1974,
4f208ec8-efa4-40e6-910c-53385978ad3a,588,assistant/message,97,53
4f208ec8-efa4-40e6-910c-53385978ad3a,591,tool/result,1984,
4f208ec8-efa4-40e6-910c-53385978ad3a,592,tool/result,945,
4f208ec8-efa4-40e6-910c-53385978ad3a,697,assistant/message,99,51
4f208ec8-efa4-40e6-910c-53385978ad3a,700,tool/result,3031,
4f208ec8-efa4-40e6-910c-53385978ad3a,701,tool/result,1024,
4f208ec8-efa4-40e6-910c-53385978ad3a,3941,assistant/message,3271,3011
4f208ec8-efa4-40e6-910c-53385978ad3a,3943,tool/result,359,
4f208ec8-efa4-40e6-910c-53385978ad3a,3945,tool/result,97,
4f208ec8-efa4-40e6-910c-53385978ad3a,3948,tool/result,2712,
4f208ec8-efa4-40e6-910c-53385978ad3a,3951,user/message,2133,
4f208ec8-efa4-40e6-910c-53385978ad3a,4438,assistant/message,515,97
4f208ec8-efa4-40e6-910c-53385978ad3a,4440,tool/result,31,
4f208ec8-efa4-40e6-910c-53385978ad3a,4443,user/message,90,
4f208ec8-efa4-40e6-910c-53385978ad3a,4853,assistant/message,427,52
4f208ec8-efa4-40e6-910c-53385978ad3a,4855,tool/result,633,
4f208ec8-efa4-40e6-910c-53385978ad3a,6356,assistant/message,1548,1103
4f208ec8-efa4-40e6-910c-53385978ad3a,6358,tool/result,582,
4f208ec8-efa4-40e6-910c-53385978ad3a,6805,assistant/message,451,192
4f208ec8-efa4-40e6-910c-53385978ad3a,6807,tool/result,2704,
4f208ec8-efa4-40e6-910c-53385978ad3a,9716,assistant/message,2929,2880
4f208ec8-efa4-40e6-910c-53385978ad3a,9718,tool/result,945,
4f208ec8-efa4-40e6-910c-53385978ad3a,9721,tool/result,1692,
4f208ec8-efa4-40e6-910c-53385978ad3a,9724,user/message,2483,
4f208ec8-efa4-40e6-910c-53385978ad3a,13842,assistant/message,4383,1591
4f208ec8-efa4-40e6-910c-53385978ad3a,13844,tool/result,41,
4f208ec8-efa4-40e6-910c-53385978ad3a,13847,user/message,90,
4f208ec8-efa4-40e6-910c-53385978ad3a,16767,assistant/message,3109,890
4f208ec8-efa4-40e6-910c-53385978ad3a,16769,tool/result,25,
4f208ec8-efa4-40e6-910c-53385978ad3a,16773,user/message,2297,
4f208ec8-efa4-40e6-910c-53385978ad3a,16901,assistant/message,122,32
4f208ec8-efa4-40e6-910c-53385978ad3a,16903,tool/result,25,
4f208ec8-efa4-40e6-910c-53385978ad3a,17056,assistant/message,146,105
4f208ec8-efa4-40e6-910c-53385978ad3a,17058,tool/result,173,
4f208ec8-efa4-40e6-910c-53385978ad3a,17118,assistant/message,57,15
4f208ec8-efa4-40e6-910c-53385978ad3a,17120,tool/result,25,
4f208ec8-efa4-40e6-910c-53385978ad3a,17195,assistant/message,70,33
4f208ec8-efa4-40e6-910c-53385978ad3a,17197,tool/result,109,
4f208ec8-efa4-40e6-910c-53385978ad3a,18322,assistant/message,1117,995
4f208ec8-efa4-40e6-910c-53385978ad3a,18324,tool/result,97,
4f208ec8-efa4-40e6-910c-53385978ad3a,18480,assistant/message,147,46
4f208ec8-efa4-40e6-910c-53385978ad3a,18482,tool/result,46,
4f208ec8-efa4-40e6-910c-53385978ad3a,18701,assistant/message,231,24
4f208ec8-efa4-40e6-910c-53385978ad3a,18703,tool/result,25,
4f208ec8-efa4-40e6-910c-53385978ad3a,18771,assistant/message,65,32
4f208ec8-efa4-40e6-910c-53385978ad3a,18773,tool/result,749,
4f208ec8-efa4-40e6-910c-53385978ad3a,19467,assistant/message,735,242
4f208ec8-efa4-40e6-910c-53385978ad3a,19469,tool/result,25,
4f208ec8-efa4-40e6-910c-53385978ad3a,19742,assistant/message,266,205
4f208ec8-efa4-40e6-910c-53385978ad3a,19744,tool/result,355,
4f208ec8-efa4-40e6-910c-53385978ad3a,19837,assistant/message,86,35
4f208ec8-efa4-40e6-910c-53385978ad3a,19839,tool/result,56,
4f208ec8-efa4-40e6-910c-53385978ad3a,20584,assistant/message,743,506
4f208ec8-efa4-40e6-910c-53385978ad3a,20586,tool/result,25,
4f208ec8-efa4-40e6-910c-53385978ad3a,21081,assistant/message,496,314
4f208ec8-efa4-40e6-910c-53385978ad3a,21083,tool/result,25,
4f208ec8-efa4-40e6-910c-53385978ad3a,21647,assistant/message,558,431
4f208ec8-efa4-40e6-910c-53385978ad3a,21649,tool/result,54,
4f208ec8-efa4-40e6-910c-53385978ad3a,23087,assistant/message,1450,1196
4f208ec8-efa4-40e6-910c-53385978ad3a,23089,tool/result,25,
4f208ec8-efa4-40e6-910c-53385978ad3a,23093,user/message,2839,
4f208ec8-efa4-40e6-910c-53385978ad3a,23337,assistant/message,237,145
4f208ec8-efa4-40e6-910c-53385978ad3a,23339,tool/result,244,
4f208ec8-efa4-40e6-910c-53385978ad3a,23342,user/message,90,
4f208ec8-efa4-40e6-910c-53385978ad3a,23476,assistant/message,133,26
4f208ec8-efa4-40e6-910c-53385978ad3a,23478,tool/result,25,
4f208ec8-efa4-40e6-910c-53385978ad3a,23632,assistant/message,149,73
4f208ec8-efa4-40e6-910c-53385978ad3a,23634,tool/result,114,
4f208ec8-efa4-40e6-910c-53385978ad3a,23899,assistant/message,264,64
4f208ec8-efa4-40e6-910c-53385978ad3a,23901,tool/result,109,
4f208ec8-efa4-40e6-910c-53385978ad3a,24072,assistant/message,171,50
4f208ec8-efa4-40e6-910c-53385978ad3a,24074,tool/result,360,
4f208ec8-efa4-40e6-910c-53385978ad3a,24212,assistant/message,138,87
4f208ec8-efa4-40e6-910c-53385978ad3a,24214,tool/result,315,
4f208ec8-efa4-40e6-910c-53385978ad3a,25052,assistant/message,855,805
4f208ec8-efa4-40e6-910c-53385978ad3a,25054,tool/result,292,
4f208ec8-efa4-40e6-910c-53385978ad3a,25863,assistant/message,839,623
4f208ec8-efa4-40e6-910c-53385978ad3a,25865,tool/result,987,
4f208ec8-efa4-40e6-910c-53385978ad3a,26386,assistant/message,526,395
4f208ec8-efa4-40e6-910c-53385978ad3a,26388,tool/result,121,
4f208ec8-efa4-40e6-910c-53385978ad3a,26581,assistant/message,189,102
4f208ec8-efa4-40e6-910c-53385978ad3a,26583,tool/result,255,
4f208ec8-efa4-40e6-910c-53385978ad3a,26587,user/message,3193,
4f208ec8-efa4-40e6-910c-53385978ad3a,26920,assistant/message,325,283
4f208ec8-efa4-40e6-910c-53385978ad3a,26922,tool/result,76,
4f208ec8-efa4-40e6-910c-53385978ad3a,27445,assistant/message,524,420
4f208ec8-efa4-40e6-910c-53385978ad3a,27447,tool/result,258,
4f208ec8-efa4-40e6-910c-53385978ad3a,27631,assistant/message,179,108
4f208ec8-efa4-40e6-910c-53385978ad3a,27633,tool/result,425,
4f208ec8-efa4-40e6-910c-53385978ad3a,28689,assistant/message,1116,808
4f208ec8-efa4-40e6-910c-53385978ad3a,28691,tool/result,93,
4f208ec8-efa4-40e6-910c-53385978ad3a,29232,assistant/message,555,356
4f208ec8-efa4-40e6-910c-53385978ad3a,29234,tool/result,188,
4f208ec8-efa4-40e6-910c-53385978ad3a,29654,assistant/message,447,114
4f208ec8-efa4-40e6-910c-53385978ad3a,29656,tool/result,1083,
4f208ec8-efa4-40e6-910c-53385978ad3a,30178,assistant/message,542,224
4f208ec8-efa4-40e6-910c-53385978ad3a,30180,tool/result,44,
4f208ec8-efa4-40e6-910c-53385978ad3a,30593,assistant/message,408,245
4f208ec8-efa4-40e6-910c-53385978ad3a,30595,tool/result,814,
4f208ec8-efa4-40e6-910c-53385978ad3a,31481,assistant/message,883,733
4f208ec8-efa4-40e6-910c-53385978ad3a,31483,tool/result,63,
4f208ec8-efa4-40e6-910c-53385978ad3a,31487,user/message,3296,
4f208ec8-efa4-40e6-910c-53385978ad3a,31575,assistant/message,81,30
4f208ec8-efa4-40e6-910c-53385978ad3a,31577,tool/result,1173,
4f208ec8-efa4-40e6-910c-53385978ad3a,31580,user/message,90,
4f208ec8-efa4-40e6-910c-53385978ad3a,32282,assistant/message,715,352
4f208ec8-efa4-40e6-910c-53385978ad3a,32284,tool/result,158,
4f208ec8-efa4-40e6-910c-53385978ad3a,32972,assistant/message,687,524
4f208ec8-efa4-40e6-910c-53385978ad3a,32974,tool/result,117,
4f208ec8-efa4-40e6-910c-53385978ad3a,33162,assistant/message,189,76
4f208ec8-efa4-40e6-910c-53385978ad3a,33164,tool/result,269,
4f208ec8-efa4-40e6-910c-53385978ad3a,33604,assistant/message,451,155
4f208ec8-efa4-40e6-910c-53385978ad3a,33606,tool/result,73,
4f208ec8-efa4-40e6-910c-53385978ad3a,35082,assistant/message,1576,638
4f208ec8-efa4-40e6-910c-53385978ad3a,35084,tool/result,1131,
4f208ec8-efa4-40e6-910c-53385978ad3a,35088,user/message,3229,
4f208ec8-efa4-40e6-910c-53385978ad3a,35835,assistant/message,750,607
4f208ec8-efa4-40e6-910c-53385978ad3a,35837,tool/result,28,
4f208ec8-efa4-40e6-910c-53385978ad3a,35963,assistant/message,125,33
4f208ec8-efa4-40e6-910c-53385978ad3a,35965,tool/result,94,
4f208ec8-efa4-40e6-910c-53385978ad3a,36859,assistant/message,969,98
4f208ec8-efa4-40e6-910c-53385978ad3a,36861,tool/result,90,
4f208ec8-efa4-40e6-910c-53385978ad3a,37516,assistant/message,708,15
4f208ec8-efa4-40e6-910c-53385978ad3a,37518,tool/result,297,
4f208ec8-efa4-40e6-910c-53385978ad3a,38934,assistant/message,1509,383
4f208ec8-efa4-40e6-910c-53385978ad3a,38936,tool/result,358,
4f208ec8-efa4-40e6-910c-53385978ad3a,38940,user/message,3350,
4f208ec8-efa4-40e6-910c-53385978ad3a,39745,assistant/message,830,544
4f208ec8-efa4-40e6-910c-53385978ad3a,39747,tool/result,20,
4f208ec8-efa4-40e6-910c-53385978ad3a,39750,user/message,90,
4f208ec8-efa4-40e6-910c-53385978ad3a,41400,assistant/message,1681,1452
4f208ec8-efa4-40e6-910c-53385978ad3a,41402,tool/result,629,
4f208ec8-efa4-40e6-910c-53385978ad3a,43773,assistant/message,2417,1897
4f208ec8-efa4-40e6-910c-53385978ad3a,43775,tool/result,343,
4f208ec8-efa4-40e6-910c-53385978ad3a,43779,user/message,3613,
4f208ec8-efa4-40e6-910c-53385978ad3a,44240,assistant/message,476,262
4f208ec8-efa4-40e6-910c-53385978ad3a,44242,tool/result,330,
4f208ec8-efa4-40e6-910c-53385978ad3a,44819,assistant/message,589,383
4f208ec8-efa4-40e6-910c-53385978ad3a,44821,tool/result,951,
4f208ec8-efa4-40e6-910c-53385978ad3a,46729,assistant/message,1923,1757
4f208ec8-efa4-40e6-910c-53385978ad3a,46731,tool/result,375,
4f208ec8-efa4-40e6-910c-53385978ad3a,47809,assistant/message,1091,924
4f208ec8-efa4-40e6-910c-53385978ad3a,47811,tool/result,453,
4f208ec8-efa4-40e6-910c-53385978ad3a,47815,user/message,4151,
4f208ec8-efa4-40e6-910c-53385978ad3a,49698,assistant/message,1913,1648
4f208ec8-efa4-40e6-910c-53385978ad3a,49700,tool/result,252,
4f208ec8-efa4-40e6-910c-53385978ad3a,49704,user/message,4332,
4f208ec8-efa4-40e6-910c-53385978ad3a,49707,user/message,90,
4f208ec8-efa4-40e6-910c-53385978ad3a,50416,assistant/message,733,456
4f208ec8-efa4-40e6-910c-53385978ad3a,50418,tool/result,3903,
4f208ec8-efa4-40e6-910c-53385978ad3a,51721,assistant/message,1314,1227
4f208ec8-efa4-40e6-910c-53385978ad3a,51723,tool/result,412,
4f208ec8-efa4-40e6-910c-53385978ad3a,51726,tool/result,1820,
4f208ec8-efa4-40e6-910c-53385978ad3a,51729,user/message,4215,
4f208ec8-efa4-40e6-910c-53385978ad3a,52108,assistant/message,409,58
4f208ec8-efa4-40e6-910c-53385978ad3a,52110,tool/result,6,
4f208ec8-efa4-40e6-910c-53385978ad3a,52487,assistant/message,396,98
4f208ec8-efa4-40e6-910c-53385978ad3a,52489,tool/result,1401,
4f208ec8-efa4-40e6-910c-53385978ad3a,52746,assistant/message,270,67
4f208ec8-efa4-40e6-910c-53385978ad3a,52748,tool/result,2570,
4f208ec8-efa4-40e6-910c-53385978ad3a,53621,assistant/message,897,676
4f208ec8-efa4-40e6-910c-53385978ad3a,53623,tool/result,1496,
4f208ec8-efa4-40e6-910c-53385978ad3a,53627,user/message,4703,
4f208ec8-efa4-40e6-910c-53385978ad3a,56086,assistant/message,2509,2333
4f208ec8-efa4-40e6-910c-53385978ad3a,56088,tool/result,1174,
4f208ec8-efa4-40e6-910c-53385978ad3a,56092,user/message,5187,
4f208ec8-efa4-40e6-910c-53385978ad3a,56095,user/message,90,
4f208ec8-efa4-40e6-910c-53385978ad3a,59123,assistant/message,3044,2920
4f208ec8-efa4-40e6-910c-53385978ad3a,59125,tool/result,3,
4f208ec8-efa4-40e6-910c-53385978ad3a,59249,assistant/message,115,35
4f208ec8-efa4-40e6-910c-53385978ad3a,59251,tool/result,399,
4f208ec8-efa4-40e6-910c-53385978ad3a,59255,user/message,4275,
4f208ec8-efa4-40e6-910c-53385978ad3a,59390,assistant/message,129,82
4f208ec8-efa4-40e6-910c-53385978ad3a,59392,tool/result,7,
4f208ec8-efa4-40e6-910c-53385978ad3a,59782,assistant/message,412,41
4f208ec8-efa4-40e6-910c-53385978ad3a,59784,tool/result,168,
4f208ec8-efa4-40e6-910c-53385978ad3a,61722,assistant/message,1975,1724
4f208ec8-efa4-40e6-910c-53385978ad3a,61724,tool/result,60,
4f208ec8-efa4-40e6-910c-53385978ad3a,61881,assistant/message,163,27
4f208ec8-efa4-40e6-910c-53385978ad3a,61883,tool/result,155,
4f208ec8-efa4-40e6-910c-53385978ad3a,62143,assistant/message,271,42
4f208ec8-efa4-40e6-910c-53385978ad3a,62145,tool/result,44,
4f208ec8-efa4-40e6-910c-53385978ad3a,62385,assistant/message,250,22
4f208ec8-efa4-40e6-910c-53385978ad3a,62387,tool/result,181,
4f208ec8-efa4-40e6-910c-53385978ad3a,62673,assistant/message,297,79
4f208ec8-efa4-40e6-910c-53385978ad3a,62675,tool/result,91,
4f208ec8-efa4-40e6-910c-53385978ad3a,62920,assistant/message,256,41
4f208ec8-efa4-40e6-910c-53385978ad3a,62922,tool/result,521,
4f208ec8-efa4-40e6-910c-53385978ad3a,64683,assistant/message,1764,1645
4f208ec8-efa4-40e6-910c-53385978ad3a,64685,tool/result,69,
4f208ec8-efa4-40e6-910c-53385978ad3a,64689,user/message,4293,
4f208ec8-efa4-40e6-910c-53385978ad3a,66909,assistant/message,2282,1592
4f208ec8-efa4-40e6-910c-53385978ad3a,66911,tool/result,51,
4f208ec8-efa4-40e6-910c-53385978ad3a,66914,user/message,90,
4f208ec8-efa4-40e6-910c-53385978ad3a,67057,assistant/message,141,16
4f208ec8-efa4-40e6-910c-53385978ad3a,67059,tool/result,214,
4f208ec8-efa4-40e6-910c-53385978ad3a,68487,assistant/message,1585,64
4f208ec8-efa4-40e6-910c-53385978ad3a,68489,tool/result,88,
4f208ec8-efa4-40e6-910c-53385978ad3a,68879,assistant/message,419,105
4f208ec8-efa4-40e6-910c-53385978ad3a,68881,tool/result,2542,
4f208ec8-efa4-40e6-910c-53385978ad3a,68885,user/message,4752,
4f208ec8-efa4-40e6-910c-53385978ad3a,71856,assistant/message,3135,1600
4f208ec8-efa4-40e6-910c-53385978ad3a,71858,tool/result,100,
4f208ec8-efa4-40e6-910c-53385978ad3a,71862,user/message,4251,
4f208ec8-efa4-40e6-910c-53385978ad3a,72232,assistant/message,396,32
4f208ec8-efa4-40e6-910c-53385978ad3a,72234,tool/result,665,
4f208ec8-efa4-40e6-910c-53385978ad3a,72237,user/message,90,
4f208ec8-efa4-40e6-910c-53385978ad3a,75432,assistant/message,3334,1969
4f208ec8-efa4-40e6-910c-53385978ad3a,75434,tool/result,1106,
4f208ec8-efa4-40e6-910c-53385978ad3a,75438,user/message,4564,
4f208ec8-efa4-40e6-910c-53385978ad3a,77060,assistant/message,1689,1080
4f208ec8-efa4-40e6-910c-53385978ad3a,77062,tool/result,867,
4f208ec8-efa4-40e6-910c-53385978ad3a,79879,assistant/message,2849,2591
4f208ec8-efa4-40e6-910c-53385978ad3a,79881,tool/result,988,
4f208ec8-efa4-40e6-910c-53385978ad3a,79885,user/message,4757,
4f208ec8-efa4-40e6-910c-53385978ad3a,80511,assistant/message,636,340
4f208ec8-efa4-40e6-910c-53385978ad3a,80513,tool/result,43,
4f208ec8-efa4-40e6-910c-53385978ad3a,80516,user/message,90,
4f208ec8-efa4-40e6-910c-53385978ad3a,80731,assistant/message,229,30
4f208ec8-efa4-40e6-910c-53385978ad3a,80733,tool/result,348,
4f208ec8-efa4-40e6-910c-53385978ad3a,83092,assistant/message,2366,2259
4f208ec8-efa4-40e6-910c-53385978ad3a,83094,tool/result,785,
4f208ec8-efa4-40e6-910c-53385978ad3a,83098,user/message,3696,
4f208ec8-efa4-40e6-910c-53385978ad3a,83171,assistant/message,67,35
4f208ec8-efa4-40e6-910c-53385978ad3a,83173,tool/result,3,
4f208ec8-efa4-40e6-910c-53385978ad3a,84623,assistant/message,1551,527
4f208ec8-efa4-40e6-910c-53385978ad3a,84625,tool/result,40,
4f208ec8-efa4-40e6-910c-53385978ad3a,85622,assistant/message,1090,134
4f208ec8-efa4-40e6-910c-53385978ad3a,85624,tool/result,40,
4f208ec8-efa4-40e6-910c-53385978ad3a,85761,assistant/message,133,12
4f208ec8-efa4-40e6-910c-53385978ad3a,85763,tool/result,259,
4f208ec8-efa4-40e6-910c-53385978ad3a,86296,assistant/message,586,60
4f208ec8-efa4-40e6-910c-53385978ad3a,86298,tool/result,615,
4f208ec8-efa4-40e6-910c-53385978ad3a,87225,assistant/message,958,572
4f208ec8-efa4-40e6-910c-53385978ad3a,87227,tool/result,1730,
4f208ec8-efa4-40e6-910c-53385978ad3a,87231,user/message,4074,
4f208ec8-efa4-40e6-910c-53385978ad3a,90378,assistant/message,3196,2862
4f208ec8-efa4-40e6-910c-53385978ad3a,90380,tool/result,481,
4f208ec8-efa4-40e6-910c-53385978ad3a,90384,user/message,4057,
4f208ec8-efa4-40e6-910c-53385978ad3a,90387,user/message,90,
4f208ec8-efa4-40e6-910c-53385978ad3a,92168,assistant/message,1787,740
4f208ec8-efa4-40e6-910c-53385978ad3a,92170,tool/result,18,
4f208ec8-efa4-40e6-910c-53385978ad3a,92667,assistant/message,496,438
4f208ec8-efa4-40e6-910c-53385978ad3a,92669,tool/result,3572,
4f208ec8-efa4-40e6-910c-53385978ad3a,95062,assistant/message,2417,2062
4f208ec8-efa4-40e6-910c-53385978ad3a,95064,tool/result,25,
4f208ec8-efa4-40e6-910c-53385978ad3a,95067,tool/result,2047,
4f208ec8-efa4-40e6-910c-53385978ad3a,95070,user/message,3101,
4f208ec8-efa4-40e6-910c-53385978ad3a,95651,assistant/message,623,13
4f208ec8-efa4-40e6-910c-53385978ad3a,95653,tool/result,25,
4f208ec8-efa4-40e6-910c-53385978ad3a,95744,assistant/message,88,54
4f208ec8-efa4-40e6-910c-53385978ad3a,95746,tool/result,2098,
4f208ec8-efa4-40e6-910c-53385978ad3a,96038,assistant/message,304,53
4f208ec8-efa4-40e6-910c-53385978ad3a,96040,tool/result,25,
4f208ec8-efa4-40e6-910c-53385978ad3a,97269,assistant/message,1259,646
4f208ec8-efa4-40e6-910c-53385978ad3a,97271,tool/result,25,
4f208ec8-efa4-40e6-910c-53385978ad3a,97275,user/message,2986,
4f208ec8-efa4-40e6-910c-53385978ad3a,97502,assistant/message,218,120
4f208ec8-efa4-40e6-910c-53385978ad3a,97504,tool/result,72,
4f208ec8-efa4-40e6-910c-53385978ad3a,97507,user/message,90,
4f208ec8-efa4-40e6-910c-53385978ad3a,97590,assistant/message,76,18
4f208ec8-efa4-40e6-910c-53385978ad3a,97592,tool/result,123,
4f208ec8-efa4-40e6-910c-53385978ad3a,97903,assistant/message,304,176
4f208ec8-efa4-40e6-910c-53385978ad3a,97905,tool/result,145,
4f208ec8-efa4-40e6-910c-53385978ad3a,98817,assistant/message,971,247
4f208ec8-efa4-40e6-910c-53385978ad3a,98819,tool/result,84,
4f208ec8-efa4-40e6-910c-53385978ad3a,99493,assistant/message,719,262
4f208ec8-efa4-40e6-910c-53385978ad3a,99495,tool/result,3,
4f208ec8-efa4-40e6-910c-53385978ad3a,100047,assistant/message,588,133
4f208ec8-efa4-40e6-910c-53385978ad3a,100049,tool/result,480,
4f208ec8-efa4-40e6-910c-53385978ad3a,101153,assistant/message,1166,589
4f208ec8-efa4-40e6-910c-53385978ad3a,101155,tool/result,155,
4f208ec8-efa4-40e6-910c-53385978ad3a,101159,user/message,2715,
4f208ec8-efa4-40e6-910c-53385978ad3a,101441,assistant/message,296,69
4f208ec8-efa4-40e6-910c-53385978ad3a,101443,tool/result,164,
4f208ec8-efa4-40e6-910c-53385978ad3a,101954,assistant/message,548,69
4f208ec8-efa4-40e6-910c-53385978ad3a,101956,tool/result,143,
4f208ec8-efa4-40e6-910c-53385978ad3a,102109,assistant/message,155,25
4f208ec8-efa4-40e6-910c-53385978ad3a,102111,tool/result,22,
4f208ec8-efa4-40e6-910c-53385978ad3a,102625,assistant/message,564,33
4f208ec8-efa4-40e6-910c-53385978ad3a,102627,tool/result,1155,
4f208ec8-efa4-40e6-910c-53385978ad3a,103447,assistant/message,864,337
4f208ec8-efa4-40e6-910c-53385978ad3a,103449,tool/result,927,
4f208ec8-efa4-40e6-910c-53385978ad3a,103647,assistant/message,204,24
4f208ec8-efa4-40e6-910c-53385978ad3a,103649,tool/result,855,
4f208ec8-efa4-40e6-910c-53385978ad3a,104558,assistant/message,952,452
4f208ec8-efa4-40e6-910c-53385978ad3a,104560,tool/result,232,
4f208ec8-efa4-40e6-910c-53385978ad3a,105376,assistant/message,854,415
4f208ec8-efa4-40e6-910c-53385978ad3a,105378,tool/result,14613,
4f208ec8-efa4-40e6-910c-53385978ad3a,105381,tool/result,4409,
4f208ec8-efa4-40e6-910c-53385978ad3a,105384,user/message,2788,
4f208ec8-efa4-40e6-910c-53385978ad3a,107724,assistant/message,2414,1847
4f208ec8-efa4-40e6-910c-53385978ad3a,107726,tool/result,2557,
4f208ec8-efa4-40e6-910c-53385978ad3a,107730,user/message,3074,
4f208ec8-efa4-40e6-910c-53385978ad3a,107733,user/message,90,
4f208ec8-efa4-40e6-910c-53385978ad3a,110663,assistant/message,3057,1541
4f208ec8-efa4-40e6-910c-53385978ad3a,110665,tool/result,83,
4f208ec8-efa4-40e6-910c-53385978ad3a,110669,user/message,3009,
4f208ec8-efa4-40e6-910c-53385978ad3a,112298,assistant/message,1739,275
4f208ec8-efa4-40e6-910c-53385978ad3a,112300,tool/result,898,
4f208ec8-efa4-40e6-910c-53385978ad3a,112310,user/message,3259,
4f208ec8-efa4-40e6-910c-53385978ad3a,112313,user/message,131,
4f208ec8-efa4-40e6-910c-53385978ad3a,112640,assistant/message,323,233
4f208ec8-efa4-40e6-910c-53385978ad3a,112642,tool/result,1408,
4f208ec8-efa4-40e6-910c-53385978ad3a,113724,assistant/message,1101,717
4f208ec8-efa4-40e6-910c-53385978ad3a,113726,tool/result,192,
4f208ec8-efa4-40e6-910c-53385978ad3a,113730,user/message,3428,
4f208ec8-efa4-40e6-910c-53385978ad3a,114210,assistant/message,474,450
4f208ec8-efa4-40e6-910c-53385978ad3a,114212,tool/result,1153,
4f208ec8-efa4-40e6-910c-53385978ad3a,114215,user/message,90,
4f208ec8-efa4-40e6-910c-53385978ad3a,115509,assistant/message,1307,904
4f208ec8-efa4-40e6-910c-53385978ad3a,115511,tool/result,405,
4f208ec8-efa4-40e6-910c-53385978ad3a,115905,assistant/message,401,120
4f208ec8-efa4-40e6-910c-53385978ad3a,115907,tool/result,215,
4f208ec8-efa4-40e6-910c-53385978ad3a,118396,assistant/message,2540,1479
4f208ec8-efa4-40e6-910c-53385978ad3a,118398,tool/result,43,
4f208ec8-efa4-40e6-910c-53385978ad3a,118402,user/message,2264,
4f208ec8-efa4-40e6-910c-53385978ad3a,118637,assistant/message,227,87
4f208ec8-efa4-40e6-910c-53385978ad3a,118645,user/message,59,
4f208ec8-efa4-40e6-910c-53385978ad3a,118845,assistant/message,204,86
4f208ec8-efa4-40e6-910c-53385978ad3a,118847,tool/result,590,
4f208ec8-efa4-40e6-910c-53385978ad3a,119321,assistant/message,492,191
4f208ec8-efa4-40e6-910c-53385978ad3a,119323,tool/result,138,
4f208ec8-efa4-40e6-910c-53385978ad3a,119995,assistant/message,663,356
4f208ec8-efa4-40e6-910c-53385978ad3a,120002,user/message,52,
4f208ec8-efa4-40e6-910c-53385978ad3a,120195,assistant/message,188,141
4f208ec8-efa4-40e6-910c-53385978ad3a,120197,tool/result,1023,
4f208ec8-efa4-40e6-910c-53385978ad3a,121078,assistant/message,460,430
505aceb5-00e2-4dec-9755-40b76af12880,7,user/message,24,
505aceb5-00e2-4dec-9755-40b76af12880,8,user/message,276,
505aceb5-00e2-4dec-9755-40b76af12880,9,user/message,90,
505aceb5-00e2-4dec-9755-40b76af12880,88,assistant/message,71,43
505aceb5-00e2-4dec-9755-40b76af12880,90,tool/result,22,
505aceb5-00e2-4dec-9755-40b76af12880,288,assistant/message,189,98
527ff322-9c16-432d-b377-0bef48693e20,7,user/message,256,
527ff322-9c16-432d-b377-0bef48693e20,8,user/message,222,
527ff322-9c16-432d-b377-0bef48693e20,9,user/message,90,
527ff322-9c16-432d-b377-0bef48693e20,417,assistant/message,399,217
527ff322-9c16-432d-b377-0bef48693e20,419,tool/result,15,
527ff322-9c16-432d-b377-0bef48693e20,421,tool/result,15,
527ff322-9c16-432d-b377-0bef48693e20,423,tool/result,68,
527ff322-9c16-432d-b377-0bef48693e20,425,tool/result,106,
527ff322-9c16-432d-b377-0bef48693e20,785,assistant/message,353,156
527ff322-9c16-432d-b377-0bef48693e20,787,tool/result,546,
527ff322-9c16-432d-b377-0bef48693e20,789,tool/result,483,
527ff322-9c16-432d-b377-0bef48693e20,791,tool/result,2391,
527ff322-9c16-432d-b377-0bef48693e20,3443,assistant/message,2653,2204
527ff322-9c16-432d-b377-0bef48693e20,3445,tool/result,610,
527ff322-9c16-432d-b377-0bef48693e20,3447,tool/result,14,
527ff322-9c16-432d-b377-0bef48693e20,3449,tool/result,397,
527ff322-9c16-432d-b377-0bef48693e20,3451,tool/result,777,
527ff322-9c16-432d-b377-0bef48693e20,8093,assistant/message,4647,3906
527ff322-9c16-432d-b377-0bef48693e20,8095,tool/result,240,
527ff322-9c16-432d-b377-0bef48693e20,8097,tool/result,1871,
527ff322-9c16-432d-b377-0bef48693e20,8099,tool/result,646,
527ff322-9c16-432d-b377-0bef48693e20,8101,tool/result,119,
527ff322-9c16-432d-b377-0bef48693e20,13303,assistant/message,5201,4670
527ff322-9c16-432d-b377-0bef48693e20,13305,tool/result,361,
527ff322-9c16-432d-b377-0bef48693e20,13307,tool/result,184,
527ff322-9c16-432d-b377-0bef48693e20,13309,tool/result,18,
527ff322-9c16-432d-b377-0bef48693e20,13311,tool/result,25,
527ff322-9c16-432d-b377-0bef48693e20,16142,assistant/message,2834,2357
527ff322-9c16-432d-b377-0bef48693e20,16144,tool/result,451,
527ff322-9c16-432d-b377-0bef48693e20,16146,tool/result,1181,
527ff322-9c16-432d-b377-0bef48693e20,16148,tool/result,16542,
527ff322-9c16-432d-b377-0bef48693e20,16151,tool/result,1598,
528ba60c-6452-490f-aa70-c3cd751836a4,7,user/message,39,
528ba60c-6452-490f-aa70-c3cd751836a4,84,assistant/message,70,48
528ba60c-6452-490f-aa70-c3cd751836a4,86,tool/result,5940,
528ba60c-6452-490f-aa70-c3cd751836a4,143,assistant/message,49,23
528ba60c-6452-490f-aa70-c3cd751836a4,145,tool/result,180,
528ba60c-6452-490f-aa70-c3cd751836a4,299,assistant/message,149,116
528ba60c-6452-490f-aa70-c3cd751836a4,301,tool/result,1857,
528ba60c-6452-490f-aa70-c3cd751836a4,363,assistant/message,57,22
528ba60c-6452-490f-aa70-c3cd751836a4,365,tool/result,927,
528ba60c-6452-490f-aa70-c3cd751836a4,3367,assistant/message,2993,2408
5457abbd-74d6-4949-a461-a6981ad50d4c,8,user/message,9,
5457abbd-74d6-4949-a461-a6981ad50d4c,9,user/message,354,
5457abbd-74d6-4949-a461-a6981ad50d4c,10,user/message,90,
5457abbd-74d6-4949-a461-a6981ad50d4c,15,assistant/message,93,79
5457abbd-74d6-4949-a461-a6981ad50d4c,17,tool/result,1091,
5457abbd-74d6-4949-a461-a6981ad50d4c,20,assistant/message,297,74
5457abbd-74d6-4949-a461-a6981ad50d4c,27,user/message,8,
5457abbd-74d6-4949-a461-a6981ad50d4c,28,assistant/message,266,123
5457abbd-74d6-4949-a461-a6981ad50d4c,35,user/message,25,
5457abbd-74d6-4949-a461-a6981ad50d4c,36,assistant/message,205,97
5457abbd-74d6-4949-a461-a6981ad50d4c,38,tool/result,241,
5457abbd-74d6-4949-a461-a6981ad50d4c,40,tool/result,268,
5457abbd-74d6-4949-a461-a6981ad50d4c,43,assistant/message,374,118
5457abbd-74d6-4949-a461-a6981ad50d4c,45,tool/result,159,
5457abbd-74d6-4949-a461-a6981ad50d4c,47,tool/result,360,
5457abbd-74d6-4949-a461-a6981ad50d4c,50,assistant/message,350,81
5457abbd-74d6-4949-a461-a6981ad50d4c,52,tool/result,90,
5457abbd-74d6-4949-a461-a6981ad50d4c,54,tool/result,202,
5457abbd-74d6-4949-a461-a6981ad50d4c,57,assistant/message,303,58
5457abbd-74d6-4949-a461-a6981ad50d4c,59,tool/result,256,
5457abbd-74d6-4949-a461-a6981ad50d4c,61,tool/result,660,
5457abbd-74d6-4949-a461-a6981ad50d4c,64,assistant/message,1203,1046
5457abbd-74d6-4949-a461-a6981ad50d4c,66,tool/result,688,
5457abbd-74d6-4949-a461-a6981ad50d4c,69,assistant/message,1389,599
5457abbd-74d6-4949-a461-a6981ad50d4c,76,user/message,33,
5457abbd-74d6-4949-a461-a6981ad50d4c,77,assistant/message,972,879
5457abbd-74d6-4949-a461-a6981ad50d4c,80,tool/result,17,
5457abbd-74d6-4949-a461-a6981ad50d4c,83,assistant/message,841,749
5457abbd-74d6-4949-a461-a6981ad50d4c,85,tool/result,118,
5457abbd-74d6-4949-a461-a6981ad50d4c,87,tool/result,54,
5457abbd-74d6-4949-a461-a6981ad50d4c,90,assistant/message,1358,1078
5457abbd-74d6-4949-a461-a6981ad50d4c,94,tool/result,57,
5457abbd-74d6-4949-a461-a6981ad50d4c,96,tool/result,241,
5457abbd-74d6-4949-a461-a6981ad50d4c,98,tool/result,30,
5457abbd-74d6-4949-a461-a6981ad50d4c,100,tool/result,141,
5457abbd-74d6-4949-a461-a6981ad50d4c,103,assistant/message,777,659
5457abbd-74d6-4949-a461-a6981ad50d4c,107,tool/result,2,
5457abbd-74d6-4949-a461-a6981ad50d4c,110,assistant/message,139,60
5457abbd-74d6-4949-a461-a6981ad50d4c,112,tool/result,86,
5457abbd-74d6-4949-a461-a6981ad50d4c,115,assistant/message,460,337
5457abbd-74d6-4949-a461-a6981ad50d4c,118,tool/result,17,
5457abbd-74d6-4949-a461-a6981ad50d4c,121,assistant/message,519,132
5457abbd-74d6-4949-a461-a6981ad50d4c,128,user/message,19,
5457abbd-74d6-4949-a461-a6981ad50d4c,129,assistant/message,239,95
5457abbd-74d6-4949-a461-a6981ad50d4c,131,tool/result,175,
5457abbd-74d6-4949-a461-a6981ad50d4c,133,tool/result,200,
5457abbd-74d6-4949-a461-a6981ad50d4c,136,assistant/message,555,150
5457abbd-74d6-4949-a461-a6981ad50d4c,138,tool/result,60,
5457abbd-74d6-4949-a461-a6981ad50d4c,140,tool/result,188,
5457abbd-74d6-4949-a461-a6981ad50d4c,143,assistant/message,293,172
5457abbd-74d6-4949-a461-a6981ad50d4c,145,tool/result,320,
5457abbd-74d6-4949-a461-a6981ad50d4c,148,assistant/message,175,110
5457abbd-74d6-4949-a461-a6981ad50d4c,150,tool/result,678,
5457abbd-74d6-4949-a461-a6981ad50d4c,154,user/message,1843,
5457abbd-74d6-4949-a461-a6981ad50d4c,157,user/message,354,
5457abbd-74d6-4949-a461-a6981ad50d4c,159,assistant/message,1095,485
5457abbd-74d6-4949-a461-a6981ad50d4c,166,user/message,15,
5457abbd-74d6-4949-a461-a6981ad50d4c,167,user/message,90,
5457abbd-74d6-4949-a461-a6981ad50d4c,168,assistant/message,341,147
5457abbd-74d6-4949-a461-a6981ad50d4c,175,user/message,16,
5457abbd-74d6-4949-a461-a6981ad50d4c,176,assistant/message,205,131
5457abbd-74d6-4949-a461-a6981ad50d4c,178,tool/result,6381,
5457abbd-74d6-4949-a461-a6981ad50d4c,181,assistant/message,125,17
5457abbd-74d6-4949-a461-a6981ad50d4c,185,tool/result,2,
5457abbd-74d6-4949-a461-a6981ad50d4c,188,tool/result,1625,
5457abbd-74d6-4949-a461-a6981ad50d4c,191,assistant/message,86,24
5457abbd-74d6-4949-a461-a6981ad50d4c,193,tool/result,281,
5457abbd-74d6-4949-a461-a6981ad50d4c,196,assistant/message,300,93
5457abbd-74d6-4949-a461-a6981ad50d4c,203,user/message,7,
5457abbd-74d6-4949-a461-a6981ad50d4c,204,assistant/message,192,30
5457abbd-74d6-4949-a461-a6981ad50d4c,211,user/message,6,
5457abbd-74d6-4949-a461-a6981ad50d4c,212,assistant/message,154,19
5457abbd-74d6-4949-a461-a6981ad50d4c,214,tool/result,1401,
5457abbd-74d6-4949-a461-a6981ad50d4c,217,assistant/message,682,352
5457abbd-74d6-4949-a461-a6981ad50d4c,224,user/message,18,
5457abbd-74d6-4949-a461-a6981ad50d4c,225,assistant/message,291,171
5457abbd-74d6-4949-a461-a6981ad50d4c,227,tool/result,115,
5457abbd-74d6-4949-a461-a6981ad50d4c,230,assistant/message,275,153
5457abbd-74d6-4949-a461-a6981ad50d4c,232,tool/result,178,
5457abbd-74d6-4949-a461-a6981ad50d4c,236,user/message,1824,
5457abbd-74d6-4949-a461-a6981ad50d4c,240,assistant/message,255,172
5457abbd-74d6-4949-a461-a6981ad50d4c,242,tool/result,8516,
5457abbd-74d6-4949-a461-a6981ad50d4c,245,assistant/message,104,16
5457abbd-74d6-4949-a461-a6981ad50d4c,249,tool/result,2,
5457abbd-74d6-4949-a461-a6981ad50d4c,252,tool/result,2094,
5457abbd-74d6-4949-a461-a6981ad50d4c,255,assistant/message,72,19
5457abbd-74d6-4949-a461-a6981ad50d4c,257,tool/result,89,
5457abbd-74d6-4949-a461-a6981ad50d4c,260,assistant/message,225,51
5457abbd-74d6-4949-a461-a6981ad50d4c,267,user/message,11,
5457abbd-74d6-4949-a461-a6981ad50d4c,268,assistant/message,404,382
5457abbd-74d6-4949-a461-a6981ad50d4c,275,user/message,5,
5457abbd-74d6-4949-a461-a6981ad50d4c,276,assistant/message,296,126
5539bf89-e59c-4e37-92c8-a3181269c8ad,9,user/message,67,
5539bf89-e59c-4e37-92c8-a3181269c8ad,10,user/message,90,
5539bf89-e59c-4e37-92c8-a3181269c8ad,166,assistant/message,143,98
5539bf89-e59c-4e37-92c8-a3181269c8ad,168,tool/result,8,
5539bf89-e59c-4e37-92c8-a3181269c8ad,170,tool/result,9,
5539bf89-e59c-4e37-92c8-a3181269c8ad,172,tool/result,9,
5539bf89-e59c-4e37-92c8-a3181269c8ad,174,tool/result,7,
5539bf89-e59c-4e37-92c8-a3181269c8ad,255,assistant/message,74,30
5539bf89-e59c-4e37-92c8-a3181269c8ad,259,tool/result,4124,
5539bf89-e59c-4e37-92c8-a3181269c8ad,260,tool/result,3031,
5539bf89-e59c-4e37-92c8-a3181269c8ad,261,tool/result,1024,
5539bf89-e59c-4e37-92c8-a3181269c8ad,414,assistant/message,144,85
5539bf89-e59c-4e37-92c8-a3181269c8ad,417,tool/result,1984,
5539bf89-e59c-4e37-92c8-a3181269c8ad,418,tool/result,945,
5539bf89-e59c-4e37-92c8-a3181269c8ad,5349,assistant/message,4923,2703
5539bf89-e59c-4e37-92c8-a3181269c8ad,5356,user/message,52,
5539bf89-e59c-4e37-92c8-a3181269c8ad,6104,assistant/message,742,664
5539bf89-e59c-4e37-92c8-a3181269c8ad,6106,tool/result,50,
5539bf89-e59c-4e37-92c8-a3181269c8ad,6108,tool/result,4163,
5539bf89-e59c-4e37-92c8-a3181269c8ad,6111,tool/result,2041,
5539bf89-e59c-4e37-92c8-a3181269c8ad,9175,assistant/message,3056,3011
5539bf89-e59c-4e37-92c8-a3181269c8ad,9177,tool/result,414,
5539bf89-e59c-4e37-92c8-a3181269c8ad,9319,assistant/message,132,91
5539bf89-e59c-4e37-92c8-a3181269c8ad,9321,tool/result,3393,
5539bf89-e59c-4e37-92c8-a3181269c8ad,9324,tool/result,1750,
574d27d8-1ff3-41a8-b2b6-4b5c7c4d2abc,7,user/message,82,
574d27d8-1ff3-41a8-b2b6-4b5c7c4d2abc,8,user/message,90,
574d27d8-1ff3-41a8-b2b6-4b5c7c4d2abc,71,assistant/message,58,29
574d27d8-1ff3-41a8-b2b6-4b5c7c4d2abc,73,tool/result,1188,
574d27d8-1ff3-41a8-b2b6-4b5c7c4d2abc,494,assistant/message,412,30
5b2caf8f-2801-4108-afce-999f372517a6,8,user/message,11,
5b2caf8f-2801-4108-afce-999f372517a6,9,user/message,354,
5b2caf8f-2801-4108-afce-999f372517a6,10,user/message,90,
5b2caf8f-2801-4108-afce-999f372517a6,15,assistant/message,67,49
5b2caf8f-2801-4108-afce-999f372517a6,17,tool/result,983,
5b2caf8f-2801-4108-afce-999f372517a6,20,assistant/message,375,8
60ebe272-351b-419a-9b35-a833c1ec36a5,7,user/message,39,
60ebe272-351b-419a-9b35-a833c1ec36a5,106,assistant/message,89,63
60ebe272-351b-419a-9b35-a833c1ec36a5,108,tool/result,180,
60ebe272-351b-419a-9b35-a833c1ec36a5,208,assistant/message,97,29
60ebe272-351b-419a-9b35-a833c1ec36a5,210,tool/result,1695,
60ebe272-351b-419a-9b35-a833c1ec36a5,212,tool/result,46,
60ebe272-351b-419a-9b35-a833c1ec36a5,277,assistant/message,60,25
60ebe272-351b-419a-9b35-a833c1ec36a5,279,tool/result,779,
60ebe272-351b-419a-9b35-a833c1ec36a5,1961,assistant/message,1675,1605
60ebe272-351b-419a-9b35-a833c1ec36a5,1963,tool/result,236,
60ebe272-351b-419a-9b35-a833c1ec36a5,1965,tool/result,460,
60ebe272-351b-419a-9b35-a833c1ec36a5,2688,assistant/message,715,678
60ebe272-351b-419a-9b35-a833c1ec36a5,2690,tool/result,8,
60ebe272-351b-419a-9b35-a833c1ec36a5,3208,assistant/message,518,384
60ebe272-351b-419a-9b35-a833c1ec36a5,3210,tool/result,36,
60ebe272-351b-419a-9b35-a833c1ec36a5,3350,assistant/message,133,133
60ebe272-351b-419a-9b35-a833c1ec36a5,3357,user/message,1,
60ebe272-351b-419a-9b35-a833c1ec36a5,3476,assistant/message,97,97
60ebe272-351b-419a-9b35-a833c1ec36a5,3483,user/message,1,
60ebe272-351b-419a-9b35-a833c1ec36a5,3604,assistant/message,111,64
60ebe272-351b-419a-9b35-a833c1ec36a5,3611,user/message,1,
645ee3eb-2fa5-4ecd-b976-a206351e8a19,8,user/message,11,
645ee3eb-2fa5-4ecd-b976-a206351e8a19,9,user/message,354,
645ee3eb-2fa5-4ecd-b976-a206351e8a19,10,user/message,90,
645ee3eb-2fa5-4ecd-b976-a206351e8a19,15,assistant/message,106,85
645ee3eb-2fa5-4ecd-b976-a206351e8a19,17,tool/result,12,
645ee3eb-2fa5-4ecd-b976-a206351e8a19,20,assistant/message,400,216
6619ff5a-c72c-472a-8ceb-fe55aa00bd08,8,user/message,16,
6619ff5a-c72c-472a-8ceb-fe55aa00bd08,9,user/message,90,
6619ff5a-c72c-472a-8ceb-fe55aa00bd08,151,assistant/message,133,116
6619ff5a-c72c-472a-8ceb-fe55aa00bd08,153,tool/result,521,
6619ff5a-c72c-472a-8ceb-fe55aa00bd08,198,assistant/message,38,19
6619ff5a-c72c-472a-8ceb-fe55aa00bd08,200,tool/result,388,
6619ff5a-c72c-472a-8ceb-fe55aa00bd08,257,assistant/message,54,25
6619ff5a-c72c-472a-8ceb-fe55aa00bd08,259,tool/result,339,
6619ff5a-c72c-472a-8ceb-fe55aa00bd08,601,assistant/message,333,29
66207706-103d-4716-8605-26aefb01c335,7,user/message,254,
66207706-103d-4716-8605-26aefb01c335,8,user/message,157,
66207706-103d-4716-8605-26aefb01c335,9,user/message,90,
66207706-103d-4716-8605-26aefb01c335,464,assistant/message,451,111
66207706-103d-4716-8605-26aefb01c335,466,tool/result,33,
66207706-103d-4716-8605-26aefb01c335,468,tool/result,10862,
66207706-103d-4716-8605-26aefb01c335,470,tool/result,87,
66207706-103d-4716-8605-26aefb01c335,472,tool/result,3100,
66207706-103d-4716-8605-26aefb01c335,1904,assistant/message,1431,829
66207706-103d-4716-8605-26aefb01c335,1906,tool/result,29,
66207706-103d-4716-8605-26aefb01c335,1908,tool/result,541,
66207706-103d-4716-8605-26aefb01c335,1910,tool/result,2558,
66207706-103d-4716-8605-26aefb01c335,1912,tool/result,163,
66207706-103d-4716-8605-26aefb01c335,1915,tool/result,2716,
66207706-103d-4716-8605-26aefb01c335,5695,assistant/message,3805,3064
66207706-103d-4716-8605-26aefb01c335,5697,tool/result,32,
66207706-103d-4716-8605-26aefb01c335,5699,tool/result,10714,
66207706-103d-4716-8605-26aefb01c335,5701,tool/result,326,
66207706-103d-4716-8605-26aefb01c335,5703,tool/result,471,
66207706-103d-4716-8605-26aefb01c335,5706,tool/result,2595,
66207706-103d-4716-8605-26aefb01c335,5709,user/message,1578,
66207706-103d-4716-8605-26aefb01c335,5712,user/message,157,
66207706-103d-4716-8605-26aefb01c335,10754,assistant/message,5075,4224
66207706-103d-4716-8605-26aefb01c335,10756,tool/result,1273,
66207706-103d-4716-8605-26aefb01c335,10758,tool/result,404,
66207706-103d-4716-8605-26aefb01c335,10760,tool/result,391,
66207706-103d-4716-8605-26aefb01c335,10764,user/message,2428,
66207706-103d-4716-8605-26aefb01c335,10767,user/message,157,
66207706-103d-4716-8605-26aefb01c335,10768,user/message,90,
66207706-103d-4716-8605-26aefb01c335,18202,assistant/message,7471,6312
66207706-103d-4716-8605-26aefb01c335,18204,tool/result,3511,
66207706-103d-4716-8605-26aefb01c335,18206,tool/result,897,
66207706-103d-4716-8605-26aefb01c335,18208,tool/result,3053,
66207706-103d-4716-8605-26aefb01c335,18211,tool/result,1828,
66207706-103d-4716-8605-26aefb01c335,18214,user/message,3124,
66207706-103d-4716-8605-26aefb01c335,18219,user/message,157,
66207706-103d-4716-8605-26aefb01c335,26389,assistant/message,7840,7273
66207706-103d-4716-8605-26aefb01c335,26398,user/message,3,
66207706-103d-4716-8605-26aefb01c335,26399,user/message,90,
66207706-103d-4716-8605-26aefb01c335,27615,assistant/message,1276,39
66207706-103d-4716-8605-26aefb01c335,27617,tool/result,9605,
66207706-103d-4716-8605-26aefb01c335,27619,tool/result,617,
66207706-103d-4716-8605-26aefb01c335,27621,tool/result,440,
66207706-103d-4716-8605-26aefb01c335,27624,tool/result,1957,
6917975b-9b61-4930-940a-f82e62d42414,7,user/message,246,
6917975b-9b61-4930-940a-f82e62d42414,8,user/message,157,
6917975b-9b61-4930-940a-f82e62d42414,9,user/message,90,
6917975b-9b61-4930-940a-f82e62d42414,392,assistant/message,373,251
6917975b-9b61-4930-940a-f82e62d42414,394,tool/result,111,
6917975b-9b61-4930-940a-f82e62d42414,396,tool/result,542,
6917975b-9b61-4930-940a-f82e62d42414,398,tool/result,1449,
6917975b-9b61-4930-940a-f82e62d42414,847,assistant/message,440,245
6efbac01-0e49-4ee6-bb3f-3841e8acf7c2,7,user/message,63,
6efbac01-0e49-4ee6-bb3f-3841e8acf7c2,8,user/message,276,
6efbac01-0e49-4ee6-bb3f-3841e8acf7c2,9,user/message,90,
6efbac01-0e49-4ee6-bb3f-3841e8acf7c2,182,assistant/message,163,87
6efbac01-0e49-4ee6-bb3f-3841e8acf7c2,184,tool/result,31,
6efbac01-0e49-4ee6-bb3f-3841e8acf7c2,349,assistant/message,156,14
6f94755c-55cd-4ae2-97f4-8895a7eab57d,8,user/message,16,
6f94755c-55cd-4ae2-97f4-8895a7eab57d,9,user/message,90,
6f94755c-55cd-4ae2-97f4-8895a7eab57d,34,assistant/message,17,0
6f94755c-55cd-4ae2-97f4-8895a7eab57d,36,tool/result,54,
6f94755c-55cd-4ae2-97f4-8895a7eab57d,55,assistant/message,15,0
6f94755c-55cd-4ae2-97f4-8895a7eab57d,57,tool/result,237,
6f94755c-55cd-4ae2-97f4-8895a7eab57d,81,assistant/message,22,0
6f94755c-55cd-4ae2-97f4-8895a7eab57d,83,tool/result,17,
6f94755c-55cd-4ae2-97f4-8895a7eab57d,105,assistant/message,17,0
6f94755c-55cd-4ae2-97f4-8895a7eab57d,107,tool/result,54,
6f94755c-55cd-4ae2-97f4-8895a7eab57d,134,assistant/message,26,0
6f94755c-55cd-4ae2-97f4-8895a7eab57d,136,tool/result,17,
6f94755c-55cd-4ae2-97f4-8895a7eab57d,164,assistant/message,27,0
6f94755c-55cd-4ae2-97f4-8895a7eab57d,166,tool/result,17,
6f94755c-55cd-4ae2-97f4-8895a7eab57d,194,assistant/message,27,0
6f94755c-55cd-4ae2-97f4-8895a7eab57d,196,tool/result,17,
6f94755c-55cd-4ae2-97f4-8895a7eab57d,221,assistant/message,24,0
6f94755c-55cd-4ae2-97f4-8895a7eab57d,223,tool/result,17,
6f94755c-55cd-4ae2-97f4-8895a7eab57d,246,assistant/message,19,0
6f94755c-55cd-4ae2-97f4-8895a7eab57d,248,tool/result,17,
6f94755c-55cd-4ae2-97f4-8895a7eab57d,274,assistant/message,22,0
6f94755c-55cd-4ae2-97f4-8895a7eab57d,276,tool/result,17,
6f94755c-55cd-4ae2-97f4-8895a7eab57d,302,assistant/message,22,0
6f94755c-55cd-4ae2-97f4-8895a7eab57d,304,tool/result,17,
6f94755c-55cd-4ae2-97f4-8895a7eab57d,330,assistant/message,22,0
6f94755c-55cd-4ae2-97f4-8895a7eab57d,332,tool/result,17,
6f94755c-55cd-4ae2-97f4-8895a7eab57d,443,assistant/message,107,0
6f94755c-55cd-4ae2-97f4-8895a7eab57d,445,tool/result,3,
6f94755c-55cd-4ae2-97f4-8895a7eab57d,585,assistant/message,136,0
6f94755c-55cd-4ae2-97f4-8895a7eab57d,587,tool/result,1418,
6f94755c-55cd-4ae2-97f4-8895a7eab57d,742,assistant/message,150,0
6f94755c-55cd-4ae2-97f4-8895a7eab57d,744,tool/result,3,
6f94755c-55cd-4ae2-97f4-8895a7eab57d,872,assistant/message,123,0
6f94755c-55cd-4ae2-97f4-8895a7eab57d,874,tool/result,25,
6f94755c-55cd-4ae2-97f4-8895a7eab57d,1100,assistant/message,242,0
6f94755c-55cd-4ae2-97f4-8895a7eab57d,1102,tool/result,56,
6f94755c-55cd-4ae2-97f4-8895a7eab57d,1392,assistant/message,304,0
6f94755c-55cd-4ae2-97f4-8895a7eab57d,1394,tool/result,3,
6f94755c-55cd-4ae2-97f4-8895a7eab57d,1431,assistant/message,32,0
6f94755c-55cd-4ae2-97f4-8895a7eab57d,1433,tool/result,46,
6f94755c-55cd-4ae2-97f4-8895a7eab57d,1533,assistant/message,95,0
6f94755c-55cd-4ae2-97f4-8895a7eab57d,1535,tool/result,8,
6f94755c-55cd-4ae2-97f4-8895a7eab57d,1761,assistant/message,240,0
6f94755c-55cd-4ae2-97f4-8895a7eab57d,1763,tool/result,3,
6f94755c-55cd-4ae2-97f4-8895a7eab57d,1899,assistant/message,142,0
6f94755c-55cd-4ae2-97f4-8895a7eab57d,1901,tool/result,806,
6f94755c-55cd-4ae2-97f4-8895a7eab57d,2085,assistant/message,197,0
6f94755c-55cd-4ae2-97f4-8895a7eab57d,2087,tool/result,6,
6f94755c-55cd-4ae2-97f4-8895a7eab57d,2290,assistant/message,211,0
6f94755c-55cd-4ae2-97f4-8895a7eab57d,2292,tool/result,655,
6f94755c-55cd-4ae2-97f4-8895a7eab57d,2439,assistant/message,154,0
6f94755c-55cd-4ae2-97f4-8895a7eab57d,2441,tool/result,843,
6f94755c-55cd-4ae2-97f4-8895a7eab57d,2586,assistant/message,152,0
6f94755c-55cd-4ae2-97f4-8895a7eab57d,2588,tool/result,867,
6f94755c-55cd-4ae2-97f4-8895a7eab57d,2737,assistant/message,156,0
6f94755c-55cd-4ae2-97f4-8895a7eab57d,2739,tool/result,874,
6f94755c-55cd-4ae2-97f4-8895a7eab57d,2887,assistant/message,155,0
6f94755c-55cd-4ae2-97f4-8895a7eab57d,2889,tool/result,640,
6f94755c-55cd-4ae2-97f4-8895a7eab57d,3612,assistant/message,715,0
6fc2ec3e-69f2-4d06-ad18-97067528fcbb,8,user/message,16,
6fc2ec3e-69f2-4d06-ad18-97067528fcbb,9,user/message,90,
6fc2ec3e-69f2-4d06-ad18-97067528fcbb,476,assistant/message,461,387
6fc2ec3e-69f2-4d06-ad18-97067528fcbb,478,tool/result,16,
6fc2ec3e-69f2-4d06-ad18-97067528fcbb,630,assistant/message,149,85
6fc2ec3e-69f2-4d06-ad18-97067528fcbb,632,tool/result,16,
6fc2ec3e-69f2-4d06-ad18-97067528fcbb,727,assistant/message,90,71
6fc2ec3e-69f2-4d06-ad18-97067528fcbb,729,tool/result,16,
6fc2ec3e-69f2-4d06-ad18-97067528fcbb,1390,assistant/message,652,353
734d03f3-ebf7-4812-a6bc-7aa7076fbd2d,7,user/message,0,
734d03f3-ebf7-4812-a6bc-7aa7076fbd2d,8,user/message,353,
734d03f3-ebf7-4812-a6bc-7aa7076fbd2d,9,user/message,90,
734d03f3-ebf7-4812-a6bc-7aa7076fbd2d,1109,assistant/message,1091,677
734d03f3-ebf7-4812-a6bc-7aa7076fbd2d,1116,user/message,0,
74bd2620-7c51-474b-8a9d-e1c11064bc0f,7,user/message,1104,
74bd2620-7c51-474b-8a9d-e1c11064bc0f,8,user/message,90,
74bd2620-7c51-474b-8a9d-e1c11064bc0f,229,assistant/message,209,132
74bd2620-7c51-474b-8a9d-e1c11064bc0f,231,tool/result,1803,
74bd2620-7c51-474b-8a9d-e1c11064bc0f,233,tool/result,3,
74bd2620-7c51-474b-8a9d-e1c11064bc0f,235,tool/result,3,
74bd2620-7c51-474b-8a9d-e1c11064bc0f,374,assistant/message,124,48
74bd2620-7c51-474b-8a9d-e1c11064bc0f,376,tool/result,31,
74bd2620-7c51-474b-8a9d-e1c11064bc0f,378,tool/result,3,
74bd2620-7c51-474b-8a9d-e1c11064bc0f,380,tool/result,231,
74bd2620-7c51-474b-8a9d-e1c11064bc0f,382,tool/result,3,
74bd2620-7c51-474b-8a9d-e1c11064bc0f,384,tool/result,3,
74bd2620-7c51-474b-8a9d-e1c11064bc0f,386,tool/result,3,
74bd2620-7c51-474b-8a9d-e1c11064bc0f,601,assistant/message,209,88
74bd2620-7c51-474b-8a9d-e1c11064bc0f,603,tool/result,111,
74bd2620-7c51-474b-8a9d-e1c11064bc0f,605,tool/result,3,
74bd2620-7c51-474b-8a9d-e1c11064bc0f,607,tool/result,3,
74bd2620-7c51-474b-8a9d-e1c11064bc0f,609,tool/result,69,
74bd2620-7c51-474b-8a9d-e1c11064bc0f,898,assistant/message,302,145
74bd2620-7c51-474b-8a9d-e1c11064bc0f,900,tool/result,52,
74bd2620-7c51-474b-8a9d-e1c11064bc0f,957,assistant/message,50,24
74bd2620-7c51-474b-8a9d-e1c11064bc0f,959,tool/result,60,
74bd2620-7c51-474b-8a9d-e1c11064bc0f,1012,assistant/message,46,15
74bd2620-7c51-474b-8a9d-e1c11064bc0f,1014,tool/result,50,
74bd2620-7c51-474b-8a9d-e1c11064bc0f,1079,assistant/message,58,22
74bd2620-7c51-474b-8a9d-e1c11064bc0f,1081,tool/result,106,
74bd2620-7c51-474b-8a9d-e1c11064bc0f,1258,assistant/message,190,20
74bd2620-7c51-474b-8a9d-e1c11064bc0f,1260,tool/result,4620,
74bd2620-7c51-474b-8a9d-e1c11064bc0f,1876,assistant/message,590,470
74bd2620-7c51-474b-8a9d-e1c11064bc0f,1879,tool/result,17,
74bd2620-7c51-474b-8a9d-e1c11064bc0f,2228,assistant/message,18,18
74bd2620-7c51-474b-8a9d-e1c11064bc0f,2235,user/message,36,
769427df-7fa1-4431-b6d8-95479125d7d0,7,user/message,283,
769427df-7fa1-4431-b6d8-95479125d7d0,8,user/message,189,
769427df-7fa1-4431-b6d8-95479125d7d0,9,user/message,90,
769427df-7fa1-4431-b6d8-95479125d7d0,204,assistant/message,186,120
769427df-7fa1-4431-b6d8-95479125d7d0,206,tool/result,26,
769427df-7fa1-4431-b6d8-95479125d7d0,208,tool/result,546,
769427df-7fa1-4431-b6d8-95479125d7d0,684,assistant/message,468,295
769427df-7fa1-4431-b6d8-95479125d7d0,686,tool/result,166,
769427df-7fa1-4431-b6d8-95479125d7d0,688,tool/result,546,
769427df-7fa1-4431-b6d8-95479125d7d0,690,tool/result,3971,
769427df-7fa1-4431-b6d8-95479125d7d0,1448,assistant/message,749,454
769427df-7fa1-4431-b6d8-95479125d7d0,1450,tool/result,276,
769427df-7fa1-4431-b6d8-95479125d7d0,1452,tool/result,3242,
769427df-7fa1-4431-b6d8-95479125d7d0,1454,tool/result,1057,
769427df-7fa1-4431-b6d8-95479125d7d0,1456,tool/result,722,
769427df-7fa1-4431-b6d8-95479125d7d0,5011,assistant/message,3546,3275
769427df-7fa1-4431-b6d8-95479125d7d0,5013,tool/result,549,
769427df-7fa1-4431-b6d8-95479125d7d0,5015,tool/result,452,
769427df-7fa1-4431-b6d8-95479125d7d0,5017,tool/result,958,
769427df-7fa1-4431-b6d8-95479125d7d0,5019,tool/result,173,
769427df-7fa1-4431-b6d8-95479125d7d0,5023,user/message,1800,
769427df-7fa1-4431-b6d8-95479125d7d0,5026,user/message,189,
769427df-7fa1-4431-b6d8-95479125d7d0,8634,assistant/message,3605,3254
769427df-7fa1-4431-b6d8-95479125d7d0,8636,tool/result,2681,
769427df-7fa1-4431-b6d8-95479125d7d0,8638,tool/result,1014,
769427df-7fa1-4431-b6d8-95479125d7d0,8640,tool/result,1434,
769427df-7fa1-4431-b6d8-95479125d7d0,8642,tool/result,1637,
769427df-7fa1-4431-b6d8-95479125d7d0,8647,user/message,90,
769427df-7fa1-4431-b6d8-95479125d7d0,11101,assistant/message,2449,2449
769427df-7fa1-4431-b6d8-95479125d7d0,11116,user/message,1,
769427df-7fa1-4431-b6d8-95479125d7d0,13563,assistant/message,2442,2442
77c72c80-00cd-4d6d-b6bd-53c6bea41922,7,user/message,8,
77c72c80-00cd-4d6d-b6bd-53c6bea41922,8,user/message,90,
77c72c80-00cd-4d6d-b6bd-53c6bea41922,241,assistant/message,222,195
77c72c80-00cd-4d6d-b6bd-53c6bea41922,243,tool/result,976,
77c72c80-00cd-4d6d-b6bd-53c6bea41922,707,assistant/message,455,97
77c72c80-00cd-4d6d-b6bd-53c6bea41922,714,user/message,5,
77c72c80-00cd-4d6d-b6bd-53c6bea41922,788,assistant/message,67,48
77c72c80-00cd-4d6d-b6bd-53c6bea41922,795,user/message,2,
77c72c80-00cd-4d6d-b6bd-53c6bea41922,828,assistant/message,28,15
77c72c80-00cd-4d6d-b6bd-53c6bea41922,830,tool/result,24,
77c72c80-00cd-4d6d-b6bd-53c6bea41922,1158,assistant/message,319,91
79bb9b99-04ac-448b-b9ad-26c9c5f849a6,7,user/message,14,
79bb9b99-04ac-448b-b9ad-26c9c5f849a6,8,user/message,90,
79bb9b99-04ac-448b-b9ad-26c9c5f849a6,79,assistant/message,59,30
79bb9b99-04ac-448b-b9ad-26c9c5f849a6,81,tool/result,445,
79bb9b99-04ac-448b-b9ad-26c9c5f849a6,155,assistant/message,63,26
79bb9b99-04ac-448b-b9ad-26c9c5f849a6,157,tool/result,468,
79bb9b99-04ac-448b-b9ad-26c9c5f849a6,224,assistant/message,56,22
79bb9b99-04ac-448b-b9ad-26c9c5f849a6,226,tool/result,475,
79bb9b99-04ac-448b-b9ad-26c9c5f849a6,288,assistant/message,59,33
79bb9b99-04ac-448b-b9ad-26c9c5f849a6,290,tool/result,840,
79bb9b99-04ac-448b-b9ad-26c9c5f849a6,415,assistant/message,104,34
79bb9b99-04ac-448b-b9ad-26c9c5f849a6,417,tool/result,16,
79bb9b99-04ac-448b-b9ad-26c9c5f849a6,491,assistant/message,63,25
79bb9b99-04ac-448b-b9ad-26c9c5f849a6,493,tool/result,619,
79bb9b99-04ac-448b-b9ad-26c9c5f849a6,554,assistant/message,54,39
79bb9b99-04ac-448b-b9ad-26c9c5f849a6,556,tool/result,17,
79bb9b99-04ac-448b-b9ad-26c9c5f849a6,625,assistant/message,71,17
79bb9b99-04ac-448b-b9ad-26c9c5f849a6,627,tool/result,1072,
79bb9b99-04ac-448b-b9ad-26c9c5f849a6,629,tool/result,770,
79bb9b99-04ac-448b-b9ad-26c9c5f849a6,716,assistant/message,88,31
79bb9b99-04ac-448b-b9ad-26c9c5f849a6,718,tool/result,742,
79bb9b99-04ac-448b-b9ad-26c9c5f849a6,720,tool/result,732,
79bb9b99-04ac-448b-b9ad-26c9c5f849a6,898,assistant/message,167,123
79bb9b99-04ac-448b-b9ad-26c9c5f849a6,900,tool/result,538,
79bb9b99-04ac-448b-b9ad-26c9c5f849a6,989,assistant/message,90,35
79bb9b99-04ac-448b-b9ad-26c9c5f849a6,991,tool/result,766,
79bb9b99-04ac-448b-b9ad-26c9c5f849a6,993,tool/result,807,
79bb9b99-04ac-448b-b9ad-26c9c5f849a6,1181,assistant/message,185,154
79bb9b99-04ac-448b-b9ad-26c9c5f849a6,1183,tool/result,645,
79bb9b99-04ac-448b-b9ad-26c9c5f849a6,1283,assistant/message,93,51
79bb9b99-04ac-448b-b9ad-26c9c5f849a6,1285,tool/result,8783,
79bb9b99-04ac-448b-b9ad-26c9c5f849a6,1288,tool/result,1362,
79bb9b99-04ac-448b-b9ad-26c9c5f849a6,1390,assistant/message,104,35
79bb9b99-04ac-448b-b9ad-26c9c5f849a6,1392,tool/result,1222,
79bb9b99-04ac-448b-b9ad-26c9c5f849a6,1394,tool/result,686,
79bb9b99-04ac-448b-b9ad-26c9c5f849a6,1482,assistant/message,89,32
79bb9b99-04ac-448b-b9ad-26c9c5f849a6,1484,tool/result,739,
79bb9b99-04ac-448b-b9ad-26c9c5f849a6,1486,tool/result,627,
79bb9b99-04ac-448b-b9ad-26c9c5f849a6,2363,assistant/message,870,341
79bb9b99-04ac-448b-b9ad-26c9c5f849a6,2370,user/message,10,
79bb9b99-04ac-448b-b9ad-26c9c5f849a6,2470,assistant/message,97,35
79bb9b99-04ac-448b-b9ad-26c9c5f849a6,2472,tool/result,612,
79bb9b99-04ac-448b-b9ad-26c9c5f849a6,2474,tool/result,524,
79bb9b99-04ac-448b-b9ad-26c9c5f849a6,2636,assistant/message,156,28
79bb9b99-04ac-448b-b9ad-26c9c5f849a6,2638,tool/result,3,
79bb9b99-04ac-448b-b9ad-26c9c5f849a6,2640,tool/result,3,
79bb9b99-04ac-448b-b9ad-26c9c5f849a6,2644,user/message,648,
79bb9b99-04ac-448b-b9ad-26c9c5f849a6,2696,assistant/message,47,13
79bb9b99-04ac-448b-b9ad-26c9c5f849a6,2698,tool/result,10,
79bb9b99-04ac-448b-b9ad-26c9c5f849a6,2700,tool/result,10,
79bb9b99-04ac-448b-b9ad-26c9c5f849a6,2703,user/message,90,
79bb9b99-04ac-448b-b9ad-26c9c5f849a6,3240,assistant/message,557,222
79bb9b99-04ac-448b-b9ad-26c9c5f849a6,3242,tool/result,5,
79bb9b99-04ac-448b-b9ad-26c9c5f849a6,3244,tool/result,595,
79bb9b99-04ac-448b-b9ad-26c9c5f849a6,3335,assistant/message,93,23
79bb9b99-04ac-448b-b9ad-26c9c5f849a6,3337,tool/result,628,
79bb9b99-04ac-448b-b9ad-26c9c5f849a6,3339,tool/result,603,
79bb9b99-04ac-448b-b9ad-26c9c5f849a6,3876,assistant/message,550,340
79bb9b99-04ac-448b-b9ad-26c9c5f849a6,3878,tool/result,752,
79bb9b99-04ac-448b-b9ad-26c9c5f849a6,3880,tool/result,692,
79bb9b99-04ac-448b-b9ad-26c9c5f849a6,4173,assistant/message,302,77
79bb9b99-04ac-448b-b9ad-26c9c5f849a6,4175,tool/result,1300,
79bb9b99-04ac-448b-b9ad-26c9c5f849a6,4177,tool/result,450,
79bb9b99-04ac-448b-b9ad-26c9c5f849a6,5384,assistant/message,1225,280
79bb9b99-04ac-448b-b9ad-26c9c5f849a6,5391,user/message,8,
79bb9b99-04ac-448b-b9ad-26c9c5f849a6,5548,assistant/message,152,64
79bb9b99-04ac-448b-b9ad-26c9c5f849a6,5550,tool/result,519,
79bb9b99-04ac-448b-b9ad-26c9c5f849a6,5552,tool/result,777,
79bb9b99-04ac-448b-b9ad-26c9c5f849a6,5667,assistant/message,107,24
79bb9b99-04ac-448b-b9ad-26c9c5f849a6,5669,tool/result,670,
79bb9b99-04ac-448b-b9ad-26c9c5f849a6,5671,tool/result,628,
79bb9b99-04ac-448b-b9ad-26c9c5f849a6,5675,user/message,727,
79bb9b99-04ac-448b-b9ad-26c9c5f849a6,6060,assistant/message,404,16
79bb9b99-04ac-448b-b9ad-26c9c5f849a6,6062,tool/result,3346,
79bb9b99-04ac-448b-b9ad-26c9c5f849a6,6064,tool/result,1101,
79bb9b99-04ac-448b-b9ad-26c9c5f849a6,6067,user/message,90,
79bb9b99-04ac-448b-b9ad-26c9c5f849a6,7648,assistant/message,1592,325
7a77964b-365c-46be-a5d5-0194c1c4b311,7,user/message,1122,
7a77964b-365c-46be-a5d5-0194c1c4b311,8,user/message,90,
7a77964b-365c-46be-a5d5-0194c1c4b311,349,assistant/message,333,190
7a77964b-365c-46be-a5d5-0194c1c4b311,351,tool/result,3,
7a77964b-365c-46be-a5d5-0194c1c4b311,353,tool/result,3,
7a77964b-365c-46be-a5d5-0194c1c4b311,355,tool/result,29,
7a77964b-365c-46be-a5d5-0194c1c4b311,586,assistant/message,207,49
7a77964b-365c-46be-a5d5-0194c1c4b311,588,tool/result,8,
7a77964b-365c-46be-a5d5-0194c1c4b311,676,assistant/message,84,84
7a77964b-365c-46be-a5d5-0194c1c4b311,683,user/message,16,
7a77964b-365c-46be-a5d5-0194c1c4b311,863,assistant/message,178,34
7a77964b-365c-46be-a5d5-0194c1c4b311,865,tool/result,3546,
7a77964b-365c-46be-a5d5-0194c1c4b311,867,tool/result,29,
7a77964b-365c-46be-a5d5-0194c1c4b311,1339,assistant/message,485,225
7a77964b-365c-46be-a5d5-0194c1c4b311,1341,tool/result,2408,
7a77964b-365c-46be-a5d5-0194c1c4b311,1842,assistant/message,497,384
7a77964b-365c-46be-a5d5-0194c1c4b311,1844,tool/result,683,
7a77964b-365c-46be-a5d5-0194c1c4b311,2419,assistant/message,561,433
7a77964b-365c-46be-a5d5-0194c1c4b311,2422,tool/result,513,
7a77964b-365c-46be-a5d5-0194c1c4b311,2423,tool/result,528,
7a77964b-365c-46be-a5d5-0194c1c4b311,2528,assistant/message,96,34
7a77964b-365c-46be-a5d5-0194c1c4b311,2530,tool/result,752,
7a77964b-365c-46be-a5d5-0194c1c4b311,2532,tool/result,10,
7a77964b-365c-46be-a5d5-0194c1c4b311,2602,assistant/message,60,34
7a77964b-365c-46be-a5d5-0194c1c4b311,2604,tool/result,429,
7a77964b-365c-46be-a5d5-0194c1c4b311,2743,assistant/message,130,57
7a77964b-365c-46be-a5d5-0194c1c4b311,2745,tool/result,11,
7a77964b-365c-46be-a5d5-0194c1c4b311,2796,assistant/message,44,17
7a77964b-365c-46be-a5d5-0194c1c4b311,2798,tool/result,81,
7a77964b-365c-46be-a5d5-0194c1c4b311,2851,assistant/message,46,11
7a77964b-365c-46be-a5d5-0194c1c4b311,2853,tool/result,109,
7a77964b-365c-46be-a5d5-0194c1c4b311,2936,assistant/message,76,29
7a77964b-365c-46be-a5d5-0194c1c4b311,2938,tool/result,86,
7a77964b-365c-46be-a5d5-0194c1c4b311,3019,assistant/message,74,18
7a77964b-365c-46be-a5d5-0194c1c4b311,3021,tool/result,99,
7a77964b-365c-46be-a5d5-0194c1c4b311,3105,assistant/message,77,27
7a77964b-365c-46be-a5d5-0194c1c4b311,3107,tool/result,88,
7a77964b-365c-46be-a5d5-0194c1c4b311,9994,user/message,3,
7a77964b-365c-46be-a5d5-0194c1c4b311,18335,assistant/message,167,167
7aefbabf-5975-43c0-a6ef-dd6162e8c8d2,8,user/message,10,
7aefbabf-5975-43c0-a6ef-dd6162e8c8d2,9,user/message,90,
7aefbabf-5975-43c0-a6ef-dd6162e8c8d2,58,assistant/message,39,24
7aefbabf-5975-43c0-a6ef-dd6162e8c8d2,60,tool/result,389,
7aefbabf-5975-43c0-a6ef-dd6162e8c8d2,109,assistant/message,45,25
7aefbabf-5975-43c0-a6ef-dd6162e8c8d2,111,tool/result,345,
7aefbabf-5975-43c0-a6ef-dd6162e8c8d2,159,assistant/message,45,23
7aefbabf-5975-43c0-a6ef-dd6162e8c8d2,161,tool/result,352,
7aefbabf-5975-43c0-a6ef-dd6162e8c8d2,338,assistant/message,171,147
7aefbabf-5975-43c0-a6ef-dd6162e8c8d2,340,tool/result,11,
7aefbabf-5975-43c0-a6ef-dd6162e8c8d2,469,assistant/message,125,96
7aefbabf-5975-43c0-a6ef-dd6162e8c8d2,471,tool/result,275,
7aefbabf-5975-43c0-a6ef-dd6162e8c8d2,526,assistant/message,52,20
7aefbabf-5975-43c0-a6ef-dd6162e8c8d2,528,tool/result,604,
7aefbabf-5975-43c0-a6ef-dd6162e8c8d2,1012,assistant/message,475,66
7ce22256-b88c-4c36-afb2-3e4eb4dc067b,7,user/message,176,
7ce22256-b88c-4c36-afb2-3e4eb4dc067b,8,user/message,90,
7ce22256-b88c-4c36-afb2-3e4eb4dc067b,99,assistant/message,82,29
7ce22256-b88c-4c36-afb2-3e4eb4dc067b,101,tool/result,1984,
7ce22256-b88c-4c36-afb2-3e4eb4dc067b,103,tool/result,654,
7ce22256-b88c-4c36-afb2-3e4eb4dc067b,262,assistant/message,152,84
7ce22256-b88c-4c36-afb2-3e4eb4dc067b,266,tool/result,2851,
7ce22256-b88c-4c36-afb2-3e4eb4dc067b,267,tool/result,945,
7ce22256-b88c-4c36-afb2-3e4eb4dc067b,268,tool/result,881,
7ce22256-b88c-4c36-afb2-3e4eb4dc067b,1103,assistant/message,853,531
7ce22256-b88c-4c36-afb2-3e4eb4dc067b,1105,tool/result,79,
7ce22256-b88c-4c36-afb2-3e4eb4dc067b,1235,assistant/message,123,32
7ce22256-b88c-4c36-afb2-3e4eb4dc067b,1237,tool/result,704,
7ce22256-b88c-4c36-afb2-3e4eb4dc067b,1535,assistant/message,317,26
7ce22256-b88c-4c36-afb2-3e4eb4dc067b,1537,tool/result,2206,
7ce22256-b88c-4c36-afb2-3e4eb4dc067b,3086,assistant/message,1560,1284
7ce22256-b88c-4c36-afb2-3e4eb4dc067b,3088,tool/result,721,
7ce22256-b88c-4c36-afb2-3e4eb4dc067b,3090,tool/result,306,
7ce22256-b88c-4c36-afb2-3e4eb4dc067b,4381,assistant/message,1293,1080
7ce22256-b88c-4c36-afb2-3e4eb4dc067b,4383,tool/result,788,
7ce22256-b88c-4c36-afb2-3e4eb4dc067b,4385,tool/result,3,
7ce22256-b88c-4c36-afb2-3e4eb4dc067b,4819,assistant/message,427,300
7ce22256-b88c-4c36-afb2-3e4eb4dc067b,4821,tool/result,520,
7ce22256-b88c-4c36-afb2-3e4eb4dc067b,4825,user/message,1944,
7ce22256-b88c-4c36-afb2-3e4eb4dc067b,8222,assistant/message,3450,3011
7ce22256-b88c-4c36-afb2-3e4eb4dc067b,8224,tool/result,514,
7ce22256-b88c-4c36-afb2-3e4eb4dc067b,8227,user/message,90,
7ce22256-b88c-4c36-afb2-3e4eb4dc067b,13487,assistant/message,5572,3011
7ce22256-b88c-4c36-afb2-3e4eb4dc067b,13489,tool/result,42,
7ce22256-b88c-4c36-afb2-3e4eb4dc067b,13493,user/message,2382,
7ce22256-b88c-4c36-afb2-3e4eb4dc067b,13698,assistant/message,198,154
7ce22256-b88c-4c36-afb2-3e4eb4dc067b,13701,tool/result,945,
7ce22256-b88c-4c36-afb2-3e4eb4dc067b,13702,tool/result,1984,
7ce22256-b88c-4c36-afb2-3e4eb4dc067b,14624,assistant/message,950,675
7ce22256-b88c-4c36-afb2-3e4eb4dc067b,14626,tool/result,26,
7ce22256-b88c-4c36-afb2-3e4eb4dc067b,14889,assistant/message,277,51
7ce22256-b88c-4c36-afb2-3e4eb4dc067b,14891,tool/result,26,
7ce22256-b88c-4c36-afb2-3e4eb4dc067b,15087,assistant/message,193,114
7ce22256-b88c-4c36-afb2-3e4eb4dc067b,15089,tool/result,26,
7ce22256-b88c-4c36-afb2-3e4eb4dc067b,15233,assistant/message,145,33
7ce22256-b88c-4c36-afb2-3e4eb4dc067b,15235,tool/result,13,
7ce22256-b88c-4c36-afb2-3e4eb4dc067b,15324,assistant/message,80,17
7ce22256-b88c-4c36-afb2-3e4eb4dc067b,15326,tool/result,146,
7ce22256-b88c-4c36-afb2-3e4eb4dc067b,15330,user/message,2451,
7ce22256-b88c-4c36-afb2-3e4eb4dc067b,16196,assistant/message,874,673
7ce22256-b88c-4c36-afb2-3e4eb4dc067b,16198,tool/result,356,
7ce22256-b88c-4c36-afb2-3e4eb4dc067b,16201,user/message,90,
7ce22256-b88c-4c36-afb2-3e4eb4dc067b,18081,assistant/message,1892,1575
7ce22256-b88c-4c36-afb2-3e4eb4dc067b,18083,tool/result,26,
7ce22256-b88c-4c36-afb2-3e4eb4dc067b,18221,assistant/message,149,25
7ce22256-b88c-4c36-afb2-3e4eb4dc067b,18223,tool/result,26,
7ce22256-b88c-4c36-afb2-3e4eb4dc067b,19082,assistant/message,906,79
7ce22256-b88c-4c36-afb2-3e4eb4dc067b,19084,tool/result,26,
7ce22256-b88c-4c36-afb2-3e4eb4dc067b,19088,user/message,2962,
7ce22256-b88c-4c36-afb2-3e4eb4dc067b,19232,assistant/message,135,17
7ce22256-b88c-4c36-afb2-3e4eb4dc067b,19234,tool/result,44,
7ce22256-b88c-4c36-afb2-3e4eb4dc067b,19309,assistant/message,68,40
7ce22256-b88c-4c36-afb2-3e4eb4dc067b,19311,tool/result,88,
7ce22256-b88c-4c36-afb2-3e4eb4dc067b,19727,assistant/message,408,250
7ce22256-b88c-4c36-afb2-3e4eb4dc067b,19729,tool/result,153,
7ce22256-b88c-4c36-afb2-3e4eb4dc067b,20105,assistant/message,373,100
7ce22256-b88c-4c36-afb2-3e4eb4dc067b,20107,tool/result,140,
7ce22256-b88c-4c36-afb2-3e4eb4dc067b,20426,assistant/message,312,219
7ce22256-b88c-4c36-afb2-3e4eb4dc067b,20428,tool/result,200,
7ce22256-b88c-4c36-afb2-3e4eb4dc067b,20543,assistant/message,110,60
7ce22256-b88c-4c36-afb2-3e4eb4dc067b,20546,tool/result,77,
7ce22256-b88c-4c36-afb2-3e4eb4dc067b,20547,tool/result,77,
7ce22256-b88c-4c36-afb2-3e4eb4dc067b,20977,assistant/message,430,265
7ce22256-b88c-4c36-afb2-3e4eb4dc067b,20979,tool/result,510,
7ce22256-b88c-4c36-afb2-3e4eb4dc067b,22068,assistant/message,1120,784
7ce22256-b88c-4c36-afb2-3e4eb4dc067b,22070,tool/result,181,
7ce22256-b88c-4c36-afb2-3e4eb4dc067b,23366,assistant/message,1300,1190
7ce22256-b88c-4c36-afb2-3e4eb4dc067b,23368,tool/result,3012,
7ce22256-b88c-4c36-afb2-3e4eb4dc067b,23372,user/message,2631,
7ce22256-b88c-4c36-afb2-3e4eb4dc067b,25759,assistant/message,2426,2167
7ce22256-b88c-4c36-afb2-3e4eb4dc067b,25761,tool/result,355,
7ce22256-b88c-4c36-afb2-3e4eb4dc067b,25764,user/message,90,
7ce22256-b88c-4c36-afb2-3e4eb4dc067b,26079,assistant/message,310,209
7ce22256-b88c-4c36-afb2-3e4eb4dc067b,26081,tool/result,467,
7ce22256-b88c-4c36-afb2-3e4eb4dc067b,26919,assistant/message,844,698
7ce22256-b88c-4c36-afb2-3e4eb4dc067b,26921,tool/result,26,
7ce22256-b88c-4c36-afb2-3e4eb4dc067b,27175,assistant/message,258,55
7ce22256-b88c-4c36-afb2-3e4eb4dc067b,27177,tool/result,36,
7ce22256-b88c-4c36-afb2-3e4eb4dc067b,27334,assistant/message,157,32
7ce22256-b88c-4c36-afb2-3e4eb4dc067b,27336,tool/result,85,
7ce22256-b88c-4c36-afb2-3e4eb4dc067b,27675,assistant/message,336,191
7ce22256-b88c-4c36-afb2-3e4eb4dc067b,27677,tool/result,26,
7ce22256-b88c-4c36-afb2-3e4eb4dc067b,27858,assistant/message,185,49
7ce22256-b88c-4c36-afb2-3e4eb4dc067b,27860,tool/result,26,
7ce22256-b88c-4c36-afb2-3e4eb4dc067b,28806,assistant/message,1009,147
7ce22256-b88c-4c36-afb2-3e4eb4dc067b,28808,tool/result,42,
7ce22256-b88c-4c36-afb2-3e4eb4dc067b,28812,user/message,3292,
7ce22256-b88c-4c36-afb2-3e4eb4dc067b,29055,assistant/message,241,79
7ce22256-b88c-4c36-afb2-3e4eb4dc067b,29057,tool/result,74,
7ce22256-b88c-4c36-afb2-3e4eb4dc067b,29215,assistant/message,149,51
7ce22256-b88c-4c36-afb2-3e4eb4dc067b,29217,tool/result,63,
7ce22256-b88c-4c36-afb2-3e4eb4dc067b,29378,assistant/message,159,76
7ce22256-b88c-4c36-afb2-3e4eb4dc067b,29380,tool/result,26,
7ce22256-b88c-4c36-afb2-3e4eb4dc067b,29491,assistant/message,104,49
7ce22256-b88c-4c36-afb2-3e4eb4dc067b,29493,tool/result,37,
7ce22256-b88c-4c36-afb2-3e4eb4dc067b,29673,assistant/message,175,55
7ce22256-b88c-4c36-afb2-3e4eb4dc067b,29675,tool/result,109,
7ce22256-b88c-4c36-afb2-3e4eb4dc067b,29912,assistant/message,234,90
7ce22256-b88c-4c36-afb2-3e4eb4dc067b,29914,tool/result,35,
7ce22256-b88c-4c36-afb2-3e4eb4dc067b,30347,assistant/message,438,346
7ce22256-b88c-4c36-afb2-3e4eb4dc067b,30349,tool/result,385,
7ce22256-b88c-4c36-afb2-3e4eb4dc067b,31891,assistant/message,1578,1419
7ce22256-b88c-4c36-afb2-3e4eb4dc067b,31893,tool/result,72,
7ce22256-b88c-4c36-afb2-3e4eb4dc067b,31897,user/message,3305,
7ce22256-b88c-4c36-afb2-3e4eb4dc067b,32088,assistant/message,185,84
7ce22256-b88c-4c36-afb2-3e4eb4dc067b,32090,tool/result,116,
7ce22256-b88c-4c36-afb2-3e4eb4dc067b,32093,user/message,90,
7ce22256-b88c-4c36-afb2-3e4eb4dc067b,34420,assistant/message,2385,2158
7ce22256-b88c-4c36-afb2-3e4eb4dc067b,34422,tool/result,220,
7ce22256-b88c-4c36-afb2-3e4eb4dc067b,35353,assistant/message,935,330
7ce22256-b88c-4c36-afb2-3e4eb4dc067b,35360,user/message,201,
7ce22256-b88c-4c36-afb2-3e4eb4dc067b,36870,assistant/message,1518,1431
7ce22256-b88c-4c36-afb2-3e4eb4dc067b,36872,tool/result,2282,
7ce22256-b88c-4c36-afb2-3e4eb4dc067b,36874,tool/result,945,
7e128ce3-2160-4bfc-a4d4-95900b3ea7cd,8,user/message,10,
7e128ce3-2160-4bfc-a4d4-95900b3ea7cd,9,user/message,354,
7e128ce3-2160-4bfc-a4d4-95900b3ea7cd,10,user/message,90,
7e128ce3-2160-4bfc-a4d4-95900b3ea7cd,15,assistant/message,1494,170
7e128ce3-2160-4bfc-a4d4-95900b3ea7cd,17,tool/result,39,
7e128ce3-2160-4bfc-a4d4-95900b3ea7cd,20,assistant/message,449,50
8011dfd1-66f7-4126-86e4-02e35234af07,8,user/message,12,
8011dfd1-66f7-4126-86e4-02e35234af07,9,user/message,354,
8011dfd1-66f7-4126-86e4-02e35234af07,10,user/message,90,
8011dfd1-66f7-4126-86e4-02e35234af07,15,assistant/message,183,145
8011dfd1-66f7-4126-86e4-02e35234af07,17,tool/result,905,
8011dfd1-66f7-4126-86e4-02e35234af07,20,assistant/message,714,120
82109703-e16f-4420-9db7-4065c984338e,8,user/message,8,
82109703-e16f-4420-9db7-4065c984338e,9,user/message,90,
82738181-1ed8-4c85-8d90-e075b2781d69,8,user/message,9,
82738181-1ed8-4c85-8d90-e075b2781d69,9,user/message,90,
82738181-1ed8-4c85-8d90-e075b2781d69,297,assistant/message,279,256
82738181-1ed8-4c85-8d90-e075b2781d69,299,tool/result,54,
82738181-1ed8-4c85-8d90-e075b2781d69,382,assistant/message,77,55
82738181-1ed8-4c85-8d90-e075b2781d69,384,tool/result,17,
82738181-1ed8-4c85-8d90-e075b2781d69,427,assistant/message,36,18
82738181-1ed8-4c85-8d90-e075b2781d69,429,tool/result,17,
82738181-1ed8-4c85-8d90-e075b2781d69,460,assistant/message,24,20
82738181-1ed8-4c85-8d90-e075b2781d69,462,tool/result,227,
82738181-1ed8-4c85-8d90-e075b2781d69,563,assistant/message,98,69
82738181-1ed8-4c85-8d90-e075b2781d69,565,tool/result,1161,
82738181-1ed8-4c85-8d90-e075b2781d69,1181,assistant/message,607,175
82738181-1ed8-4c85-8d90-e075b2781d69,1188,user/message,23,
82738181-1ed8-4c85-8d90-e075b2781d69,1331,assistant/message,138,111
82738181-1ed8-4c85-8d90-e075b2781d69,1333,tool/result,683,
82738181-1ed8-4c85-8d90-e075b2781d69,1772,assistant/message,430,50
82738181-1ed8-4c85-8d90-e075b2781d69,1779,user/message,7,
82738181-1ed8-4c85-8d90-e075b2781d69,2110,assistant/message,326,313
82738181-1ed8-4c85-8d90-e075b2781d69,2112,tool/result,24,
82738181-1ed8-4c85-8d90-e075b2781d69,2566,assistant/message,445,237
83065097-f116-43fa-93a0-bcaaccbcfc66,8,user/message,0,
83065097-f116-43fa-93a0-bcaaccbcfc66,9,user/message,353,
83065097-f116-43fa-93a0-bcaaccbcfc66,10,user/message,90,
83065097-f116-43fa-93a0-bcaaccbcfc66,1715,assistant/message,1696,998
83065097-f116-43fa-93a0-bcaaccbcfc66,1722,user/message,0,
83065097-f116-43fa-93a0-bcaaccbcfc66,2647,assistant/message,918,240
8449232f-54a1-4646-bd43-6e19bef308a4,8,user/message,16,
8449232f-54a1-4646-bd43-6e19bef308a4,9,user/message,90,
8449232f-54a1-4646-bd43-6e19bef308a4,438,assistant/message,420,420
85c2ab22-dcdb-4945-bfab-464310e63791,7,user/message,36,
85c2ab22-dcdb-4945-bfab-464310e63791,8,user/message,276,
85c2ab22-dcdb-4945-bfab-464310e63791,9,user/message,90,
85c2ab22-dcdb-4945-bfab-464310e63791,84,assistant/message,66,27
85c2ab22-dcdb-4945-bfab-464310e63791,86,tool/result,26,
85c2ab22-dcdb-4945-bfab-464310e63791,263,assistant/message,168,31
85c826e4-e999-403d-8077-35a068f3719c,8,user/message,10,
85c826e4-e999-403d-8077-35a068f3719c,9,user/message,90,
85c826e4-e999-403d-8077-35a068f3719c,132,assistant/message,114,95
85c826e4-e999-403d-8077-35a068f3719c,134,tool/result,54,
85c826e4-e999-403d-8077-35a068f3719c,242,assistant/message,101,86
85c826e4-e999-403d-8077-35a068f3719c,244,tool/result,54,
85c826e4-e999-403d-8077-35a068f3719c,318,assistant/message,71,44
85c826e4-e999-403d-8077-35a068f3719c,320,tool/result,506,
85c826e4-e999-403d-8077-35a068f3719c,889,assistant/message,560,260
85c826e4-e999-403d-8077-35a068f3719c,896,user/message,6,
85c826e4-e999-403d-8077-35a068f3719c,1638,assistant/message,733,376
85c826e4-e999-403d-8077-35a068f3719c,1645,user/message,9,
85c826e4-e999-403d-8077-35a068f3719c,2000,assistant/message,348,162
85c826e4-e999-403d-8077-35a068f3719c,2007,user/message,11,
85c826e4-e999-403d-8077-35a068f3719c,2684,assistant/message,676,649
85c826e4-e999-403d-8077-35a068f3719c,2686,tool/result,386,
85c826e4-e999-403d-8077-35a068f3719c,3039,assistant/message,350,311
85c826e4-e999-403d-8077-35a068f3719c,3041,tool/result,514,
85c826e4-e999-403d-8077-35a068f3719c,3266,assistant/message,222,186
85c826e4-e999-403d-8077-35a068f3719c,3268,tool/result,632,
85c826e4-e999-403d-8077-35a068f3719c,3568,assistant/message,297,264
85c826e4-e999-403d-8077-35a068f3719c,3570,tool/result,517,
85c826e4-e999-403d-8077-35a068f3719c,4029,assistant/message,451,110
878c34bb-316b-47d5-bc56-a342248d09f7,7,user/message,41,
878c34bb-316b-47d5-bc56-a342248d09f7,83,assistant/message,66,42
878c34bb-316b-47d5-bc56-a342248d09f7,85,tool/result,173,
878c34bb-316b-47d5-bc56-a342248d09f7,357,assistant/message,265,183
878c34bb-316b-47d5-bc56-a342248d09f7,359,tool/result,1941,
878c34bb-316b-47d5-bc56-a342248d09f7,1243,assistant/message,876,774
878c34bb-316b-47d5-bc56-a342248d09f7,1245,tool/result,298,
878c34bb-316b-47d5-bc56-a342248d09f7,2134,assistant/message,880,443
87c9c6a5-3262-49e1-9685-29214b3beea9,8,user/message,9,
87c9c6a5-3262-49e1-9685-29214b3beea9,9,user/message,90,
87c9c6a5-3262-49e1-9685-29214b3beea9,68,assistant/message,50,34
87c9c6a5-3262-49e1-9685-29214b3beea9,70,tool/result,54,
87c9c6a5-3262-49e1-9685-29214b3beea9,115,assistant/message,40,18
87c9c6a5-3262-49e1-9685-29214b3beea9,117,tool/result,17,
87c9c6a5-3262-49e1-9685-29214b3beea9,166,assistant/message,45,21
87c9c6a5-3262-49e1-9685-29214b3beea9,168,tool/result,17,
87c9c6a5-3262-49e1-9685-29214b3beea9,228,assistant/message,54,44
87c9c6a5-3262-49e1-9685-29214b3beea9,230,tool/result,239,
87c9c6a5-3262-49e1-9685-29214b3beea9,362,assistant/message,125,105
87c9c6a5-3262-49e1-9685-29214b3beea9,364,tool/result,54,
87c9c6a5-3262-49e1-9685-29214b3beea9,524,assistant/message,157,129
87c9c6a5-3262-49e1-9685-29214b3beea9,526,tool/result,17,
87c9c6a5-3262-49e1-9685-29214b3beea9,836,assistant/message,303,163
87c9c6a5-3262-49e1-9685-29214b3beea9,838,tool/result,3,
87c9c6a5-3262-49e1-9685-29214b3beea9,988,assistant/message,143,25
87c9c6a5-3262-49e1-9685-29214b3beea9,990,tool/result,10,
87c9c6a5-3262-49e1-9685-29214b3beea9,1078,assistant/message,81,29
87c9c6a5-3262-49e1-9685-29214b3beea9,1080,tool/result,38,
87c9c6a5-3262-49e1-9685-29214b3beea9,1243,assistant/message,156,28
87c9c6a5-3262-49e1-9685-29214b3beea9,1245,tool/result,10,
87c9c6a5-3262-49e1-9685-29214b3beea9,1333,assistant/message,81,21
87c9c6a5-3262-49e1-9685-29214b3beea9,1335,tool/result,165,
87c9c6a5-3262-49e1-9685-29214b3beea9,1592,assistant/message,250,60
87c9c6a5-3262-49e1-9685-29214b3beea9,1594,tool/result,1642,
87c9c6a5-3262-49e1-9685-29214b3beea9,1927,assistant/message,355,42
87c9c6a5-3262-49e1-9685-29214b3beea9,1929,tool/result,2469,
87c9c6a5-3262-49e1-9685-29214b3beea9,2422,assistant/message,511,108
87c9c6a5-3262-49e1-9685-29214b3beea9,2424,tool/result,1344,
87c9c6a5-3262-49e1-9685-29214b3beea9,2930,assistant/message,500,348
87c9c6a5-3262-49e1-9685-29214b3beea9,2932,tool/result,9,
87c9c6a5-3262-49e1-9685-29214b3beea9,3146,assistant/message,207,77
87c9c6a5-3262-49e1-9685-29214b3beea9,3148,tool/result,10,
87c9c6a5-3262-49e1-9685-29214b3beea9,3444,assistant/message,291,124
87c9c6a5-3262-49e1-9685-29214b3beea9,3446,tool/result,47,
87c9c6a5-3262-49e1-9685-29214b3beea9,3632,assistant/message,199,28
87c9c6a5-3262-49e1-9685-29214b3beea9,3634,tool/result,23,
87c9c6a5-3262-49e1-9685-29214b3beea9,4096,assistant/message,459,249
87c9c6a5-3262-49e1-9685-29214b3beea9,4098,tool/result,101,
87c9c6a5-3262-49e1-9685-29214b3beea9,4309,assistant/message,208,94
87c9c6a5-3262-49e1-9685-29214b3beea9,4311,tool/result,89,
87c9c6a5-3262-49e1-9685-29214b3beea9,4457,assistant/message,141,42
87c9c6a5-3262-49e1-9685-29214b3beea9,4459,tool/result,256,
87c9c6a5-3262-49e1-9685-29214b3beea9,4564,assistant/message,98,56
87c9c6a5-3262-49e1-9685-29214b3beea9,4566,tool/result,38,
87c9c6a5-3262-49e1-9685-29214b3beea9,4690,assistant/message,117,76
87c9c6a5-3262-49e1-9685-29214b3beea9,4692,tool/result,53,
87c9c6a5-3262-49e1-9685-29214b3beea9,4903,assistant/message,204,142
87c9c6a5-3262-49e1-9685-29214b3beea9,4905,tool/result,1218,
87c9c6a5-3262-49e1-9685-29214b3beea9,5057,assistant/message,149,120
87c9c6a5-3262-49e1-9685-29214b3beea9,5059,tool/result,1730,
87c9c6a5-3262-49e1-9685-29214b3beea9,5222,assistant/message,157,61
87c9c6a5-3262-49e1-9685-29214b3beea9,5224,tool/result,4,
87c9c6a5-3262-49e1-9685-29214b3beea9,5382,assistant/message,168,13
87c9c6a5-3262-49e1-9685-29214b3beea9,5384,tool/result,1283,
87c9c6a5-3262-49e1-9685-29214b3beea9,6005,assistant/message,630,295
87c9c6a5-3262-49e1-9685-29214b3beea9,6007,tool/result,41,
87c9c6a5-3262-49e1-9685-29214b3beea9,6339,assistant/message,355,71
87c9c6a5-3262-49e1-9685-29214b3beea9,6341,tool/result,3350,
87c9c6a5-3262-49e1-9685-29214b3beea9,6949,assistant/message,617,382
87c9c6a5-3262-49e1-9685-29214b3beea9,6951,tool/result,1610,
87c9c6a5-3262-49e1-9685-29214b3beea9,6957,tool/result,1724,
87c9c6a5-3262-49e1-9685-29214b3beea9,6960,user/message,1493,
87c9c6a5-3262-49e1-9685-29214b3beea9,7267,assistant/message,317,88
87c9c6a5-3262-49e1-9685-29214b3beea9,7269,tool/result,850,
87c9c6a5-3262-49e1-9685-29214b3beea9,7272,user/message,90,
87c9c6a5-3262-49e1-9685-29214b3beea9,7758,assistant/message,511,121
87c9c6a5-3262-49e1-9685-29214b3beea9,7760,tool/result,817,
87c9c6a5-3262-49e1-9685-29214b3beea9,8508,assistant/message,757,527
87c9c6a5-3262-49e1-9685-29214b3beea9,8510,tool/result,1135,
87c9c6a5-3262-49e1-9685-29214b3beea9,9400,assistant/message,881,359
87c9c6a5-3262-49e1-9685-29214b3beea9,9407,user/message,16,
87c9c6a5-3262-49e1-9685-29214b3beea9,9688,assistant/message,278,204
87c9c6a5-3262-49e1-9685-29214b3beea9,9690,tool/result,243,
87c9c6a5-3262-49e1-9685-29214b3beea9,10426,assistant/message,728,617
87c9c6a5-3262-49e1-9685-29214b3beea9,10428,tool/result,40,
87c9c6a5-3262-49e1-9685-29214b3beea9,11286,assistant/message,853,798
87c9c6a5-3262-49e1-9685-29214b3beea9,11288,tool/result,542,
87c9c6a5-3262-49e1-9685-29214b3beea9,11436,assistant/message,144,71
87c9c6a5-3262-49e1-9685-29214b3beea9,11438,tool/result,63,
87c9c6a5-3262-49e1-9685-29214b3beea9,12290,assistant/message,846,731
87c9c6a5-3262-49e1-9685-29214b3beea9,12292,tool/result,233,
87c9c6a5-3262-49e1-9685-29214b3beea9,12425,assistant/message,127,60
87c9c6a5-3262-49e1-9685-29214b3beea9,12427,tool/result,468,
87c9c6a5-3262-49e1-9685-29214b3beea9,12662,assistant/message,233,125
87c9c6a5-3262-49e1-9685-29214b3beea9,12664,tool/result,1549,
87c9c6a5-3262-49e1-9685-29214b3beea9,13130,assistant/message,489,97
87c9c6a5-3262-49e1-9685-29214b3beea9,13132,tool/result,262,
87c9c6a5-3262-49e1-9685-29214b3beea9,13370,assistant/message,254,52
87c9c6a5-3262-49e1-9685-29214b3beea9,13372,tool/result,790,
87c9c6a5-3262-49e1-9685-29214b3beea9,13649,assistant/message,293,117
87c9c6a5-3262-49e1-9685-29214b3beea9,13651,tool/result,114,
87c9c6a5-3262-49e1-9685-29214b3beea9,14338,assistant/message,696,541
87c9c6a5-3262-49e1-9685-29214b3beea9,14340,tool/result,347,
87c9c6a5-3262-49e1-9685-29214b3beea9,15156,assistant/message,860,230
87c9c6a5-3262-49e1-9685-29214b3beea9,15158,tool/result,1248,
87c9c6a5-3262-49e1-9685-29214b3beea9,15835,assistant/message,668,299
89f153b0-3227-491c-95bc-a3566c93d8fb,7,user/message,196,
89f153b0-3227-491c-95bc-a3566c93d8fb,8,user/message,189,
89f153b0-3227-491c-95bc-a3566c93d8fb,9,user/message,90,
89f153b0-3227-491c-95bc-a3566c93d8fb,163,assistant/message,145,54
89f153b0-3227-491c-95bc-a3566c93d8fb,165,tool/result,728,
89f153b0-3227-491c-95bc-a3566c93d8fb,710,assistant/message,538,446
89f153b0-3227-491c-95bc-a3566c93d8fb,712,tool/result,459,
89f153b0-3227-491c-95bc-a3566c93d8fb,2872,assistant/message,2151,1797
8bcbeaa9-7894-4b4e-acd1-a617e93494a9,8,user/message,37,
8bcbeaa9-7894-4b4e-acd1-a617e93494a9,9,user/message,90,
8bcbeaa9-7894-4b4e-acd1-a617e93494a9,138,assistant/message,122,44
8bcbeaa9-7894-4b4e-acd1-a617e93494a9,140,tool/result,775,
8bcbeaa9-7894-4b4e-acd1-a617e93494a9,424,assistant/message,275,32
8bcbeaa9-7894-4b4e-acd1-a617e93494a9,431,user/message,11,
8bcbeaa9-7894-4b4e-acd1-a617e93494a9,560,assistant/message,123,108
8bcbeaa9-7894-4b4e-acd1-a617e93494a9,562,tool/result,437,
8bcbeaa9-7894-4b4e-acd1-a617e93494a9,614,assistant/message,46,27
8bcbeaa9-7894-4b4e-acd1-a617e93494a9,616,tool/result,268,
8bcbeaa9-7894-4b4e-acd1-a617e93494a9,664,assistant/message,42,20
8bcbeaa9-7894-4b4e-acd1-a617e93494a9,666,tool/result,483,
8bcbeaa9-7894-4b4e-acd1-a617e93494a9,803,assistant/message,131,98
8bcbeaa9-7894-4b4e-acd1-a617e93494a9,805,tool/result,516,
8bcbeaa9-7894-4b4e-acd1-a617e93494a9,1267,assistant/message,453,51
8c63ac15-deff-446e-a7bd-168262aabb9f,7,user/message,2286,
8c63ac15-deff-446e-a7bd-168262aabb9f,8,user/message,353,
8c63ac15-deff-446e-a7bd-168262aabb9f,9,user/message,90,
8c63ac15-deff-446e-a7bd-168262aabb9f,41,user/message,2,
8c63ac15-deff-446e-a7bd-168262aabb9f,1424,assistant/message,1376,439
8d50227c-3260-44c3-8074-bfc6879b3d70,9,user/message,10,
8d50227c-3260-44c3-8074-bfc6879b3d70,10,user/message,354,
8d50227c-3260-44c3-8074-bfc6879b3d70,11,user/message,90,
8f3c44b2-7909-41ec-adb7-1452cd93029f,7,user/message,44,
8f3c44b2-7909-41ec-adb7-1452cd93029f,61,assistant/message,47,12
8f3c44b2-7909-41ec-adb7-1452cd93029f,63,tool/result,716,
8f3c44b2-7909-41ec-adb7-1452cd93029f,420,assistant/message,349,323
8f3c44b2-7909-41ec-adb7-1452cd93029f,422,tool/result,477,
8f3c44b2-7909-41ec-adb7-1452cd93029f,710,assistant/message,281,216
8f3c44b2-7909-41ec-adb7-1452cd93029f,712,tool/result,853,
8f3c44b2-7909-41ec-adb7-1452cd93029f,1035,assistant/message,315,236
8f3c44b2-7909-41ec-adb7-1452cd93029f,1037,tool/result,20,
8f3c44b2-7909-41ec-adb7-1452cd93029f,1283,assistant/message,256,33
8f3c44b2-7909-41ec-adb7-1452cd93029f,1285,tool/result,21,
8f3c44b2-7909-41ec-adb7-1452cd93029f,1465,assistant/message,177,34
8f3c44b2-7909-41ec-adb7-1452cd93029f,1467,tool/result,482,
8f3c44b2-7909-41ec-adb7-1452cd93029f,1747,assistant/message,271,112
90b3b221-7c8d-445a-ae9e-320b02397235,8,user/message,16,
90b3b221-7c8d-445a-ae9e-320b02397235,9,user/message,90,
90b3b221-7c8d-445a-ae9e-320b02397235,61,assistant/message,43,26
90b3b221-7c8d-445a-ae9e-320b02397235,63,tool/result,634,
90b3b221-7c8d-445a-ae9e-320b02397235,111,assistant/message,41,27
90b3b221-7c8d-445a-ae9e-320b02397235,113,tool/result,719,
90b3b221-7c8d-445a-ae9e-320b02397235,157,assistant/message,37,19
90b3b221-7c8d-445a-ae9e-320b02397235,159,tool/result,600,
90b3b221-7c8d-445a-ae9e-320b02397235,228,assistant/message,62,28
90b3b221-7c8d-445a-ae9e-320b02397235,231,tool/result,569,
90b3b221-7c8d-445a-ae9e-320b02397235,232,tool/result,557,
90b3b221-7c8d-445a-ae9e-320b02397235,293,assistant/message,55,33
90b3b221-7c8d-445a-ae9e-320b02397235,295,tool/result,375,
90b3b221-7c8d-445a-ae9e-320b02397235,361,assistant/message,59,26
90b3b221-7c8d-445a-ae9e-320b02397235,363,tool/result,35,
90b3b221-7c8d-445a-ae9e-320b02397235,437,assistant/message,67,28
90b3b221-7c8d-445a-ae9e-320b02397235,440,tool/result,449,
90b3b221-7c8d-445a-ae9e-320b02397235,441,tool/result,1018,
90b3b221-7c8d-445a-ae9e-320b02397235,1099,assistant/message,649,202
90b3b221-7c8d-445a-ae9e-320b02397235,1106,user/message,9,
90b3b221-7c8d-445a-ae9e-320b02397235,1175,assistant/message,64,31
90b3b221-7c8d-445a-ae9e-320b02397235,1178,tool/result,500,
90b3b221-7c8d-445a-ae9e-320b02397235,1179,tool/result,498,
90b3b221-7c8d-445a-ae9e-320b02397235,1228,assistant/message,46,20
90b3b221-7c8d-445a-ae9e-320b02397235,1230,tool/result,784,
90b3b221-7c8d-445a-ae9e-320b02397235,1271,assistant/message,34,20
90b3b221-7c8d-445a-ae9e-320b02397235,1273,tool/result,18,
90b3b221-7c8d-445a-ae9e-320b02397235,1545,assistant/message,283,24
90b3b221-7c8d-445a-ae9e-320b02397235,1547,tool/result,50,
90d66f64-c29a-4faf-9ab1-7802980b3c3f,8,user/message,16,
90d66f64-c29a-4faf-9ab1-7802980b3c3f,9,user/message,90,
90d66f64-c29a-4faf-9ab1-7802980b3c3f,343,assistant/message,324,307
90d66f64-c29a-4faf-9ab1-7802980b3c3f,345,tool/result,634,
90d66f64-c29a-4faf-9ab1-7802980b3c3f,432,assistant/message,78,21
90d66f64-c29a-4faf-9ab1-7802980b3c3f,435,tool/result,424,
90d66f64-c29a-4faf-9ab1-7802980b3c3f,436,tool/result,635,
90d66f64-c29a-4faf-9ab1-7802980b3c3f,584,assistant/message,147,70
90d66f64-c29a-4faf-9ab1-7802980b3c3f,586,tool/result,484,
90d66f64-c29a-4faf-9ab1-7802980b3c3f,588,tool/result,601,
90d66f64-c29a-4faf-9ab1-7802980b3c3f,1103,assistant/message,506,99
90d66f64-c29a-4faf-9ab1-7802980b3c3f,1110,user/message,14,
90d66f64-c29a-4faf-9ab1-7802980b3c3f,1320,assistant/message,211,132
90d66f64-c29a-4faf-9ab1-7802980b3c3f,1322,tool/result,999,
90d66f64-c29a-4faf-9ab1-7802980b3c3f,1324,tool/result,850,
90d66f64-c29a-4faf-9ab1-7802980b3c3f,1783,assistant/message,431,230
90d66f64-c29a-4faf-9ab1-7802980b3c3f,1785,tool/result,18,
90d66f64-c29a-4faf-9ab1-7802980b3c3f,2143,assistant/message,356,253
90d66f64-c29a-4faf-9ab1-7802980b3c3f,2145,tool/result,1083,
90d66f64-c29a-4faf-9ab1-7802980b3c3f,2147,tool/result,829,
90d66f64-c29a-4faf-9ab1-7802980b3c3f,3593,assistant/message,1439,523
9158f65f-70c9-4462-a68e-6183defa47eb,7,user/message,9,
9158f65f-70c9-4462-a68e-6183defa47eb,8,user/message,90,
9158f65f-70c9-4462-a68e-6183defa47eb,62,assistant/message,44,29
9158f65f-70c9-4462-a68e-6183defa47eb,64,tool/result,516,
9158f65f-70c9-4462-a68e-6183defa47eb,101,assistant/message,33,15
9158f65f-70c9-4462-a68e-6183defa47eb,103,tool/result,262,
9158f65f-70c9-4462-a68e-6183defa47eb,153,assistant/message,47,29
9158f65f-70c9-4462-a68e-6183defa47eb,155,tool/result,384,
9158f65f-70c9-4462-a68e-6183defa47eb,449,assistant/message,284,59
9158f65f-70c9-4462-a68e-6183defa47eb,455,user/message,5,
9158f65f-70c9-4462-a68e-6183defa47eb,483,assistant/message,23,9
9158f65f-70c9-4462-a68e-6183defa47eb,485,tool/result,24,
9158f65f-70c9-4462-a68e-6183defa47eb,551,assistant/message,57,24
9158f65f-70c9-4462-a68e-6183defa47eb,558,user/message,11,
9158f65f-70c9-4462-a68e-6183defa47eb,706,assistant/message,146,124
9158f65f-70c9-4462-a68e-6183defa47eb,708,tool/result,351,
9158f65f-70c9-4462-a68e-6183defa47eb,755,assistant/message,44,14
9158f65f-70c9-4462-a68e-6183defa47eb,757,tool/result,708,
9158f65f-70c9-4462-a68e-6183defa47eb,805,assistant/message,41,16
9158f65f-70c9-4462-a68e-6183defa47eb,807,tool/result,36,
9158f65f-70c9-4462-a68e-6183defa47eb,872,assistant/message,63,24
9158f65f-70c9-4462-a68e-6183defa47eb,874,tool/result,681,
9158f65f-70c9-4462-a68e-6183defa47eb,1007,assistant/message,129,95
9158f65f-70c9-4462-a68e-6183defa47eb,1009,tool/result,339,
9158f65f-70c9-4462-a68e-6183defa47eb,1397,assistant/message,379,25
93645130-6cc5-47bc-a78a-03945ea5f05e,7,user/message,73,
93645130-6cc5-47bc-a78a-03945ea5f05e,8,user/message,90,
93645130-6cc5-47bc-a78a-03945ea5f05e,73,assistant/message,55,43
93645130-6cc5-47bc-a78a-03945ea5f05e,75,tool/result,5,
93645130-6cc5-47bc-a78a-03945ea5f05e,119,assistant/message,37,13
93645130-6cc5-47bc-a78a-03945ea5f05e,121,tool/result,209,
93645130-6cc5-47bc-a78a-03945ea5f05e,352,assistant/message,244,90
93645130-6cc5-47bc-a78a-03945ea5f05e,358,tool/result,160,
93645130-6cc5-47bc-a78a-03945ea5f05e,359,tool/result,158,
93645130-6cc5-47bc-a78a-03945ea5f05e,360,tool/result,178,
93645130-6cc5-47bc-a78a-03945ea5f05e,361,tool/result,178,
93645130-6cc5-47bc-a78a-03945ea5f05e,362,tool/result,201,
93645130-6cc5-47bc-a78a-03945ea5f05e,1501,assistant/message,1138,1016
93645130-6cc5-47bc-a78a-03945ea5f05e,1503,tool/result,27,
93645130-6cc5-47bc-a78a-03945ea5f05e,1599,assistant/message,89,23
93645130-6cc5-47bc-a78a-03945ea5f05e,1601,tool/result,225,
93645130-6cc5-47bc-a78a-03945ea5f05e,1603,tool/result,2,
93645130-6cc5-47bc-a78a-03945ea5f05e,1761,assistant/message,149,43
94078a4b-3145-4c61-b055-b24494df9007,8,user/message,13,
94078a4b-3145-4c61-b055-b24494df9007,9,user/message,354,
94078a4b-3145-4c61-b055-b24494df9007,10,user/message,90,
94078a4b-3145-4c61-b055-b24494df9007,15,assistant/message,85,62
94078a4b-3145-4c61-b055-b24494df9007,17,tool/result,1170,
94078a4b-3145-4c61-b055-b24494df9007,20,assistant/message,335,304
94078a4b-3145-4c61-b055-b24494df9007,22,tool/result,1329,
94078a4b-3145-4c61-b055-b24494df9007,25,assistant/message,740,228
94078a4b-3145-4c61-b055-b24494df9007,32,user/message,7,
94078a4b-3145-4c61-b055-b24494df9007,33,assistant/message,168,141
94078a4b-3145-4c61-b055-b24494df9007,35,tool/result,1125,
94078a4b-3145-4c61-b055-b24494df9007,38,assistant/message,642,351
944f0a48-5476-4229-88fa-38c14a2e2ae3,8,user/message,14,
944f0a48-5476-4229-88fa-38c14a2e2ae3,9,user/message,90,
944f0a48-5476-4229-88fa-38c14a2e2ae3,83,assistant/message,65,48
944f0a48-5476-4229-88fa-38c14a2e2ae3,85,tool/result,33,
944f0a48-5476-4229-88fa-38c14a2e2ae3,221,assistant/message,127,45
94e8ba43-a9c0-4cf1-8954-c721af485842,7,user/message,21,
94e8ba43-a9c0-4cf1-8954-c721af485842,8,user/message,90,
960c2dbf-428a-4ade-8f18-dfab33a44f7e,7,user/message,339,
960c2dbf-428a-4ade-8f18-dfab33a44f7e,8,user/message,90,
960c2dbf-428a-4ade-8f18-dfab33a44f7e,65,assistant/message,48,15
960c2dbf-428a-4ade-8f18-dfab33a44f7e,68,tool/result,824,
960c2dbf-428a-4ade-8f18-dfab33a44f7e,69,tool/result,190,
960c2dbf-428a-4ade-8f18-dfab33a44f7e,312,assistant/message,242,46
960c2dbf-428a-4ade-8f18-dfab33a44f7e,314,tool/result,399,
960c2dbf-428a-4ade-8f18-dfab33a44f7e,317,tool/result,3929,
960c2dbf-428a-4ade-8f18-dfab33a44f7e,318,tool/result,3956,
960c2dbf-428a-4ade-8f18-dfab33a44f7e,626,assistant/message,309,131
960c2dbf-428a-4ade-8f18-dfab33a44f7e,628,tool/result,223,
960c2dbf-428a-4ade-8f18-dfab33a44f7e,630,tool/result,414,
960c2dbf-428a-4ade-8f18-dfab33a44f7e,752,assistant/message,115,74
960c2dbf-428a-4ade-8f18-dfab33a44f7e,755,tool/result,113,
960c2dbf-428a-4ade-8f18-dfab33a44f7e,756,tool/result,107,
960c2dbf-428a-4ade-8f18-dfab33a44f7e,903,assistant/message,148,25
960c2dbf-428a-4ade-8f18-dfab33a44f7e,905,tool/result,113,
960c2dbf-428a-4ade-8f18-dfab33a44f7e,1166,assistant/message,257,147
960c2dbf-428a-4ade-8f18-dfab33a44f7e,1168,tool/result,291,
960c2dbf-428a-4ade-8f18-dfab33a44f7e,3951,assistant/message,2902,334
960c2dbf-428a-4ade-8f18-dfab33a44f7e,3953,tool/result,36,
960c2dbf-428a-4ade-8f18-dfab33a44f7e,4033,assistant/message,73,38
960c2dbf-428a-4ade-8f18-dfab33a44f7e,4035,tool/result,114,
960c2dbf-428a-4ade-8f18-dfab33a44f7e,4103,assistant/message,65,8
960c2dbf-428a-4ade-8f18-dfab33a44f7e,4105,tool/result,20,
960c2dbf-428a-4ade-8f18-dfab33a44f7e,4803,assistant/message,690,49
980efcdd-873f-4534-b909-c6e5725f528a,7,user/message,14,
980efcdd-873f-4534-b909-c6e5725f528a,8,user/message,90,
98511f1b-4bcc-45d7-8e9c-d26b639d687a,7,user/message,284,
98511f1b-4bcc-45d7-8e9c-d26b639d687a,8,user/message,90,
98511f1b-4bcc-45d7-8e9c-d26b639d687a,168,assistant/message,105,78
9902f5e4-2bff-4798-9f30-16131308c3b2,8,user/message,385,
9902f5e4-2bff-4798-9f30-16131308c3b2,9,user/message,90,
9902f5e4-2bff-4798-9f30-16131308c3b2,85,assistant/message,67,10
9902f5e4-2bff-4798-9f30-16131308c3b2,87,tool/result,314,
9902f5e4-2bff-4798-9f30-16131308c3b2,558,assistant/message,483,236
9902f5e4-2bff-4798-9f30-16131308c3b2,560,tool/result,1158,
9902f5e4-2bff-4798-9f30-16131308c3b2,6185,assistant/message,5997,3011
9902f5e4-2bff-4798-9f30-16131308c3b2,6187,tool/result,39,
9902f5e4-2bff-4798-9f30-16131308c3b2,6297,assistant/message,107,44
9902f5e4-2bff-4798-9f30-16131308c3b2,6299,tool/result,23,
9902f5e4-2bff-4798-9f30-16131308c3b2,6728,assistant/message,453,202
9902f5e4-2bff-4798-9f30-16131308c3b2,6730,tool/result,23,
9902f5e4-2bff-4798-9f30-16131308c3b2,6830,assistant/message,94,52
9902f5e4-2bff-4798-9f30-16131308c3b2,6832,tool/result,104,
9902f5e4-2bff-4798-9f30-16131308c3b2,7152,assistant/message,325,175
9902f5e4-2bff-4798-9f30-16131308c3b2,7154,tool/result,23,
9902f5e4-2bff-4798-9f30-16131308c3b2,7156,tool/result,23,
9902f5e4-2bff-4798-9f30-16131308c3b2,7470,assistant/message,335,67
9902f5e4-2bff-4798-9f30-16131308c3b2,7472,tool/result,23,
9902f5e4-2bff-4798-9f30-16131308c3b2,7526,assistant/message,47,8
9902f5e4-2bff-4798-9f30-16131308c3b2,7528,tool/result,81,
9902f5e4-2bff-4798-9f30-16131308c3b2,7590,assistant/message,55,30
9902f5e4-2bff-4798-9f30-16131308c3b2,7592,tool/result,20,
9902f5e4-2bff-4798-9f30-16131308c3b2,7683,assistant/message,82,23
9902f5e4-2bff-4798-9f30-16131308c3b2,7685,tool/result,25,
9902f5e4-2bff-4798-9f30-16131308c3b2,7933,assistant/message,245,204
9902f5e4-2bff-4798-9f30-16131308c3b2,7935,tool/result,6,
9902f5e4-2bff-4798-9f30-16131308c3b2,8040,assistant/message,104,80
9902f5e4-2bff-4798-9f30-16131308c3b2,8042,tool/result,226,
9902f5e4-2bff-4798-9f30-16131308c3b2,8916,assistant/message,959,66
9902f5e4-2bff-4798-9f30-16131308c3b2,8918,tool/result,6,
9902f5e4-2bff-4798-9f30-16131308c3b2,8923,user/message,2052,
9902f5e4-2bff-4798-9f30-16131308c3b2,8927,user/message,2040,
9902f5e4-2bff-4798-9f30-16131308c3b2,8999,assistant/message,71,47
9902f5e4-2bff-4798-9f30-16131308c3b2,9001,tool/result,161,
9902f5e4-2bff-4798-9f30-16131308c3b2,9005,user/message,820,
9902f5e4-2bff-4798-9f30-16131308c3b2,9006,user/message,90,
9902f5e4-2bff-4798-9f30-16131308c3b2,10042,assistant/message,1130,245
9902f5e4-2bff-4798-9f30-16131308c3b2,10044,tool/result,6,
9902f5e4-2bff-4798-9f30-16131308c3b2,10049,user/message,2020,
9902f5e4-2bff-4798-9f30-16131308c3b2,10216,assistant/message,162,92
9902f5e4-2bff-4798-9f30-16131308c3b2,10218,tool/result,63,
9902f5e4-2bff-4798-9f30-16131308c3b2,10223,user/message,2519,
9902f5e4-2bff-4798-9f30-16131308c3b2,10226,user/message,823,
9902f5e4-2bff-4798-9f30-16131308c3b2,11154,assistant/message,1021,108
9902f5e4-2bff-4798-9f30-16131308c3b2,11156,tool/result,6,
9902f5e4-2bff-4798-9f30-16131308c3b2,11255,assistant/message,97,73
9902f5e4-2bff-4798-9f30-16131308c3b2,11257,tool/result,135,
9902f5e4-2bff-4798-9f30-16131308c3b2,11261,user/message,835,
9902f5e4-2bff-4798-9f30-16131308c3b2,14424,assistant/message,3188,2833
9902f5e4-2bff-4798-9f30-16131308c3b2,14426,tool/result,170,
9902f5e4-2bff-4798-9f30-16131308c3b2,14430,user/message,2322,
9902f5e4-2bff-4798-9f30-16131308c3b2,15024,assistant/message,629,210
9902f5e4-2bff-4798-9f30-16131308c3b2,15026,tool/result,78,
9902f5e4-2bff-4798-9f30-16131308c3b2,15029,user/message,90,
9902f5e4-2bff-4798-9f30-16131308c3b2,16586,assistant/message,1550,1387
9902f5e4-2bff-4798-9f30-16131308c3b2,16588,tool/result,346,
9902f5e4-2bff-4798-9f30-16131308c3b2,16590,tool/result,935,
9902f5e4-2bff-4798-9f30-16131308c3b2,16594,user/message,2859,
9902f5e4-2bff-4798-9f30-16131308c3b2,18353,assistant/message,1751,1591
9902f5e4-2bff-4798-9f30-16131308c3b2,18355,tool/result,1002,
9902f5e4-2bff-4798-9f30-16131308c3b2,18359,user/message,3037,
9902f5e4-2bff-4798-9f30-16131308c3b2,19628,assistant/message,1372,91
9902f5e4-2bff-4798-9f30-16131308c3b2,19630,tool/result,83,
9902f5e4-2bff-4798-9f30-16131308c3b2,19786,assistant/message,147,71
9902f5e4-2bff-4798-9f30-16131308c3b2,19788,tool/result,136,
9902f5e4-2bff-4798-9f30-16131308c3b2,20975,assistant/message,1294,25
9902f5e4-2bff-4798-9f30-16131308c3b2,20977,tool/result,103,
9902f5e4-2bff-4798-9f30-16131308c3b2,20981,user/message,3120,
9902f5e4-2bff-4798-9f30-16131308c3b2,23835,assistant/message,2857,2691
9902f5e4-2bff-4798-9f30-16131308c3b2,23837,tool/result,11,
9902f5e4-2bff-4798-9f30-16131308c3b2,23842,user/message,90,
9902f5e4-2bff-4798-9f30-16131308c3b2,25193,assistant/message,1462,162
9902f5e4-2bff-4798-9f30-16131308c3b2,25195,tool/result,874,
9902f5e4-2bff-4798-9f30-16131308c3b2,25959,assistant/message,754,233
9902f5e4-2bff-4798-9f30-16131308c3b2,25968,user/message,324,
9902f5e4-2bff-4798-9f30-16131308c3b2,28053,assistant/message,2084,2053
9902f5e4-2bff-4798-9f30-16131308c3b2,28055,tool/result,1546,
9902f5e4-2bff-4798-9f30-16131308c3b2,28059,user/message,3354,
9902f5e4-2bff-4798-9f30-16131308c3b2,33499,assistant/message,5806,3011
9902f5e4-2bff-4798-9f30-16131308c3b2,33501,tool/result,39,
9902f5e4-2bff-4798-9f30-16131308c3b2,33505,user/message,2726,
9902f5e4-2bff-4798-9f30-16131308c3b2,33508,user/message,90,
9902f5e4-2bff-4798-9f30-16131308c3b2,33566,assistant/message,58,8
9902f5e4-2bff-4798-9f30-16131308c3b2,33568,tool/result,1987,
9902f5e4-2bff-4798-9f30-16131308c3b2,35999,assistant/message,2423,2353
9902f5e4-2bff-4798-9f30-16131308c3b2,36001,tool/result,239,
9902f5e4-2bff-4798-9f30-16131308c3b2,36062,assistant/message,56,24
9902f5e4-2bff-4798-9f30-16131308c3b2,36064,tool/result,286,
9902f5e4-2bff-4798-9f30-16131308c3b2,36068,user/message,2722,
9902f5e4-2bff-4798-9f30-16131308c3b2,36072,user/message,2446,
9902f5e4-2bff-4798-9f30-16131308c3b2,36233,assistant/message,164,47
9902f5e4-2bff-4798-9f30-16131308c3b2,36235,tool/result,23,
9902f5e4-2bff-4798-9f30-16131308c3b2,36329,assistant/message,90,40
9902f5e4-2bff-4798-9f30-16131308c3b2,36331,tool/result,1963,
9902f5e4-2bff-4798-9f30-16131308c3b2,36335,user/message,2513,
9902f5e4-2bff-4798-9f30-16131308c3b2,36461,assistant/message,121,24
9902f5e4-2bff-4798-9f30-16131308c3b2,36463,tool/result,166,
9902f5e4-2bff-4798-9f30-16131308c3b2,36466,user/message,90,
9902f5e4-2bff-4798-9f30-16131308c3b2,37073,assistant/message,600,64
9902f5e4-2bff-4798-9f30-16131308c3b2,37080,user/message,249,
9902f5e4-2bff-4798-9f30-16131308c3b2,38229,assistant/message,1206,690
9902f5e4-2bff-4798-9f30-16131308c3b2,38231,tool/result,78,
9902f5e4-2bff-4798-9f30-16131308c3b2,38235,user/message,3018,
9902f5e4-2bff-4798-9f30-16131308c3b2,38708,assistant/message,544,31
9902f5e4-2bff-4798-9f30-16131308c3b2,38710,tool/result,471,
9902f5e4-2bff-4798-9f30-16131308c3b2,40008,assistant/message,1335,884
9902f5e4-2bff-4798-9f30-16131308c3b2,40010,tool/result,533,
9902f5e4-2bff-4798-9f30-16131308c3b2,40014,user/message,3212,
9902f5e4-2bff-4798-9f30-16131308c3b2,45167,assistant/message,5225,1524
9902f5e4-2bff-4798-9f30-16131308c3b2,45169,tool/result,40,
9902f5e4-2bff-4798-9f30-16131308c3b2,45173,user/message,3002,
9902f5e4-2bff-4798-9f30-16131308c3b2,45594,assistant/message,412,10
9902f5e4-2bff-4798-9f30-16131308c3b2,45601,user/message,510,
9902f5e4-2bff-4798-9f30-16131308c3b2,45602,user/message,90,
9902f5e4-2bff-4798-9f30-16131308c3b2,48773,assistant/message,3166,3014
9902f5e4-2bff-4798-9f30-16131308c3b2,48777,tool/result,2578,
9902f5e4-2bff-4798-9f30-16131308c3b2,48778,tool/result,3658,
9902f5e4-2bff-4798-9f30-16131308c3b2,48779,tool/result,4030,
9902f5e4-2bff-4798-9f30-16131308c3b2,48781,tool/result,293,
9902f5e4-2bff-4798-9f30-16131308c3b2,48784,tool/result,1663,
9902f5e4-2bff-4798-9f30-16131308c3b2,48786,tool/result,1311,
9902f5e4-2bff-4798-9f30-16131308c3b2,48789,user/message,2894,
9902f5e4-2bff-4798-9f30-16131308c3b2,49716,assistant/message,1011,300
9902f5e4-2bff-4798-9f30-16131308c3b2,49718,tool/result,642,
9902f5e4-2bff-4798-9f30-16131308c3b2,49720,tool/result,296,
9902f5e4-2bff-4798-9f30-16131308c3b2,49722,tool/result,38,
9902f5e4-2bff-4798-9f30-16131308c3b2,49726,user/message,2666,
9902f5e4-2bff-4798-9f30-16131308c3b2,49730,user/message,2611,
9902f5e4-2bff-4798-9f30-16131308c3b2,49733,user/message,90,
9902f5e4-2bff-4798-9f30-16131308c3b2,49995,assistant/message,255,200
9902f5e4-2bff-4798-9f30-16131308c3b2,49997,tool/result,1060,
9902f5e4-2bff-4798-9f30-16131308c3b2,50391,assistant/message,382,299
9902f5e4-2bff-4798-9f30-16131308c3b2,50393,tool/result,591,
9902f5e4-2bff-4798-9f30-16131308c3b2,50397,user/message,2608,
9902f5e4-2bff-4798-9f30-16131308c3b2,50734,assistant/message,326,244
9902f5e4-2bff-4798-9f30-16131308c3b2,50736,tool/result,532,
9902f5e4-2bff-4798-9f30-16131308c3b2,50738,tool/result,383,
9902f5e4-2bff-4798-9f30-16131308c3b2,50988,assistant/message,242,163
9902f5e4-2bff-4798-9f30-16131308c3b2,50990,tool/result,436,
9902f5e4-2bff-4798-9f30-16131308c3b2,50992,tool/result,614,
9902f5e4-2bff-4798-9f30-16131308c3b2,50996,user/message,3321,
9902f5e4-2bff-4798-9f30-16131308c3b2,51397,assistant/message,400,228
9902f5e4-2bff-4798-9f30-16131308c3b2,51399,tool/result,829,
9902f5e4-2bff-4798-9f30-16131308c3b2,51401,tool/result,490,
9902f5e4-2bff-4798-9f30-16131308c3b2,52378,assistant/message,970,887
9902f5e4-2bff-4798-9f30-16131308c3b2,52380,tool/result,409,
9902f5e4-2bff-4798-9f30-16131308c3b2,52382,tool/result,353,
9902f5e4-2bff-4798-9f30-16131308c3b2,52386,user/message,3646,
9902f5e4-2bff-4798-9f30-16131308c3b2,53830,assistant/message,1438,1345
9902f5e4-2bff-4798-9f30-16131308c3b2,53832,tool/result,520,
9902f5e4-2bff-4798-9f30-16131308c3b2,53834,tool/result,5,
9902f5e4-2bff-4798-9f30-16131308c3b2,53843,user/message,6,
9902f5e4-2bff-4798-9f30-16131308c3b2,53844,user/message,90,
9902f5e4-2bff-4798-9f30-16131308c3b2,55211,assistant/message,1346,1052
9902f5e4-2bff-4798-9f30-16131308c3b2,55213,tool/result,19,
9902f5e4-2bff-4798-9f30-16131308c3b2,55217,user/message,3693,
9902f5e4-2bff-4798-9f30-16131308c3b2,55322,assistant/message,100,73
9902f5e4-2bff-4798-9f30-16131308c3b2,55324,tool/result,463,
9902f5e4-2bff-4798-9f30-16131308c3b2,57411,assistant/message,2078,2018
9902f5e4-2bff-4798-9f30-16131308c3b2,57413,tool/result,3658,
9902f5e4-2bff-4798-9f30-16131308c3b2,57416,tool/result,1663,
9902f5e4-2bff-4798-9f30-16131308c3b2,57579,assistant/message,157,71
9902f5e4-2bff-4798-9f30-16131308c3b2,57582,tool/result,2163,
9902f5e4-2bff-4798-9f30-16131308c3b2,57583,tool/result,2578,
9902f5e4-2bff-4798-9f30-16131308c3b2,57587,user/message,3806,
9902f5e4-2bff-4798-9f30-16131308c3b2,57841,assistant/message,247,192
9902f5e4-2bff-4798-9f30-16131308c3b2,57843,tool/result,351,
9902f5e4-2bff-4798-9f30-16131308c3b2,57848,user/message,90,
9902f5e4-2bff-4798-9f30-16131308c3b2,63423,assistant/message,5625,3011
9902f5e4-2bff-4798-9f30-16131308c3b2,63425,tool/result,24,
9902f5e4-2bff-4798-9f30-16131308c3b2,63542,assistant/message,108,49
9902f5e4-2bff-4798-9f30-16131308c3b2,63544,tool/result,540,
9902f5e4-2bff-4798-9f30-16131308c3b2,64150,assistant/message,597,59
9b4eb3e3-bfe6-452c-83d7-877c97c2c5e7,8,user/message,9,
9b4eb3e3-bfe6-452c-83d7-877c97c2c5e7,9,user/message,90,
9b4eb3e3-bfe6-452c-83d7-877c97c2c5e7,170,assistant/message,150,29
9b86d89d-83e0-477c-ac5c-e6376cf9f22e,8,user/message,11,
9b86d89d-83e0-477c-ac5c-e6376cf9f22e,9,user/message,90,
9b86d89d-83e0-477c-ac5c-e6376cf9f22e,134,assistant/message,116,97
9b86d89d-83e0-477c-ac5c-e6376cf9f22e,136,tool/result,484,
9b86d89d-83e0-477c-ac5c-e6376cf9f22e,273,assistant/message,128,49
9b86d89d-83e0-477c-ac5c-e6376cf9f22e,280,user/message,5,
9b86d89d-83e0-477c-ac5c-e6376cf9f22e,327,assistant/message,42,28
9b86d89d-83e0-477c-ac5c-e6376cf9f22e,329,tool/result,24,
9b86d89d-83e0-477c-ac5c-e6376cf9f22e,383,assistant/message,45,26
9b86d89d-83e0-477c-ac5c-e6376cf9f22e,390,user/message,3,
9b86d89d-83e0-477c-ac5c-e6376cf9f22e,711,assistant/message,315,247
9b86d89d-83e0-477c-ac5c-e6376cf9f22e,718,user/message,11,
9b86d89d-83e0-477c-ac5c-e6376cf9f22e,918,assistant/message,195,177
9b86d89d-83e0-477c-ac5c-e6376cf9f22e,920,tool/result,554,
9b86d89d-83e0-477c-ac5c-e6376cf9f22e,1031,assistant/message,104,47
9b86d89d-83e0-477c-ac5c-e6376cf9f22e,1033,tool/result,594,
9b86d89d-83e0-477c-ac5c-e6376cf9f22e,1035,tool/result,443,
9b86d89d-83e0-477c-ac5c-e6376cf9f22e,1678,assistant/message,635,288
9c93a1ca-edc3-4850-9f3e-79e6bf010e7a,8,user/message,93,
9c93a1ca-edc3-4850-9f3e-79e6bf010e7a,9,user/message,90,
9c93a1ca-edc3-4850-9f3e-79e6bf010e7a,86,assistant/message,69,0
9c93a1ca-edc3-4850-9f3e-79e6bf010e7a,88,tool/result,75,
9c93a1ca-edc3-4850-9f3e-79e6bf010e7a,162,assistant/message,71,0
9c93a1ca-edc3-4850-9f3e-79e6bf010e7a,164,tool/result,4592,
9c93a1ca-edc3-4850-9f3e-79e6bf010e7a,186,assistant/message,17,0
9c93a1ca-edc3-4850-9f3e-79e6bf010e7a,188,tool/result,1058,
9c93a1ca-edc3-4850-9f3e-79e6bf010e7a,318,assistant/message,127,0
9c93a1ca-edc3-4850-9f3e-79e6bf010e7a,320,tool/result,1063,
9c93a1ca-edc3-4850-9f3e-79e6bf010e7a,432,assistant/message,106,0
9c93a1ca-edc3-4850-9f3e-79e6bf010e7a,434,tool/result,184,
9c93a1ca-edc3-4850-9f3e-79e6bf010e7a,460,assistant/message,22,0
9c93a1ca-edc3-4850-9f3e-79e6bf010e7a,462,tool/result,60,
9c93a1ca-edc3-4850-9f3e-79e6bf010e7a,550,assistant/message,82,0
9c93a1ca-edc3-4850-9f3e-79e6bf010e7a,552,tool/result,717,
9c93a1ca-edc3-4850-9f3e-79e6bf010e7a,691,assistant/message,132,0
9c93a1ca-edc3-4850-9f3e-79e6bf010e7a,693,tool/result,78,
9c93a1ca-edc3-4850-9f3e-79e6bf010e7a,785,assistant/message,88,0
9c93a1ca-edc3-4850-9f3e-79e6bf010e7a,787,tool/result,846,
9c93a1ca-edc3-4850-9f3e-79e6bf010e7a,837,assistant/message,45,0
9c93a1ca-edc3-4850-9f3e-79e6bf010e7a,839,tool/result,60,
9e3d494d-c3a6-4cff-90b2-e827c35564cd,7,user/message,5,
9e3d494d-c3a6-4cff-90b2-e827c35564cd,8,user/message,90,
9e3d494d-c3a6-4cff-90b2-e827c35564cd,67,assistant/message,51,27
9e3d494d-c3a6-4cff-90b2-e827c35564cd,69,tool/result,11,
9e3d494d-c3a6-4cff-90b2-e827c35564cd,136,assistant/message,58,39
9e3d494d-c3a6-4cff-90b2-e827c35564cd,143,user/message,11,
9e3d494d-c3a6-4cff-90b2-e827c35564cd,246,assistant/message,96,82
9e3d494d-c3a6-4cff-90b2-e827c35564cd,248,tool/result,445,
9e3d494d-c3a6-4cff-90b2-e827c35564cd,447,assistant/message,190,161
9e3d494d-c3a6-4cff-90b2-e827c35564cd,449,tool/result,474,
9e3d494d-c3a6-4cff-90b2-e827c35564cd,536,assistant/message,85,41
9e3d494d-c3a6-4cff-90b2-e827c35564cd,538,tool/result,688,
9e3d494d-c3a6-4cff-90b2-e827c35564cd,540,tool/result,626,
9e3d494d-c3a6-4cff-90b2-e827c35564cd,964,assistant/message,415,86
9ff74c9b-85d3-479b-af23-7ac0e0dc64d0,7,user/message,21,
9ff74c9b-85d3-479b-af23-7ac0e0dc64d0,75,assistant/message,58,34
9ff74c9b-85d3-479b-af23-7ac0e0dc64d0,77,tool/result,173,
9ff74c9b-85d3-479b-af23-7ac0e0dc64d0,420,assistant/message,336,299
9ff74c9b-85d3-479b-af23-7ac0e0dc64d0,422,tool/result,1,
9ff74c9b-85d3-479b-af23-7ac0e0dc64d0,529,assistant/message,99,65
9ff74c9b-85d3-479b-af23-7ac0e0dc64d0,531,tool/result,122,
9ff74c9b-85d3-479b-af23-7ac0e0dc64d0,826,assistant/message,286,37
9ff74c9b-85d3-479b-af23-7ac0e0dc64d0,833,user/message,25,
9ff74c9b-85d3-479b-af23-7ac0e0dc64d0,1107,assistant/message,267,27
9ff74c9b-85d3-479b-af23-7ac0e0dc64d0,1114,user/message,46,
9ff74c9b-85d3-479b-af23-7ac0e0dc64d0,1387,assistant/message,270,235
9ff74c9b-85d3-479b-af23-7ac0e0dc64d0,1389,tool/result,427,
9ff74c9b-85d3-479b-af23-7ac0e0dc64d0,1637,assistant/message,239,106
a1f6d183-2067-4623-b281-2854e4028d5e,8,user/message,9,
a1f6d183-2067-4623-b281-2854e4028d5e,9,user/message,90,
a1f6d183-2067-4623-b281-2854e4028d5e,35,assistant/message,18,0
a1f6d183-2067-4623-b281-2854e4028d5e,37,tool/result,54,
a1f6d183-2067-4623-b281-2854e4028d5e,56,assistant/message,14,0
a1f6d183-2067-4623-b281-2854e4028d5e,58,tool/result,17,
a1f6d183-2067-4623-b281-2854e4028d5e,132,assistant/message,69,0
a1f6d183-2067-4623-b281-2854e4028d5e,134,tool/result,315,
a1f6d183-2067-4623-b281-2854e4028d5e,226,assistant/message,89,0
a1f6d183-2067-4623-b281-2854e4028d5e,228,tool/result,1037,
a1f6d183-2067-4623-b281-2854e4028d5e,364,assistant/message,131,0
a1f6d183-2067-4623-b281-2854e4028d5e,366,tool/result,472,
a1f6d183-2067-4623-b281-2854e4028d5e,498,assistant/message,129,0
a1f6d183-2067-4623-b281-2854e4028d5e,500,tool/result,920,
a1f6d183-2067-4623-b281-2854e4028d5e,707,assistant/message,200,0
a229e205-a6b8-462e-9a3c-eb03d465dbb9,7,user/message,17,
a229e205-a6b8-462e-9a3c-eb03d465dbb9,8,user/message,90,
a2c2fa1b-5eeb-4a99-89a0-827401b2937f,7,user/message,589,
a2c2fa1b-5eeb-4a99-89a0-827401b2937f,8,user/message,90,
a2c2fa1b-5eeb-4a99-89a0-827401b2937f,274,assistant/message,261,36
a2c2fa1b-5eeb-4a99-89a0-827401b2937f,276,tool/result,23,
a2c2fa1b-5eeb-4a99-89a0-827401b2937f,278,tool/result,3626,
a2c2fa1b-5eeb-4a99-89a0-827401b2937f,280,tool/result,31,
a2c2fa1b-5eeb-4a99-89a0-827401b2937f,593,assistant/message,314,111
a2c2fa1b-5eeb-4a99-89a0-827401b2937f,595,tool/result,413,
a2c2fa1b-5eeb-4a99-89a0-827401b2937f,880,assistant/message,307,38
a2c2fa1b-5eeb-4a99-89a0-827401b2937f,882,tool/result,150,
a2c2fa1b-5eeb-4a99-89a0-827401b2937f,1218,assistant/message,339,185
a2c2fa1b-5eeb-4a99-89a0-827401b2937f,1220,tool/result,20,
a2c2fa1b-5eeb-4a99-89a0-827401b2937f,1418,assistant/message,202,21
a2c2fa1b-5eeb-4a99-89a0-827401b2937f,1420,tool/result,406,
a2c2fa1b-5eeb-4a99-89a0-827401b2937f,1614,assistant/message,195,71
a2c2fa1b-5eeb-4a99-89a0-827401b2937f,1616,tool/result,1852,
a2c2fa1b-5eeb-4a99-89a0-827401b2937f,4720,assistant/message,3108,3010
a2c2fa1b-5eeb-4a99-89a0-827401b2937f,4722,tool/result,146,
a2c2fa1b-5eeb-4a99-89a0-827401b2937f,5320,assistant/message,566,352
a2c2fa1b-5eeb-4a99-89a0-827401b2937f,5323,tool/result,17,
a2c2fa1b-5eeb-4a99-89a0-827401b2937f,5536,assistant/message,232,12
a2c2fa1b-5eeb-4a99-89a0-827401b2937f,5538,tool/result,5337,
a2c2fa1b-5eeb-4a99-89a0-827401b2937f,5541,tool/result,1500,
a2c2fa1b-5eeb-4a99-89a0-827401b2937f,5845,assistant/message,311,65
a2c2fa1b-5eeb-4a99-89a0-827401b2937f,5847,tool/result,1542,
a2c2fa1b-5eeb-4a99-89a0-827401b2937f,9094,assistant/message,3278,2879
a2c2fa1b-5eeb-4a99-89a0-827401b2937f,9096,tool/result,308,
a2c2fa1b-5eeb-4a99-89a0-827401b2937f,9100,user/message,3356,
a2c2fa1b-5eeb-4a99-89a0-827401b2937f,12739,assistant/message,3757,2706
a2c2fa1b-5eeb-4a99-89a0-827401b2937f,12741,tool/result,41,
a2c2fa1b-5eeb-4a99-89a0-827401b2937f,12744,user/message,90,
a2c2fa1b-5eeb-4a99-89a0-827401b2937f,12983,assistant/message,254,8
a2c2fa1b-5eeb-4a99-89a0-827401b2937f,12985,tool/result,416,
a2c2fa1b-5eeb-4a99-89a0-827401b2937f,16677,assistant/message,3660,3011
a2c2fa1b-5eeb-4a99-89a0-827401b2937f,16680,tool/result,17,
a2c2fa1b-5eeb-4a99-89a0-827401b2937f,16684,user/message,2258,
a2c2fa1b-5eeb-4a99-89a0-827401b2937f,17438,assistant/message,828,13
a2c2fa1b-5eeb-4a99-89a0-827401b2937f,17440,tool/result,37,
a2c2fa1b-5eeb-4a99-89a0-827401b2937f,17628,assistant/message,198,11
a2c2fa1b-5eeb-4a99-89a0-827401b2937f,17630,tool/result,1139,
a2c2fa1b-5eeb-4a99-89a0-827401b2937f,18625,assistant/message,998,801
a2c2fa1b-5eeb-4a99-89a0-827401b2937f,18627,tool/result,21,
a2c2fa1b-5eeb-4a99-89a0-827401b2937f,18812,assistant/message,195,8
a2c2fa1b-5eeb-4a99-89a0-827401b2937f,18814,tool/result,858,
a2c2fa1b-5eeb-4a99-89a0-827401b2937f,19584,assistant/message,807,262
a2c2fa1b-5eeb-4a99-89a0-827401b2937f,19586,tool/result,40,
a2c2fa1b-5eeb-4a99-89a0-827401b2937f,19651,assistant/message,60,8
a2c2fa1b-5eeb-4a99-89a0-827401b2937f,19653,tool/result,102,
a2c2fa1b-5eeb-4a99-89a0-827401b2937f,20167,assistant/message,503,362
a2c2fa1b-5eeb-4a99-89a0-827401b2937f,20169,tool/result,428,
a2c2fa1b-5eeb-4a99-89a0-827401b2937f,20438,assistant/message,258,165
a2c2fa1b-5eeb-4a99-89a0-827401b2937f,20440,tool/result,476,
a2c2fa1b-5eeb-4a99-89a0-827401b2937f,20444,user/message,2624,
a2c2fa1b-5eeb-4a99-89a0-827401b2937f,20892,assistant/message,447,361
a2c2fa1b-5eeb-4a99-89a0-827401b2937f,20894,tool/result,569,
a2c2fa1b-5eeb-4a99-89a0-827401b2937f,20896,tool/result,719,
a2c2fa1b-5eeb-4a99-89a0-827401b2937f,20899,user/message,90,
a2c2fa1b-5eeb-4a99-89a0-827401b2937f,21704,assistant/message,847,242
a2c2fa1b-5eeb-4a99-89a0-827401b2937f,21706,tool/result,41,
a2c2fa1b-5eeb-4a99-89a0-827401b2937f,21771,assistant/message,60,9
a2c2fa1b-5eeb-4a99-89a0-827401b2937f,21773,tool/result,196,
a2c2fa1b-5eeb-4a99-89a0-827401b2937f,22474,assistant/message,710,487
a2c2fa1b-5eeb-4a99-89a0-827401b2937f,22476,tool/result,71,
a2c2fa1b-5eeb-4a99-89a0-827401b2937f,23051,assistant/message,615,84
a2c2fa1b-5eeb-4a99-89a0-827401b2937f,23053,tool/result,41,
a2c2fa1b-5eeb-4a99-89a0-827401b2937f,23112,assistant/message,54,9
a2c2fa1b-5eeb-4a99-89a0-827401b2937f,23114,tool/result,94,
a2c2fa1b-5eeb-4a99-89a0-827401b2937f,23468,assistant/message,322,130
a2c2fa1b-5eeb-4a99-89a0-827401b2937f,23471,tool/result,17,
a2c2fa1b-5eeb-4a99-89a0-827401b2937f,23615,assistant/message,143,40
a2c2fa1b-5eeb-4a99-89a0-827401b2937f,23617,tool/result,121,
a2c2fa1b-5eeb-4a99-89a0-827401b2937f,24378,assistant/message,761,527
a2c2fa1b-5eeb-4a99-89a0-827401b2937f,24380,tool/result,114,
a2c2fa1b-5eeb-4a99-89a0-827401b2937f,24601,assistant/message,223,40
a2c2fa1b-5eeb-4a99-89a0-827401b2937f,24603,tool/result,181,
a2c2fa1b-5eeb-4a99-89a0-827401b2937f,25430,assistant/message,849,428
a2c2fa1b-5eeb-4a99-89a0-827401b2937f,25432,tool/result,681,
a2c2fa1b-5eeb-4a99-89a0-827401b2937f,25436,user/message,1692,
a2c2fa1b-5eeb-4a99-89a0-827401b2937f,26378,assistant/message,943,795
a2c2fa1b-5eeb-4a99-89a0-827401b2937f,26380,tool/result,750,
a2c2fa1b-5eeb-4a99-89a0-827401b2937f,26383,user/message,90,
a2c2fa1b-5eeb-4a99-89a0-827401b2937f,27072,assistant/message,704,461
a2c2fa1b-5eeb-4a99-89a0-827401b2937f,27074,tool/result,295,
a2c2fa1b-5eeb-4a99-89a0-827401b2937f,27851,assistant/message,749,523
a2c2fa1b-5eeb-4a99-89a0-827401b2937f,27853,tool/result,2108,
a2c2fa1b-5eeb-4a99-89a0-827401b2937f,27856,tool/result,17,
a2c2fa1b-5eeb-4a99-89a0-827401b2937f,28704,assistant/message,841,94
a3550fac-7a9c-4315-bd78-1819e2cbe480,8,user/message,8,
a3550fac-7a9c-4315-bd78-1819e2cbe480,9,user/message,90,
a3550fac-7a9c-4315-bd78-1819e2cbe480,122,assistant/message,104,85
a3550fac-7a9c-4315-bd78-1819e2cbe480,124,tool/result,54,
a3550fac-7a9c-4315-bd78-1819e2cbe480,340,assistant/message,207,100
a5ca3e46-5cdb-47ec-9d60-a4d101bf79ec,7,user/message,10,
a5ca3e46-5cdb-47ec-9d60-a4d101bf79ec,8,user/message,90,
a5ca3e46-5cdb-47ec-9d60-a4d101bf79ec,138,assistant/message,121,104
a5ca3e46-5cdb-47ec-9d60-a4d101bf79ec,140,tool/result,627,
a5ca3e46-5cdb-47ec-9d60-a4d101bf79ec,241,assistant/message,101,28
a5ca3e46-5cdb-47ec-9d60-a4d101bf79ec,243,tool/result,588,
a5ca3e46-5cdb-47ec-9d60-a4d101bf79ec,245,tool/result,605,
a5ca3e46-5cdb-47ec-9d60-a4d101bf79ec,412,assistant/message,168,104
a5ca3e46-5cdb-47ec-9d60-a4d101bf79ec,414,tool/result,672,
a5ca3e46-5cdb-47ec-9d60-a4d101bf79ec,416,tool/result,748,
a5ca3e46-5cdb-47ec-9d60-a4d101bf79ec,827,assistant/message,402,96
a5ca3e46-5cdb-47ec-9d60-a4d101bf79ec,834,user/message,12,
a5ca3e46-5cdb-47ec-9d60-a4d101bf79ec,1186,assistant/message,345,126
a5ca3e46-5cdb-47ec-9d60-a4d101bf79ec,1193,user/message,7,
a5ca3e46-5cdb-47ec-9d60-a4d101bf79ec,1456,assistant/message,256,39
a64ab3b1-1a1a-4afc-88cb-e298228fe8c1,8,user/message,8,
a64ab3b1-1a1a-4afc-88cb-e298228fe8c1,9,user/message,90,
a64ab3b1-1a1a-4afc-88cb-e298228fe8c1,298,assistant/message,280,264
a64ab3b1-1a1a-4afc-88cb-e298228fe8c1,300,tool/result,54,
a64ab3b1-1a1a-4afc-88cb-e298228fe8c1,366,assistant/message,59,59
a7d452b8-8c79-47ad-b52d-dc82d1deeea1,7,user/message,50,
a7d452b8-8c79-47ad-b52d-dc82d1deeea1,8,user/message,157,
a7d452b8-8c79-47ad-b52d-dc82d1deeea1,9,user/message,90,
a7d452b8-8c79-47ad-b52d-dc82d1deeea1,228,assistant/message,210,154
a7d452b8-8c79-47ad-b52d-dc82d1deeea1,230,tool/result,7828,
a7d452b8-8c79-47ad-b52d-dc82d1deeea1,941,assistant/message,702,331
ad56f482-dee1-4097-a8c0-147a0cda05bc,7,user/message,1101,
ad56f482-dee1-4097-a8c0-147a0cda05bc,8,user/message,90,
ad56f482-dee1-4097-a8c0-147a0cda05bc,435,assistant/message,430,229
ad56f482-dee1-4097-a8c0-147a0cda05bc,437,tool/result,3,
ad56f482-dee1-4097-a8c0-147a0cda05bc,439,tool/result,81,
ad56f482-dee1-4097-a8c0-147a0cda05bc,441,tool/result,202,
ad56f482-dee1-4097-a8c0-147a0cda05bc,610,assistant/message,171,55
ad56f482-dee1-4097-a8c0-147a0cda05bc,612,tool/result,3,
ad56f482-dee1-4097-a8c0-147a0cda05bc,614,tool/result,750,
ad56f482-dee1-4097-a8c0-147a0cda05bc,734,assistant/message,113,39
ad56f482-dee1-4097-a8c0-147a0cda05bc,736,tool/result,33,
ad56f482-dee1-4097-a8c0-147a0cda05bc,866,assistant/message,129,26
ad56f482-dee1-4097-a8c0-147a0cda05bc,868,tool/result,8,
ad56f482-dee1-4097-a8c0-147a0cda05bc,870,tool/result,191,
ad56f482-dee1-4097-a8c0-147a0cda05bc,930,assistant/message,54,14
ad56f482-dee1-4097-a8c0-147a0cda05bc,932,tool/result,729,
ad56f482-dee1-4097-a8c0-147a0cda05bc,1525,assistant/message,551,255
ad56f482-dee1-4097-a8c0-147a0cda05bc,1527,tool/result,32,
ad56f482-dee1-4097-a8c0-147a0cda05bc,1699,assistant/message,168,168
ad56f482-dee1-4097-a8c0-147a0cda05bc,1706,user/message,17,
ad56f482-dee1-4097-a8c0-147a0cda05bc,2504,assistant/message,793,47
adace016-7ab1-45ff-998a-e4fa53408d0b,8,user/message,9,
adace016-7ab1-45ff-998a-e4fa53408d0b,9,user/message,90,
adace016-7ab1-45ff-998a-e4fa53408d0b,77,assistant/message,59,44
adace016-7ab1-45ff-998a-e4fa53408d0b,79,tool/result,550,
adace016-7ab1-45ff-998a-e4fa53408d0b,119,assistant/message,33,16
adace016-7ab1-45ff-998a-e4fa53408d0b,121,tool/result,645,
adace016-7ab1-45ff-998a-e4fa53408d0b,164,assistant/message,36,19
adace016-7ab1-45ff-998a-e4fa53408d0b,166,tool/result,589,
adace016-7ab1-45ff-998a-e4fa53408d0b,210,assistant/message,38,20
adace016-7ab1-45ff-998a-e4fa53408d0b,212,tool/result,278,
adace016-7ab1-45ff-998a-e4fa53408d0b,299,assistant/message,80,64
adace016-7ab1-45ff-998a-e4fa53408d0b,301,tool/result,444,
adace016-7ab1-45ff-998a-e4fa53408d0b,360,assistant/message,53,32
adace016-7ab1-45ff-998a-e4fa53408d0b,362,tool/result,487,
adace016-7ab1-45ff-998a-e4fa53408d0b,561,assistant/message,190,52
adace016-7ab1-45ff-998a-e4fa53408d0b,568,user/message,5,
adace016-7ab1-45ff-998a-e4fa53408d0b,611,assistant/message,38,24
adace016-7ab1-45ff-998a-e4fa53408d0b,613,tool/result,24,
adace016-7ab1-45ff-998a-e4fa53408d0b,658,assistant/message,36,18
adace016-7ab1-45ff-998a-e4fa53408d0b,665,user/message,6,
adace016-7ab1-45ff-998a-e4fa53408d0b,819,assistant/message,149,134
adace016-7ab1-45ff-998a-e4fa53408d0b,821,tool/result,811,
adace016-7ab1-45ff-998a-e4fa53408d0b,860,assistant/message,32,16
adace016-7ab1-45ff-998a-e4fa53408d0b,862,tool/result,645,
adace016-7ab1-45ff-998a-e4fa53408d0b,918,assistant/message,50,28
adace016-7ab1-45ff-998a-e4fa53408d0b,920,tool/result,631,
adace016-7ab1-45ff-998a-e4fa53408d0b,1096,assistant/message,167,53
ae7fac63-bce7-4e6f-811c-4951b4d13910,7,user/message,9,
ae7fac63-bce7-4e6f-811c-4951b4d13910,8,user/message,90,
ae7fac63-bce7-4e6f-811c-4951b4d13910,145,assistant/message,127,108
ae7fac63-bce7-4e6f-811c-4951b4d13910,147,tool/result,947,
ae7fac63-bce7-4e6f-811c-4951b4d13910,500,assistant/message,344,43
ae7fac63-bce7-4e6f-811c-4951b4d13910,507,user/message,6,
ae7fac63-bce7-4e6f-811c-4951b4d13910,773,assistant/message,259,217
ae7fac63-bce7-4e6f-811c-4951b4d13910,775,tool/result,1092,
ae7fac63-bce7-4e6f-811c-4951b4d13910,1748,assistant/message,964,277
b1aa41de-cb54-43b4-ab36-5d3625a03995,7,user/message,0,
b1aa41de-cb54-43b4-ab36-5d3625a03995,8,user/message,353,
b1aa41de-cb54-43b4-ab36-5d3625a03995,9,user/message,90,
b1aa41de-cb54-43b4-ab36-5d3625a03995,2543,assistant/message,2525,1721
b35166c1-a8ea-437c-aac9-11ac557ea4ad,8,user/message,16,
b35166c1-a8ea-437c-aac9-11ac557ea4ad,9,user/message,354,
b35166c1-a8ea-437c-aac9-11ac557ea4ad,10,user/message,90,
b35166c1-a8ea-437c-aac9-11ac557ea4ad,15,assistant/message,74,47
b35166c1-a8ea-437c-aac9-11ac557ea4ad,17,tool/result,1295,
b35166c1-a8ea-437c-aac9-11ac557ea4ad,20,assistant/message,568,50
b35166c1-a8ea-437c-aac9-11ac557ea4ad,27,user/message,13,
b35166c1-a8ea-437c-aac9-11ac557ea4ad,28,assistant/message,90,49
b35166c1-a8ea-437c-aac9-11ac557ea4ad,30,tool/result,1177,
b35166c1-a8ea-437c-aac9-11ac557ea4ad,33,assistant/message,352,99
b35166c1-a8ea-437c-aac9-11ac557ea4ad,35,tool/result,1373,
b35166c1-a8ea-437c-aac9-11ac557ea4ad,38,assistant/message,269,20
b35166c1-a8ea-437c-aac9-11ac557ea4ad,40,tool/result,2373,
b35166c1-a8ea-437c-aac9-11ac557ea4ad,43,assistant/message,389,133
b35166c1-a8ea-437c-aac9-11ac557ea4ad,45,tool/result,1790,
b35166c1-a8ea-437c-aac9-11ac557ea4ad,48,assistant/message,987,464
b35166c1-a8ea-437c-aac9-11ac557ea4ad,50,tool/result,2351,
b35166c1-a8ea-437c-aac9-11ac557ea4ad,53,assistant/message,1770,988
b37184b5-55ea-418e-9d1d-21545014d4d6,8,user/message,9,
b37184b5-55ea-418e-9d1d-21545014d4d6,9,user/message,157,
b37184b5-55ea-418e-9d1d-21545014d4d6,10,user/message,90,
b37184b5-55ea-418e-9d1d-21545014d4d6,194,assistant/message,173,144
b37184b5-55ea-418e-9d1d-21545014d4d6,196,tool/result,1363,
b37184b5-55ea-418e-9d1d-21545014d4d6,478,assistant/message,273,29
b37184b5-55ea-418e-9d1d-21545014d4d6,485,user/message,7,
b37184b5-55ea-418e-9d1d-21545014d4d6,568,assistant/message,76,39
b37184b5-55ea-418e-9d1d-21545014d4d6,570,tool/result,1545,
b37184b5-55ea-418e-9d1d-21545014d4d6,1621,assistant/message,1042,226
b37184b5-55ea-418e-9d1d-21545014d4d6,1628,user/message,7,
b37184b5-55ea-418e-9d1d-21545014d4d6,1682,assistant/message,47,16
b37184b5-55ea-418e-9d1d-21545014d4d6,1684,tool/result,1471,
b37184b5-55ea-418e-9d1d-21545014d4d6,2827,assistant/message,1133,257
b37184b5-55ea-418e-9d1d-21545014d4d6,2834,user/message,9,
b37184b5-55ea-418e-9d1d-21545014d4d6,2908,assistant/message,66,19
b37184b5-55ea-418e-9d1d-21545014d4d6,2910,tool/result,1426,
b37184b5-55ea-418e-9d1d-21545014d4d6,3226,assistant/message,307,273
b37184b5-55ea-418e-9d1d-21545014d4d6,3228,tool/result,1391,
b37184b5-55ea-418e-9d1d-21545014d4d6,4578,assistant/message,1341,315
b3fc8714-3853-4e20-a8ad-1ba39299547e,7,user/message,31,
b3fc8714-3853-4e20-a8ad-1ba39299547e,85,assistant/message,68,44
b3fc8714-3853-4e20-a8ad-1ba39299547e,87,tool/result,173,
b3fc8714-3853-4e20-a8ad-1ba39299547e,401,assistant/message,306,246
b3fc8714-3853-4e20-a8ad-1ba39299547e,403,tool/result,124,
b3fc8714-3853-4e20-a8ad-1ba39299547e,636,assistant/message,224,73
b3fc8714-3853-4e20-a8ad-1ba39299547e,646,user/message,25,
b3fc8714-3853-4e20-a8ad-1ba39299547e,732,assistant/message,80,50
b3fc8714-3853-4e20-a8ad-1ba39299547e,734,tool/result,122,
b3fc8714-3853-4e20-a8ad-1ba39299547e,986,assistant/message,243,23
b3fc8714-3853-4e20-a8ad-1ba39299547e,993,user/message,46,
b3fc8714-3853-4e20-a8ad-1ba39299547e,1334,assistant/message,335,292
b3fc8714-3853-4e20-a8ad-1ba39299547e,1336,tool/result,192,
b3fc8714-3853-4e20-a8ad-1ba39299547e,1943,assistant/message,599,535
b3fc8714-3853-4e20-a8ad-1ba39299547e,1945,tool/result,296,
b3fc8714-3853-4e20-a8ad-1ba39299547e,2331,assistant/message,377,128
b6597692-75d9-4525-a684-1b77f912ce37,8,user/message,16,
b6597692-75d9-4525-a684-1b77f912ce37,9,user/message,90,
b6597692-75d9-4525-a684-1b77f912ce37,258,assistant/message,240,223
b6597692-75d9-4525-a684-1b77f912ce37,260,tool/result,54,
b6597692-75d9-4525-a684-1b77f912ce37,328,assistant/message,62,41
b6597692-75d9-4525-a684-1b77f912ce37,330,tool/result,17,
b6597692-75d9-4525-a684-1b77f912ce37,823,assistant/message,486,461
b6597692-75d9-4525-a684-1b77f912ce37,825,tool/result,54,
b6597692-75d9-4525-a684-1b77f912ce37,1170,assistant/message,336,31
b8c0ad1c-f3b3-4e4f-be3c-f9f96ea25c38,8,user/message,9,
b8c0ad1c-f3b3-4e4f-be3c-f9f96ea25c38,9,user/message,354,
b8c0ad1c-f3b3-4e4f-be3c-f9f96ea25c38,10,user/message,90,
b8c0ad1c-f3b3-4e4f-be3c-f9f96ea25c38,15,assistant/message,125,111
b8c0ad1c-f3b3-4e4f-be3c-f9f96ea25c38,17,tool/result,990,
b8c0ad1c-f3b3-4e4f-be3c-f9f96ea25c38,20,assistant/message,389,84
b8c0ad1c-f3b3-4e4f-be3c-f9f96ea25c38,27,user/message,7,
b8c0ad1c-f3b3-4e4f-be3c-f9f96ea25c38,28,assistant/message,337,141
b9716a57-e638-4a3f-9149-80d5caa38802,7,user/message,254,
b9716a57-e638-4a3f-9149-80d5caa38802,8,user/message,276,
b9716a57-e638-4a3f-9149-80d5caa38802,9,user/message,90,
b9716a57-e638-4a3f-9149-80d5caa38802,228,assistant/message,211,14
b9716a57-e638-4a3f-9149-80d5caa38802,230,tool/result,15,
b9716a57-e638-4a3f-9149-80d5caa38802,232,tool/result,75,
b9716a57-e638-4a3f-9149-80d5caa38802,234,tool/result,2676,
b9716a57-e638-4a3f-9149-80d5caa38802,486,assistant/message,246,85
b9716a57-e638-4a3f-9149-80d5caa38802,488,tool/result,558,
b9716a57-e638-4a3f-9149-80d5caa38802,490,tool/result,1082,
b9716a57-e638-4a3f-9149-80d5caa38802,492,tool/result,2387,
b9716a57-e638-4a3f-9149-80d5caa38802,913,assistant/message,416,171
b9716a57-e638-4a3f-9149-80d5caa38802,915,tool/result,1020,
b9716a57-e638-4a3f-9149-80d5caa38802,917,tool/result,559,
b9716a57-e638-4a3f-9149-80d5caa38802,3799,assistant/message,2878,2530
b9716a57-e638-4a3f-9149-80d5caa38802,3801,tool/result,540,
b9716a57-e638-4a3f-9149-80d5caa38802,3803,tool/result,471,
b9716a57-e638-4a3f-9149-80d5caa38802,6855,assistant/message,3049,2665
b9716a57-e638-4a3f-9149-80d5caa38802,6857,tool/result,20,
b9716a57-e638-4a3f-9149-80d5caa38802,6859,tool/result,996,
b9716a57-e638-4a3f-9149-80d5caa38802,7299,assistant/message,433,185
b9716a57-e638-4a3f-9149-80d5caa38802,7301,tool/result,44430,
b9716a57-e638-4a3f-9149-80d5caa38802,7304,tool/result,4518,
b9716a57-e638-4a3f-9149-80d5caa38802,7307,user/message,1708,
b9716a57-e638-4a3f-9149-80d5caa38802,7310,user/message,276,
b9716a57-e638-4a3f-9149-80d5caa38802,8940,assistant/message,1625,1486
b9716a57-e638-4a3f-9149-80d5caa38802,8942,tool/result,289,
b9716a57-e638-4a3f-9149-80d5caa38802,8946,user/message,2042,
b9716a57-e638-4a3f-9149-80d5caa38802,8949,user/message,90,
b9716a57-e638-4a3f-9149-80d5caa38802,9240,assistant/message,289,50
b9716a57-e638-4a3f-9149-80d5caa38802,9242,tool/result,237,
b9716a57-e638-4a3f-9149-80d5caa38802,11543,assistant/message,2294,2126
b9716a57-e638-4a3f-9149-80d5caa38802,11545,tool/result,34,
b9716a57-e638-4a3f-9149-80d5caa38802,11549,user/message,2689,
b9716a57-e638-4a3f-9149-80d5caa38802,12182,assistant/message,655,231
b9716a57-e638-4a3f-9149-80d5caa38802,12184,tool/result,75,
b9716a57-e638-4a3f-9149-80d5caa38802,12769,assistant/message,602,239
b9716a57-e638-4a3f-9149-80d5caa38802,12771,tool/result,26,
b9716a57-e638-4a3f-9149-80d5caa38802,14424,assistant/message,1658,1255
b9716a57-e638-4a3f-9149-80d5caa38802,14426,tool/result,91,
b9716a57-e638-4a3f-9149-80d5caa38802,14430,user/message,2725,
b9716a57-e638-4a3f-9149-80d5caa38802,14433,user/message,276,
b9716a57-e638-4a3f-9149-80d5caa38802,15683,assistant/message,1256,857
b9716a57-e638-4a3f-9149-80d5caa38802,15685,tool/result,2149,
b9716a57-e638-4a3f-9149-80d5caa38802,15688,user/message,90,
b9716a57-e638-4a3f-9149-80d5caa38802,19290,assistant/message,3619,3023
b9716a57-e638-4a3f-9149-80d5caa38802,19292,tool/result,521,
b9716a57-e638-4a3f-9149-80d5caa38802,19296,user/message,2955,
b9716a57-e638-4a3f-9149-80d5caa38802,19299,user/message,276,
b9716a57-e638-4a3f-9149-80d5caa38802,20400,assistant/message,1108,600
b9716a57-e638-4a3f-9149-80d5caa38802,20402,tool/result,564,
b9716a57-e638-4a3f-9149-80d5caa38802,23412,assistant/message,3013,2707
b9716a57-e638-4a3f-9149-80d5caa38802,23414,tool/result,1384,
b9716a57-e638-4a3f-9149-80d5caa38802,28669,assistant/message,5244,2493
b9fbfd1b-9629-4435-aeca-de1a756129b4,8,user/message,17,
b9fbfd1b-9629-4435-aeca-de1a756129b4,9,user/message,90,
b9fbfd1b-9629-4435-aeca-de1a756129b4,449,assistant/message,431,411
b9fbfd1b-9629-4435-aeca-de1a756129b4,451,tool/result,54,
b9fbfd1b-9629-4435-aeca-de1a756129b4,512,assistant/message,58,32
b9fbfd1b-9629-4435-aeca-de1a756129b4,514,tool/result,17,
b9fbfd1b-9629-4435-aeca-de1a756129b4,975,assistant/message,450,200
bbb2ec54-010d-4ca7-8b87-0807bc61f12e,7,user/message,1261,
bbb2ec54-010d-4ca7-8b87-0807bc61f12e,8,user/message,90,
bbb2ec54-010d-4ca7-8b87-0807bc61f12e,344,assistant/message,334,217
bbb2ec54-010d-4ca7-8b87-0807bc61f12e,346,tool/result,95,
bbb2ec54-010d-4ca7-8b87-0807bc61f12e,348,tool/result,1287,
bbb2ec54-010d-4ca7-8b87-0807bc61f12e,350,tool/result,788,
bbb2ec54-010d-4ca7-8b87-0807bc61f12e,569,assistant/message,214,47
bbb2ec54-010d-4ca7-8b87-0807bc61f12e,571,tool/result,1060,
bbb2ec54-010d-4ca7-8b87-0807bc61f12e,573,tool/result,7,
bbb2ec54-010d-4ca7-8b87-0807bc61f12e,902,assistant/message,320,241
bbb2ec54-010d-4ca7-8b87-0807bc61f12e,904,tool/result,12,
bbb2ec54-010d-4ca7-8b87-0807bc61f12e,2465,assistant/message,56,29
bbb2ec54-010d-4ca7-8b87-0807bc61f12e,2472,user/message,15,
bbb2ec54-010d-4ca7-8b87-0807bc61f12e,6512,assistant/message,4444,284
bbb2ec54-010d-4ca7-8b87-0807bc61f12e,6514,tool/result,36,
bbb2ec54-010d-4ca7-8b87-0807bc61f12e,6571,assistant/message,50,8
bbb2ec54-010d-4ca7-8b87-0807bc61f12e,6573,tool/result,29,
bbb2ec54-010d-4ca7-8b87-0807bc61f12e,11147,assistant/message,4997,422
bbb2ec54-010d-4ca7-8b87-0807bc61f12e,11149,tool/result,36,
bbb2ec54-010d-4ca7-8b87-0807bc61f12e,11209,assistant/message,53,11
bbb2ec54-010d-4ca7-8b87-0807bc61f12e,11211,tool/result,123,
bbb2ec54-010d-4ca7-8b87-0807bc61f12e,11446,assistant/message,237,53
bbb2ec54-010d-4ca7-8b87-0807bc61f12e,11448,tool/result,20,
bbb2ec54-010d-4ca7-8b87-0807bc61f12e,11510,assistant/message,55,22
bbb2ec54-010d-4ca7-8b87-0807bc61f12e,11512,tool/result,106,
bbb2ec54-010d-4ca7-8b87-0807bc61f12e,11724,assistant/message,220,20
bbb2ec54-010d-4ca7-8b87-0807bc61f12e,11726,tool/result,20,
bbb2ec54-010d-4ca7-8b87-0807bc61f12e,11784,assistant/message,51,9
bbb2ec54-010d-4ca7-8b87-0807bc61f12e,11786,tool/result,125,
bbb2ec54-010d-4ca7-8b87-0807bc61f12e,11852,assistant/message,59,24
bbb2ec54-010d-4ca7-8b87-0807bc61f12e,11854,tool/result,22,
bbb2ec54-010d-4ca7-8b87-0807bc61f12e,11902,assistant/message,45,16
bbb2ec54-010d-4ca7-8b87-0807bc61f12e,11904,tool/result,274,
bbb2ec54-010d-4ca7-8b87-0807bc61f12e,12008,assistant/message,107,11
bbb2ec54-010d-4ca7-8b87-0807bc61f12e,12010,tool/result,20,
bbb2ec54-010d-4ca7-8b87-0807bc61f12e,12068,assistant/message,51,9
bbb2ec54-010d-4ca7-8b87-0807bc61f12e,12070,tool/result,28,
bbb2ec54-010d-4ca7-8b87-0807bc61f12e,15632,assistant/message,3865,163
bbb2ec54-010d-4ca7-8b87-0807bc61f12e,15634,tool/result,36,
bbb2ec54-010d-4ca7-8b87-0807bc61f12e,15638,user/message,1012,
bbb2ec54-010d-4ca7-8b87-0807bc61f12e,15696,assistant/message,51,9
bbb2ec54-010d-4ca7-8b87-0807bc61f12e,15698,tool/result,27,
bbb2ec54-010d-4ca7-8b87-0807bc61f12e,15701,user/message,90,
bbb2ec54-010d-4ca7-8b87-0807bc61f12e,15789,assistant/message,81,39
bbb2ec54-010d-4ca7-8b87-0807bc61f12e,15791,tool/result,45,
bbb2ec54-010d-4ca7-8b87-0807bc61f12e,15969,assistant/message,192,24
bbb2ec54-010d-4ca7-8b87-0807bc61f12e,15971,tool/result,1308,
bbb2ec54-010d-4ca7-8b87-0807bc61f12e,16446,assistant/message,468,25
bbb2ec54-010d-4ca7-8b87-0807bc61f12e,16453,user/message,4,
bbb2ec54-010d-4ca7-8b87-0807bc61f12e,16550,assistant/message,90,47
be4c5fef-bff9-4412-810e-be23e3b4a27b,7,user/message,2343,
be4c5fef-bff9-4412-810e-be23e3b4a27b,8,user/message,353,
be4c5fef-bff9-4412-810e-be23e3b4a27b,9,user/message,90,
be4c5fef-bff9-4412-810e-be23e3b4a27b,2718,assistant/message,2699,1300
be4c5fef-bff9-4412-810e-be23e3b4a27b,2725,user/message,0,
be4c5fef-bff9-4412-810e-be23e3b4a27b,3906,assistant/message,1174,669
be4c5fef-bff9-4412-810e-be23e3b4a27b,3913,user/message,190,
be4c5fef-bff9-4412-810e-be23e3b4a27b,3922,user/message,1,
c01ddea5-7ea6-4f98-ae7d-0cf5c0b5599e,7,user/message,1497,
c01ddea5-7ea6-4f98-ae7d-0cf5c0b5599e,8,user/message,353,
c01ddea5-7ea6-4f98-ae7d-0cf5c0b5599e,9,user/message,90,
c01ddea5-7ea6-4f98-ae7d-0cf5c0b5599e,874,assistant/message,855,223
c033051a-2b95-4253-91ab-8805c6853aab,7,user/message,91,
c033051a-2b95-4253-91ab-8805c6853aab,8,user/message,90,
c033051a-2b95-4253-91ab-8805c6853aab,272,assistant/message,254,176
c033051a-2b95-4253-91ab-8805c6853aab,274,tool/result,419,
c033051a-2b95-4253-91ab-8805c6853aab,276,tool/result,115,
c033051a-2b95-4253-91ab-8805c6853aab,685,assistant/message,430,141
c033051a-2b95-4253-91ab-8805c6853aab,687,tool/result,2507,
c033051a-2b95-4253-91ab-8805c6853aab,1734,assistant/message,1098,139
c033051a-2b95-4253-91ab-8805c6853aab,1736,tool/result,131,
c033051a-2b95-4253-91ab-8805c6853aab,3895,assistant/message,2187,1668
c033051a-2b95-4253-91ab-8805c6853aab,3897,tool/result,93,
c033051a-2b95-4253-91ab-8805c6853aab,5683,assistant/message,1799,1517
c033051a-2b95-4253-91ab-8805c6853aab,5685,tool/result,145,
c033051a-2b95-4253-91ab-8805c6853aab,8482,assistant/message,2891,1692
c033051a-2b95-4253-91ab-8805c6853aab,8484,tool/result,201,
c033051a-2b95-4253-91ab-8805c6853aab,9450,assistant/message,999,425
c033051a-2b95-4253-91ab-8805c6853aab,9452,tool/result,154,
c033051a-2b95-4253-91ab-8805c6853aab,12811,assistant/message,3354,3011
c033051a-2b95-4253-91ab-8805c6853aab,12818,tool/result,1444,
c033051a-2b95-4253-91ab-8805c6853aab,12820,user/message,67,
c033051a-2b95-4253-91ab-8805c6853aab,12932,assistant/message,104,76
c033051a-2b95-4253-91ab-8805c6853aab,12934,tool/result,184,
c033051a-2b95-4253-91ab-8805c6853aab,12936,tool/result,79,
c033051a-2b95-4253-91ab-8805c6853aab,12938,tool/result,7,
c033051a-2b95-4253-91ab-8805c6853aab,13143,assistant/message,196,71
c033051a-2b95-4253-91ab-8805c6853aab,13148,tool/result,4124,
c033051a-2b95-4253-91ab-8805c6853aab,13149,tool/result,3031,
c033051a-2b95-4253-91ab-8805c6853aab,13150,tool/result,1024,
c033051a-2b95-4253-91ab-8805c6853aab,13151,tool/result,945,
c033051a-2b95-4253-91ab-8805c6853aab,13154,tool/result,2041,
c033051a-2b95-4253-91ab-8805c6853aab,13157,user/message,1338,
c033051a-2b95-4253-91ab-8805c6853aab,13332,assistant/message,170,83
c033051a-2b95-4253-91ab-8805c6853aab,13335,tool/result,2403,
c033051a-2b95-4253-91ab-8805c6853aab,13336,tool/result,1984,
c033051a-2b95-4253-91ab-8805c6853aab,13339,user/message,90,
c033051a-2b95-4253-91ab-8805c6853aab,17377,assistant/message,4034,2346
c05b01f7-cf52-48e0-a02f-2cc5fde766eb,7,user/message,245,
c05b01f7-cf52-48e0-a02f-2cc5fde766eb,8,user/message,90,
c05b01f7-cf52-48e0-a02f-2cc5fde766eb,157,assistant/message,140,63
c05b01f7-cf52-48e0-a02f-2cc5fde766eb,159,tool/result,40,
c05b01f7-cf52-48e0-a02f-2cc5fde766eb,161,tool/result,46,
c05b01f7-cf52-48e0-a02f-2cc5fde766eb,249,assistant/message,81,28
c05b01f7-cf52-48e0-a02f-2cc5fde766eb,251,tool/result,288,
c05b01f7-cf52-48e0-a02f-2cc5fde766eb,645,assistant/message,389,225
c05b01f7-cf52-48e0-a02f-2cc5fde766eb,647,tool/result,23,
c05b01f7-cf52-48e0-a02f-2cc5fde766eb,794,assistant/message,144,14
c05b01f7-cf52-48e0-a02f-2cc5fde766eb,798,tool/result,152,
c05b01f7-cf52-48e0-a02f-2cc5fde766eb,1032,assistant/message,231,80
c05b01f7-cf52-48e0-a02f-2cc5fde766eb,1036,tool/result,761,
c05b01f7-cf52-48e0-a02f-2cc5fde766eb,1188,assistant/message,145,55
c05b01f7-cf52-48e0-a02f-2cc5fde766eb,1190,tool/result,45,
c05b01f7-cf52-48e0-a02f-2cc5fde766eb,1192,tool/result,477,
c05b01f7-cf52-48e0-a02f-2cc5fde766eb,1284,assistant/message,85,36
c05b01f7-cf52-48e0-a02f-2cc5fde766eb,1286,tool/result,3,
c05b01f7-cf52-48e0-a02f-2cc5fde766eb,1410,assistant/message,117,35
c05b01f7-cf52-48e0-a02f-2cc5fde766eb,1412,tool/result,926,
c05b01f7-cf52-48e0-a02f-2cc5fde766eb,1649,assistant/message,230,159
c05b01f7-cf52-48e0-a02f-2cc5fde766eb,1651,tool/result,1209,
c05b01f7-cf52-48e0-a02f-2cc5fde766eb,2016,assistant/message,358,306
c05b01f7-cf52-48e0-a02f-2cc5fde766eb,2018,tool/result,3,
c05b01f7-cf52-48e0-a02f-2cc5fde766eb,2440,assistant/message,419,328
c05b01f7-cf52-48e0-a02f-2cc5fde766eb,2444,tool/result,5,
c05b01f7-cf52-48e0-a02f-2cc5fde766eb,2589,assistant/message,142,61
c05b01f7-cf52-48e0-a02f-2cc5fde766eb,2593,tool/result,96,
c05b01f7-cf52-48e0-a02f-2cc5fde766eb,3166,assistant/message,566,473
c05b01f7-cf52-48e0-a02f-2cc5fde766eb,3168,tool/result,227,
c05b01f7-cf52-48e0-a02f-2cc5fde766eb,3365,assistant/message,190,128
c05b01f7-cf52-48e0-a02f-2cc5fde766eb,3367,tool/result,602,
c05b01f7-cf52-48e0-a02f-2cc5fde766eb,3664,assistant/message,295,156
c05b01f7-cf52-48e0-a02f-2cc5fde766eb,3668,tool/result,220,
c05b01f7-cf52-48e0-a02f-2cc5fde766eb,5747,assistant/message,2085,1256
c05b01f7-cf52-48e0-a02f-2cc5fde766eb,5749,tool/result,37,
c05b01f7-cf52-48e0-a02f-2cc5fde766eb,6119,assistant/message,361,23
c1e0a631-6e5f-499e-a6f9-2b043bda926e,7,user/message,330,
c1e0a631-6e5f-499e-a6f9-2b043bda926e,8,user/message,353,
c1e0a631-6e5f-499e-a6f9-2b043bda926e,9,user/message,90,
c1e0a631-6e5f-499e-a6f9-2b043bda926e,921,assistant/message,901,378
c1e0a631-6e5f-499e-a6f9-2b043bda926e,928,user/message,212,
c1e0a631-6e5f-499e-a6f9-2b043bda926e,3956,assistant/message,3030,2060
c1e0a631-6e5f-499e-a6f9-2b043bda926e,3958,tool/result,9,
c1e0a631-6e5f-499e-a6f9-2b043bda926e,5406,assistant/message,1446,478
c1e0a631-6e5f-499e-a6f9-2b043bda926e,5408,tool/result,9,
c1e0a631-6e5f-499e-a6f9-2b043bda926e,6561,assistant/message,1144,185
c1e0a631-6e5f-499e-a6f9-2b043bda926e,6568,user/message,86,
c1e0a631-6e5f-499e-a6f9-2b043bda926e,6786,assistant/message,213,156
c1e0a631-6e5f-499e-a6f9-2b043bda926e,6788,tool/result,881,
c1e0a631-6e5f-499e-a6f9-2b043bda926e,7842,assistant/message,1056,109
c1e0a631-6e5f-499e-a6f9-2b043bda926e,7844,tool/result,29,
c1e0a631-6e5f-499e-a6f9-2b043bda926e,7901,assistant/message,50,30
c1e0a631-6e5f-499e-a6f9-2b043bda926e,7903,tool/result,292,
c1e0a631-6e5f-499e-a6f9-2b043bda926e,8906,assistant/message,1005,58
c1e0a631-6e5f-499e-a6f9-2b043bda926e,8908,tool/result,22,
c1e0a631-6e5f-499e-a6f9-2b043bda926e,8978,assistant/message,61,35
c1e0a631-6e5f-499e-a6f9-2b043bda926e,8985,user/message,126,
c1e0a631-6e5f-499e-a6f9-2b043bda926e,9751,assistant/message,761,741
c1e0a631-6e5f-499e-a6f9-2b043bda926e,9753,tool/result,1226,
c1e0a631-6e5f-499e-a6f9-2b043bda926e,10844,assistant/message,1127,25
c1e0a631-6e5f-499e-a6f9-2b043bda926e,10846,tool/result,22,
c1e0a631-6e5f-499e-a6f9-2b043bda926e,10850,user/message,626,
c1e0a631-6e5f-499e-a6f9-2b043bda926e,10853,user/message,353,
c1e0a631-6e5f-499e-a6f9-2b043bda926e,10944,assistant/message,83,33
c1e0a631-6e5f-499e-a6f9-2b043bda926e,10951,user/message,269,
c1e0a631-6e5f-499e-a6f9-2b043bda926e,10952,user/message,90,
c1e0a631-6e5f-499e-a6f9-2b043bda926e,16633,assistant/message,5678,5653
c1e0a631-6e5f-499e-a6f9-2b043bda926e,16635,tool/result,704,
c1e0a631-6e5f-499e-a6f9-2b043bda926e,19505,assistant/message,2899,42
c1e0a631-6e5f-499e-a6f9-2b043bda926e,19507,tool/result,22,
c1e0a631-6e5f-499e-a6f9-2b043bda926e,19509,tool/result,22,
c1e0a631-6e5f-499e-a6f9-2b043bda926e,19511,tool/result,22,
c1e0a631-6e5f-499e-a6f9-2b043bda926e,19513,tool/result,22,
c1e0a631-6e5f-499e-a6f9-2b043bda926e,19517,user/message,797,
c1e0a631-6e5f-499e-a6f9-2b043bda926e,19520,user/message,353,
c1e0a631-6e5f-499e-a6f9-2b043bda926e,19644,assistant/message,117,18
c1e0a631-6e5f-499e-a6f9-2b043bda926e,19651,user/message,1080,
c1e0a631-6e5f-499e-a6f9-2b043bda926e,19652,user/message,90,
c1e0a631-6e5f-499e-a6f9-2b043bda926e,19681,user/message,2,
c1e0a631-6e5f-499e-a6f9-2b043bda926e,19818,assistant/message,131,111
c1e0a631-6e5f-499e-a6f9-2b043bda926e,19820,tool/result,4934,
c1e0a631-6e5f-499e-a6f9-2b043bda926e,19824,user/message,769,
c1e0a631-6e5f-499e-a6f9-2b043bda926e,19827,user/message,353,
c1e0a631-6e5f-499e-a6f9-2b043bda926e,19926,assistant/message,98,67
c1e0a631-6e5f-499e-a6f9-2b043bda926e,19928,tool/result,1562,
c1e0a631-6e5f-499e-a6f9-2b043bda926e,27645,assistant/message,7729,5048
c1e0a631-6e5f-499e-a6f9-2b043bda926e,27647,tool/result,22,
c1e0a631-6e5f-499e-a6f9-2b043bda926e,27726,assistant/message,70,13
c1f97e8a-330d-4d19-904b-a456753a93dd,8,user/message,5,
c1f97e8a-330d-4d19-904b-a456753a93dd,9,user/message,90,
c1f97e8a-330d-4d19-904b-a456753a93dd,85,assistant/message,67,42
c1f97e8a-330d-4d19-904b-a456753a93dd,87,tool/result,12,
c1f97e8a-330d-4d19-904b-a456753a93dd,144,assistant/message,48,31
c1f97e8a-330d-4d19-904b-a456753a93dd,151,user/message,9,
c1f97e8a-330d-4d19-904b-a456753a93dd,308,assistant/message,152,137
c1f97e8a-330d-4d19-904b-a456753a93dd,310,tool/result,54,
c1f97e8a-330d-4d19-904b-a456753a93dd,431,assistant/message,115,91
c1f97e8a-330d-4d19-904b-a456753a93dd,433,tool/result,724,
c1f97e8a-330d-4d19-904b-a456753a93dd,736,assistant/message,294,81
c29a4ba3-fcf8-4649-b806-03f1f7a94a6f,7,user/message,9,
c29a4ba3-fcf8-4649-b806-03f1f7a94a6f,8,user/message,90,
c29a4ba3-fcf8-4649-b806-03f1f7a94a6f,130,assistant/message,112,98
c29a4ba3-fcf8-4649-b806-03f1f7a94a6f,132,tool/result,934,
c29a4ba3-fcf8-4649-b806-03f1f7a94a6f,620,assistant/message,479,202
c29a4ba3-fcf8-4649-b806-03f1f7a94a6f,627,user/message,5,
c29a4ba3-fcf8-4649-b806-03f1f7a94a6f,663,assistant/message,31,17
c29a4ba3-fcf8-4649-b806-03f1f7a94a6f,665,tool/result,24,
c29a4ba3-fcf8-4649-b806-03f1f7a94a6f,792,assistant/message,118,45
c37970e1-ebbc-4cc6-ba46-466c3a84daff,8,user/message,11,
c37970e1-ebbc-4cc6-ba46-466c3a84daff,9,user/message,90,
c412857a-9984-44a2-a865-dae3d37069a8,7,user/message,9,
c412857a-9984-44a2-a865-dae3d37069a8,8,user/message,90,
c412857a-9984-44a2-a865-dae3d37069a8,99,assistant/message,82,67
c412857a-9984-44a2-a865-dae3d37069a8,101,tool/result,664,
c412857a-9984-44a2-a865-dae3d37069a8,147,assistant/message,39,22
c412857a-9984-44a2-a865-dae3d37069a8,149,tool/result,645,
c412857a-9984-44a2-a865-dae3d37069a8,195,assistant/message,39,22
c412857a-9984-44a2-a865-dae3d37069a8,197,tool/result,368,
c412857a-9984-44a2-a865-dae3d37069a8,241,assistant/message,37,22
c412857a-9984-44a2-a865-dae3d37069a8,243,tool/result,338,
c412857a-9984-44a2-a865-dae3d37069a8,348,assistant/message,98,81
c412857a-9984-44a2-a865-dae3d37069a8,350,tool/result,466,
c412857a-9984-44a2-a865-dae3d37069a8,405,assistant/message,49,31
c412857a-9984-44a2-a865-dae3d37069a8,407,tool/result,543,
c412857a-9984-44a2-a865-dae3d37069a8,574,assistant/message,158,92
c412857a-9984-44a2-a865-dae3d37069a8,581,user/message,5,
c412857a-9984-44a2-a865-dae3d37069a8,637,assistant/message,51,37
c412857a-9984-44a2-a865-dae3d37069a8,639,tool/result,24,
c412857a-9984-44a2-a865-dae3d37069a8,685,assistant/message,37,18
c412857a-9984-44a2-a865-dae3d37069a8,692,user/message,7,
c412857a-9984-44a2-a865-dae3d37069a8,854,assistant/message,155,102
c412857a-9984-44a2-a865-dae3d37069a8,856,tool/result,499,
c412857a-9984-44a2-a865-dae3d37069a8,896,assistant/message,33,16
c412857a-9984-44a2-a865-dae3d37069a8,898,tool/result,476,
c412857a-9984-44a2-a865-dae3d37069a8,945,assistant/message,40,23
c412857a-9984-44a2-a865-dae3d37069a8,947,tool/result,554,
c412857a-9984-44a2-a865-dae3d37069a8,1003,assistant/message,50,31
c412857a-9984-44a2-a865-dae3d37069a8,1005,tool/result,583,
c412857a-9984-44a2-a865-dae3d37069a8,1155,assistant/message,144,125
c412857a-9984-44a2-a865-dae3d37069a8,1157,tool/result,424,
c412857a-9984-44a2-a865-dae3d37069a8,1201,assistant/message,37,15
c412857a-9984-44a2-a865-dae3d37069a8,1203,tool/result,438,
c412857a-9984-44a2-a865-dae3d37069a8,1243,assistant/message,33,15
c412857a-9984-44a2-a865-dae3d37069a8,1245,tool/result,1500,
c412857a-9984-44a2-a865-dae3d37069a8,1622,assistant/message,368,51
c46df038-0301-4f01-be25-35e43b9eadcd,7,user/message,181,
c46df038-0301-4f01-be25-35e43b9eadcd,8,user/message,189,
c46df038-0301-4f01-be25-35e43b9eadcd,9,user/message,90,
c46df038-0301-4f01-be25-35e43b9eadcd,324,assistant/message,306,265
c46df038-0301-4f01-be25-35e43b9eadcd,326,tool/result,29,
c46df038-0301-4f01-be25-35e43b9eadcd,442,assistant/message,109,21
c46df038-0301-4f01-be25-35e43b9eadcd,444,tool/result,111,
c46df038-0301-4f01-be25-35e43b9eadcd,446,tool/result,542,
c46df038-0301-4f01-be25-35e43b9eadcd,605,assistant/message,152,118
c46df038-0301-4f01-be25-35e43b9eadcd,607,tool/result,1035,
c46df038-0301-4f01-be25-35e43b9eadcd,1159,assistant/message,543,317
c5fa4787-6775-45ab-b934-8fa8645015c8,8,user/message,13,
c5fa4787-6775-45ab-b934-8fa8645015c8,9,user/message,354,
c5fa4787-6775-45ab-b934-8fa8645015c8,10,user/message,90,
c5fa4787-6775-45ab-b934-8fa8645015c8,15,assistant/message,210,178
c5fa4787-6775-45ab-b934-8fa8645015c8,17,tool/result,1304,
c5fa4787-6775-45ab-b934-8fa8645015c8,20,assistant/message,735,54
c5fa4787-6775-45ab-b934-8fa8645015c8,27,user/message,12,
c5fa4787-6775-45ab-b934-8fa8645015c8,28,assistant/message,1382,266
c5fa4787-6775-45ab-b934-8fa8645015c8,35,user/message,7,
c5fa4787-6775-45ab-b934-8fa8645015c8,36,assistant/message,470,426
c5fa4787-6775-45ab-b934-8fa8645015c8,38,tool/result,1186,
c5fa4787-6775-45ab-b934-8fa8645015c8,41,assistant/message,3232,1915
c9bd3a15-606e-4798-9a53-e669b62e5e7f,7,user/message,28,
c9bd3a15-606e-4798-9a53-e669b62e5e7f,8,user/message,90,
c9bd3a15-606e-4798-9a53-e669b62e5e7f,19,user/message,1,
c9bd3a15-606e-4798-9a53-e669b62e5e7f,75,assistant/message,50,17
c9bd3a15-606e-4798-9a53-e669b62e5e7f,77,tool/result,22,
c9bd3a15-606e-4798-9a53-e669b62e5e7f,79,tool/result,6393,
c9bd3a15-606e-4798-9a53-e669b62e5e7f,231,assistant/message,146,55
c9bd3a15-606e-4798-9a53-e669b62e5e7f,233,tool/result,2110,
c9bd3a15-606e-4798-9a53-e669b62e5e7f,235,tool/result,46,
c9bd3a15-606e-4798-9a53-e669b62e5e7f,458,assistant/message,241,40
c9bd3a15-606e-4798-9a53-e669b62e5e7f,460,tool/result,1848,
c9bd3a15-606e-4798-9a53-e669b62e5e7f,709,assistant/message,252,83
c9bd3a15-606e-4798-9a53-e669b62e5e7f,711,tool/result,64,
c9bd3a15-606e-4798-9a53-e669b62e5e7f,713,tool/result,874,
c9bd3a15-606e-4798-9a53-e669b62e5e7f,1643,assistant/message,921,799
c9bd3a15-606e-4798-9a53-e669b62e5e7f,1645,tool/result,92,
c9bd3a15-606e-4798-9a53-e669b62e5e7f,1841,assistant/message,190,41
c9bd3a15-606e-4798-9a53-e669b62e5e7f,1843,tool/result,57,
c9bd3a15-606e-4798-9a53-e669b62e5e7f,1845,tool/result,173,
c9bd3a15-606e-4798-9a53-e669b62e5e7f,4756,assistant/message,2903,2766
c9bd3a15-606e-4798-9a53-e669b62e5e7f,4758,tool/result,25,
c9bd3a15-606e-4798-9a53-e669b62e5e7f,7580,assistant/message,3094,15
c9bd3a15-606e-4798-9a53-e669b62e5e7f,7582,tool/result,39,
c9bd3a15-606e-4798-9a53-e669b62e5e7f,7730,assistant/message,141,106
c9bd3a15-606e-4798-9a53-e669b62e5e7f,7732,tool/result,73,
c9bd3a15-606e-4798-9a53-e669b62e5e7f,7899,assistant/message,160,81
c9bd3a15-606e-4798-9a53-e669b62e5e7f,7902,tool/result,61,
c9bd3a15-606e-4798-9a53-e669b62e5e7f,7903,tool/result,61,
c9bd3a15-606e-4798-9a53-e669b62e5e7f,8131,assistant/message,223,176
c9bd3a15-606e-4798-9a53-e669b62e5e7f,8134,tool/result,60,
c9bd3a15-606e-4798-9a53-e669b62e5e7f,8135,tool/result,61,
c9bd3a15-606e-4798-9a53-e669b62e5e7f,13661,assistant/message,6304,382
c9bd3a15-606e-4798-9a53-e669b62e5e7f,13663,tool/result,38,
c9bd3a15-606e-4798-9a53-e669b62e5e7f,14341,assistant/message,699,384
c9bd3a15-606e-4798-9a53-e669b62e5e7f,14343,tool/result,22,
c9bd3a15-606e-4798-9a53-e669b62e5e7f,14345,tool/result,22,
c9bd3a15-606e-4798-9a53-e669b62e5e7f,14559,assistant/message,207,168
c9bd3a15-606e-4798-9a53-e669b62e5e7f,14561,tool/result,10,
c9bd3a15-606e-4798-9a53-e669b62e5e7f,14798,assistant/message,250,58
c9bd3a15-606e-4798-9a53-e669b62e5e7f,14800,tool/result,231,
c9bd3a15-606e-4798-9a53-e669b62e5e7f,14960,assistant/message,153,48
c9bd3a15-606e-4798-9a53-e669b62e5e7f,14962,tool/result,33,
c9bd3a15-606e-4798-9a53-e669b62e5e7f,15154,assistant/message,185,95
c9bd3a15-606e-4798-9a53-e669b62e5e7f,15156,tool/result,138,
c9bd3a15-606e-4798-9a53-e669b62e5e7f,15245,assistant/message,82,27
c9bd3a15-606e-4798-9a53-e669b62e5e7f,15247,tool/result,48,
c9bd3a15-606e-4798-9a53-e669b62e5e7f,15350,assistant/message,99,33
c9bd3a15-606e-4798-9a53-e669b62e5e7f,15354,tool/result,59,
c9bd3a15-606e-4798-9a53-e669b62e5e7f,15355,tool/result,58,
c9bd3a15-606e-4798-9a53-e669b62e5e7f,15356,tool/result,59,
c9bd3a15-606e-4798-9a53-e669b62e5e7f,15830,assistant/message,470,404
c9bd3a15-606e-4798-9a53-e669b62e5e7f,15834,tool/result,58,
c9bd3a15-606e-4798-9a53-e669b62e5e7f,15835,tool/result,58,
c9bd3a15-606e-4798-9a53-e669b62e5e7f,15836,tool/result,58,
c9bd3a15-606e-4798-9a53-e669b62e5e7f,16907,assistant/message,1085,770
c9bd3a15-606e-4798-9a53-e669b62e5e7f,16909,tool/result,23,
c9bd3a15-606e-4798-9a53-e669b62e5e7f,16911,tool/result,22,
c9bd3a15-606e-4798-9a53-e669b62e5e7f,17113,assistant/message,195,50
c9bd3a15-606e-4798-9a53-e669b62e5e7f,17115,tool/result,181,
c9bd3a15-606e-4798-9a53-e669b62e5e7f,17186,assistant/message,65,43
c9bd3a15-606e-4798-9a53-e669b62e5e7f,17188,tool/result,59,
c9bd3a15-606e-4798-9a53-e669b62e5e7f,17763,assistant/message,582,238
c9bd3a15-606e-4798-9a53-e669b62e5e7f,17765,tool/result,23,
c9bd3a15-606e-4798-9a53-e669b62e5e7f,17926,assistant/message,154,14
c9bd3a15-606e-4798-9a53-e669b62e5e7f,17928,tool/result,120,
c9bd3a15-606e-4798-9a53-e669b62e5e7f,17979,assistant/message,45,23
c9bd3a15-606e-4798-9a53-e669b62e5e7f,17981,tool/result,59,
c9bd3a15-606e-4798-9a53-e669b62e5e7f,18971,assistant/message,986,431
cd3714b8-eb7d-4ceb-9960-2d2676f99128,8,user/message,16,
cd3714b8-eb7d-4ceb-9960-2d2676f99128,9,user/message,90,
cd3714b8-eb7d-4ceb-9960-2d2676f99128,439,assistant/message,421,421
cd3714b8-eb7d-4ceb-9960-2d2676f99128,446,user/message,1,
cd3714b8-eb7d-4ceb-9960-2d2676f99128,864,assistant/message,413,413
cd3714b8-eb7d-4ceb-9960-2d2676f99128,871,user/message,1,
cd3714b8-eb7d-4ceb-9960-2d2676f99128,1283,assistant/message,407,407
cd3714b8-eb7d-4ceb-9960-2d2676f99128,1290,user/message,1,
cd3714b8-eb7d-4ceb-9960-2d2676f99128,1698,assistant/message,403,403
cd3714b8-eb7d-4ceb-9960-2d2676f99128,1705,user/message,1,
cd3714b8-eb7d-4ceb-9960-2d2676f99128,2105,assistant/message,395,395
cd3714b8-eb7d-4ceb-9960-2d2676f99128,2112,user/message,1,
cd3714b8-eb7d-4ceb-9960-2d2676f99128,2506,assistant/message,389,389
cd3714b8-eb7d-4ceb-9960-2d2676f99128,2513,user/message,1,
cd3714b8-eb7d-4ceb-9960-2d2676f99128,2903,assistant/message,385,385
cd3714b8-eb7d-4ceb-9960-2d2676f99128,2910,user/message,1,
cd3714b8-eb7d-4ceb-9960-2d2676f99128,3293,assistant/message,378,378
cd3714b8-eb7d-4ceb-9960-2d2676f99128,3300,user/message,1,
cd3714b8-eb7d-4ceb-9960-2d2676f99128,3678,assistant/message,373,373
cd3714b8-eb7d-4ceb-9960-2d2676f99128,3685,user/message,1,
cd3714b8-eb7d-4ceb-9960-2d2676f99128,4057,assistant/message,367,367
cd3714b8-eb7d-4ceb-9960-2d2676f99128,4064,user/message,1,
cd3714b8-eb7d-4ceb-9960-2d2676f99128,4430,assistant/message,359,359
cd773301-8a30-4620-bc23-d11d6aadd171,8,user/message,13,
cd773301-8a30-4620-bc23-d11d6aadd171,9,user/message,354,
cd773301-8a30-4620-bc23-d11d6aadd171,10,user/message,90,
cd773301-8a30-4620-bc23-d11d6aadd171,15,assistant/message,1457,563
cd773301-8a30-4620-bc23-d11d6aadd171,17,tool/result,37,
cd773301-8a30-4620-bc23-d11d6aadd171,20,assistant/message,56,11
cd773301-8a30-4620-bc23-d11d6aadd171,22,tool/result,284,
cd773301-8a30-4620-bc23-d11d6aadd171,25,assistant/message,183,9
d1a41143-5d7f-440e-bc86-e43407ad0e28,8,user/message,88,
d1a41143-5d7f-440e-bc86-e43407ad0e28,9,user/message,90,
d1a41143-5d7f-440e-bc86-e43407ad0e28,82,assistant/message,65,11
d1a41143-5d7f-440e-bc86-e43407ad0e28,84,tool/result,4333,
d1a41143-5d7f-440e-bc86-e43407ad0e28,4823,assistant/message,5453,780
d1a41143-5d7f-440e-bc86-e43407ad0e28,4825,tool/result,39,
d1a41143-5d7f-440e-bc86-e43407ad0e28,4948,assistant/message,116,71
d1a41143-5d7f-440e-bc86-e43407ad0e28,4950,tool/result,4230,
d1a41143-5d7f-440e-bc86-e43407ad0e28,4953,tool/result,1930,
d1a41143-5d7f-440e-bc86-e43407ad0e28,5082,assistant/message,123,40
d1a41143-5d7f-440e-bc86-e43407ad0e28,5084,tool/result,870,
d1a41143-5d7f-440e-bc86-e43407ad0e28,5088,user/message,1081,
d1a41143-5d7f-440e-bc86-e43407ad0e28,5135,assistant/message,40,17
d1a41143-5d7f-440e-bc86-e43407ad0e28,5137,tool/result,7433,
d1a41143-5d7f-440e-bc86-e43407ad0e28,5140,tool/result,2117,
d1a41143-5d7f-440e-bc86-e43407ad0e28,5142,user/message,90,
d1a41143-5d7f-440e-bc86-e43407ad0e28,5222,assistant/message,79,45
d1a41143-5d7f-440e-bc86-e43407ad0e28,5224,tool/result,5413,
d1a41143-5d7f-440e-bc86-e43407ad0e28,5227,tool/result,2157,
d1a41143-5d7f-440e-bc86-e43407ad0e28,5230,user/message,1088,
d1a41143-5d7f-440e-bc86-e43407ad0e28,5302,assistant/message,67,32
d1a41143-5d7f-440e-bc86-e43407ad0e28,5304,tool/result,3735,
d1a41143-5d7f-440e-bc86-e43407ad0e28,5307,tool/result,2192,
d1a41143-5d7f-440e-bc86-e43407ad0e28,5310,user/message,1459,
d1a41143-5d7f-440e-bc86-e43407ad0e28,5389,assistant/message,76,42
d1a41143-5d7f-440e-bc86-e43407ad0e28,5391,tool/result,2142,
d1a41143-5d7f-440e-bc86-e43407ad0e28,5395,user/message,2727,
d1a41143-5d7f-440e-bc86-e43407ad0e28,10559,assistant/message,5186,1269
d318df96-d9e5-4e0e-8905-d29f2c3f4d82,7,user/message,36,
d318df96-d9e5-4e0e-8905-d29f2c3f4d82,8,user/message,276,
d318df96-d9e5-4e0e-8905-d29f2c3f4d82,9,user/message,90,
d318df96-d9e5-4e0e-8905-d29f2c3f4d82,109,assistant/message,91,50
d318df96-d9e5-4e0e-8905-d29f2c3f4d82,111,tool/result,152,
d318df96-d9e5-4e0e-8905-d29f2c3f4d82,356,assistant/message,236,14
d37d0f63-bcd7-4e1f-8264-960e2494f3c3,7,user/message,0,
d37d0f63-bcd7-4e1f-8264-960e2494f3c3,8,user/message,353,
d37d0f63-bcd7-4e1f-8264-960e2494f3c3,9,user/message,90,
d3abf75a-2c26-4a55-8794-f8370010d4b6,7,user/message,339,
d3abf75a-2c26-4a55-8794-f8370010d4b6,8,user/message,90,
d3abf75a-2c26-4a55-8794-f8370010d4b6,178,assistant/message,159,49
d3abf75a-2c26-4a55-8794-f8370010d4b6,183,tool/result,834,
d3abf75a-2c26-4a55-8794-f8370010d4b6,184,tool/result,190,
d3abf75a-2c26-4a55-8794-f8370010d4b6,185,tool/result,3929,
d3abf75a-2c26-4a55-8794-f8370010d4b6,186,tool/result,3956,
d3abf75a-2c26-4a55-8794-f8370010d4b6,1291,assistant/message,1104,678
d3abf75a-2c26-4a55-8794-f8370010d4b6,1293,tool/result,443,
d3abf75a-2c26-4a55-8794-f8370010d4b6,1295,tool/result,223,
d3abf75a-2c26-4a55-8794-f8370010d4b6,1297,tool/result,365,
d3abf75a-2c26-4a55-8794-f8370010d4b6,1730,assistant/message,427,290
d3abf75a-2c26-4a55-8794-f8370010d4b6,1733,tool/result,113,
d3abf75a-2c26-4a55-8794-f8370010d4b6,1734,tool/result,107,
d3abf75a-2c26-4a55-8794-f8370010d4b6,1736,tool/result,48,
d3abf75a-2c26-4a55-8794-f8370010d4b6,3136,assistant/message,1393,1287
d3abf75a-2c26-4a55-8794-f8370010d4b6,3138,tool/result,56,
d3abf75a-2c26-4a55-8794-f8370010d4b6,3140,tool/result,971,
d3abf75a-2c26-4a55-8794-f8370010d4b6,5914,assistant/message,2905,172
d3abf75a-2c26-4a55-8794-f8370010d4b6,5916,tool/result,36,
d3abf75a-2c26-4a55-8794-f8370010d4b6,6509,assistant/message,585,13
d4282521-99a9-4c94-b8e4-155697195121,7,user/message,39,
d4282521-99a9-4c94-b8e4-155697195121,55,assistant/message,38,12
d4282521-99a9-4c94-b8e4-155697195121,57,tool/result,180,
d4282521-99a9-4c94-b8e4-155697195121,200,assistant/message,140,72
d4282521-99a9-4c94-b8e4-155697195121,202,tool/result,1695,
d4282521-99a9-4c94-b8e4-155697195121,204,tool/result,46,
d4282521-99a9-4c94-b8e4-155697195121,270,assistant/message,61,26
d4282521-99a9-4c94-b8e4-155697195121,272,tool/result,931,
d4282521-99a9-4c94-b8e4-155697195121,2382,assistant/message,2118,1844
d4282521-99a9-4c94-b8e4-155697195121,2384,tool/result,269,
d4282521-99a9-4c94-b8e4-155697195121,2386,tool/result,46,
d4282521-99a9-4c94-b8e4-155697195121,2594,assistant/message,220,30
d4282521-99a9-4c94-b8e4-155697195121,2596,tool/result,88,
d4282521-99a9-4c94-b8e4-155697195121,3879,assistant/message,1315,925
d4282521-99a9-4c94-b8e4-155697195121,3881,tool/result,46,
d4282521-99a9-4c94-b8e4-155697195121,4218,assistant/message,359,86
d4282521-99a9-4c94-b8e4-155697195121,4220,tool/result,44,
d4282521-99a9-4c94-b8e4-155697195121,4891,assistant/message,662,187
d5302c73-4e78-49f9-8eb9-8eac480f6ca2,7,user/message,27,
d5302c73-4e78-49f9-8eb9-8eac480f6ca2,49,assistant/message,33,29
d5302c73-4e78-49f9-8eb9-8eac480f6ca2,51,tool/result,220,
d5302c73-4e78-49f9-8eb9-8eac480f6ca2,673,assistant/message,616,110
d5302c73-4e78-49f9-8eb9-8eac480f6ca2,680,user/message,24,
d5302c73-4e78-49f9-8eb9-8eac480f6ca2,834,assistant/message,148,37
d5302c73-4e78-49f9-8eb9-8eac480f6ca2,836,tool/result,4672,
d5302c73-4e78-49f9-8eb9-8eac480f6ca2,936,assistant/message,92,32
d5302c73-4e78-49f9-8eb9-8eac480f6ca2,938,tool/result,646,
d5302c73-4e78-49f9-8eb9-8eac480f6ca2,1099,assistant/message,153,81
d5302c73-4e78-49f9-8eb9-8eac480f6ca2,1101,tool/result,1701,
d5302c73-4e78-49f9-8eb9-8eac480f6ca2,1192,assistant/message,84,23
d5302c73-4e78-49f9-8eb9-8eac480f6ca2,1194,tool/result,377,
d5302c73-4e78-49f9-8eb9-8eac480f6ca2,1314,assistant/message,112,85
d5302c73-4e78-49f9-8eb9-8eac480f6ca2,1316,tool/result,1711,
d5302c73-4e78-49f9-8eb9-8eac480f6ca2,1984,assistant/message,663,575
d5302c73-4e78-49f9-8eb9-8eac480f6ca2,1986,tool/result,575,
d5302c73-4e78-49f9-8eb9-8eac480f6ca2,2132,assistant/message,138,75
d5302c73-4e78-49f9-8eb9-8eac480f6ca2,2134,tool/result,77,
d5302c73-4e78-49f9-8eb9-8eac480f6ca2,2271,assistant/message,129,67
d5302c73-4e78-49f9-8eb9-8eac480f6ca2,2273,tool/result,570,
d5302c73-4e78-49f9-8eb9-8eac480f6ca2,2685,assistant/message,407,308
d5302c73-4e78-49f9-8eb9-8eac480f6ca2,2687,tool/result,296,
d5302c73-4e78-49f9-8eb9-8eac480f6ca2,3228,assistant/message,556,251
d5302c73-4e78-49f9-8eb9-8eac480f6ca2,3230,tool/result,223,
d5302c73-4e78-49f9-8eb9-8eac480f6ca2,3363,assistant/message,125,40
d5302c73-4e78-49f9-8eb9-8eac480f6ca2,3365,tool/result,479,
d5302c73-4e78-49f9-8eb9-8eac480f6ca2,3635,assistant/message,262,199
d5302c73-4e78-49f9-8eb9-8eac480f6ca2,3637,tool/result,55,
d5302c73-4e78-49f9-8eb9-8eac480f6ca2,4165,assistant/message,521,471
d5302c73-4e78-49f9-8eb9-8eac480f6ca2,4167,tool/result,187,
d5302c73-4e78-49f9-8eb9-8eac480f6ca2,5057,assistant/message,883,800
d5302c73-4e78-49f9-8eb9-8eac480f6ca2,5059,tool/result,416,
d5302c73-4e78-49f9-8eb9-8eac480f6ca2,5520,assistant/message,455,384
d5302c73-4e78-49f9-8eb9-8eac480f6ca2,5522,tool/result,551,
d5302c73-4e78-49f9-8eb9-8eac480f6ca2,5723,assistant/message,193,142
d5302c73-4e78-49f9-8eb9-8eac480f6ca2,5725,tool/result,522,
d5302c73-4e78-49f9-8eb9-8eac480f6ca2,6672,assistant/message,940,838
d5302c73-4e78-49f9-8eb9-8eac480f6ca2,6674,tool/result,808,
d5302c73-4e78-49f9-8eb9-8eac480f6ca2,6783,assistant/message,101,68
d5302c73-4e78-49f9-8eb9-8eac480f6ca2,6785,tool/result,989,
d5302c73-4e78-49f9-8eb9-8eac480f6ca2,8661,assistant/message,1870,1778
d5302c73-4e78-49f9-8eb9-8eac480f6ca2,8663,tool/result,274,
d653a391-c22c-4a13-84a9-40d6e01c1ea0,8,user/message,16,
d653a391-c22c-4a13-84a9-40d6e01c1ea0,9,user/message,90,
d960942b-804e-4a35-845c-70b9e855b1e8,8,user/message,9,
d960942b-804e-4a35-845c-70b9e855b1e8,9,user/message,90,
d960942b-804e-4a35-845c-70b9e855b1e8,193,assistant/message,173,113
d960942b-804e-4a35-845c-70b9e855b1e8,200,user/message,5,
d960942b-804e-4a35-845c-70b9e855b1e8,477,assistant/message,270,254
d960942b-804e-4a35-845c-70b9e855b1e8,484,user/message,3,
d960942b-804e-4a35-845c-70b9e855b1e8,1427,assistant/message,936,905
d960942b-804e-4a35-845c-70b9e855b1e8,1429,tool/result,11,
d960942b-804e-4a35-845c-70b9e855b1e8,1557,assistant/message,119,68
d960942b-804e-4a35-845c-70b9e855b1e8,1564,user/message,12,
d960942b-804e-4a35-845c-70b9e855b1e8,1678,assistant/message,109,90
d960942b-804e-4a35-845c-70b9e855b1e8,1680,tool/result,54,
d960942b-804e-4a35-845c-70b9e855b1e8,1750,assistant/message,64,41
d960942b-804e-4a35-845c-70b9e855b1e8,1752,tool/result,17,
d960942b-804e-4a35-845c-70b9e855b1e8,1865,assistant/message,106,92
d960942b-804e-4a35-845c-70b9e855b1e8,1867,tool/result,54,
d960942b-804e-4a35-845c-70b9e855b1e8,1903,assistant/message,30,15
d960942b-804e-4a35-845c-70b9e855b1e8,1905,tool/result,222,
d960942b-804e-4a35-845c-70b9e855b1e8,1996,assistant/message,85,60
d960942b-804e-4a35-845c-70b9e855b1e8,1998,tool/result,17,
d960942b-804e-4a35-845c-70b9e855b1e8,2270,assistant/message,263,134
d9a9c623-676b-4ec7-b1f4-86f8baee36e2,8,user/message,6,
d9a9c623-676b-4ec7-b1f4-86f8baee36e2,9,user/message,90,
d9a9c623-676b-4ec7-b1f4-86f8baee36e2,113,assistant/message,94,81
d9a9c623-676b-4ec7-b1f4-86f8baee36e2,115,tool/result,528,
d9a9c623-676b-4ec7-b1f4-86f8baee36e2,176,assistant/message,55,21
d9a9c623-676b-4ec7-b1f4-86f8baee36e2,178,tool/result,288,
d9a9c623-676b-4ec7-b1f4-86f8baee36e2,270,assistant/message,87,45
d9a9c623-676b-4ec7-b1f4-86f8baee36e2,272,tool/result,437,
d9a9c623-676b-4ec7-b1f4-86f8baee36e2,877,assistant/message,596,274
da4ab641-8888-41bb-9b8d-29e2c2062639,8,user/message,17,
da4ab641-8888-41bb-9b8d-29e2c2062639,9,user/message,90,
dbc7e63a-f2b9-4d30-bf2f-aba83e5ba6f8,7,user/message,14,
dbc7e63a-f2b9-4d30-bf2f-aba83e5ba6f8,8,user/message,90,
dbc7e63a-f2b9-4d30-bf2f-aba83e5ba6f8,75,assistant/message,56,34
dbc7e63a-f2b9-4d30-bf2f-aba83e5ba6f8,77,tool/result,918,
dbc7e63a-f2b9-4d30-bf2f-aba83e5ba6f8,650,assistant/message,564,199
dbc7e63a-f2b9-4d30-bf2f-aba83e5ba6f8,657,user/message,4,
dbc7e63a-f2b9-4d30-bf2f-aba83e5ba6f8,732,assistant/message,68,42
dbc7e63a-f2b9-4d30-bf2f-aba83e5ba6f8,734,tool/result,1016,
dbc7e63a-f2b9-4d30-bf2f-aba83e5ba6f8,1607,assistant/message,864,318
dbf08eb9-ebde-4ab4-add4-1413af0dce60,9,user/message,16,
dbf08eb9-ebde-4ab4-add4-1413af0dce60,10,user/message,90,
dbf08eb9-ebde-4ab4-add4-1413af0dce60,75,assistant/message,57,22
dbf08eb9-ebde-4ab4-add4-1413af0dce60,77,tool/result,16,
dbf08eb9-ebde-4ab4-add4-1413af0dce60,167,assistant/message,91,20
dbf08eb9-ebde-4ab4-add4-1413af0dce60,169,tool/result,16,
dbf08eb9-ebde-4ab4-add4-1413af0dce60,237,assistant/message,64,23
dbf08eb9-ebde-4ab4-add4-1413af0dce60,239,tool/result,16,
dbf08eb9-ebde-4ab4-add4-1413af0dce60,358,assistant/message,118,61
dbf08eb9-ebde-4ab4-add4-1413af0dce60,360,tool/result,16,
dbf08eb9-ebde-4ab4-add4-1413af0dce60,503,assistant/message,139,63
dbf08eb9-ebde-4ab4-add4-1413af0dce60,505,tool/result,16,
dbf08eb9-ebde-4ab4-add4-1413af0dce60,564,assistant/message,54,36
dbf08eb9-ebde-4ab4-add4-1413af0dce60,566,tool/result,16,
dbf08eb9-ebde-4ab4-add4-1413af0dce60,654,assistant/message,82,20
dbf08eb9-ebde-4ab4-add4-1413af0dce60,656,tool/result,16,
dbf08eb9-ebde-4ab4-add4-1413af0dce60,697,assistant/message,35,22
dbf08eb9-ebde-4ab4-add4-1413af0dce60,699,tool/result,16,
dbf08eb9-ebde-4ab4-add4-1413af0dce60,742,assistant/message,38,20
dbf08eb9-ebde-4ab4-add4-1413af0dce60,744,tool/result,16,
dbf08eb9-ebde-4ab4-add4-1413af0dce60,798,assistant/message,50,15
dbf08eb9-ebde-4ab4-add4-1413af0dce60,800,tool/result,16,
dbf08eb9-ebde-4ab4-add4-1413af0dce60,952,assistant/message,146,92
dbf08eb9-ebde-4ab4-add4-1413af0dce60,954,tool/result,16,
dbf08eb9-ebde-4ab4-add4-1413af0dce60,1053,assistant/message,95,31
dbf08eb9-ebde-4ab4-add4-1413af0dce60,1055,tool/result,16,
dbf08eb9-ebde-4ab4-add4-1413af0dce60,1223,assistant/message,165,89
dbf08eb9-ebde-4ab4-add4-1413af0dce60,1225,tool/result,16,
dbf08eb9-ebde-4ab4-add4-1413af0dce60,1301,assistant/message,72,30
dbf08eb9-ebde-4ab4-add4-1413af0dce60,1303,tool/result,16,
dbf08eb9-ebde-4ab4-add4-1413af0dce60,1399,assistant/message,93,15
dbf08eb9-ebde-4ab4-add4-1413af0dce60,1401,tool/result,16,
dbf08eb9-ebde-4ab4-add4-1413af0dce60,1527,assistant/message,123,45
dbf08eb9-ebde-4ab4-add4-1413af0dce60,1529,tool/result,16,
dbf08eb9-ebde-4ab4-add4-1413af0dce60,1753,assistant/message,221,145
dbf08eb9-ebde-4ab4-add4-1413af0dce60,1755,tool/result,16,
dbf08eb9-ebde-4ab4-add4-1413af0dce60,1851,assistant/message,93,18
dbf08eb9-ebde-4ab4-add4-1413af0dce60,1853,tool/result,16,
dbf08eb9-ebde-4ab4-add4-1413af0dce60,1996,assistant/message,140,65
dbf08eb9-ebde-4ab4-add4-1413af0dce60,1998,tool/result,16,
dbf08eb9-ebde-4ab4-add4-1413af0dce60,2117,assistant/message,116,41
dbf08eb9-ebde-4ab4-add4-1413af0dce60,2119,tool/result,16,
dbf08eb9-ebde-4ab4-add4-1413af0dce60,2124,user/message,42,
dbf08eb9-ebde-4ab4-add4-1413af0dce60,2458,assistant/message,330,310
dbf08eb9-ebde-4ab4-add4-1413af0dce60,2460,tool/result,16,
dbf08eb9-ebde-4ab4-add4-1413af0dce60,2716,assistant/message,253,173
dbf08eb9-ebde-4ab4-add4-1413af0dce60,2718,tool/result,16,
dbf08eb9-ebde-4ab4-add4-1413af0dce60,2930,assistant/message,203,101
dd740a3f-875f-4863-ac2a-0d63f747e3c5,8,user/message,40,
dd740a3f-875f-4863-ac2a-0d63f747e3c5,9,user/message,189,
dd740a3f-875f-4863-ac2a-0d63f747e3c5,10,user/message,90,
dd740a3f-875f-4863-ac2a-0d63f747e3c5,85,assistant/message,66,49
dd740a3f-875f-4863-ac2a-0d63f747e3c5,87,tool/result,22673,
dd740a3f-875f-4863-ac2a-0d63f747e3c5,90,tool/result,1933,
dd740a3f-875f-4863-ac2a-0d63f747e3c5,156,assistant/message,60,39
dd740a3f-875f-4863-ac2a-0d63f747e3c5,158,tool/result,206,
dd740a3f-875f-4863-ac2a-0d63f747e3c5,675,assistant/message,532,337
dd740a3f-875f-4863-ac2a-0d63f747e3c5,682,tool/result,605,
dd740a3f-875f-4863-ac2a-0d63f747e3c5,683,tool/result,810,
dd740a3f-875f-4863-ac2a-0d63f747e3c5,684,tool/result,584,
dd740a3f-875f-4863-ac2a-0d63f747e3c5,685,tool/result,602,
dd740a3f-875f-4863-ac2a-0d63f747e3c5,686,tool/result,1132,
dd740a3f-875f-4863-ac2a-0d63f747e3c5,687,tool/result,887,
dd740a3f-875f-4863-ac2a-0d63f747e3c5,1066,assistant/message,370,317
dd740a3f-875f-4863-ac2a-0d63f747e3c5,1068,tool/result,331,
dd740a3f-875f-4863-ac2a-0d63f747e3c5,1810,assistant/message,737,690
dd740a3f-875f-4863-ac2a-0d63f747e3c5,1812,tool/result,809,
dd740a3f-875f-4863-ac2a-0d63f747e3c5,3238,assistant/message,1417,725
e2053b00-cd09-4b54-9876-fe36d69d4b5b,7,user/message,302,
e2053b00-cd09-4b54-9876-fe36d69d4b5b,8,user/message,353,
e2053b00-cd09-4b54-9876-fe36d69d4b5b,9,user/message,90,
e2053b00-cd09-4b54-9876-fe36d69d4b5b,223,assistant/message,180,81
e2053b00-cd09-4b54-9876-fe36d69d4b5b,226,tool/result,17,
e2053b00-cd09-4b54-9876-fe36d69d4b5b,312,assistant/message,80,13
e2053b00-cd09-4b54-9876-fe36d69d4b5b,314,tool/result,106,
e2053b00-cd09-4b54-9876-fe36d69d4b5b,316,tool/result,9387,
e2053b00-cd09-4b54-9876-fe36d69d4b5b,703,assistant/message,380,272
e2053b00-cd09-4b54-9876-fe36d69d4b5b,705,tool/result,120,
e2053b00-cd09-4b54-9876-fe36d69d4b5b,941,assistant/message,231,102
e2053b00-cd09-4b54-9876-fe36d69d4b5b,943,tool/result,1709,
e2053b00-cd09-4b54-9876-fe36d69d4b5b,945,tool/result,120,
e2053b00-cd09-4b54-9876-fe36d69d4b5b,1194,assistant/message,246,90
e2053b00-cd09-4b54-9876-fe36d69d4b5b,1196,tool/result,120,
e2053b00-cd09-4b54-9876-fe36d69d4b5b,1198,tool/result,120,
e2053b00-cd09-4b54-9876-fe36d69d4b5b,2174,assistant/message,969,780
e2053b00-cd09-4b54-9876-fe36d69d4b5b,2176,tool/result,11,
e2053b00-cd09-4b54-9876-fe36d69d4b5b,2178,tool/result,12,
e2053b00-cd09-4b54-9876-fe36d69d4b5b,2361,assistant/message,174,61
e2053b00-cd09-4b54-9876-fe36d69d4b5b,2363,tool/result,574,
e2053b00-cd09-4b54-9876-fe36d69d4b5b,2367,user/message,663,
e2053b00-cd09-4b54-9876-fe36d69d4b5b,2370,user/message,353,
e2053b00-cd09-4b54-9876-fe36d69d4b5b,2993,assistant/message,618,407
e2053b00-cd09-4b54-9876-fe36d69d4b5b,2995,tool/result,2484,
e2053b00-cd09-4b54-9876-fe36d69d4b5b,2997,tool/result,3566,
e2053b00-cd09-4b54-9876-fe36d69d4b5b,3001,user/message,901,
e2053b00-cd09-4b54-9876-fe36d69d4b5b,3004,user/message,90,
e2053b00-cd09-4b54-9876-fe36d69d4b5b,4732,assistant/message,1722,1496
e2053b00-cd09-4b54-9876-fe36d69d4b5b,4734,tool/result,11,
e2053b00-cd09-4b54-9876-fe36d69d4b5b,4736,tool/result,260,
e2053b00-cd09-4b54-9876-fe36d69d4b5b,4822,assistant/message,79,39
e2053b00-cd09-4b54-9876-fe36d69d4b5b,4824,tool/result,5187,
e2053b00-cd09-4b54-9876-fe36d69d4b5b,5779,assistant/message,948,819
e2053b00-cd09-4b54-9876-fe36d69d4b5b,5781,tool/result,420,
e2053b00-cd09-4b54-9876-fe36d69d4b5b,5785,user/message,974,
e2053b00-cd09-4b54-9876-fe36d69d4b5b,5789,user/message,941,
e2053b00-cd09-4b54-9876-fe36d69d4b5b,5792,user/message,353,
e2053b00-cd09-4b54-9876-fe36d69d4b5b,6304,assistant/message,507,367
e2053b00-cd09-4b54-9876-fe36d69d4b5b,6306,tool/result,382,
e2053b00-cd09-4b54-9876-fe36d69d4b5b,6310,user/message,1013,
e2053b00-cd09-4b54-9876-fe36d69d4b5b,7347,assistant/message,1042,682
e2053b00-cd09-4b54-9876-fe36d69d4b5b,7349,tool/result,563,
e2053b00-cd09-4b54-9876-fe36d69d4b5b,7352,user/message,90,
e2053b00-cd09-4b54-9876-fe36d69d4b5b,8131,assistant/message,773,572
e2053b00-cd09-4b54-9876-fe36d69d4b5b,8133,tool/result,1315,
e2053b00-cd09-4b54-9876-fe36d69d4b5b,9745,assistant/message,1608,1319
e2053b00-cd09-4b54-9876-fe36d69d4b5b,9747,tool/result,544,
e2053b00-cd09-4b54-9876-fe36d69d4b5b,9751,user/message,888,
e2053b00-cd09-4b54-9876-fe36d69d4b5b,11704,assistant/message,1947,1682
e2053b00-cd09-4b54-9876-fe36d69d4b5b,11706,tool/result,1772,
e2053b00-cd09-4b54-9876-fe36d69d4b5b,13521,assistant/message,1809,1522
e2053b00-cd09-4b54-9876-fe36d69d4b5b,13523,tool/result,246,
e2053b00-cd09-4b54-9876-fe36d69d4b5b,13760,assistant/message,232,20
e2053b00-cd09-4b54-9876-fe36d69d4b5b,13762,tool/result,78,
e2053b00-cd09-4b54-9876-fe36d69d4b5b,14111,assistant/message,340,178
e2053b00-cd09-4b54-9876-fe36d69d4b5b,14113,tool/result,795,
e2053b00-cd09-4b54-9876-fe36d69d4b5b,14890,assistant/message,775,512
e2053b00-cd09-4b54-9876-fe36d69d4b5b,14892,tool/result,4741,
e2053b00-cd09-4b54-9876-fe36d69d4b5b,14896,user/message,1133,
e2053b00-cd09-4b54-9876-fe36d69d4b5b,14899,user/message,353,
e2053b00-cd09-4b54-9876-fe36d69d4b5b,15881,assistant/message,979,766
e2053b00-cd09-4b54-9876-fe36d69d4b5b,15883,tool/result,532,
e2053b00-cd09-4b54-9876-fe36d69d4b5b,15886,user/message,90,
e2053b00-cd09-4b54-9876-fe36d69d4b5b,18227,assistant/message,2339,1892
e2053b00-cd09-4b54-9876-fe36d69d4b5b,18229,tool/result,345,
e2053b00-cd09-4b54-9876-fe36d69d4b5b,18231,tool/result,395,
e2053b00-cd09-4b54-9876-fe36d69d4b5b,20476,assistant/message,2237,1996
e2053b00-cd09-4b54-9876-fe36d69d4b5b,20478,tool/result,6253,
e2053b00-cd09-4b54-9876-fe36d69d4b5b,20482,user/message,1293,
e2053b00-cd09-4b54-9876-fe36d69d4b5b,20485,user/message,353,
e2053b00-cd09-4b54-9876-fe36d69d4b5b,24250,assistant/message,3759,3538
e2053b00-cd09-4b54-9876-fe36d69d4b5b,24252,tool/result,573,
e2053b00-cd09-4b54-9876-fe36d69d4b5b,24254,tool/result,198,
e2053b00-cd09-4b54-9876-fe36d69d4b5b,24258,user/message,1236,
e2053b00-cd09-4b54-9876-fe36d69d4b5b,24261,tool/result,2834,
e2053b00-cd09-4b54-9876-fe36d69d4b5b,24263,user/message,90,
e2053b00-cd09-4b54-9876-fe36d69d4b5b,26695,assistant/message,2406,2294
e2053b00-cd09-4b54-9876-fe36d69d4b5b,26698,tool/result,17,
e2053b00-cd09-4b54-9876-fe36d69d4b5b,29558,assistant/message,2830,7
e2053b00-cd09-4b54-9876-fe36d69d4b5b,29561,tool/result,17,
e2053b00-cd09-4b54-9876-fe36d69d4b5b,29565,user/message,1100,
e2053b00-cd09-4b54-9876-fe36d69d4b5b,29568,user/message,353,
e2053b00-cd09-4b54-9876-fe36d69d4b5b,29892,assistant/message,317,66
e2b21469-dfb9-471a-86e2-66b95f5ac7d3,7,user/message,239,
e2b21469-dfb9-471a-86e2-66b95f5ac7d3,8,user/message,90,
e2b21469-dfb9-471a-86e2-66b95f5ac7d3,197,assistant/message,180,129
e2b21469-dfb9-471a-86e2-66b95f5ac7d3,199,tool/result,3936,
e2b21469-dfb9-471a-86e2-66b95f5ac7d3,596,assistant/message,388,280
e2b21469-dfb9-471a-86e2-66b95f5ac7d3,598,tool/result,70,
e2b21469-dfb9-471a-86e2-66b95f5ac7d3,709,assistant/message,104,23
e2b21469-dfb9-471a-86e2-66b95f5ac7d3,711,tool/result,127,
e2b21469-dfb9-471a-86e2-66b95f5ac7d3,946,assistant/message,235,143
e2b21469-dfb9-471a-86e2-66b95f5ac7d3,948,tool/result,769,
e2b21469-dfb9-471a-86e2-66b95f5ac7d3,1514,assistant/message,613,288
e2b21469-dfb9-471a-86e2-66b95f5ac7d3,1516,tool/result,188,
e2b21469-dfb9-471a-86e2-66b95f5ac7d3,1907,assistant/message,421,96
e2b21469-dfb9-471a-86e2-66b95f5ac7d3,1909,tool/result,104,
e2b21469-dfb9-471a-86e2-66b95f5ac7d3,1962,assistant/message,46,27
e2b21469-dfb9-471a-86e2-66b95f5ac7d3,1964,tool/result,7034,
e2b21469-dfb9-471a-86e2-66b95f5ac7d3,5206,assistant/message,3295,3011
e2b21469-dfb9-471a-86e2-66b95f5ac7d3,5208,tool/result,141,
e2b21469-dfb9-471a-86e2-66b95f5ac7d3,5211,tool/result,1381,
e2b21469-dfb9-471a-86e2-66b95f5ac7d3,5482,assistant/message,300,35
e2b21469-dfb9-471a-86e2-66b95f5ac7d3,5484,tool/result,2266,
e2b21469-dfb9-471a-86e2-66b95f5ac7d3,5680,assistant/message,189,148
e2b21469-dfb9-471a-86e2-66b95f5ac7d3,5682,tool/result,4072,
e2b21469-dfb9-471a-86e2-66b95f5ac7d3,5685,tool/result,1222,
e2b21469-dfb9-471a-86e2-66b95f5ac7d3,5687,tool/result,1713,
e2b21469-dfb9-471a-86e2-66b95f5ac7d3,5756,assistant/message,67,38
e2b21469-dfb9-471a-86e2-66b95f5ac7d3,5758,tool/result,3057,
e2b21469-dfb9-471a-86e2-66b95f5ac7d3,5761,tool/result,1552,
e2b21469-dfb9-471a-86e2-66b95f5ac7d3,5764,user/message,2028,
e2b21469-dfb9-471a-86e2-66b95f5ac7d3,5893,assistant/message,122,50
e2b21469-dfb9-471a-86e2-66b95f5ac7d3,5895,tool/result,2569,
e2b21469-dfb9-471a-86e2-66b95f5ac7d3,5898,user/message,90,
e2b21469-dfb9-471a-86e2-66b95f5ac7d3,8202,assistant/message,2318,2140
e2b21469-dfb9-471a-86e2-66b95f5ac7d3,8204,tool/result,1196,
e2b21469-dfb9-471a-86e2-66b95f5ac7d3,8206,tool/result,1154,
e2b21469-dfb9-471a-86e2-66b95f5ac7d3,8209,tool/result,1549,
e2b21469-dfb9-471a-86e2-66b95f5ac7d3,9632,assistant/message,1448,1018
e2b21469-dfb9-471a-86e2-66b95f5ac7d3,9634,tool/result,168,
e2b21469-dfb9-471a-86e2-66b95f5ac7d3,9636,tool/result,25,
e2b21469-dfb9-471a-86e2-66b95f5ac7d3,9640,user/message,2338,
e2b21469-dfb9-471a-86e2-66b95f5ac7d3,9729,assistant/message,82,27
e2b21469-dfb9-471a-86e2-66b95f5ac7d3,9731,tool/result,272,
e2b21469-dfb9-471a-86e2-66b95f5ac7d3,9935,assistant/message,203,66
e2b21469-dfb9-471a-86e2-66b95f5ac7d3,9937,tool/result,543,
e2b21469-dfb9-471a-86e2-66b95f5ac7d3,10069,assistant/message,126,102
e2b21469-dfb9-471a-86e2-66b95f5ac7d3,10071,tool/result,76,
e2b21469-dfb9-471a-86e2-66b95f5ac7d3,10456,assistant/message,399,174
e2b21469-dfb9-471a-86e2-66b95f5ac7d3,10458,tool/result,190,
e2b21469-dfb9-471a-86e2-66b95f5ac7d3,10792,assistant/message,334,236
e2b21469-dfb9-471a-86e2-66b95f5ac7d3,10794,tool/result,505,
e2b21469-dfb9-471a-86e2-66b95f5ac7d3,11234,assistant/message,439,305
e2b21469-dfb9-471a-86e2-66b95f5ac7d3,11236,tool/result,41,
e2b21469-dfb9-471a-86e2-66b95f5ac7d3,11387,assistant/message,147,46
e2b21469-dfb9-471a-86e2-66b95f5ac7d3,11391,tool/result,48,
e2b21469-dfb9-471a-86e2-66b95f5ac7d3,11624,assistant/message,239,30
e2b21469-dfb9-471a-86e2-66b95f5ac7d3,11626,tool/result,261,
e2b21469-dfb9-471a-86e2-66b95f5ac7d3,12046,assistant/message,410,255
e2b21469-dfb9-471a-86e2-66b95f5ac7d3,12048,tool/result,534,
e2b21469-dfb9-471a-86e2-66b95f5ac7d3,12246,assistant/message,196,125
e2b21469-dfb9-471a-86e2-66b95f5ac7d3,12248,tool/result,295,
e2b21469-dfb9-471a-86e2-66b95f5ac7d3,12250,tool/result,404,
e2b21469-dfb9-471a-86e2-66b95f5ac7d3,12388,assistant/message,138,77
e2b21469-dfb9-471a-86e2-66b95f5ac7d3,12390,tool/result,461,
e2b21469-dfb9-471a-86e2-66b95f5ac7d3,12392,tool/result,220,
e2b21469-dfb9-471a-86e2-66b95f5ac7d3,12396,user/message,3172,
e2b21469-dfb9-471a-86e2-66b95f5ac7d3,13218,assistant/message,829,509
e2b21469-dfb9-471a-86e2-66b95f5ac7d3,13220,tool/result,469,
e2b21469-dfb9-471a-86e2-66b95f5ac7d3,13222,tool/result,395,
e2b21469-dfb9-471a-86e2-66b95f5ac7d3,13224,tool/result,269,
e2b21469-dfb9-471a-86e2-66b95f5ac7d3,13227,user/message,90,
e2b21469-dfb9-471a-86e2-66b95f5ac7d3,14159,assistant/message,932,848
e2b21469-dfb9-471a-86e2-66b95f5ac7d3,14161,tool/result,412,
e2b21469-dfb9-471a-86e2-66b95f5ac7d3,14163,tool/result,3,
e2b21469-dfb9-471a-86e2-66b95f5ac7d3,14539,assistant/message,371,283
e2b21469-dfb9-471a-86e2-66b95f5ac7d3,14541,tool/result,910,
e2b21469-dfb9-471a-86e2-66b95f5ac7d3,14642,assistant/message,94,44
e2b21469-dfb9-471a-86e2-66b95f5ac7d3,14644,tool/result,640,
e2b21469-dfb9-471a-86e2-66b95f5ac7d3,16858,assistant/message,2223,2186
e2b21469-dfb9-471a-86e2-66b95f5ac7d3,16860,tool/result,203,
e2b21469-dfb9-471a-86e2-66b95f5ac7d3,16864,user/message,3106,
e2b21469-dfb9-471a-86e2-66b95f5ac7d3,21023,assistant/message,4200,690
e2b21469-dfb9-471a-86e2-66b95f5ac7d3,21030,user/message,7,
e2b21469-dfb9-471a-86e2-66b95f5ac7d3,24661,assistant/message,3585,3011
e2b21469-dfb9-471a-86e2-66b95f5ac7d3,24664,tool/result,18,
e2b21469-dfb9-471a-86e2-66b95f5ac7d3,24666,tool/result,49,
e2b21469-dfb9-471a-86e2-66b95f5ac7d3,24668,tool/result,621,
e2b21469-dfb9-471a-86e2-66b95f5ac7d3,24672,user/message,3153,
e2b21469-dfb9-471a-86e2-66b95f5ac7d3,25110,assistant/message,431,317
e2b21469-dfb9-471a-86e2-66b95f5ac7d3,25112,tool/result,2256,
e2b21469-dfb9-471a-86e2-66b95f5ac7d3,25114,tool/result,2038,
e2b21469-dfb9-471a-86e2-66b95f5ac7d3,25117,user/message,90,
e2b21469-dfb9-471a-86e2-66b95f5ac7d3,28370,assistant/message,3284,3011
e2b21469-dfb9-471a-86e2-66b95f5ac7d3,28372,tool/result,643,
e2b21469-dfb9-471a-86e2-66b95f5ac7d3,28374,tool/result,443,
e2b21469-dfb9-471a-86e2-66b95f5ac7d3,28377,tool/result,1222,
e2b21469-dfb9-471a-86e2-66b95f5ac7d3,28380,user/message,3019,
e2b21469-dfb9-471a-86e2-66b95f5ac7d3,29250,assistant/message,945,339
e2b21469-dfb9-471a-86e2-66b95f5ac7d3,29252,tool/result,362,
e2b21469-dfb9-471a-86e2-66b95f5ac7d3,29254,tool/result,347,
e2b21469-dfb9-471a-86e2-66b95f5ac7d3,29256,tool/result,8,
e2b21469-dfb9-471a-86e2-66b95f5ac7d3,30031,assistant/message,788,535
e2b21469-dfb9-471a-86e2-66b95f5ac7d3,30033,tool/result,550,
e2b21469-dfb9-471a-86e2-66b95f5ac7d3,30352,assistant/message,320,161
e2b21469-dfb9-471a-86e2-66b95f5ac7d3,30354,tool/result,345,
e2b21469-dfb9-471a-86e2-66b95f5ac7d3,30356,tool/result,54,
e2b21469-dfb9-471a-86e2-66b95f5ac7d3,30993,assistant/message,675,152
e2b21469-dfb9-471a-86e2-66b95f5ac7d3,30995,tool/result,230,
e2b21469-dfb9-471a-86e2-66b95f5ac7d3,30997,tool/result,1,
e2b21469-dfb9-471a-86e2-66b95f5ac7d3,32013,assistant/message,1027,625
e2b21469-dfb9-471a-86e2-66b95f5ac7d3,32015,tool/result,17,
e2b21469-dfb9-471a-86e2-66b95f5ac7d3,32017,tool/result,68,
e2b21469-dfb9-471a-86e2-66b95f5ac7d3,32021,user/message,3378,
e2b21469-dfb9-471a-86e2-66b95f5ac7d3,32473,assistant/message,469,133
e2b21469-dfb9-471a-86e2-66b95f5ac7d3,32475,tool/result,187,
e2b21469-dfb9-471a-86e2-66b95f5ac7d3,32478,user/message,90,
e2b21469-dfb9-471a-86e2-66b95f5ac7d3,32997,assistant/message,514,424
e2b21469-dfb9-471a-86e2-66b95f5ac7d3,32999,tool/result,53,
e2b21469-dfb9-471a-86e2-66b95f5ac7d3,33235,assistant/message,229,52
e2b21469-dfb9-471a-86e2-66b95f5ac7d3,33237,tool/result,909,
e2b21469-dfb9-471a-86e2-66b95f5ac7d3,36507,assistant/message,3302,3011
e2b21469-dfb9-471a-86e2-66b95f5ac7d3,36509,tool/result,1877,
e2b21469-dfb9-471a-86e2-66b95f5ac7d3,36511,tool/result,489,
e2b21469-dfb9-471a-86e2-66b95f5ac7d3,36515,user/message,4095,
e2b21469-dfb9-471a-86e2-66b95f5ac7d3,37378,assistant/message,862,742
e2b21469-dfb9-471a-86e2-66b95f5ac7d3,37380,tool/result,3632,
e2b21469-dfb9-471a-86e2-66b95f5ac7d3,37383,user/message,90,
e2b21469-dfb9-471a-86e2-66b95f5ac7d3,39104,assistant/message,1718,1635
e2b21469-dfb9-471a-86e2-66b95f5ac7d3,39106,tool/result,1084,
e2b21469-dfb9-471a-86e2-66b95f5ac7d3,39109,tool/result,1659,
e2b21469-dfb9-471a-86e2-66b95f5ac7d3,42400,assistant/message,3318,3011
e2b21469-dfb9-471a-86e2-66b95f5ac7d3,42402,tool/result,154,
e2b21469-dfb9-471a-86e2-66b95f5ac7d3,42406,user/message,4468,
e2b21469-dfb9-471a-86e2-66b95f5ac7d3,43703,assistant/message,1440,199
e2b21469-dfb9-471a-86e2-66b95f5ac7d3,43705,tool/result,40,
e2b21469-dfb9-471a-86e2-66b95f5ac7d3,43707,tool/result,41,
e2b21469-dfb9-471a-86e2-66b95f5ac7d3,44741,assistant/message,1118,30
e2b21469-dfb9-471a-86e2-66b95f5ac7d3,44743,tool/result,42,
e2b21469-dfb9-471a-86e2-66b95f5ac7d3,44745,tool/result,42,
e2b21469-dfb9-471a-86e2-66b95f5ac7d3,44747,tool/result,42,
e2b21469-dfb9-471a-86e2-66b95f5ac7d3,44948,assistant/message,207,11
e2b21469-dfb9-471a-86e2-66b95f5ac7d3,44950,tool/result,79,
e2b21469-dfb9-471a-86e2-66b95f5ac7d3,45263,assistant/message,318,24
e2b21469-dfb9-471a-86e2-66b95f5ac7d3,45265,tool/result,113,
e2b21469-dfb9-471a-86e2-66b95f5ac7d3,45427,assistant/message,157,30
e2b21469-dfb9-471a-86e2-66b95f5ac7d3,45429,tool/result,26,
e2b21469-dfb9-471a-86e2-66b95f5ac7d3,45433,user/message,5440,
e2b21469-dfb9-471a-86e2-66b95f5ac7d3,45845,assistant/message,417,107
e2b21469-dfb9-471a-86e2-66b95f5ac7d3,45847,tool/result,81,
e2b21469-dfb9-471a-86e2-66b95f5ac7d3,45850,user/message,90,
e2b21469-dfb9-471a-86e2-66b95f5ac7d3,46155,assistant/message,314,88
e2b21469-dfb9-471a-86e2-66b95f5ac7d3,46157,tool/result,26,
e2b21469-dfb9-471a-86e2-66b95f5ac7d3,46625,assistant/message,473,162
e2b21469-dfb9-471a-86e2-66b95f5ac7d3,46627,tool/result,352,
e2b21469-dfb9-471a-86e2-66b95f5ac7d3,47538,assistant/message,933,577
e2b21469-dfb9-471a-86e2-66b95f5ac7d3,47540,tool/result,647,
e2b21469-dfb9-471a-86e2-66b95f5ac7d3,49873,assistant/message,2450,1230
e2b21469-dfb9-471a-86e2-66b95f5ac7d3,49875,tool/result,41,
e2b21469-dfb9-471a-86e2-66b95f5ac7d3,49877,tool/result,41,
e2b21469-dfb9-471a-86e2-66b95f5ac7d3,49881,user/message,4949,
e2b21469-dfb9-471a-86e2-66b95f5ac7d3,50466,assistant/message,605,199
e2b21469-dfb9-471a-86e2-66b95f5ac7d3,50468,tool/result,91,
e2b21469-dfb9-471a-86e2-66b95f5ac7d3,50655,assistant/message,192,63
e2b21469-dfb9-471a-86e2-66b95f5ac7d3,50657,tool/result,888,
e2b21469-dfb9-471a-86e2-66b95f5ac7d3,50904,assistant/message,243,107
e2b21469-dfb9-471a-86e2-66b95f5ac7d3,50906,tool/result,25,
e2b21469-dfb9-471a-86e2-66b95f5ac7d3,51489,assistant/message,610,26
e2b21469-dfb9-471a-86e2-66b95f5ac7d3,51491,tool/result,25,
e2b21469-dfb9-471a-86e2-66b95f5ac7d3,51493,tool/result,230,
e2b21469-dfb9-471a-86e2-66b95f5ac7d3,54490,assistant/message,3152,1170
e2b21469-dfb9-471a-86e2-66b95f5ac7d3,54492,tool/result,41,
e2b21469-dfb9-471a-86e2-66b95f5ac7d3,54494,tool/result,41,
e2b21469-dfb9-471a-86e2-66b95f5ac7d3,54496,tool/result,41,
e2b21469-dfb9-471a-86e2-66b95f5ac7d3,54498,tool/result,41,
e2b21469-dfb9-471a-86e2-66b95f5ac7d3,54502,user/message,5051,
e2b21469-dfb9-471a-86e2-66b95f5ac7d3,54933,assistant/message,449,77
e2b21469-dfb9-471a-86e2-66b95f5ac7d3,54935,tool/result,25,
e2b21469-dfb9-471a-86e2-66b95f5ac7d3,54937,tool/result,521,
e2b21469-dfb9-471a-86e2-66b95f5ac7d3,54940,user/message,90,
e2b21469-dfb9-471a-86e2-66b95f5ac7d3,57047,assistant/message,2132,1918
e2b21469-dfb9-471a-86e2-66b95f5ac7d3,57049,tool/result,11,
e2b21469-dfb9-471a-86e2-66b95f5ac7d3,57053,user/message,4991,
e2b21469-dfb9-471a-86e2-66b95f5ac7d3,57093,assistant/message,33,12
e2b21469-dfb9-471a-86e2-66b95f5ac7d3,57095,tool/result,9547,
e2b21469-dfb9-471a-86e2-66b95f5ac7d3,57098,tool/result,1711,
e2b21469-dfb9-471a-86e2-66b95f5ac7d3,57167,assistant/message,67,35
e2b21469-dfb9-471a-86e2-66b95f5ac7d3,57169,tool/result,7952,
e2b21469-dfb9-471a-86e2-66b95f5ac7d3,57172,tool/result,1780,
e2b21469-dfb9-471a-86e2-66b95f5ac7d3,57252,assistant/message,78,46
e2b21469-dfb9-471a-86e2-66b95f5ac7d3,57254,tool/result,6291,
e2b21469-dfb9-471a-86e2-66b95f5ac7d3,57257,tool/result,1878,
e2b21469-dfb9-471a-86e2-66b95f5ac7d3,57346,assistant/message,87,56
e2b21469-dfb9-471a-86e2-66b95f5ac7d3,57348,tool/result,4517,
e2b21469-dfb9-471a-86e2-66b95f5ac7d3,57351,tool/result,1876,
e2b21469-dfb9-471a-86e2-66b95f5ac7d3,57354,user/message,4425,
e2b21469-dfb9-471a-86e2-66b95f5ac7d3,57448,assistant/message,91,59
e2b21469-dfb9-471a-86e2-66b95f5ac7d3,57450,tool/result,2747,
e2b21469-dfb9-471a-86e2-66b95f5ac7d3,57453,user/message,90,
e2b21469-dfb9-471a-86e2-66b95f5ac7d3,61193,assistant/message,3916,3011
e2b21469-dfb9-471a-86e2-66b95f5ac7d3,61195,tool/result,41,
e2b21469-dfb9-471a-86e2-66b95f5ac7d3,61198,tool/result,1412,
e2b21469-dfb9-471a-86e2-66b95f5ac7d3,61201,user/message,4926,
e2b21469-dfb9-471a-86e2-66b95f5ac7d3,61319,assistant/message,111,60
e2b21469-dfb9-471a-86e2-66b95f5ac7d3,61321,tool/result,21,
e2b21469-dfb9-471a-86e2-66b95f5ac7d3,61617,assistant/message,308,22
e2b21469-dfb9-471a-86e2-66b95f5ac7d3,61619,tool/result,278,
e2b21469-dfb9-471a-86e2-66b95f5ac7d3,61879,assistant/message,260,123
e2b21469-dfb9-471a-86e2-66b95f5ac7d3,61881,tool/result,377,
e2b21469-dfb9-471a-86e2-66b95f5ac7d3,62303,assistant/message,430,186
e2b21469-dfb9-471a-86e2-66b95f5ac7d3,62305,tool/result,45,
e2b21469-dfb9-471a-86e2-66b95f5ac7d3,62798,assistant/message,523,163
e2b21469-dfb9-471a-86e2-66b95f5ac7d3,62800,tool/result,42,
e2b21469-dfb9-471a-86e2-66b95f5ac7d3,62917,assistant/message,110,56
e2b21469-dfb9-471a-86e2-66b95f5ac7d3,62919,tool/result,101,
e2b21469-dfb9-471a-86e2-66b95f5ac7d3,70746,assistant/message,3077,3011
e2b21469-dfb9-471a-86e2-66b95f5ac7d3,70754,user/message,5110,
e2b21469-dfb9-471a-86e2-66b95f5ac7d3,70759,user/message,65,
e2b21469-dfb9-471a-86e2-66b95f5ac7d3,75056,assistant/message,4573,3011
e2b21469-dfb9-471a-86e2-66b95f5ac7d3,75058,tool/result,40,
e2b21469-dfb9-471a-86e2-66b95f5ac7d3,75062,user/message,4632,
e2b21469-dfb9-471a-86e2-66b95f5ac7d3,75065,user/message,90,
e2b21469-dfb9-471a-86e2-66b95f5ac7d3,75159,assistant/message,87,41
e2b21469-dfb9-471a-86e2-66b95f5ac7d3,75161,tool/result,945,
e2b21469-dfb9-471a-86e2-66b95f5ac7d3,78256,assistant/message,3163,2872
e2b21469-dfb9-471a-86e2-66b95f5ac7d3,78258,tool/result,116,
e2b21469-dfb9-471a-86e2-66b95f5ac7d3,80795,assistant/message,2700,1422
e2b21469-dfb9-471a-86e2-66b95f5ac7d3,80797,tool/result,42,
e2b21469-dfb9-471a-86e2-66b95f5ac7d3,80801,user/message,4456,
e2b21469-dfb9-471a-86e2-66b95f5ac7d3,81177,assistant/message,375,319
e2b21469-dfb9-471a-86e2-66b95f5ac7d3,81179,tool/result,118,
e2b21469-dfb9-471a-86e2-66b95f5ac7d3,81182,user/message,90,
e2b21469-dfb9-471a-86e2-66b95f5ac7d3,81612,assistant/message,431,228
e2b21469-dfb9-471a-86e2-66b95f5ac7d3,81614,tool/result,26,
e2b21469-dfb9-471a-86e2-66b95f5ac7d3,81821,assistant/message,200,144
e2b21469-dfb9-471a-86e2-66b95f5ac7d3,81823,tool/result,194,
e2b21469-dfb9-471a-86e2-66b95f5ac7d3,82236,assistant/message,428,212
e2b21469-dfb9-471a-86e2-66b95f5ac7d3,82238,tool/result,26,
e2b21469-dfb9-471a-86e2-66b95f5ac7d3,82744,assistant/message,499,443
e2b21469-dfb9-471a-86e2-66b95f5ac7d3,82746,tool/result,150,
e2b21469-dfb9-471a-86e2-66b95f5ac7d3,82951,assistant/message,196,115
e2b21469-dfb9-471a-86e2-66b95f5ac7d3,82953,tool/result,201,
e2b21469-dfb9-471a-86e2-66b95f5ac7d3,83085,assistant/message,131,47
e2b21469-dfb9-471a-86e2-66b95f5ac7d3,83087,tool/result,26,
e2b21469-dfb9-471a-86e2-66b95f5ac7d3,83349,assistant/message,265,75
e2b21469-dfb9-471a-86e2-66b95f5ac7d3,83351,tool/result,26,
e2b21469-dfb9-471a-86e2-66b95f5ac7d3,83658,assistant/message,298,214
e2b21469-dfb9-471a-86e2-66b95f5ac7d3,83660,tool/result,310,
e2b21469-dfb9-471a-86e2-66b95f5ac7d3,84037,assistant/message,383,175
e2b21469-dfb9-471a-86e2-66b95f5ac7d3,84039,tool/result,2202,
e2b21469-dfb9-471a-86e2-66b95f5ac7d3,84043,user/message,3930,
e2b21469-dfb9-471a-86e2-66b95f5ac7d3,84522,assistant/message,475,325
e2b21469-dfb9-471a-86e2-66b95f5ac7d3,84526,tool/result,88,
e2b21469-dfb9-471a-86e2-66b95f5ac7d3,84713,assistant/message,180,70
e2b21469-dfb9-471a-86e2-66b95f5ac7d3,84715,tool/result,3,
e2b21469-dfb9-471a-86e2-66b95f5ac7d3,84910,assistant/message,188,103
e2b21469-dfb9-471a-86e2-66b95f5ac7d3,84912,tool/result,865,
e2b21469-dfb9-471a-86e2-66b95f5ac7d3,85511,assistant/message,600,244
e2b21469-dfb9-471a-86e2-66b95f5ac7d3,85513,tool/result,43,
e2b21469-dfb9-471a-86e2-66b95f5ac7d3,85657,assistant/message,137,69
e2b21469-dfb9-471a-86e2-66b95f5ac7d3,85659,tool/result,18,
e2b21469-dfb9-471a-86e2-66b95f5ac7d3,85706,assistant/message,41,17
e2b21469-dfb9-471a-86e2-66b95f5ac7d3,85708,tool/result,76,
e2b21469-dfb9-471a-86e2-66b95f5ac7d3,86404,assistant/message,712,310
e2b21469-dfb9-471a-86e2-66b95f5ac7d3,86406,tool/result,48,
e2b21469-dfb9-471a-86e2-66b95f5ac7d3,86867,assistant/message,479,144
e2b21469-dfb9-471a-86e2-66b95f5ac7d3,86869,tool/result,136,
e2b21469-dfb9-471a-86e2-66b95f5ac7d3,87936,assistant/message,1075,322
e2b21469-dfb9-471a-86e2-66b95f5ac7d3,87943,user/message,73,
e2b21469-dfb9-471a-86e2-66b95f5ac7d3,89645,assistant/message,1755,1322
e2b21469-dfb9-471a-86e2-66b95f5ac7d3,89647,tool/result,356,
e2b21469-dfb9-471a-86e2-66b95f5ac7d3,89651,user/message,4098,
e2b21469-dfb9-471a-86e2-66b95f5ac7d3,90011,assistant/message,385,52
e2b21469-dfb9-471a-86e2-66b95f5ac7d3,90013,tool/result,2921,
e2b21469-dfb9-471a-86e2-66b95f5ac7d3,90016,user/message,90,
e2b21469-dfb9-471a-86e2-66b95f5ac7d3,93094,assistant/message,3116,3011
e2b21469-dfb9-471a-86e2-66b95f5ac7d3,93096,tool/result,1907,
e2b21469-dfb9-471a-86e2-66b95f5ac7d3,93099,tool/result,1593,
e2b21469-dfb9-471a-86e2-66b95f5ac7d3,93102,user/message,4623,
e2b21469-dfb9-471a-86e2-66b95f5ac7d3,93574,assistant/message,504,75
e2b21469-dfb9-471a-86e2-66b95f5ac7d3,93576,tool/result,224,
e2b21469-dfb9-471a-86e2-66b95f5ac7d3,93691,assistant/message,106,45
e2b21469-dfb9-471a-86e2-66b95f5ac7d3,93693,tool/result,1502,
e2b21469-dfb9-471a-86e2-66b95f5ac7d3,98775,assistant/message,5394,2992
e2b21469-dfb9-471a-86e2-66b95f5ac7d3,98777,tool/result,42,
e2b21469-dfb9-471a-86e2-66b95f5ac7d3,98781,user/message,4051,
e2b21469-dfb9-471a-86e2-66b95f5ac7d3,98862,assistant/message,72,8
e2b21469-dfb9-471a-86e2-66b95f5ac7d3,98864,tool/result,547,
e2b21469-dfb9-471a-86e2-66b95f5ac7d3,98867,user/message,90,
e2b21469-dfb9-471a-86e2-66b95f5ac7d3,99046,assistant/message,176,62
e2b21469-dfb9-471a-86e2-66b95f5ac7d3,99050,tool/result,51,
e2b21469-dfb9-471a-86e2-66b95f5ac7d3,99215,assistant/message,156,33
e2b21469-dfb9-471a-86e2-66b95f5ac7d3,99217,tool/result,21,
e2b21469-dfb9-471a-86e2-66b95f5ac7d3,99416,assistant/message,194,104
e2b21469-dfb9-471a-86e2-66b95f5ac7d3,99418,tool/result,335,
e2b21469-dfb9-471a-86e2-66b95f5ac7d3,99566,assistant/message,147,113
e2b21469-dfb9-471a-86e2-66b95f5ac7d3,99568,tool/result,371,
e2b21469-dfb9-471a-86e2-66b95f5ac7d3,100825,assistant/message,1288,1121
e2b21469-dfb9-471a-86e2-66b95f5ac7d3,100827,tool/result,705,
e2b21469-dfb9-471a-86e2-66b95f5ac7d3,101118,assistant/message,284,220
e2b21469-dfb9-471a-86e2-66b95f5ac7d3,101120,tool/result,317,
e2b21469-dfb9-471a-86e2-66b95f5ac7d3,101430,assistant/message,307,273
e2b21469-dfb9-471a-86e2-66b95f5ac7d3,101432,tool/result,775,
e2b21469-dfb9-471a-86e2-66b95f5ac7d3,101436,user/message,981,
e2b21469-dfb9-471a-86e2-66b95f5ac7d3,101843,assistant/message,398,261
e2b21469-dfb9-471a-86e2-66b95f5ac7d3,101845,tool/result,269,
e2b21469-dfb9-471a-86e2-66b95f5ac7d3,101911,assistant/message,63,29
e2b21469-dfb9-471a-86e2-66b95f5ac7d3,101913,tool/result,489,
e2b21469-dfb9-471a-86e2-66b95f5ac7d3,102933,assistant/message,1022,888
e2b21469-dfb9-471a-86e2-66b95f5ac7d3,102935,tool/result,3,
e2b21469-dfb9-471a-86e2-66b95f5ac7d3,103065,assistant/message,124,36
e2b21469-dfb9-471a-86e2-66b95f5ac7d3,103067,tool/result,13,
e2b21469-dfb9-471a-86e2-66b95f5ac7d3,103202,assistant/message,128,52
e2b21469-dfb9-471a-86e2-66b95f5ac7d3,103204,tool/result,68,
e2b21469-dfb9-471a-86e2-66b95f5ac7d3,104408,assistant/message,1252,1121
e2b21469-dfb9-471a-86e2-66b95f5ac7d3,104410,tool/result,566,
e2b21469-dfb9-471a-86e2-66b95f5ac7d3,104578,assistant/message,166,79
e2b21469-dfb9-471a-86e2-66b95f5ac7d3,104580,tool/result,140,
e2b21469-dfb9-471a-86e2-66b95f5ac7d3,104584,user/message,2744,
e2b21469-dfb9-471a-86e2-66b95f5ac7d3,105511,assistant/message,950,831
e2b21469-dfb9-471a-86e2-66b95f5ac7d3,105513,tool/result,7,
e2b21469-dfb9-471a-86e2-66b95f5ac7d3,105516,user/message,90,
e2b21469-dfb9-471a-86e2-66b95f5ac7d3,105565,assistant/message,45,22
e2b21469-dfb9-471a-86e2-66b95f5ac7d3,105567,tool/result,75,
e2b21469-dfb9-471a-86e2-66b95f5ac7d3,107367,assistant/message,1844,1755
e2b21469-dfb9-471a-86e2-66b95f5ac7d3,107369,tool/result,950,
e2b21469-dfb9-471a-86e2-66b95f5ac7d3,107447,assistant/message,71,13
e2b21469-dfb9-471a-86e2-66b95f5ac7d3,107449,tool/result,378,
e2b21469-dfb9-471a-86e2-66b95f5ac7d3,108562,assistant/message,1177,312
e2b21469-dfb9-471a-86e2-66b95f5ac7d3,108564,tool/result,40,
e2b21469-dfb9-471a-86e2-66b95f5ac7d3,108568,user/message,3131,
e2b21469-dfb9-471a-86e2-66b95f5ac7d3,109421,assistant/message,912,218
e2b21469-dfb9-471a-86e2-66b95f5ac7d3,109423,tool/result,40,
e2b21469-dfb9-471a-86e2-66b95f5ac7d3,109599,assistant/message,171,116
e2b21469-dfb9-471a-86e2-66b95f5ac7d3,109601,tool/result,128,
e2b21469-dfb9-471a-86e2-66b95f5ac7d3,109842,assistant/message,241,167
e2b21469-dfb9-471a-86e2-66b95f5ac7d3,109844,tool/result,24,
e2b21469-dfb9-471a-86e2-66b95f5ac7d3,110791,assistant/message,1007,283
e2b21469-dfb9-471a-86e2-66b95f5ac7d3,110793,tool/result,40,
e2b21469-dfb9-471a-86e2-66b95f5ac7d3,110960,assistant/message,159,84
e2b21469-dfb9-471a-86e2-66b95f5ac7d3,110962,tool/result,19,
e2b21469-dfb9-471a-86e2-66b95f5ac7d3,111164,assistant/message,199,30
e2b21469-dfb9-471a-86e2-66b95f5ac7d3,111168,tool/result,181,
e2b21469-dfb9-471a-86e2-66b95f5ac7d3,112323,assistant/message,1184,1070
e2b21469-dfb9-471a-86e2-66b95f5ac7d3,112325,tool/result,249,
e2b21469-dfb9-471a-86e2-66b95f5ac7d3,113665,assistant/message,1377,1241
e2b21469-dfb9-471a-86e2-66b95f5ac7d3,113667,tool/result,12,
e2b21469-dfb9-471a-86e2-66b95f5ac7d3,113671,user/message,3791,
e2b21469-dfb9-471a-86e2-66b95f5ac7d3,113973,assistant/message,319,91
e2b21469-dfb9-471a-86e2-66b95f5ac7d3,113975,tool/result,17,
e2b21469-dfb9-471a-86e2-66b95f5ac7d3,113978,user/message,90,
e2b21469-dfb9-471a-86e2-66b95f5ac7d3,114181,assistant/message,213,36
e2b21469-dfb9-471a-86e2-66b95f5ac7d3,114183,tool/result,78,
e2b21469-dfb9-471a-86e2-66b95f5ac7d3,114541,assistant/message,373,148
e2b21469-dfb9-471a-86e2-66b95f5ac7d3,114543,tool/result,2815,
e2b21469-dfb9-471a-86e2-66b95f5ac7d3,117161,assistant/message,2620,2493
e2b21469-dfb9-471a-86e2-66b95f5ac7d3,117163,tool/result,377,
e2b21469-dfb9-471a-86e2-66b95f5ac7d3,117173,user/message,4248,
e2b21469-dfb9-471a-86e2-66b95f5ac7d3,117176,user/message,67,
e2b21469-dfb9-471a-86e2-66b95f5ac7d3,120403,assistant/message,3209,3011
e2b21469-dfb9-471a-86e2-66b95f5ac7d3,120406,tool/result,17,
e2b21469-dfb9-471a-86e2-66b95f5ac7d3,120551,assistant/message,156,16
e2b21469-dfb9-471a-86e2-66b95f5ac7d3,120553,tool/result,24,
e2b21469-dfb9-471a-86e2-66b95f5ac7d3,121050,assistant/message,517,84
e2b21469-dfb9-471a-86e2-66b95f5ac7d3,121052,tool/result,3594,
e2b21469-dfb9-471a-86e2-66b95f5ac7d3,121055,tool/result,2013,
e2b21469-dfb9-471a-86e2-66b95f5ac7d3,121065,user/message,4916,
e2b21469-dfb9-471a-86e2-66b95f5ac7d3,121068,user/message,2,
e2b21469-dfb9-471a-86e2-66b95f5ac7d3,122307,assistant/message,1261,1032
e2b21469-dfb9-471a-86e2-66b95f5ac7d3,122309,tool/result,1833,
e2b21469-dfb9-471a-86e2-66b95f5ac7d3,122312,user/message,90,
e2b21469-dfb9-471a-86e2-66b95f5ac7d3,125537,assistant/message,3270,3011
e2b21469-dfb9-471a-86e2-66b95f5ac7d3,125539,tool/result,625,
e2b21469-dfb9-471a-86e2-66b95f5ac7d3,125543,user/message,4140,
e2b21469-dfb9-471a-86e2-66b95f5ac7d3,128700,assistant/message,3188,3010
e2b21469-dfb9-471a-86e2-66b95f5ac7d3,128702,tool/result,704,
e2b21469-dfb9-471a-86e2-66b95f5ac7d3,131747,assistant/message,3054,3010
e2b21469-dfb9-471a-86e2-66b95f5ac7d3,131749,tool/result,1359,
e2b21469-dfb9-471a-86e2-66b95f5ac7d3,131753,user/message,5914,
e2b21469-dfb9-471a-86e2-66b95f5ac7d3,134931,assistant/message,3204,3011
e2b21469-dfb9-471a-86e2-66b95f5ac7d3,134933,tool/result,1083,
e2b21469-dfb9-471a-86e2-66b95f5ac7d3,134937,user/message,4827,
e2b21469-dfb9-471a-86e2-66b95f5ac7d3,134940,user/message,90,
e2b21469-dfb9-471a-86e2-66b95f5ac7d3,138198,assistant/message,3282,3011
e2b21469-dfb9-471a-86e2-66b95f5ac7d3,138200,tool/result,2431,
e2b21469-dfb9-471a-86e2-66b95f5ac7d3,138204,user/message,5174,
e2b21469-dfb9-471a-86e2-66b95f5ac7d3,142241,assistant/message,4246,3011
e2b21469-dfb9-471a-86e2-66b95f5ac7d3,142243,tool/result,34,
e2b21469-dfb9-471a-86e2-66b95f5ac7d3,142247,user/message,5754,
e2b21469-dfb9-471a-86e2-66b95f5ac7d3,142313,assistant/message,59,37
e2b21469-dfb9-471a-86e2-66b95f5ac7d3,142315,tool/result,1984,
e2b21469-dfb9-471a-86e2-66b95f5ac7d3,142318,user/message,90,
e2b21469-dfb9-471a-86e2-66b95f5ac7d3,147908,assistant/message,3032,3011
e2b21469-dfb9-471a-86e2-66b95f5ac7d3,147916,user/message,6055,
e2b21469-dfb9-471a-86e2-66b95f5ac7d3,147921,user/message,39,
e2b21469-dfb9-471a-86e2-66b95f5ac7d3,155800,assistant/message,3011,3011
e2b21469-dfb9-471a-86e2-66b95f5ac7d3,155809,user/message,66,
e2b21469-dfb9-471a-86e2-66b95f5ac7d3,161700,assistant/message,3029,3011
e2f47f77-69cf-4bcc-b03e-92aee52002ed,8,user/message,40,
e2f47f77-69cf-4bcc-b03e-92aee52002ed,9,user/message,90,
e3f62069-37b4-4e73-b0c4-0e31caea7318,8,user/message,9,
e3f62069-37b4-4e73-b0c4-0e31caea7318,9,user/message,90,
e52d9ac2-f40b-40f6-8194-e16a9ad8646a,7,user/message,464,
e52d9ac2-f40b-40f6-8194-e16a9ad8646a,8,user/message,90,
e52d9ac2-f40b-40f6-8194-e16a9ad8646a,114,assistant/message,99,10
e52d9ac2-f40b-40f6-8194-e16a9ad8646a,116,tool/result,157,
e52d9ac2-f40b-40f6-8194-e16a9ad8646a,118,tool/result,4735,
e52d9ac2-f40b-40f6-8194-e16a9ad8646a,264,assistant/message,139,30
e52d9ac2-f40b-40f6-8194-e16a9ad8646a,266,tool/result,852,
e52d9ac2-f40b-40f6-8194-e16a9ad8646a,268,tool/result,826,
e52d9ac2-f40b-40f6-8194-e16a9ad8646a,463,assistant/message,189,73
e52d9ac2-f40b-40f6-8194-e16a9ad8646a,465,tool/result,2276,
e52d9ac2-f40b-40f6-8194-e16a9ad8646a,467,tool/result,701,
e52d9ac2-f40b-40f6-8194-e16a9ad8646a,644,assistant/message,172,107
e52d9ac2-f40b-40f6-8194-e16a9ad8646a,646,tool/result,3447,
e52d9ac2-f40b-40f6-8194-e16a9ad8646a,1119,assistant/message,468,355
e52d9ac2-f40b-40f6-8194-e16a9ad8646a,1121,tool/result,602,
e52d9ac2-f40b-40f6-8194-e16a9ad8646a,1123,tool/result,3118,
e52d9ac2-f40b-40f6-8194-e16a9ad8646a,1601,assistant/message,476,331
e52d9ac2-f40b-40f6-8194-e16a9ad8646a,1603,tool/result,21,
e52d9ac2-f40b-40f6-8194-e16a9ad8646a,1605,tool/result,1163,
e52d9ac2-f40b-40f6-8194-e16a9ad8646a,1758,assistant/message,146,88
e52d9ac2-f40b-40f6-8194-e16a9ad8646a,1760,tool/result,243,
e52d9ac2-f40b-40f6-8194-e16a9ad8646a,2166,assistant/message,414,186
e52d9ac2-f40b-40f6-8194-e16a9ad8646a,2168,tool/result,58,
e52d9ac2-f40b-40f6-8194-e16a9ad8646a,2170,tool/result,439,
e52d9ac2-f40b-40f6-8194-e16a9ad8646a,2460,assistant/message,293,18
e52d9ac2-f40b-40f6-8194-e16a9ad8646a,2462,tool/result,90,
e52d9ac2-f40b-40f6-8194-e16a9ad8646a,2464,tool/result,1731,
e52d9ac2-f40b-40f6-8194-e16a9ad8646a,2693,assistant/message,225,87
e52d9ac2-f40b-40f6-8194-e16a9ad8646a,2695,tool/result,81,
e52d9ac2-f40b-40f6-8194-e16a9ad8646a,3148,assistant/message,499,24
e52d9ac2-f40b-40f6-8194-e16a9ad8646a,3150,tool/result,633,
e52d9ac2-f40b-40f6-8194-e16a9ad8646a,4193,assistant/message,1065,575
e52d9ac2-f40b-40f6-8194-e16a9ad8646a,4195,tool/result,410,
e52d9ac2-f40b-40f6-8194-e16a9ad8646a,4717,assistant/message,554,109
e52d9ac2-f40b-40f6-8194-e16a9ad8646a,4719,tool/result,2821,
e52d9ac2-f40b-40f6-8194-e16a9ad8646a,6184,assistant/message,1480,1005
e52d9ac2-f40b-40f6-8194-e16a9ad8646a,6186,tool/result,646,
e52d9ac2-f40b-40f6-8194-e16a9ad8646a,7217,assistant/message,1073,403
e52d9ac2-f40b-40f6-8194-e16a9ad8646a,7219,tool/result,557,
e52d9ac2-f40b-40f6-8194-e16a9ad8646a,7221,tool/result,428,
e52d9ac2-f40b-40f6-8194-e16a9ad8646a,8337,assistant/message,1116,810
e52d9ac2-f40b-40f6-8194-e16a9ad8646a,8339,tool/result,88,
e52d9ac2-f40b-40f6-8194-e16a9ad8646a,8341,tool/result,122,
e52d9ac2-f40b-40f6-8194-e16a9ad8646a,9155,assistant/message,830,610
e52d9ac2-f40b-40f6-8194-e16a9ad8646a,9157,tool/result,36,
e52d9ac2-f40b-40f6-8194-e16a9ad8646a,9354,assistant/message,204,33
e52d9ac2-f40b-40f6-8194-e16a9ad8646a,9356,tool/result,568,
e52d9ac2-f40b-40f6-8194-e16a9ad8646a,9897,assistant/message,568,233
e52d9ac2-f40b-40f6-8194-e16a9ad8646a,9899,tool/result,293,
e52d9ac2-f40b-40f6-8194-e16a9ad8646a,10967,assistant/message,1106,393
e52d9ac2-f40b-40f6-8194-e16a9ad8646a,10969,tool/result,1238,
e52d9ac2-f40b-40f6-8194-e16a9ad8646a,11924,assistant/message,958,642
e52d9ac2-f40b-40f6-8194-e16a9ad8646a,11926,tool/result,427,
e52d9ac2-f40b-40f6-8194-e16a9ad8646a,13339,assistant/message,1426,1070
e52d9ac2-f40b-40f6-8194-e16a9ad8646a,13341,tool/result,1040,
e52d9ac2-f40b-40f6-8194-e16a9ad8646a,13343,tool/result,291,
e52d9ac2-f40b-40f6-8194-e16a9ad8646a,15413,assistant/message,2113,1173
e52d9ac2-f40b-40f6-8194-e16a9ad8646a,15415,tool/result,797,
e52d9ac2-f40b-40f6-8194-e16a9ad8646a,15417,tool/result,368,
e52d9ac2-f40b-40f6-8194-e16a9ad8646a,16475,assistant/message,1084,757
e52d9ac2-f40b-40f6-8194-e16a9ad8646a,16477,tool/result,271,
e52d9ac2-f40b-40f6-8194-e16a9ad8646a,16995,assistant/message,520,246
e52d9ac2-f40b-40f6-8194-e16a9ad8646a,16997,tool/result,511,
e52d9ac2-f40b-40f6-8194-e16a9ad8646a,18325,assistant/message,1339,960
e52d9ac2-f40b-40f6-8194-e16a9ad8646a,18327,tool/result,312,
e52d9ac2-f40b-40f6-8194-e16a9ad8646a,18329,tool/result,592,
e52d9ac2-f40b-40f6-8194-e16a9ad8646a,19178,assistant/message,863,535
e52d9ac2-f40b-40f6-8194-e16a9ad8646a,19180,tool/result,247,
e52d9ac2-f40b-40f6-8194-e16a9ad8646a,19182,tool/result,572,
e52d9ac2-f40b-40f6-8194-e16a9ad8646a,20051,assistant/message,889,375
e52d9ac2-f40b-40f6-8194-e16a9ad8646a,20053,tool/result,738,
e52d9ac2-f40b-40f6-8194-e16a9ad8646a,20056,tool/result,2939,
e52d9ac2-f40b-40f6-8194-e16a9ad8646a,20058,tool/result,2078,
e52d9ac2-f40b-40f6-8194-e16a9ad8646a,20060,tool/result,1808,
e52d9ac2-f40b-40f6-8194-e16a9ad8646a,20569,assistant/message,499,435
e52d9ac2-f40b-40f6-8194-e16a9ad8646a,20571,tool/result,1456,
e52d9ac2-f40b-40f6-8194-e16a9ad8646a,21084,assistant/message,508,444
e52d9ac2-f40b-40f6-8194-e16a9ad8646a,21086,tool/result,1205,
e52d9ac2-f40b-40f6-8194-e16a9ad8646a,26901,assistant/message,6300,64
e52d9ac2-f40b-40f6-8194-e16a9ad8646a,26903,tool/result,36,
e52d9ac2-f40b-40f6-8194-e16a9ad8646a,26907,user/message,3676,
e52d9ac2-f40b-40f6-8194-e16a9ad8646a,27084,assistant/message,185,66
e52d9ac2-f40b-40f6-8194-e16a9ad8646a,27086,tool/result,20,
e52d9ac2-f40b-40f6-8194-e16a9ad8646a,27089,user/message,90,
e52d9ac2-f40b-40f6-8194-e16a9ad8646a,27967,assistant/message,871,18
e64f203e-4494-4749-99e3-bb9423374517,8,user/message,9,
e64f203e-4494-4749-99e3-bb9423374517,9,user/message,90,
e64f203e-4494-4749-99e3-bb9423374517,53,assistant/message,34,24
e64f203e-4494-4749-99e3-bb9423374517,55,tool/result,602,
e64f203e-4494-4749-99e3-bb9423374517,91,assistant/message,32,15
e64f203e-4494-4749-99e3-bb9423374517,93,tool/result,262,
e64f203e-4494-4749-99e3-bb9423374517,187,assistant/message,87,72
e64f203e-4494-4749-99e3-bb9423374517,189,tool/result,22,
e64f203e-4494-4749-99e3-bb9423374517,287,assistant/message,95,77
e64f203e-4494-4749-99e3-bb9423374517,289,tool/result,610,
e64f203e-4494-4749-99e3-bb9423374517,352,assistant/message,59,27
e64f203e-4494-4749-99e3-bb9423374517,354,tool/result,696,
e64f203e-4494-4749-99e3-bb9423374517,495,assistant/message,138,107
e64f203e-4494-4749-99e3-bb9423374517,497,tool/result,1203,
e64f203e-4494-4749-99e3-bb9423374517,764,assistant/message,258,35
e6911e39-bd06-4fb5-ae6c-7dcd463fb35a,7,user/message,339,
e6911e39-bd06-4fb5-ae6c-7dcd463fb35a,8,user/message,90,
e6911e39-bd06-4fb5-ae6c-7dcd463fb35a,285,assistant/message,244,27
e6911e39-bd06-4fb5-ae6c-7dcd463fb35a,288,tool/result,17,
e6911e39-bd06-4fb5-ae6c-7dcd463fb35a,290,tool/result,1008,
e6911e39-bd06-4fb5-ae6c-7dcd463fb35a,323,assistant/message,26,11
e6911e39-bd06-4fb5-ae6c-7dcd463fb35a,325,tool/result,824,
e6911e39-bd06-4fb5-ae6c-7dcd463fb35a,638,assistant/message,310,113
e6911e39-bd06-4fb5-ae6c-7dcd463fb35a,640,tool/result,464,
e6911e39-bd06-4fb5-ae6c-7dcd463fb35a,642,tool/result,190,
e6911e39-bd06-4fb5-ae6c-7dcd463fb35a,908,assistant/message,260,163
e6911e39-bd06-4fb5-ae6c-7dcd463fb35a,910,tool/result,259,
e6911e39-bd06-4fb5-ae6c-7dcd463fb35a,912,tool/result,1054,
e6911e39-bd06-4fb5-ae6c-7dcd463fb35a,1186,assistant/message,270,133
e6911e39-bd06-4fb5-ae6c-7dcd463fb35a,1188,tool/result,410,
e6911e39-bd06-4fb5-ae6c-7dcd463fb35a,1402,assistant/message,211,49
e6911e39-bd06-4fb5-ae6c-7dcd463fb35a,1404,tool/result,186,
e6911e39-bd06-4fb5-ae6c-7dcd463fb35a,1536,assistant/message,130,17
e6911e39-bd06-4fb5-ae6c-7dcd463fb35a,1538,tool/result,308,
e6911e39-bd06-4fb5-ae6c-7dcd463fb35a,1690,assistant/message,145,76
e6911e39-bd06-4fb5-ae6c-7dcd463fb35a,1692,tool/result,114,
e6911e39-bd06-4fb5-ae6c-7dcd463fb35a,1769,assistant/message,74,27
e6911e39-bd06-4fb5-ae6c-7dcd463fb35a,1771,tool/result,985,
e6911e39-bd06-4fb5-ae6c-7dcd463fb35a,2574,assistant/message,806,488
e6911e39-bd06-4fb5-ae6c-7dcd463fb35a,2576,tool/result,1371,
e6911e39-bd06-4fb5-ae6c-7dcd463fb35a,2663,assistant/message,80,29
e6911e39-bd06-4fb5-ae6c-7dcd463fb35a,2665,tool/result,379,
e6911e39-bd06-4fb5-ae6c-7dcd463fb35a,3135,assistant/message,473,252
e6911e39-bd06-4fb5-ae6c-7dcd463fb35a,3137,tool/result,183,
e6911e39-bd06-4fb5-ae6c-7dcd463fb35a,3298,assistant/message,155,55
e6911e39-bd06-4fb5-ae6c-7dcd463fb35a,3300,tool/result,111,
e6911e39-bd06-4fb5-ae6c-7dcd463fb35a,3398,assistant/message,91,43
e6911e39-bd06-4fb5-ae6c-7dcd463fb35a,3400,tool/result,806,
e6911e39-bd06-4fb5-ae6c-7dcd463fb35a,3830,assistant/message,425,262
e6911e39-bd06-4fb5-ae6c-7dcd463fb35a,3832,tool/result,74,
e6911e39-bd06-4fb5-ae6c-7dcd463fb35a,4036,assistant/message,199,39
e6911e39-bd06-4fb5-ae6c-7dcd463fb35a,4038,tool/result,383,
e6911e39-bd06-4fb5-ae6c-7dcd463fb35a,4369,assistant/message,325,210
e6911e39-bd06-4fb5-ae6c-7dcd463fb35a,4371,tool/result,255,
e6911e39-bd06-4fb5-ae6c-7dcd463fb35a,4846,assistant/message,475,326
e6911e39-bd06-4fb5-ae6c-7dcd463fb35a,4848,tool/result,209,
e6911e39-bd06-4fb5-ae6c-7dcd463fb35a,5181,assistant/message,327,248
e6911e39-bd06-4fb5-ae6c-7dcd463fb35a,5183,tool/result,18,
e6911e39-bd06-4fb5-ae6c-7dcd463fb35a,5328,assistant/message,146,66
e6911e39-bd06-4fb5-ae6c-7dcd463fb35a,5330,tool/result,60,
e6911e39-bd06-4fb5-ae6c-7dcd463fb35a,5576,assistant/message,239,165
e6911e39-bd06-4fb5-ae6c-7dcd463fb35a,5578,tool/result,580,
e6911e39-bd06-4fb5-ae6c-7dcd463fb35a,5738,assistant/message,157,106
e6911e39-bd06-4fb5-ae6c-7dcd463fb35a,5740,tool/result,722,
e6911e39-bd06-4fb5-ae6c-7dcd463fb35a,5978,assistant/message,231,163
e6911e39-bd06-4fb5-ae6c-7dcd463fb35a,5980,tool/result,383,
e6911e39-bd06-4fb5-ae6c-7dcd463fb35a,6175,assistant/message,189,84
e6911e39-bd06-4fb5-ae6c-7dcd463fb35a,6177,tool/result,322,
e6911e39-bd06-4fb5-ae6c-7dcd463fb35a,6357,assistant/message,175,66
e6911e39-bd06-4fb5-ae6c-7dcd463fb35a,6359,tool/result,183,
e6911e39-bd06-4fb5-ae6c-7dcd463fb35a,8187,assistant/message,1822,1734
e6911e39-bd06-4fb5-ae6c-7dcd463fb35a,8189,tool/result,354,
e6911e39-bd06-4fb5-ae6c-7dcd463fb35a,8418,assistant/message,224,67
e6911e39-bd06-4fb5-ae6c-7dcd463fb35a,8420,tool/result,384,
e6911e39-bd06-4fb5-ae6c-7dcd463fb35a,8712,assistant/message,287,156
e6911e39-bd06-4fb5-ae6c-7dcd463fb35a,8714,tool/result,364,
e6911e39-bd06-4fb5-ae6c-7dcd463fb35a,9228,assistant/message,481,340
e6911e39-bd06-4fb5-ae6c-7dcd463fb35a,9231,tool/result,17,
e6911e39-bd06-4fb5-ae6c-7dcd463fb35a,13940,assistant/message,4915,8
e6911e39-bd06-4fb5-ae6c-7dcd463fb35a,13942,tool/result,36,
e6911e39-bd06-4fb5-ae6c-7dcd463fb35a,14125,assistant/message,152,25
e6911e39-bd06-4fb5-ae6c-7dcd463fb35a,14128,tool/result,17,
e6911e39-bd06-4fb5-ae6c-7dcd463fb35a,14955,assistant/message,819,23
ec778e9c-58bb-474a-b565-4618acf6a83f,7,user/message,489,
ec778e9c-58bb-474a-b565-4618acf6a83f,8,user/message,157,
ec778e9c-58bb-474a-b565-4618acf6a83f,9,user/message,90,
ec778e9c-58bb-474a-b565-4618acf6a83f,339,assistant/message,286,90
ec778e9c-58bb-474a-b565-4618acf6a83f,342,tool/result,17,
ec778e9c-58bb-474a-b565-4618acf6a83f,483,assistant/message,138,29
ec778e9c-58bb-474a-b565-4618acf6a83f,485,tool/result,244,
ec778e9c-58bb-474a-b565-4618acf6a83f,487,tool/result,2103,
ec778e9c-58bb-474a-b565-4618acf6a83f,964,assistant/message,489,101
ec778e9c-58bb-474a-b565-4618acf6a83f,966,tool/result,1930,
ec778e9c-58bb-474a-b565-4618acf6a83f,1389,assistant/message,427,88
ec778e9c-58bb-474a-b565-4618acf6a83f,1391,tool/result,5307,
ec778e9c-58bb-474a-b565-4618acf6a83f,1835,assistant/message,485,121
ec778e9c-58bb-474a-b565-4618acf6a83f,1837,tool/result,5886,
ec778e9c-58bb-474a-b565-4618acf6a83f,1839,tool/result,683,
ec778e9c-58bb-474a-b565-4618acf6a83f,1842,tool/result,1501,
ec778e9c-58bb-474a-b565-4618acf6a83f,1844,tool/result,2102,
ec778e9c-58bb-474a-b565-4618acf6a83f,2570,assistant/message,784,164
ec778e9c-58bb-474a-b565-4618acf6a83f,2572,tool/result,299,
ec778e9c-58bb-474a-b565-4618acf6a83f,2574,tool/result,2710,
ec778e9c-58bb-474a-b565-4618acf6a83f,3801,assistant/message,1308,502
ec778e9c-58bb-474a-b565-4618acf6a83f,3803,tool/result,1942,
ec778e9c-58bb-474a-b565-4618acf6a83f,3805,tool/result,307,
ec778e9c-58bb-474a-b565-4618acf6a83f,3807,tool/result,608,
ec778e9c-58bb-474a-b565-4618acf6a83f,3811,user/message,3142,
ec778e9c-58bb-474a-b565-4618acf6a83f,3814,user/message,157,
ec778e9c-58bb-474a-b565-4618acf6a83f,4825,assistant/message,1050,333
ec778e9c-58bb-474a-b565-4618acf6a83f,4827,tool/result,106,
ec778e9c-58bb-474a-b565-4618acf6a83f,4829,tool/result,1087,
ec778e9c-58bb-474a-b565-4618acf6a83f,4831,tool/result,1522,
ec778e9c-58bb-474a-b565-4618acf6a83f,4834,user/message,90,
ec778e9c-58bb-474a-b565-4618acf6a83f,6014,assistant/message,1280,239
ec778e9c-58bb-474a-b565-4618acf6a83f,6016,tool/result,47,
ec778e9c-58bb-474a-b565-4618acf6a83f,6018,tool/result,455,
ec778e9c-58bb-474a-b565-4618acf6a83f,6020,tool/result,451,
ec778e9c-58bb-474a-b565-4618acf6a83f,6055,user/message,1,
ec778e9c-58bb-474a-b565-4618acf6a83f,7097,assistant/message,1055,804
ec778e9c-58bb-474a-b565-4618acf6a83f,7099,tool/result,1076,
ec778e9c-58bb-474a-b565-4618acf6a83f,7101,tool/result,621,
ec778e9c-58bb-474a-b565-4618acf6a83f,7135,user/message,3729,
ec778e9c-58bb-474a-b565-4618acf6a83f,7138,user/message,1,
ec778e9c-58bb-474a-b565-4618acf6a83f,7139,user/message,157,
ec778e9c-58bb-474a-b565-4618acf6a83f,10333,assistant/message,3198,3072
ec778e9c-58bb-474a-b565-4618acf6a83f,10335,tool/result,98,
ec778e9c-58bb-474a-b565-4618acf6a83f,14453,assistant/message,4116,67
ec778e9c-58bb-474a-b565-4618acf6a83f,14462,user/message,294,
ec778e9c-58bb-474a-b565-4618acf6a83f,15901,assistant/message,1476,1027
ec778e9c-58bb-474a-b565-4618acf6a83f,15903,tool/result,212,
ec778e9c-58bb-474a-b565-4618acf6a83f,15905,tool/result,616,
ec778e9c-58bb-474a-b565-4618acf6a83f,17112,assistant/message,1227,881
ec778e9c-58bb-474a-b565-4618acf6a83f,17114,tool/result,1371,
ec778e9c-58bb-474a-b565-4618acf6a83f,17890,assistant/message,797,491
ec778e9c-58bb-474a-b565-4618acf6a83f,17892,tool/result,715,
ecd8268a-e1d1-430d-a2bc-897055f04347,7,user/message,556,
ecd8268a-e1d1-430d-a2bc-897055f04347,8,user/message,157,
ecd8268a-e1d1-430d-a2bc-897055f04347,9,user/message,90,
ecd8268a-e1d1-430d-a2bc-897055f04347,112,assistant/message,94,28
ecd8268a-e1d1-430d-a2bc-897055f04347,114,tool/result,1539,
ecd8268a-e1d1-430d-a2bc-897055f04347,116,tool/result,360,
ecd8268a-e1d1-430d-a2bc-897055f04347,528,assistant/message,403,245
ecd8268a-e1d1-430d-a2bc-897055f04347,530,tool/result,322,
ecd8268a-e1d1-430d-a2bc-897055f04347,532,tool/result,17823,
ecd8268a-e1d1-430d-a2bc-897055f04347,534,tool/result,4495,
ecd8268a-e1d1-430d-a2bc-897055f04347,536,tool/result,1576,
ecd8268a-e1d1-430d-a2bc-897055f04347,542,tool/result,2991,
ecd8268a-e1d1-430d-a2bc-897055f04347,544,tool/result,2304,
ecd8268a-e1d1-430d-a2bc-897055f04347,547,user/message,1891,
ecd8268a-e1d1-430d-a2bc-897055f04347,5108,assistant/message,4553,4415
ecd8268a-e1d1-430d-a2bc-897055f04347,5110,tool/result,1835,
ecd8268a-e1d1-430d-a2bc-897055f04347,5112,tool/result,8606,
ecd8268a-e1d1-430d-a2bc-897055f04347,5114,tool/result,1466,
ecd8268a-e1d1-430d-a2bc-897055f04347,5116,tool/result,942,
ecd8268a-e1d1-430d-a2bc-897055f04347,5121,user/message,157,
ecd8268a-e1d1-430d-a2bc-897055f04347,5122,user/message,90,
ecd8268a-e1d1-430d-a2bc-897055f04347,5126,tool/result,2509,
ecd8268a-e1d1-430d-a2bc-897055f04347,10092,assistant/message,4960,4848
ecd8268a-e1d1-430d-a2bc-897055f04347,10094,tool/result,1516,
ecd8268a-e1d1-430d-a2bc-897055f04347,10096,tool/result,724,
ecd8268a-e1d1-430d-a2bc-897055f04347,10098,tool/result,1247,
ecd8268a-e1d1-430d-a2bc-897055f04347,10100,tool/result,2268,
eec9f4c9-99f8-45e6-a533-e180bf82a9bc,9,user/message,74,
eec9f4c9-99f8-45e6-a533-e180bf82a9bc,10,user/message,90,
eec9f4c9-99f8-45e6-a533-e180bf82a9bc,86,assistant/message,69,10
eec9f4c9-99f8-45e6-a533-e180bf82a9bc,88,tool/result,75,
eec9f4c9-99f8-45e6-a533-e180bf82a9bc,247,assistant/message,156,30
eec9f4c9-99f8-45e6-a533-e180bf82a9bc,249,tool/result,250,
eec9f4c9-99f8-45e6-a533-e180bf82a9bc,360,assistant/message,108,24
eec9f4c9-99f8-45e6-a533-e180bf82a9bc,362,tool/result,41,
eec9f4c9-99f8-45e6-a533-e180bf82a9bc,446,assistant/message,77,60
eec9f4c9-99f8-45e6-a533-e180bf82a9bc,448,tool/result,1058,
eec9f4c9-99f8-45e6-a533-e180bf82a9bc,1418,assistant/message,976,790
eec9f4c9-99f8-45e6-a533-e180bf82a9bc,1420,tool/result,127,
eec9f4c9-99f8-45e6-a533-e180bf82a9bc,2145,assistant/message,718,115
f03f38b2-455b-4104-bff6-16fbbcb935b6,8,user/message,5,
f03f38b2-455b-4104-bff6-16fbbcb935b6,9,user/message,90,
f03f38b2-455b-4104-bff6-16fbbcb935b6,1062,assistant/message,1040,476
f1cf76e5-234a-4a7f-bf2e-edba25c72b44,8,user/message,9,
f1cf76e5-234a-4a7f-bf2e-edba25c72b44,9,user/message,90,
f1cf76e5-234a-4a7f-bf2e-edba25c72b44,116,assistant/message,101,51
f1cf76e5-234a-4a7f-bf2e-edba25c72b44,118,tool/result,16,
f1cf76e5-234a-4a7f-bf2e-edba25c72b44,210,assistant/message,88,43
f1cf76e5-234a-4a7f-bf2e-edba25c72b44,212,tool/result,16,
f1cf76e5-234a-4a7f-bf2e-edba25c72b44,309,assistant/message,91,64
f1cf76e5-234a-4a7f-bf2e-edba25c72b44,311,tool/result,16,
f1cf76e5-234a-4a7f-bf2e-edba25c72b44,2114,assistant/message,1799,1756
f1cf76e5-234a-4a7f-bf2e-edba25c72b44,2116,tool/result,16,
f1cf76e5-234a-4a7f-bf2e-edba25c72b44,3047,assistant/message,922,687
f45f0936-a17f-4e58-88c2-f25b1e46abae,7,user/message,9,
f45f0936-a17f-4e58-88c2-f25b1e46abae,8,user/message,90,
f45f0936-a17f-4e58-88c2-f25b1e46abae,20,user/message,1,
f45f0936-a17f-4e58-88c2-f25b1e46abae,122,assistant/message,95,80
f45f0936-a17f-4e58-88c2-f25b1e46abae,124,tool/result,860,
f45f0936-a17f-4e58-88c2-f25b1e46abae,639,assistant/message,506,25
f5320ff1-be05-45fb-9953-33af6db18268,7,user/message,1094,
f5320ff1-be05-45fb-9953-33af6db18268,8,user/message,90,
f5320ff1-be05-45fb-9953-33af6db18268,236,assistant/message,222,128
f5320ff1-be05-45fb-9953-33af6db18268,238,tool/result,4506,
f5320ff1-be05-45fb-9953-33af6db18268,632,assistant/message,417,106
f5320ff1-be05-45fb-9953-33af6db18268,634,tool/result,36,
f5320ff1-be05-45fb-9953-33af6db18268,722,assistant/message,82,13
f5320ff1-be05-45fb-9953-33af6db18268,724,tool/result,17,
f5320ff1-be05-45fb-9953-33af6db18268,768,assistant/message,37,18
f5320ff1-be05-45fb-9953-33af6db18268,770,tool/result,1060,
f5320ff1-be05-45fb-9953-33af6db18268,2883,assistant/message,2204,1127
f5320ff1-be05-45fb-9953-33af6db18268,2885,tool/result,25,
f5320ff1-be05-45fb-9953-33af6db18268,2887,tool/result,99,
f5320ff1-be05-45fb-9953-33af6db18268,4171,assistant/message,1341,394
f5320ff1-be05-45fb-9953-33af6db18268,4173,tool/result,59,
f5320ff1-be05-45fb-9953-33af6db18268,4175,tool/result,64,
f5320ff1-be05-45fb-9953-33af6db18268,4740,assistant/message,563,416
f5320ff1-be05-45fb-9953-33af6db18268,4742,tool/result,6,
f5320ff1-be05-45fb-9953-33af6db18268,5109,assistant/message,330,81
f5320ff1-be05-45fb-9953-33af6db18268,5111,tool/result,8,
f5320ff1-be05-45fb-9953-33af6db18268,5115,user/message,66,
f5320ff1-be05-45fb-9953-33af6db18268,5145,assistant/message,28,28
f5320ff1-be05-45fb-9953-33af6db18268,5152,user/message,20,
f5320ff1-be05-45fb-9953-33af6db18268,8802,assistant/message,3653,856
f5320ff1-be05-45fb-9953-33af6db18268,8809,user/message,13,
f5320ff1-be05-45fb-9953-33af6db18268,11826,assistant/message,3020,3011
f5320ff1-be05-45fb-9953-33af6db18268,11828,tool/result,78,
f5320ff1-be05-45fb-9953-33af6db18268,11831,tool/result,2710,
f5320ff1-be05-45fb-9953-33af6db18268,11834,user/message,1806,
f5320ff1-be05-45fb-9953-33af6db18268,14489,assistant/message,2656,2591
f5320ff1-be05-45fb-9953-33af6db18268,14491,tool/result,604,
f5320ff1-be05-45fb-9953-33af6db18268,14494,user/message,90,
f5320ff1-be05-45fb-9953-33af6db18268,22131,assistant/message,8171,48
f5320ff1-be05-45fb-9953-33af6db18268,22133,tool/result,36,
f5320ff1-be05-45fb-9953-33af6db18268,22137,user/message,1997,
f5320ff1-be05-45fb-9953-33af6db18268,22574,assistant/message,431,398
f5320ff1-be05-45fb-9953-33af6db18268,22576,tool/result,453,
f5320ff1-be05-45fb-9953-33af6db18268,22579,user/message,90,
f5320ff1-be05-45fb-9953-33af6db18268,22785,assistant/message,206,77
f5320ff1-be05-45fb-9953-33af6db18268,22787,tool/result,20,
f5320ff1-be05-45fb-9953-33af6db18268,23115,assistant/message,319,275
f5320ff1-be05-45fb-9953-33af6db18268,23117,tool/result,166,
f5320ff1-be05-45fb-9953-33af6db18268,23315,assistant/message,212,38
f5320ff1-be05-45fb-9953-33af6db18268,23317,tool/result,20,
f5320ff1-be05-45fb-9953-33af6db18268,23434,assistant/message,115,63
f5320ff1-be05-45fb-9953-33af6db18268,23436,tool/result,53,
f5320ff1-be05-45fb-9953-33af6db18268,23582,assistant/message,145,42
f5320ff1-be05-45fb-9953-33af6db18268,23584,tool/result,20,
f5320ff1-be05-45fb-9953-33af6db18268,23878,assistant/message,287,253
f5320ff1-be05-45fb-9953-33af6db18268,23880,tool/result,25,
f5320ff1-be05-45fb-9953-33af6db18268,24179,assistant/message,310,74
f5320ff1-be05-45fb-9953-33af6db18268,24181,tool/result,48,
f5320ff1-be05-45fb-9953-33af6db18268,24484,assistant/message,309,153
f5320ff1-be05-45fb-9953-33af6db18268,24486,tool/result,64,
f5320ff1-be05-45fb-9953-33af6db18268,25224,assistant/message,734,158
f59c4ea5-f08a-4968-838d-ba2d50e35480,7,user/message,21,
f59c4ea5-f08a-4968-838d-ba2d50e35480,75,assistant/message,58,34
f59c4ea5-f08a-4968-838d-ba2d50e35480,77,tool/result,173,
f59c4ea5-f08a-4968-838d-ba2d50e35480,465,assistant/message,379,273
f59c4ea5-f08a-4968-838d-ba2d50e35480,472,user/message,25,
f59c4ea5-f08a-4968-838d-ba2d50e35480,588,assistant/message,111,85
f59c4ea5-f08a-4968-838d-ba2d50e35480,590,tool/result,122,
f59c4ea5-f08a-4968-838d-ba2d50e35480,905,assistant/message,306,42
f59c4ea5-f08a-4968-838d-ba2d50e35480,912,user/message,46,
f59c4ea5-f08a-4968-838d-ba2d50e35480,1481,assistant/message,562,332
f85bd3f8-e421-4fdf-bbff-51f1209b0c58,8,user/message,9,
f85bd3f8-e421-4fdf-bbff-51f1209b0c58,9,user/message,90,
f85bd3f8-e421-4fdf-bbff-51f1209b0c58,199,assistant/message,181,166
f85bd3f8-e421-4fdf-bbff-51f1209b0c58,201,tool/result,54,
f85bd3f8-e421-4fdf-bbff-51f1209b0c58,289,assistant/message,82,59
f85bd3f8-e421-4fdf-bbff-51f1209b0c58,291,tool/result,17,
f85bd3f8-e421-4fdf-bbff-51f1209b0c58,369,assistant/message,71,59
f85bd3f8-e421-4fdf-bbff-51f1209b0c58,371,tool/result,54,
f85bd3f8-e421-4fdf-bbff-51f1209b0c58,732,assistant/message,352,203
f8f90137-b7ea-4284-8def-8ecf7f628729,8,user/message,7,
f8f90137-b7ea-4284-8def-8ecf7f628729,9,user/message,354,
f8f90137-b7ea-4284-8def-8ecf7f628729,10,user/message,90,
f8f90137-b7ea-4284-8def-8ecf7f628729,15,assistant/message,974,266
f8f90137-b7ea-4284-8def-8ecf7f628729,22,user/message,8,
f8f90137-b7ea-4284-8def-8ecf7f628729,23,assistant/message,177,145
f8f90137-b7ea-4284-8def-8ecf7f628729,25,tool/result,840,
f8f90137-b7ea-4284-8def-8ecf7f628729,28,assistant/message,1137,48
f8f90137-b7ea-4284-8def-8ecf7f628729,35,user/message,16,
f8f90137-b7ea-4284-8def-8ecf7f628729,36,assistant/message,181,150
f8f90137-b7ea-4284-8def-8ecf7f628729,38,tool/result,935,
f8f90137-b7ea-4284-8def-8ecf7f628729,41,assistant/message,198,169
f8f90137-b7ea-4284-8def-8ecf7f628729,43,tool/result,965,
f8f90137-b7ea-4284-8def-8ecf7f628729,46,assistant/message,2033,605
f8f90137-b7ea-4284-8def-8ecf7f628729,53,user/message,22,
f8f90137-b7ea-4284-8def-8ecf7f628729,54,assistant/message,914,864
f8f90137-b7ea-4284-8def-8ecf7f628729,56,tool/result,1484,
f8f90137-b7ea-4284-8def-8ecf7f628729,59,assistant/message,2021,514
fae09fbf-c8d7-4760-af42-e0b17638e151,8,user/message,314,
fae09fbf-c8d7-4760-af42-e0b17638e151,9,user/message,90,
fae09fbf-c8d7-4760-af42-e0b17638e151,132,assistant/message,116,33
fae09fbf-c8d7-4760-af42-e0b17638e151,134,tool/result,775,
fae09fbf-c8d7-4760-af42-e0b17638e151,240,assistant/message,101,32
fae09fbf-c8d7-4760-af42-e0b17638e151,242,tool/result,739,
fae09fbf-c8d7-4760-af42-e0b17638e151,427,assistant/message,182,105
fae09fbf-c8d7-4760-af42-e0b17638e151,429,tool/result,1059,
fae09fbf-c8d7-4760-af42-e0b17638e151,627,assistant/message,192,124
fae09fbf-c8d7-4760-af42-e0b17638e151,629,tool/result,605,
fae09fbf-c8d7-4760-af42-e0b17638e151,710,assistant/message,75,51
fae09fbf-c8d7-4760-af42-e0b17638e151,712,tool/result,94,
fae09fbf-c8d7-4760-af42-e0b17638e151,1218,assistant/message,500,439
fae09fbf-c8d7-4760-af42-e0b17638e151,1220,tool/result,15,
fae09fbf-c8d7-4760-af42-e0b17638e151,1282,assistant/message,56,34
fae09fbf-c8d7-4760-af42-e0b17638e151,1284,tool/result,61,
fae09fbf-c8d7-4760-af42-e0b17638e151,2281,assistant/message,991,866
fae09fbf-c8d7-4760-af42-e0b17638e151,2283,tool/result,485,
fae09fbf-c8d7-4760-af42-e0b17638e151,2654,assistant/message,368,212
fae09fbf-c8d7-4760-af42-e0b17638e151,2656,tool/result,466,
fae09fbf-c8d7-4760-af42-e0b17638e151,3949,assistant/message,1291,1172
fae09fbf-c8d7-4760-af42-e0b17638e151,3951,tool/result,61,
fae09fbf-c8d7-4760-af42-e0b17638e151,6070,assistant/message,2284,217
fae09fbf-c8d7-4760-af42-e0b17638e151,6072,tool/result,38,
fae09fbf-c8d7-4760-af42-e0b17638e151,6076,user/message,1398,
fae09fbf-c8d7-4760-af42-e0b17638e151,6129,assistant/message,44,10
fae09fbf-c8d7-4760-af42-e0b17638e151,6131,tool/result,985,
fae09fbf-c8d7-4760-af42-e0b17638e151,6134,user/message,90,
fae09fbf-c8d7-4760-af42-e0b17638e151,7427,assistant/message,1276,259
fae09fbf-c8d7-4760-af42-e0b17638e151,7429,tool/result,8,
fae09fbf-c8d7-4760-af42-e0b17638e151,7439,user/message,1715,
fae09fbf-c8d7-4760-af42-e0b17638e151,7442,user/message,362,
fae09fbf-c8d7-4760-af42-e0b17638e151,8623,assistant/message,1176,1109
fae09fbf-c8d7-4760-af42-e0b17638e151,8625,tool/result,101,
fae09fbf-c8d7-4760-af42-e0b17638e151,11382,assistant/message,3022,275
fae09fbf-c8d7-4760-af42-e0b17638e151,11384,tool/result,37,
fae09fbf-c8d7-4760-af42-e0b17638e151,11388,user/message,1806,
fae09fbf-c8d7-4760-af42-e0b17638e151,11695,assistant/message,308,180
fae09fbf-c8d7-4760-af42-e0b17638e151,11697,tool/result,21,
fae09fbf-c8d7-4760-af42-e0b17638e151,11861,assistant/message,157,120
fae09fbf-c8d7-4760-af42-e0b17638e151,11863,tool/result,934,
fae09fbf-c8d7-4760-af42-e0b17638e151,11867,user/message,2493,
fae09fbf-c8d7-4760-af42-e0b17638e151,14512,assistant/message,2651,144
fae09fbf-c8d7-4760-af42-e0b17638e151,14520,user/message,2268,
fae09fbf-c8d7-4760-af42-e0b17638e151,14523,user/message,186,
fae09fbf-c8d7-4760-af42-e0b17638e151,14524,user/message,90,
fae09fbf-c8d7-4760-af42-e0b17638e151,15771,assistant/message,1244,1091
fae09fbf-c8d7-4760-af42-e0b17638e151,15773,tool/result,729,
fae09fbf-c8d7-4760-af42-e0b17638e151,15775,tool/result,82,
fae09fbf-c8d7-4760-af42-e0b17638e151,15779,user/message,2290,
fae09fbf-c8d7-4760-af42-e0b17638e151,17439,assistant/message,1637,1444
fae09fbf-c8d7-4760-af42-e0b17638e151,17441,tool/result,39,
fae09fbf-c8d7-4760-af42-e0b17638e151,17443,tool/result,71,
fae09fbf-c8d7-4760-af42-e0b17638e151,20265,assistant/message,2821,2674
fae09fbf-c8d7-4760-af42-e0b17638e151,20267,tool/result,75,
fae09fbf-c8d7-4760-af42-e0b17638e151,20269,tool/result,501,
fae09fbf-c8d7-4760-af42-e0b17638e151,20273,user/message,2262,
fae09fbf-c8d7-4760-af42-e0b17638e151,20450,assistant/message,174,84
fae09fbf-c8d7-4760-af42-e0b17638e151,20452,tool/result,385,
fae09fbf-c8d7-4760-af42-e0b17638e151,20454,tool/result,344,
fae09fbf-c8d7-4760-af42-e0b17638e151,20457,user/message,90,
fae09fbf-c8d7-4760-af42-e0b17638e151,21289,assistant/message,835,754
fae09fbf-c8d7-4760-af42-e0b17638e151,21291,tool/result,436,
fae09fbf-c8d7-4760-af42-e0b17638e151,21293,tool/result,453,
fae09fbf-c8d7-4760-af42-e0b17638e151,21297,user/message,2176,
fae09fbf-c8d7-4760-af42-e0b17638e151,21961,assistant/message,660,610
fae09fbf-c8d7-4760-af42-e0b17638e151,21963,tool/result,456,
fae09fbf-c8d7-4760-af42-e0b17638e151,27664,assistant/message,5727,5645
fae09fbf-c8d7-4760-af42-e0b17638e151,27666,tool/result,316,
fae09fbf-c8d7-4760-af42-e0b17638e151,33019,assistant/message,5829,153
fae09fbf-c8d7-4760-af42-e0b17638e151,33021,tool/result,36,
fae09fbf-c8d7-4760-af42-e0b17638e151,33025,user/message,2324,
fae09fbf-c8d7-4760-af42-e0b17638e151,33366,assistant/message,342,136
fae09fbf-c8d7-4760-af42-e0b17638e151,33368,tool/result,20,
fae09fbf-c8d7-4760-af42-e0b17638e151,33370,tool/result,20,
fae09fbf-c8d7-4760-af42-e0b17638e151,33375,user/message,90,
fae09fbf-c8d7-4760-af42-e0b17638e151,33448,assistant/message,68,31
fae09fbf-c8d7-4760-af42-e0b17638e151,33450,tool/result,26,
fae09fbf-c8d7-4760-af42-e0b17638e151,33454,user/message,2593,
fae09fbf-c8d7-4760-af42-e0b17638e151,33728,assistant/message,274,40
fae09fbf-c8d7-4760-af42-e0b17638e151,33730,tool/result,81,
fae09fbf-c8d7-4760-af42-e0b17638e151,34195,assistant/message,499,89
fae09fbf-c8d7-4760-af42-e0b17638e151,34197,tool/result,55,
fae09fbf-c8d7-4760-af42-e0b17638e151,34535,assistant/message,365,37
fae09fbf-c8d7-4760-af42-e0b17638e151,34537,tool/result,267,
fae09fbf-c8d7-4760-af42-e0b17638e151,34737,assistant/message,194,140
fae09fbf-c8d7-4760-af42-e0b17638e151,34739,tool/result,16,
fae09fbf-c8d7-4760-af42-e0b17638e151,34879,assistant/message,131,31
fae09fbf-c8d7-4760-af42-e0b17638e151,34881,tool/result,3,
fae09fbf-c8d7-4760-af42-e0b17638e151,35567,assistant/message,679,26
fb0d9da8-6ad3-4448-9099-8a848bfe89d5,8,user/message,8,
fb0d9da8-6ad3-4448-9099-8a848bfe89d5,9,user/message,90,
fb0d9da8-6ad3-4448-9099-8a848bfe89d5,473,assistant/message,455,437
fb0d9da8-6ad3-4448-9099-8a848bfe89d5,475,tool/result,54,
fb0d9da8-6ad3-4448-9099-8a848bfe89d5,829,assistant/message,345,197
fc9c6b67-a196-4ad2-bf38-48f904782745,7,user/message,345,
fc9c6b67-a196-4ad2-bf38-48f904782745,8,user/message,276,
fc9c6b67-a196-4ad2-bf38-48f904782745,9,user/message,90,
fc9c6b67-a196-4ad2-bf38-48f904782745,103,assistant/message,85,15
fc9c6b67-a196-4ad2-bf38-48f904782745,105,tool/result,106,
fc9c6b67-a196-4ad2-bf38-48f904782745,107,tool/result,2976,
fc9c6b67-a196-4ad2-bf38-48f904782745,335,assistant/message,222,143
fc9c6b67-a196-4ad2-bf38-48f904782745,337,tool/result,223,
fc9c6b67-a196-4ad2-bf38-48f904782745,505,assistant/message,166,83
fc9c6b67-a196-4ad2-bf38-48f904782745,507,tool/result,60,
fc9c6b67-a196-4ad2-bf38-48f904782745,671,assistant/message,162,70
fc9c6b67-a196-4ad2-bf38-48f904782745,673,tool/result,1018,
fc9c6b67-a196-4ad2-bf38-48f904782745,983,assistant/message,303,214
fc9c6b67-a196-4ad2-bf38-48f904782745,985,tool/result,5326,
fc9c6b67-a196-4ad2-bf38-48f904782745,1809,assistant/message,823,379
fc9c6b67-a196-4ad2-bf38-48f904782745,1811,tool/result,160,
fc9c6b67-a196-4ad2-bf38-48f904782745,1813,tool/result,908,
fc9c6b67-a196-4ad2-bf38-48f904782745,2840,assistant/message,1025,659
fc9c6b67-a196-4ad2-bf38-48f904782745,2842,tool/result,406,
fc9c6b67-a196-4ad2-bf38-48f904782745,3098,assistant/message,251,62
fc9c6b67-a196-4ad2-bf38-48f904782745,3100,tool/result,1122,
fc9c6b67-a196-4ad2-bf38-48f904782745,3103,tool/result,1651,
fc9c6b67-a196-4ad2-bf38-48f904782745,4289,assistant/message,1184,720
fc9c6b67-a196-4ad2-bf38-48f904782745,4291,tool/result,505,
fc9c6b67-a196-4ad2-bf38-48f904782745,5042,assistant/message,751,335
fc9c6b67-a196-4ad2-bf38-48f904782745,5044,tool/result,799,
fc9c6b67-a196-4ad2-bf38-48f904782745,5048,user/message,2090,
fc9c6b67-a196-4ad2-bf38-48f904782745,5051,user/message,276,
fc9c6b67-a196-4ad2-bf38-48f904782745,5633,assistant/message,602,162
fc9c6b67-a196-4ad2-bf38-48f904782745,5635,tool/result,799,
fc9c6b67-a196-4ad2-bf38-48f904782745,5638,user/message,90,
fc9c6b67-a196-4ad2-bf38-48f904782745,6620,assistant/message,983,573
fc9c6b67-a196-4ad2-bf38-48f904782745,6622,tool/result,1152,
fc9c6b67-a196-4ad2-bf38-48f904782745,7836,assistant/message,1212,972
fc9c6b67-a196-4ad2-bf38-48f904782745,7838,tool/result,1141,
fc9c6b67-a196-4ad2-bf38-48f904782745,7842,user/message,2901,
fc9c6b67-a196-4ad2-bf38-48f904782745,8752,assistant/message,935,455
fc9c6b67-a196-4ad2-bf38-48f904782745,8754,tool/result,184,
fc9c6b67-a196-4ad2-bf38-48f904782745,9345,assistant/message,602,212
fc9c6b67-a196-4ad2-bf38-48f904782745,9347,tool/result,604,
fc9c6b67-a196-4ad2-bf38-48f904782745,10622,assistant/message,1397,158
fc9c6b67-a196-4ad2-bf38-48f904782745,10624,tool/result,36,
fc9c6b67-a196-4ad2-bf38-48f904782745,10816,assistant/message,188,140
fc9c6b67-a196-4ad2-bf38-48f904782745,10818,tool/result,228,
fc9c6b67-a196-4ad2-bf38-48f904782745,11546,assistant/message,798,106
fc9c6b67-a196-4ad2-bf38-48f904782745,11548,tool/result,20,
fc9c6b67-a196-4ad2-bf38-48f904782745,11552,user/message,3120,
fc9c6b67-a196-4ad2-bf38-48f904782745,11555,user/message,276,
fc9c6b67-a196-4ad2-bf38-48f904782745,11616,assistant/message,58,7
fc9c6b67-a196-4ad2-bf38-48f904782745,11618,tool/result,2396,
fc9c6b67-a196-4ad2-bf38-48f904782745,11621,user/message,90,
fc9c6b67-a196-4ad2-bf38-48f904782745,14922,assistant/message,3299,3137
fc9c6b67-a196-4ad2-bf38-48f904782745,14924,tool/result,4062,
fc9c6b67-a196-4ad2-bf38-48f904782745,14928,user/message,3494,
fc9c6b67-a196-4ad2-bf38-48f904782745,14931,user/message,276,
fc9c6b67-a196-4ad2-bf38-48f904782745,17509,assistant/message,2572,2310
fc9c6b67-a196-4ad2-bf38-48f904782745,17511,tool/result,390,
fc9c6b67-a196-4ad2-bf38-48f904782745,17515,user/message,3681,
fc9c6b67-a196-4ad2-bf38-48f904782745,22295,assistant/message,4774,4606
fc9c6b67-a196-4ad2-bf38-48f904782745,22297,tool/result,615,
fc9c6b67-a196-4ad2-bf38-48f904782745,22301,user/message,4094,
fc9c6b67-a196-4ad2-bf38-48f904782745,22304,user/message,90,
fc9c6b67-a196-4ad2-bf38-48f904782745,25491,assistant/message,3186,2795
fc9c6b67-a196-4ad2-bf38-48f904782745,25493,tool/result,2101,
fc9c6b67-a196-4ad2-bf38-48f904782745,25497,user/message,4488,
fc9c6b67-a196-4ad2-bf38-48f904782745,25500,user/message,276,
fc9c6b67-a196-4ad2-bf38-48f904782745,28295,assistant/message,2796,2462
fc9c6b67-a196-4ad2-bf38-48f904782745,28297,tool/result,449,
fc9c6b67-a196-4ad2-bf38-48f904782745,28301,user/message,4867,
fc9c6b67-a196-4ad2-bf38-48f904782745,28305,user/message,4856,
fc9c6b67-a196-4ad2-bf38-48f904782745,29691,assistant/message,1385,1146
fc9c6b67-a196-4ad2-bf38-48f904782745,29693,tool/result,603,
fc9c6b67-a196-4ad2-bf38-48f904782745,29696,user/message,90,
fc9c6b67-a196-4ad2-bf38-48f904782745,30415,assistant/message,717,514
fc9c6b67-a196-4ad2-bf38-48f904782745,30417,tool/result,2253,
fc9c6b67-a196-4ad2-bf38-48f904782745,32374,assistant/message,1954,1703
fc9c6b67-a196-4ad2-bf38-48f904782745,32376,tool/result,1921,
fc9c6b67-a196-4ad2-bf38-48f904782745,36609,assistant/message,4224,4224
fc9c6b67-a196-4ad2-bf38-48f904782745,36618,user/message,60,
fc9c6b67-a196-4ad2-bf38-48f904782745,37669,assistant/message,1056,868
fc9c6b67-a196-4ad2-bf38-48f904782745,37671,tool/result,321,
fc9c6b67-a196-4ad2-bf38-48f904782745,40415,assistant/message,2735,2735
fc9c6b67-a196-4ad2-bf38-48f904782745,40424,user/message,1,
fc9c6b67-a196-4ad2-bf38-48f904782745,42741,assistant/message,2312,2312
fc9c6b67-a196-4ad2-bf38-48f904782745,42750,user/message,61,
fc9c6b67-a196-4ad2-bf38-48f904782745,43340,assistant/message,585,585
fccb294e-d2f0-4bbe-8439-637f03aa087c,7,user/message,75,
fccb294e-d2f0-4bbe-8439-637f03aa087c,8,user/message,276,
fccb294e-d2f0-4bbe-8439-637f03aa087c,9,user/message,90,
fccb294e-d2f0-4bbe-8439-637f03aa087c,299,assistant/message,283,188
fccb294e-d2f0-4bbe-8439-637f03aa087c,301,tool/result,3132,
fccb294e-d2f0-4bbe-8439-637f03aa087c,489,assistant/message,181,68
fccb294e-d2f0-4bbe-8439-637f03aa087c,491,tool/result,4614,
fccb294e-d2f0-4bbe-8439-637f03aa087c,932,assistant/message,432,43
fccb294e-d2f0-4bbe-8439-637f03aa087c,939,user/message,71,
fccb294e-d2f0-4bbe-8439-637f03aa087c,1371,assistant/message,427,363
fccb294e-d2f0-4bbe-8439-637f03aa087c,1373,tool/result,46,
fccb294e-d2f0-4bbe-8439-637f03aa087c,2283,assistant/message,901,605
fccb294e-d2f0-4bbe-8439-637f03aa087c,2290,user/message,11,
fccb294e-d2f0-4bbe-8439-637f03aa087c,2370,assistant/message,75,12
fccb294e-d2f0-4bbe-8439-637f03aa087c,2372,tool/result,7815,
fccb294e-d2f0-4bbe-8439-637f03aa087c,2375,tool/result,2640,
fccb294e-d2f0-4bbe-8439-637f03aa087c,2377,tool/result,2212,
fccb294e-d2f0-4bbe-8439-637f03aa087c,2969,assistant/message,583,240
fe040eb3-61de-411f-aa1f-bb861931e651,7,user/message,339,
fe040eb3-61de-411f-aa1f-bb861931e651,8,user/message,90,
ffddca85-dcdc-4779-b53a-40e38a40f1d4,7,user/message,16,
ffddca85-dcdc-4779-b53a-40e38a40f1d4,8,user/message,142,
ffddca85-dcdc-4779-b53a-40e38a40f1d4,9,user/message,90,
ffddca85-dcdc-4779-b53a-40e38a40f1d4,128,assistant/message,106,71
ffddca85-dcdc-4779-b53a-40e38a40f1d4,130,tool/result,1275,
ffddca85-dcdc-4779-b53a-40e38a40f1d4,627,assistant/message,488,68
ffe27f8b-9ede-4164-960e-f89e82115e96,7,user/message,12,
ffe27f8b-9ede-4164-960e-f89e82115e96,8,user/message,90,
ffe27f8b-9ede-4164-960e-f89e82115e96,55,assistant/message,38,22
ffe27f8b-9ede-4164-960e-f89e82115e96,57,tool/result,627,
ffe27f8b-9ede-4164-960e-f89e82115e96,119,assistant/message,55,22
ffe27f8b-9ede-4164-960e-f89e82115e96,122,tool/result,627,
ffe27f8b-9ede-4164-960e-f89e82115e96,123,tool/result,627,
ffe27f8b-9ede-4164-960e-f89e82115e96,199,assistant/message,71,32
ffe27f8b-9ede-4164-960e-f89e82115e96,201,tool/result,423,
ffe27f8b-9ede-4164-960e-f89e82115e96,203,tool/result,12,
ffe27f8b-9ede-4164-960e-f89e82115e96,279,assistant/message,70,22
ffe27f8b-9ede-4164-960e-f89e82115e96,281,tool/result,437,
ffe27f8b-9ede-4164-960e-f89e82115e96,283,tool/result,627,
ffe27f8b-9ede-4164-960e-f89e82115e96,348,assistant/message,59,32
ffe27f8b-9ede-4164-960e-f89e82115e96,350,tool/result,467,
ffe27f8b-9ede-4164-960e-f89e82115e96,658,assistant/message,303,123
ffe27f8b-9ede-4164-960e-f89e82115e96,665,user/message,5,
ffe27f8b-9ede-4164-960e-f89e82115e96,1049,assistant/message,378,292
ffe27f8b-9ede-4164-960e-f89e82115e96,1051,tool/result,458,
ffe27f8b-9ede-4164-960e-f89e82115e96,1053,tool/result,627,
ffe27f8b-9ede-4164-960e-f89e82115e96,1224,assistant/message,163,96
ffe27f8b-9ede-4164-960e-f89e82115e96,1226,tool/result,441,
ffe27f8b-9ede-4164-960e-f89e82115e96,1385,assistant/message,150,81
ffe27f8b-9ede-4164-960e-f89e82115e96,1388,tool/result,627,
ffe27f8b-9ede-4164-960e-f89e82115e96,1389,tool/result,627,
ffe27f8b-9ede-4164-960e-f89e82115e96,1464,assistant/message,68,46
ffe27f8b-9ede-4164-960e-f89e82115e96,1466,tool/result,578,
ffe27f8b-9ede-4164-960e-f89e82115e96,1533,assistant/message,61,28
ffe27f8b-9ede-4164-960e-f89e82115e96,1535,tool/result,485,
ffe27f8b-9ede-4164-960e-f89e82115e96,1676,assistant/message,134,115
ffe27f8b-9ede-4164-960e-f89e82115e96,1678,tool/result,627,
ffe27f8b-9ede-4164-960e-f89e82115e96,1749,assistant/message,64,45
ffe27f8b-9ede-4164-960e-f89e82115e96,1751,tool/result,443,
ffe27f8b-9ede-4164-960e-f89e82115e96,1796,assistant/message,38,16
ffe27f8b-9ede-4164-960e-f89e82115e96,1798,tool/result,627,
ffe27f8b-9ede-4164-960e-f89e82115e96,1853,assistant/message,49,25
ffe27f8b-9ede-4164-960e-f89e82115e96,1855,tool/result,520,
ffe27f8b-9ede-4164-960e-f89e82115e96,1931,assistant/message,69,46
ffe27f8b-9ede-4164-960e-f89e82115e96,1933,tool/result,627,
ffe27f8b-9ede-4164-960e-f89e82115e96,1980,assistant/message,41,16
ffe27f8b-9ede-4164-960e-f89e82115e96,1982,tool/result,509,
ffe27f8b-9ede-4164-960e-f89e82115e96,2129,assistant/message,141,106
ffe27f8b-9ede-4164-960e-f89e82115e96,2131,tool/result,499,
ffe27f8b-9ede-4164-960e-f89e82115e96,2512,assistant/message,374,196
ffe27f8b-9ede-4164-960e-f89e82115e96,2518,user/message,5,
ffe27f8b-9ede-4164-960e-f89e82115e96,2859,assistant/message,334,311
ffe27f8b-9ede-4164-960e-f89e82115e96,2861,tool/result,24,
ffe27f8b-9ede-4164-960e-f89e82115e96,3148,assistant/message,282,132
4bcc372d-1ca9-4b23-8f31-c9963b32b3c4,8,user/message,670,
4bcc372d-1ca9-4b23-8f31-c9963b32b3c4,9,user/message,354,
4bcc372d-1ca9-4b23-8f31-c9963b32b3c4,10,user/message,90,
4bcc372d-1ca9-4b23-8f31-c9963b32b3c4,15,assistant/message,215,100
4bcc372d-1ca9-4b23-8f31-c9963b32b3c4,18,tool/result,17,
4bcc372d-1ca9-4b23-8f31-c9963b32b3c4,21,assistant/message,145,68
4bcc372d-1ca9-4b23-8f31-c9963b32b3c4,23,tool/result,1650,
4bcc372d-1ca9-4b23-8f31-c9963b32b3c4,25,tool/result,826,
4bcc372d-1ca9-4b23-8f31-c9963b32b3c4,28,assistant/message,181,91
4bcc372d-1ca9-4b23-8f31-c9963b32b3c4,30,tool/result,331,
4bcc372d-1ca9-4b23-8f31-c9963b32b3c4,32,tool/result,522,
4bcc372d-1ca9-4b23-8f31-c9963b32b3c4,35,assistant/message,111,54
4bcc372d-1ca9-4b23-8f31-c9963b32b3c4,37,tool/result,3279,
4bcc372d-1ca9-4b23-8f31-c9963b32b3c4,40,assistant/message,167,76
4bcc372d-1ca9-4b23-8f31-c9963b32b3c4,42,tool/result,163,
4bcc372d-1ca9-4b23-8f31-c9963b32b3c4,45,assistant/message,207,18
4bcc372d-1ca9-4b23-8f31-c9963b32b3c4,47,tool/result,1793,
4bcc372d-1ca9-4b23-8f31-c9963b32b3c4,50,assistant/message,185,58
4bcc372d-1ca9-4b23-8f31-c9963b32b3c4,52,tool/result,3827,
4bcc372d-1ca9-4b23-8f31-c9963b32b3c4,55,assistant/message,241,49
4bcc372d-1ca9-4b23-8f31-c9963b32b3c4,57,tool/result,837,
4bcc372d-1ca9-4b23-8f31-c9963b32b3c4,60,tool/result,2318,
4bcc372d-1ca9-4b23-8f31-c9963b32b3c4,63,assistant/message,586,237
4bcc372d-1ca9-4b23-8f31-c9963b32b3c4,65,tool/result,559,
4bcc372d-1ca9-4b23-8f31-c9963b32b3c4,69,user/message,2291,
4bcc372d-1ca9-4b23-8f31-c9963b32b3c4,72,user/message,354,
4bcc372d-1ca9-4b23-8f31-c9963b32b3c4,74,assistant/message,796,549
4bcc372d-1ca9-4b23-8f31-c9963b32b3c4,76,tool/result,77,
4bcc372d-1ca9-4b23-8f31-c9963b32b3c4,79,user/message,90,
4bcc372d-1ca9-4b23-8f31-c9963b32b3c4,87,user/message,1,
4bcc372d-1ca9-4b23-8f31-c9963b32b3c4,88,assistant/message,275,20
4bcc372d-1ca9-4b23-8f31-c9963b32b3c4,90,tool/result,309,
4bcc372d-1ca9-4b23-8f31-c9963b32b3c4,93,assistant/message,585,75
4bcc372d-1ca9-4b23-8f31-c9963b32b3c4,95,tool/result,39,
4bcc372d-1ca9-4b23-8f31-c9963b32b3c4,99,user/message,2524,
4bcc372d-1ca9-4b23-8f31-c9963b32b3c4,103,assistant/message,335,77
4bcc372d-1ca9-4b23-8f31-c9963b32b3c4,105,tool/result,36,
4bcc372d-1ca9-4b23-8f31-c9963b32b3c4,108,assistant/message,617,241
4bcc372d-1ca9-4b23-8f31-c9963b32b3c4,110,tool/result,550,
4bcc372d-1ca9-4b23-8f31-c9963b32b3c4,113,assistant/message,547,200
4bcc372d-1ca9-4b23-8f31-c9963b32b3c4,115,tool/result,332,
4bcc372d-1ca9-4b23-8f31-c9963b32b3c4,118,assistant/message,3046,2734
4bcc372d-1ca9-4b23-8f31-c9963b32b3c4,120,tool/result,280,
4bcc372d-1ca9-4b23-8f31-c9963b32b3c4,124,user/message,3058,
4bcc372d-1ca9-4b23-8f31-c9963b32b3c4,127,user/message,354,
4bcc372d-1ca9-4b23-8f31-c9963b32b3c4,129,assistant/message,327,83
4bcc372d-1ca9-4b23-8f31-c9963b32b3c4,131,tool/result,3,
4bcc372d-1ca9-4b23-8f31-c9963b32b3c4,134,user/message,90,
4bcc372d-1ca9-4b23-8f31-c9963b32b3c4,135,assistant/message,370,126
4bcc372d-1ca9-4b23-8f31-c9963b32b3c4,137,tool/result,10035,
4bcc372d-1ca9-4b23-8f31-c9963b32b3c4,140,tool/result,2553,
4bcc372d-1ca9-4b23-8f31-c9963b32b3c4,143,assistant/message,237,82
4bcc372d-1ca9-4b23-8f31-c9963b32b3c4,145,tool/result,31,
4bcc372d-1ca9-4b23-8f31-c9963b32b3c4,148,assistant/message,380,123
4bcc372d-1ca9-4b23-8f31-c9963b32b3c4,150,tool/result,1716,
4bcc372d-1ca9-4b23-8f31-c9963b32b3c4,153,tool/result,1055,
4bcc372d-1ca9-4b23-8f31-c9963b32b3c4,156,user/message,3576,
4bcc372d-1ca9-4b23-8f31-c9963b32b3c4,160,assistant/message,542,269
4bcc372d-1ca9-4b23-8f31-c9963b32b3c4,162,tool/result,10865,
4bcc372d-1ca9-4b23-8f31-c9963b32b3c4,165,tool/result,3071,
4bcc372d-1ca9-4b23-8f31-c9963b32b3c4,168,assistant/message,1582,1248
4bcc372d-1ca9-4b23-8f31-c9963b32b3c4,170,tool/result,143,
4bcc372d-1ca9-4b23-8f31-c9963b32b3c4,174,user/message,4207,
4bcc372d-1ca9-4b23-8f31-c9963b32b3c4,177,user/message,354,
4bcc372d-1ca9-4b23-8f31-c9963b32b3c4,179,assistant/message,1171,951
4bcc372d-1ca9-4b23-8f31-c9963b32b3c4,181,tool/result,723,
4bcc372d-1ca9-4b23-8f31-c9963b32b3c4,185,user/message,3988,
4bcc372d-1ca9-4b23-8f31-c9963b32b3c4,188,user/message,90,
4bcc372d-1ca9-4b23-8f31-c9963b32b3c4,190,assistant/message,821,481
4bcc372d-1ca9-4b23-8f31-c9963b32b3c4,192,tool/result,818,
4bcc372d-1ca9-4b23-8f31-c9963b32b3c4,195,assistant/message,629,366
4bcc372d-1ca9-4b23-8f31-c9963b32b3c4,197,tool/result,892,
4bcc372d-1ca9-4b23-8f31-c9963b32b3c4,201,user/message,3108,
4bcc372d-1ca9-4b23-8f31-c9963b32b3c4,205,assistant/message,1068,751
4bcc372d-1ca9-4b23-8f31-c9963b32b3c4,207,tool/result,177,
4bcc372d-1ca9-4b23-8f31-c9963b32b3c4,210,assistant/message,4634,1837
4bcc372d-1ca9-4b23-8f31-c9963b32b3c4,212,tool/result,48,
4bcc372d-1ca9-4b23-8f31-c9963b32b3c4,216,user/message,3657,
4bcc372d-1ca9-4b23-8f31-c9963b32b3c4,219,user/message,354,
4bcc372d-1ca9-4b23-8f31-c9963b32b3c4,221,assistant/message,2884,37
4bcc372d-1ca9-4b23-8f31-c9963b32b3c4,225,tool/result,38,
4bcc372d-1ca9-4b23-8f31-c9963b32b3c4,228,user/message,90,
4bcc372d-1ca9-4b23-8f31-c9963b32b3c4,229,assistant/message,147,75
4bcc372d-1ca9-4b23-8f31-c9963b32b3c4,231,tool/result,1566,
4bcc372d-1ca9-4b23-8f31-c9963b32b3c4,234,assistant/message,742,473
4bcc372d-1ca9-4b23-8f31-c9963b32b3c4,236,tool/result,32,
4bcc372d-1ca9-4b23-8f31-c9963b32b3c4,240,user/message,4239,
4bcc372d-1ca9-4b23-8f31-c9963b32b3c4,244,assistant/message,350,77
4bcc372d-1ca9-4b23-8f31-c9963b32b3c4,246,tool/result,34,
4bcc372d-1ca9-4b23-8f31-c9963b32b3c4,249,assistant/message,382,301
4bcc372d-1ca9-4b23-8f31-c9963b32b3c4,251,tool/result,153,
4bcc372d-1ca9-4b23-8f31-c9963b32b3c4,255,user/message,4075,
4bcc372d-1ca9-4b23-8f31-c9963b32b3c4,259,assistant/message,412,152
4bcc372d-1ca9-4b23-8f31-c9963b32b3c4,261,tool/result,1598,
4bcc372d-1ca9-4b23-8f31-c9963b32b3c4,265,user/message,4428,
4bcc372d-1ca9-4b23-8f31-c9963b32b3c4,268,user/message,354,
4bcc372d-1ca9-4b23-8f31-c9963b32b3c4,270,assistant/message,1050,942
4bcc372d-1ca9-4b23-8f31-c9963b32b3c4,272,tool/result,48,
4bcc372d-1ca9-4b23-8f31-c9963b32b3c4,275,assistant/message,163,34
4bcc372d-1ca9-4b23-8f31-c9963b32b3c4,279,tool/result,22,
4bcc372d-1ca9-4b23-8f31-c9963b32b3c4,282,assistant/message,340,242
4bcc372d-1ca9-4b23-8f31-c9963b32b3c4,284,tool/result,115,
4bcc372d-1ca9-4b23-8f31-c9963b32b3c4,287,assistant/message,203,64
4bcc372d-1ca9-4b23-8f31-c9963b32b3c4,291,tool/result,1475,
4bcc372d-1ca9-4b23-8f31-c9963b32b3c4,295,user/message,4130,
4bcc372d-1ca9-4b23-8f31-c9963b32b3c4,299,assistant/message,837,561
4bcc372d-1ca9-4b23-8f31-c9963b32b3c4,303,tool/result,308,
4bcc372d-1ca9-4b23-8f31-c9963b32b3c4,306,user/message,90,
4bcc372d-1ca9-4b23-8f31-c9963b32b3c4,307,assistant/message,355,253
4bcc372d-1ca9-4b23-8f31-c9963b32b3c4,309,tool/result,4012,
4bcc372d-1ca9-4b23-8f31-c9963b32b3c4,313,user/message,5578,
4bcc372d-1ca9-4b23-8f31-c9963b32b3c4,317,assistant/message,259,206
4bcc372d-1ca9-4b23-8f31-c9963b32b3c4,319,tool/result,2250,
4bcc372d-1ca9-4b23-8f31-c9963b32b3c4,323,user/message,5761,
4bcc372d-1ca9-4b23-8f31-c9963b32b3c4,326,user/message,354,
4bcc372d-1ca9-4b23-8f31-c9963b32b3c4,328,assistant/message,251,66
4bcc372d-1ca9-4b23-8f31-c9963b32b3c4,330,tool/result,2463,
4bcc372d-1ca9-4b23-8f31-c9963b32b3c4,335,assistant/message,678,570
4bcc372d-1ca9-4b23-8f31-c9963b32b3c4,337,tool/result,679,
4bcc372d-1ca9-4b23-8f31-c9963b32b3c4,341,user/message,5752,
4bcc372d-1ca9-4b23-8f31-c9963b32b3c4,345,assistant/message,731,654
4bcc372d-1ca9-4b23-8f31-c9963b32b3c4,347,tool/result,809,
4bcc372d-1ca9-4b23-8f31-c9963b32b3c4,351,user/message,3804,
4bcc372d-1ca9-4b23-8f31-c9963b32b3c4,355,assistant/message,943,780
4bcc372d-1ca9-4b23-8f31-c9963b32b3c4,357,tool/result,3,
4bcc372d-1ca9-4b23-8f31-c9963b32b3c4,362,user/message,90,
4bcc372d-1ca9-4b23-8f31-c9963b32b3c4,363,assistant/message,230,88
4bcc372d-1ca9-4b23-8f31-c9963b32b3c4,365,tool/result,148,
4bcc372d-1ca9-4b23-8f31-c9963b32b3c4,369,user/message,3791,
4bcc372d-1ca9-4b23-8f31-c9963b32b3c4,373,assistant/message,211,83
4bcc372d-1ca9-4b23-8f31-c9963b32b3c4,375,tool/result,92,
4bcc372d-1ca9-4b23-8f31-c9963b32b3c4,385,user/message,4174,
4bcc372d-1ca9-4b23-8f31-c9963b32b3c4,388,user/message,266,
4bcc372d-1ca9-4b23-8f31-c9963b32b3c4,390,assistant/message,1911,1891
4bcc372d-1ca9-4b23-8f31-c9963b32b3c4,392,tool/result,3224,
4bcc372d-1ca9-4b23-8f31-c9963b32b3c4,395,tool/result,1992,
4bcc372d-1ca9-4b23-8f31-c9963b32b3c4,398,user/message,4555,
4bcc372d-1ca9-4b23-8f31-c9963b32b3c4,401,user/message,354,
4bcc372d-1ca9-4b23-8f31-c9963b32b3c4,403,assistant/message,78,48
4bcc372d-1ca9-4b23-8f31-c9963b32b3c4,405,tool/result,1446,
4bcc372d-1ca9-4b23-8f31-c9963b32b3c4,408,assistant/message,1691,1345
4bcc372d-1ca9-4b23-8f31-c9963b32b3c4,410,tool/result,48,
4bcc372d-1ca9-4b23-8f31-c9963b32b3c4,412,tool/result,48,
4bcc372d-1ca9-4b23-8f31-c9963b32b3c4,416,user/message,4774,
4bcc372d-1ca9-4b23-8f31-c9963b32b3c4,420,assistant/message,447,42
4bcc372d-1ca9-4b23-8f31-c9963b32b3c4,424,tool/result,22,
4bcc372d-1ca9-4b23-8f31-c9963b32b3c4,428,tool/result,22,
4bcc372d-1ca9-4b23-8f31-c9963b32b3c4,431,user/message,90,
4bcc372d-1ca9-4b23-8f31-c9963b32b3c4,432,assistant/message,389,27
4bcc372d-1ca9-4b23-8f31-c9963b32b3c4,436,tool/result,22,
4bcc372d-1ca9-4b23-8f31-c9963b32b3c4,440,tool/result,22,
4bcc372d-1ca9-4b23-8f31-c9963b32b3c4,443,assistant/message,1524,36
4bcc372d-1ca9-4b23-8f31-c9963b32b3c4,447,tool/result,22,
4bcc372d-1ca9-4b23-8f31-c9963b32b3c4,451,tool/result,22,
4bcc372d-1ca9-4b23-8f31-c9963b32b3c4,455,tool/result,22,
4bcc372d-1ca9-4b23-8f31-c9963b32b3c4,459,tool/result,22,
4bcc372d-1ca9-4b23-8f31-c9963b32b3c4,469,user/message,4555,
4bcc372d-1ca9-4b23-8f31-c9963b32b3c4,473,assistant/message,379,255
4bcc372d-1ca9-4b23-8f31-c9963b32b3c4,475,tool/result,1562,
4bcc372d-1ca9-4b23-8f31-c9963b32b3c4,479,user/message,18,
4bcc372d-1ca9-4b23-8f31-c9963b32b3c4,480,user/message,69,
4bcc372d-1ca9-4b23-8f31-c9963b32b3c4,481,assistant/message,148,20
4bcc372d-1ca9-4b23-8f31-c9963b32b3c4,483,tool/result,5810,
4bcc372d-1ca9-4b23-8f31-c9963b32b3c4,486,tool/result,3389,
4bcc372d-1ca9-4b23-8f31-c9963b32b3c4,489,assistant/message,263,166
4bcc372d-1ca9-4b23-8f31-c9963b32b3c4,491,tool/result,280,
4bcc372d-1ca9-4b23-8f31-c9963b32b3c4,493,tool/result,2980,
4bcc372d-1ca9-4b23-8f31-c9963b32b3c4,498,assistant/message,2967,2403
4bcc372d-1ca9-4b23-8f31-c9963b32b3c4,500,tool/result,22,
4bcc372d-1ca9-4b23-8f31-c9963b32b3c4,502,tool/result,22,
4bcc372d-1ca9-4b23-8f31-c9963b32b3c4,506,user/message,4181,
4bcc372d-1ca9-4b23-8f31-c9963b32b3c4,509,user/message,354,
4bcc372d-1ca9-4b23-8f31-c9963b32b3c4,511,assistant/message,1675,24
4bcc372d-1ca9-4b23-8f31-c9963b32b3c4,513,tool/result,41,
4bcc372d-1ca9-4b23-8f31-c9963b32b3c4,517,user/message,4297,
4bcc372d-1ca9-4b23-8f31-c9963b32b3c4,521,assistant/message,257,57
4bcc372d-1ca9-4b23-8f31-c9963b32b3c4,523,tool/result,14,
4bcc372d-1ca9-4b23-8f31-c9963b32b3c4,526,user/message,69,
4bcc372d-1ca9-4b23-8f31-c9963b32b3c4,527,assistant/message,156,33
4bcc372d-1ca9-4b23-8f31-c9963b32b3c4,529,tool/result,1637,
4bcc372d-1ca9-4b23-8f31-c9963b32b3c4,531,tool/result,1205,
4bcc372d-1ca9-4b23-8f31-c9963b32b3c4,534,assistant/message,1506,828
4bcc372d-1ca9-4b23-8f31-c9963b32b3c4,536,tool/result,25,
4bcc372d-1ca9-4b23-8f31-c9963b32b3c4,538,tool/result,25,
4bcc372d-1ca9-4b23-8f31-c9963b32b3c4,542,user/message,4576,
4bcc372d-1ca9-4b23-8f31-c9963b32b3c4,545,user/message,354,
4bcc372d-1ca9-4b23-8f31-c9963b32b3c4,547,assistant/message,81,11
4bcc372d-1ca9-4b23-8f31-c9963b32b3c4,549,tool/result,1298,
4bcc372d-1ca9-4b23-8f31-c9963b32b3c4,552,assistant/message,1505,1382
4bcc372d-1ca9-4b23-8f31-c9963b32b3c4,554,tool/result,499,
4bcc372d-1ca9-4b23-8f31-c9963b32b3c4,557,assistant/message,3164,3041
4bcc372d-1ca9-4b23-8f31-c9963b32b3c4,559,tool/result,1730,
4bcc372d-1ca9-4b23-8f31-c9963b32b3c4,561,tool/result,5305,
4bcc372d-1ca9-4b23-8f31-c9963b32b3c4,565,user/message,4574,
4bcc372d-1ca9-4b23-8f31-c9963b32b3c4,568,user/message,354,
4bcc372d-1ca9-4b23-8f31-c9963b32b3c4,570,assistant/message,9589,9589
4bcc372d-1ca9-4b23-8f31-c9963b32b3c4,579,user/message,5030,
4bcc372d-1ca9-4b23-8f31-c9963b32b3c4,582,user/message,1,
4bcc372d-1ca9-4b23-8f31-c9963b32b3c4,583,user/message,354,
4bcc372d-1ca9-4b23-8f31-c9963b32b3c4,584,user/message,69,
4bcc372d-1ca9-4b23-8f31-c9963b32b3c4,586,assistant/message,203,95
4bcc372d-1ca9-4b23-8f31-c9963b32b3c4,591,tool/result,1650,
4bcc372d-1ca9-4b23-8f31-c9963b32b3c4,592,tool/result,1730,
4bcc372d-1ca9-4b23-8f31-c9963b32b3c4,593,tool/result,6117,
4bcc372d-1ca9-4b23-8f31-c9963b32b3c4,594,tool/result,6882,
4bcc372d-1ca9-4b23-8f31-c9963b32b3c4,597,tool/result,3364,
4bcc372d-1ca9-4b23-8f31-c9963b32b3c4,599,tool/result,2280,
4bcc372d-1ca9-4b23-8f31-c9963b32b3c4,602,assistant/message,5755,5650
4bcc372d-1ca9-4b23-8f31-c9963b32b3c4,604,tool/result,2738,
4bcc372d-1ca9-4b23-8f31-c9963b32b3c4,609,assistant/message,340,298
4bcc372d-1ca9-4b23-8f31-c9963b32b3c4,611,tool/result,425,
4bcc372d-1ca9-4b23-8f31-c9963b32b3c4,616,assistant/message,2674,2674
4bcc372d-1ca9-4b23-8f31-c9963b32b3c4,624,user/message,367,
4bcc372d-1ca9-4b23-8f31-c9963b32b3c4,625,assistant/message,1202,1202
4bcc372d-1ca9-4b23-8f31-c9963b32b3c4,633,user/message,5609,
4bcc372d-1ca9-4b23-8f31-c9963b32b3c4,636,user/message,10,
4bcc372d-1ca9-4b23-8f31-c9963b32b3c4,637,user/message,354,
4bcc372d-1ca9-4b23-8f31-c9963b32b3c4,639,assistant/message,8451,8378
4bcc372d-1ca9-4b23-8f31-c9963b32b3c4,643,tool/result,1650,
4bcc372d-1ca9-4b23-8f31-c9963b32b3c4,644,tool/result,1730,
4bcc372d-1ca9-4b23-8f31-c9963b32b3c4,645,tool/result,2058,
4bcc372d-1ca9-4b23-8f31-c9963b32b3c4,649,user/message,5032,
4bcc372d-1ca9-4b23-8f31-c9963b32b3c4,652,user/message,354,
4bcc372d-1ca9-4b23-8f31-c9963b32b3c4,653,user/message,69,
4bcc372d-1ca9-4b23-8f31-c9963b32b3c4,655,assistant/message,7202,7073
4bcc372d-1ca9-4b23-8f31-c9963b32b3c4,657,tool/result,25,
4bcc372d-1ca9-4b23-8f31-c9963b32b3c4,662,assistant/message,15,15
4bcc372d-1ca9-4b23-8f31-c9963b32b3c4,670,user/message,4734,
4bcc372d-1ca9-4b23-8f31-c9963b32b3c4,673,user/message,24,
4bcc372d-1ca9-4b23-8f31-c9963b32b3c4,674,user/message,354,
4bcc372d-1ca9-4b23-8f31-c9963b32b3c4,676,assistant/message,288,265
4bcc372d-1ca9-4b23-8f31-c9963b32b3c4,678,tool/result,2109,
4bcc372d-1ca9-4b23-8f31-c9963b32b3c4,681,user/message,69,
4bcc372d-1ca9-4b23-8f31-c9963b32b3c4,682,assistant/message,615,23
4bcc372d-1ca9-4b23-8f31-c9963b32b3c4,684,tool/result,25,
4bcc372d-1ca9-4b23-8f31-c9963b32b3c4,694,user/message,4723,
4bcc372d-1ca9-4b23-8f31-c9963b32b3c4,697,user/message,107,
4bcc372d-1ca9-4b23-8f31-c9963b32b3c4,699,assistant/message,246,210
4bcc372d-1ca9-4b23-8f31-c9963b32b3c4,701,tool/result,86,
4bcc372d-1ca9-4b23-8f31-c9963b32b3c4,705,user/message,3168,
4bcc372d-1ca9-4b23-8f31-c9963b32b3c4,709,assistant/message,200,111
4bcc372d-1ca9-4b23-8f31-c9963b32b3c4,711,tool/result,56,
4bcc372d-1ca9-4b23-8f31-c9963b32b3c4,714,assistant/message,104,49
4bcc372d-1ca9-4b23-8f31-c9963b32b3c4,716,tool/result,53,
4bcc372d-1ca9-4b23-8f31-c9963b32b3c4,719,assistant/message,213,85
f90c794a-f384-4cac-b5d0-a9b9146f1d11,8,user/message,381,
f90c794a-f384-4cac-b5d0-a9b9146f1d11,9,user/message,354,
f90c794a-f384-4cac-b5d0-a9b9146f1d11,10,user/message,90,
f90c794a-f384-4cac-b5d0-a9b9146f1d11,15,assistant/message,32,14
f90c794a-f384-4cac-b5d0-a9b9146f1d11,17,tool/result,1191,
f90c794a-f384-4cac-b5d0-a9b9146f1d11,20,assistant/message,1419,1138
f90c794a-f384-4cac-b5d0-a9b9146f1d11,22,tool/result,30,
f90c794a-f384-4cac-b5d0-a9b9146f1d11,24,tool/result,13,
f90c794a-f384-4cac-b5d0-a9b9146f1d11,27,assistant/message,295,43
f90c794a-f384-4cac-b5d0-a9b9146f1d11,29,tool/result,132,
f90c794a-f384-4cac-b5d0-a9b9146f1d11,32,assistant/message,983,754
f90c794a-f384-4cac-b5d0-a9b9146f1d11,34,tool/result,117,
f90c794a-f384-4cac-b5d0-a9b9146f1d11,37,assistant/message,855,384
f90c794a-f384-4cac-b5d0-a9b9146f1d11,39,tool/result,75,
f90c794a-f384-4cac-b5d0-a9b9146f1d11,42,assistant/message,650,198
f90c794a-f384-4cac-b5d0-a9b9146f1d11,49,user/message,385,
f90c794a-f384-4cac-b5d0-a9b9146f1d11,50,assistant/message,1896,1808
f90c794a-f384-4cac-b5d0-a9b9146f1d11,53,tool/result,17,
f90c794a-f384-4cac-b5d0-a9b9146f1d11,56,assistant/message,762,19
f90c794a-f384-4cac-b5d0-a9b9146f1d11,58,tool/result,428,
f90c794a-f384-4cac-b5d0-a9b9146f1d11,61,assistant/message,275,168
f90c794a-f384-4cac-b5d0-a9b9146f1d11,64,tool/result,17,
f90c794a-f384-4cac-b5d0-a9b9146f1d11,67,assistant/message,414,135
f90c794a-f384-4cac-b5d0-a9b9146f1d11,69,tool/result,16,
f90c794a-f384-4cac-b5d0-a9b9146f1d11,72,assistant/message,162,61
f90c794a-f384-4cac-b5d0-a9b9146f1d11,75,tool/result,17,
f90c794a-f384-4cac-b5d0-a9b9146f1d11,78,assistant/message,126,52
f90c794a-f384-4cac-b5d0-a9b9146f1d11,80,tool/result,5,
f90c794a-f384-4cac-b5d0-a9b9146f1d11,83,assistant/message,90,44
f90c794a-f384-4cac-b5d0-a9b9146f1d11,85,tool/result,33,
f90c794a-f384-4cac-b5d0-a9b9146f1d11,88,assistant/message,560,407
f90c794a-f384-4cac-b5d0-a9b9146f1d11,90,tool/result,98,
f90c794a-f384-4cac-b5d0-a9b9146f1d11,93,assistant/message,1010,886
f90c794a-f384-4cac-b5d0-a9b9146f1d11,95,tool/result,61,
f90c794a-f384-4cac-b5d0-a9b9146f1d11,98,assistant/message,72,14
f90c794a-f384-4cac-b5d0-a9b9146f1d11,100,tool/result,18,
f90c794a-f384-4cac-b5d0-a9b9146f1d11,103,assistant/message,1516,1337
f90c794a-f384-4cac-b5d0-a9b9146f1d11,105,tool/result,85,
f90c794a-f384-4cac-b5d0-a9b9146f1d11,109,user/message,1881,
f90c794a-f384-4cac-b5d0-a9b9146f1d11,112,user/message,354,
f90c794a-f384-4cac-b5d0-a9b9146f1d11,114,assistant/message,144,24
f90c794a-f384-4cac-b5d0-a9b9146f1d11,116,tool/result,54,
f90c794a-f384-4cac-b5d0-a9b9146f1d11,119,user/message,90,
f90c794a-f384-4cac-b5d0-a9b9146f1d11,120,assistant/message,1551,1390
f90c794a-f384-4cac-b5d0-a9b9146f1d11,122,tool/result,6,
f90c794a-f384-4cac-b5d0-a9b9146f1d11,125,assistant/message,1613,1485
f90c794a-f384-4cac-b5d0-a9b9146f1d11,127,tool/result,6,
f90c794a-f384-4cac-b5d0-a9b9146f1d11,130,assistant/message,221,168
f90c794a-f384-4cac-b5d0-a9b9146f1d11,132,tool/result,69,
f90c794a-f384-4cac-b5d0-a9b9146f1d11,135,assistant/message,289,119
f90c794a-f384-4cac-b5d0-a9b9146f1d11,137,tool/result,10,
f90c794a-f384-4cac-b5d0-a9b9146f1d11,139,tool/result,19,
f90c794a-f384-4cac-b5d0-a9b9146f1d11,142,assistant/message,724,637
f90c794a-f384-4cac-b5d0-a9b9146f1d11,145,tool/result,17,
f90c794a-f384-4cac-b5d0-a9b9146f1d11,148,assistant/message,699,28
f90c794a-f384-4cac-b5d0-a9b9146f1d11,155,user/message,67,
f90c794a-f384-4cac-b5d0-a9b9146f1d11,156,assistant/message,122,53
f90c794a-f384-4cac-b5d0-a9b9146f1d11,158,tool/result,16,
f90c794a-f384-4cac-b5d0-a9b9146f1d11,160,tool/result,50,
f90c794a-f384-4cac-b5d0-a9b9146f1d11,163,assistant/message,353,133
f90c794a-f384-4cac-b5d0-a9b9146f1d11,165,tool/result,80,
f90c794a-f384-4cac-b5d0-a9b9146f1d11,167,tool/result,72,
f90c794a-f384-4cac-b5d0-a9b9146f1d11,170,assistant/message,1136,700
f90c794a-f384-4cac-b5d0-a9b9146f1d11,172,tool/result,17,
f90c794a-f384-4cac-b5d0-a9b9146f1d11,182,user/message,2322,
f90c794a-f384-4cac-b5d0-a9b9146f1d11,185,user/message,91,
f90c794a-f384-4cac-b5d0-a9b9146f1d11,186,user/message,354,
f90c794a-f384-4cac-b5d0-a9b9146f1d11,188,assistant/message,867,811
f90c794a-f384-4cac-b5d0-a9b9146f1d11,190,tool/result,83,
f90c794a-f384-4cac-b5d0-a9b9146f1d11,193,user/message,90,
f90c794a-f384-4cac-b5d0-a9b9146f1d11,194,assistant/message,179,60
f90c794a-f384-4cac-b5d0-a9b9146f1d11,196,tool/result,6,
f90c794a-f384-4cac-b5d0-a9b9146f1d11,199,assistant/message,265,88
f90c794a-f384-4cac-b5d0-a9b9146f1d11,206,user/message,67,
f90c794a-f384-4cac-b5d0-a9b9146f1d11,207,assistant/message,4947,4701
f90c794a-f384-4cac-b5d0-a9b9146f1d11,209,tool/result,16,
f90c794a-f384-4cac-b5d0-a9b9146f1d11,211,tool/result,10,
f90c794a-f384-4cac-b5d0-a9b9146f1d11,213,tool/result,54,
f90c794a-f384-4cac-b5d0-a9b9146f1d11,215,tool/result,103,
f90c794a-f384-4cac-b5d0-a9b9146f1d11,220,user/message,2353,
f90c794a-f384-4cac-b5d0-a9b9146f1d11,223,user/message,354,
f90c794a-f384-4cac-b5d0-a9b9146f1d11,225,assistant/message,1261,1216
f90c794a-f384-4cac-b5d0-a9b9146f1d11,227,tool/result,18,
f90c794a-f384-4cac-b5d0-a9b9146f1d11,231,user/message,79,
f90c794a-f384-4cac-b5d0-a9b9146f1d11,232,assistant/message,1286,1146
f90c794a-f384-4cac-b5d0-a9b9146f1d11,234,tool/result,189,
f90c794a-f384-4cac-b5d0-a9b9146f1d11,237,assistant/message,2456,2122
f90c794a-f384-4cac-b5d0-a9b9146f1d11,244,user/message,315,
f90c794a-f384-4cac-b5d0-a9b9146f1d11,245,assistant/message,3437,3309
f90c794a-f384-4cac-b5d0-a9b9146f1d11,248,tool/result,820,
f90c794a-f384-4cac-b5d0-a9b9146f1d11,249,tool/result,1170,
f90c794a-f384-4cac-b5d0-a9b9146f1d11,253,user/message,2092,
f90c794a-f384-4cac-b5d0-a9b9146f1d11,256,user/message,354,
f90c794a-f384-4cac-b5d0-a9b9146f1d11,258,assistant/message,2905,2457
f90c794a-f384-4cac-b5d0-a9b9146f1d11,260,tool/result,841,
f90c794a-f384-4cac-b5d0-a9b9146f1d11,263,user/message,90,
f90c794a-f384-4cac-b5d0-a9b9146f1d11,264,assistant/message,190,39
f90c794a-f384-4cac-b5d0-a9b9146f1d11,266,tool/result,2267,
f90c794a-f384-4cac-b5d0-a9b9146f1d11,269,tool/result,1271,
f90c794a-f384-4cac-b5d0-a9b9146f1d11,272,user/message,2342,
f90c794a-f384-4cac-b5d0-a9b9146f1d11,276,assistant/message,220,63
f90c794a-f384-4cac-b5d0-a9b9146f1d11,278,tool/result,1632,
f90c794a-f384-4cac-b5d0-a9b9146f1d11,281,assistant/message,944,704
f90c794a-f384-4cac-b5d0-a9b9146f1d11,283,tool/result,1729,
f90c794a-f384-4cac-b5d0-a9b9146f1d11,287,user/message,2763,
f90c794a-f384-4cac-b5d0-a9b9146f1d11,290,user/message,354,
f90c794a-f384-4cac-b5d0-a9b9146f1d11,292,assistant/message,644,403
f90c794a-f384-4cac-b5d0-a9b9146f1d11,294,tool/result,1310,
f90c794a-f384-4cac-b5d0-a9b9146f1d11,297,assistant/message,1009,834
f90c794a-f384-4cac-b5d0-a9b9146f1d11,299,tool/result,2935,
f90c794a-f384-4cac-b5d0-a9b9146f1d11,303,user/message,3181,
f90c794a-f384-4cac-b5d0-a9b9146f1d11,307,assistant/message,396,77
f90c794a-f384-4cac-b5d0-a9b9146f1d11,309,tool/result,731,
f90c794a-f384-4cac-b5d0-a9b9146f1d11,312,user/message,90,
f90c794a-f384-4cac-b5d0-a9b9146f1d11,313,assistant/message,206,75
f90c794a-f384-4cac-b5d0-a9b9146f1d11,315,tool/result,1357,
f90c794a-f384-4cac-b5d0-a9b9146f1d11,318,assistant/message,879,604
f90c794a-f384-4cac-b5d0-a9b9146f1d11,320,tool/result,1326,
f90c794a-f384-4cac-b5d0-a9b9146f1d11,324,user/message,3710,
f90c794a-f384-4cac-b5d0-a9b9146f1d11,327,user/message,354,
f90c794a-f384-4cac-b5d0-a9b9146f1d11,329,assistant/message,545,387
f90c794a-f384-4cac-b5d0-a9b9146f1d11,331,tool/result,1043,
f90c794a-f384-4cac-b5d0-a9b9146f1d11,334,assistant/message,758,431
f90c794a-f384-4cac-b5d0-a9b9146f1d11,336,tool/result,401,
f90c794a-f384-4cac-b5d0-a9b9146f1d11,340,user/message,3359,
f90c794a-f384-4cac-b5d0-a9b9146f1d11,344,assistant/message,1078,621
f90c794a-f384-4cac-b5d0-a9b9146f1d11,346,tool/result,635,
f90c794a-f384-4cac-b5d0-a9b9146f1d11,349,assistant/message,395,280
f90c794a-f384-4cac-b5d0-a9b9146f1d11,351,tool/result,93,
f90c794a-f384-4cac-b5d0-a9b9146f1d11,354,assistant/message,5994,3518
f90c794a-f384-4cac-b5d0-a9b9146f1d11,362,user/message,1807,
f90c794a-f384-4cac-b5d0-a9b9146f1d11,365,user/message,274,
f90c794a-f384-4cac-b5d0-a9b9146f1d11,366,user/message,354,
f90c794a-f384-4cac-b5d0-a9b9146f1d11,368,assistant/message,1728,1617
f90c794a-f384-4cac-b5d0-a9b9146f1d11,370,tool/result,46,
f90c794a-f384-4cac-b5d0-a9b9146f1d11,372,tool/result,103,
f90c794a-f384-4cac-b5d0-a9b9146f1d11,375,user/message,90,
f90c794a-f384-4cac-b5d0-a9b9146f1d11,376,assistant/message,516,341
f90c794a-f384-4cac-b5d0-a9b9146f1d11,378,tool/result,47,
f90c794a-f384-4cac-b5d0-a9b9146f1d11,380,tool/result,397,
f90c794a-f384-4cac-b5d0-a9b9146f1d11,383,assistant/message,790,520
f90c794a-f384-4cac-b5d0-a9b9146f1d11,387,tool/result,873,
f90c794a-f384-4cac-b5d0-a9b9146f1d11,390,assistant/message,1937,1701
f90c794a-f384-4cac-b5d0-a9b9146f1d11,392,tool/result,89,
f90c794a-f384-4cac-b5d0-a9b9146f1d11,396,user/message,1714,
f90c794a-f384-4cac-b5d0-a9b9146f1d11,399,user/message,354,
f90c794a-f384-4cac-b5d0-a9b9146f1d11,401,assistant/message,238,114
f90c794a-f384-4cac-b5d0-a9b9146f1d11,403,tool/result,73,
f90c794a-f384-4cac-b5d0-a9b9146f1d11,406,assistant/message,1679,998
f90c794a-f384-4cac-b5d0-a9b9146f1d11,408,tool/result,39,
f90c794a-f384-4cac-b5d0-a9b9146f1d11,411,assistant/message,88,22
f90c794a-f384-4cac-b5d0-a9b9146f1d11,413,tool/result,646,
f90c794a-f384-4cac-b5d0-a9b9146f1d11,416,assistant/message,1408,961
f90c794a-f384-4cac-b5d0-a9b9146f1d11,418,tool/result,219,
f90c794a-f384-4cac-b5d0-a9b9146f1d11,421,assistant/message,1630,774
f90c794a-f384-4cac-b5d0-a9b9146f1d11,428,user/message,386,
f90c794a-f384-4cac-b5d0-a9b9146f1d11,429,assistant/message,793,370
f90c794a-f384-4cac-b5d0-a9b9146f1d11,431,tool/result,879,
f90c794a-f384-4cac-b5d0-a9b9146f1d11,433,tool/result,385,
f90c794a-f384-4cac-b5d0-a9b9146f1d11,437,user/message,2351,
f90c794a-f384-4cac-b5d0-a9b9146f1d11,440,user/message,354,
f90c794a-f384-4cac-b5d0-a9b9146f1d11,442,assistant/message,424,220
f90c794a-f384-4cac-b5d0-a9b9146f1d11,444,tool/result,1191,
f90c794a-f384-4cac-b5d0-a9b9146f1d11,446,tool/result,238,
f90c794a-f384-4cac-b5d0-a9b9146f1d11,449,user/message,90,
f90c794a-f384-4cac-b5d0-a9b9146f1d11,450,assistant/message,313,143
f90c794a-f384-4cac-b5d0-a9b9146f1d11,452,tool/result,379,
f90c794a-f384-4cac-b5d0-a9b9146f1d11,455,assistant/message,311,105
f90c794a-f384-4cac-b5d0-a9b9146f1d11,457,tool/result,185,
f90c794a-f384-4cac-b5d0-a9b9146f1d11,460,assistant/message,206,66
f90c794a-f384-4cac-b5d0-a9b9146f1d11,462,tool/result,62,
f90c794a-f384-4cac-b5d0-a9b9146f1d11,465,assistant/message,550,482
f90c794a-f384-4cac-b5d0-a9b9146f1d11,467,tool/result,27,
f90c794a-f384-4cac-b5d0-a9b9146f1d11,470,assistant/message,337,194
f90c794a-f384-4cac-b5d0-a9b9146f1d11,472,tool/result,102,
f90c794a-f384-4cac-b5d0-a9b9146f1d11,475,assistant/message,247,127
f90c794a-f384-4cac-b5d0-a9b9146f1d11,477,tool/result,40,
f90c794a-f384-4cac-b5d0-a9b9146f1d11,480,assistant/message,4269,4269
f90c794a-f384-4cac-b5d0-a9b9146f1d11,488,user/message,3063,
f90c794a-f384-4cac-b5d0-a9b9146f1d11,491,user/message,11,
f90c794a-f384-4cac-b5d0-a9b9146f1d11,492,user/message,354,
f90c794a-f384-4cac-b5d0-a9b9146f1d11,494,assistant/message,2971,2843
f90c794a-f384-4cac-b5d0-a9b9146f1d11,496,tool/result,37,
f90c794a-f384-4cac-b5d0-a9b9146f1d11,499,user/message,90,
f90c794a-f384-4cac-b5d0-a9b9146f1d11,500,assistant/message,416,278
f90c794a-f384-4cac-b5d0-a9b9146f1d11,502,tool/result,51,
f90c794a-f384-4cac-b5d0-a9b9146f1d11,505,assistant/message,189,126
f90c794a-f384-4cac-b5d0-a9b9146f1d11,507,tool/result,1191,
f90c794a-f384-4cac-b5d0-a9b9146f1d11,510,assistant/message,4260,2369
f90c794a-f384-4cac-b5d0-a9b9146f1d11,512,tool/result,34,
f90c794a-f384-4cac-b5d0-a9b9146f1d11,516,user/message,2864,
f90c794a-f384-4cac-b5d0-a9b9146f1d11,519,user/message,354,
f90c794a-f384-4cac-b5d0-a9b9146f1d11,521,assistant/message,125,79
f90c794a-f384-4cac-b5d0-a9b9146f1d11,523,tool/result,5,
f90c794a-f384-4cac-b5d0-a9b9146f1d11,526,user/message,90,
f90c794a-f384-4cac-b5d0-a9b9146f1d11,527,assistant/message,663,77
f90c794a-f384-4cac-b5d0-a9b9146f1d11,534,user/message,128,
f90c794a-f384-4cac-b5d0-a9b9146f1d11,535,assistant/message,1408,1238
f90c794a-f384-4cac-b5d0-a9b9146f1d11,538,tool/result,17,
f90c794a-f384-4cac-b5d0-a9b9146f1d11,540,tool/result,77,
f90c794a-f384-4cac-b5d0-a9b9146f1d11,543,assistant/message,200,96
f90c794a-f384-4cac-b5d0-a9b9146f1d11,545,tool/result,519,
f90c794a-f384-4cac-b5d0-a9b9146f1d11,548,assistant/message,626,514
f90c794a-f384-4cac-b5d0-a9b9146f1d11,550,tool/result,211,
f90c794a-f384-4cac-b5d0-a9b9146f1d11,553,assistant/message,189,43
f90c794a-f384-4cac-b5d0-a9b9146f1d11,557,tool/result,335,
f90c794a-f384-4cac-b5d0-a9b9146f1d11,560,assistant/message,420,260
f90c794a-f384-4cac-b5d0-a9b9146f1d11,564,tool/result,113,
f90c794a-f384-4cac-b5d0-a9b9146f1d11,567,assistant/message,946,865
f90c794a-f384-4cac-b5d0-a9b9146f1d11,569,tool/result,24,
f90c794a-f384-4cac-b5d0-a9b9146f1d11,573,user/message,2736,
f90c794a-f384-4cac-b5d0-a9b9146f1d11,576,user/message,354,
f90c794a-f384-4cac-b5d0-a9b9146f1d11,578,assistant/message,190,85
f90c794a-f384-4cac-b5d0-a9b9146f1d11,580,tool/result,6,
f90c794a-f384-4cac-b5d0-a9b9146f1d11,582,tool/result,149,
f90c794a-f384-4cac-b5d0-a9b9146f1d11,585,user/message,90,
f90c794a-f384-4cac-b5d0-a9b9146f1d11,587,assistant/message,145,89
f90c794a-f384-4cac-b5d0-a9b9146f1d11,589,tool/result,1491,
f90c794a-f384-4cac-b5d0-a9b9146f1d11,593,user/message,45,
f90c794a-f384-4cac-b5d0-a9b9146f1d11,594,assistant/message,189,62
f90c794a-f384-4cac-b5d0-a9b9146f1d11,598,tool/result,6,
f90c794a-f384-4cac-b5d0-a9b9146f1d11,601,assistant/message,495,307
f90c794a-f384-4cac-b5d0-a9b9146f1d11,603,tool/result,22,
f90c794a-f384-4cac-b5d0-a9b9146f1d11,606,assistant/message,113,57
f90c794a-f384-4cac-b5d0-a9b9146f1d11,608,tool/result,155,
f90c794a-f384-4cac-b5d0-a9b9146f1d11,611,assistant/message,296,115
f90c794a-f384-4cac-b5d0-a9b9146f1d11,615,tool/result,1475,
f90c794a-f384-4cac-b5d0-a9b9146f1d11,618,assistant/message,834,535
f90c794a-f384-4cac-b5d0-a9b9146f1d11,622,tool/result,275,
f90c794a-f384-4cac-b5d0-a9b9146f1d11,626,user/message,2551,
f90c794a-f384-4cac-b5d0-a9b9146f1d11,630,assistant/message,705,502
f90c794a-f384-4cac-b5d0-a9b9146f1d11,632,tool/result,52,
f90c794a-f384-4cac-b5d0-a9b9146f1d11,635,assistant/message,1262,1197
f90c794a-f384-4cac-b5d0-a9b9146f1d11,637,tool/result,33,
f90c794a-f384-4cac-b5d0-a9b9146f1d11,640,assistant/message,87,24
f90c794a-f384-4cac-b5d0-a9b9146f1d11,642,tool/result,18,
f90c794a-f384-4cac-b5d0-a9b9146f1d11,645,assistant/message,916,47
f90c794a-f384-4cac-b5d0-a9b9146f1d11,652,user/message,253,
f90c794a-f384-4cac-b5d0-a9b9146f1d11,653,assistant/message,91,75
f90c794a-f384-4cac-b5d0-a9b9146f1d11,655,tool/result,2358,
f90c794a-f384-4cac-b5d0-a9b9146f1d11,659,user/message,2967,
f90c794a-f384-4cac-b5d0-a9b9146f1d11,662,user/message,354,
f90c794a-f384-4cac-b5d0-a9b9146f1d11,664,assistant/message,933,739
f90c794a-f384-4cac-b5d0-a9b9146f1d11,666,tool/result,18,
f90c794a-f384-4cac-b5d0-a9b9146f1d11,669,user/message,90,
f90c794a-f384-4cac-b5d0-a9b9146f1d11,670,assistant/message,70,28
f90c794a-f384-4cac-b5d0-a9b9146f1d11,672,tool/result,18,
f90c794a-f384-4cac-b5d0-a9b9146f1d11,675,assistant/message,123,87
f90c794a-f384-4cac-b5d0-a9b9146f1d11,677,tool/result,849,
f90c794a-f384-4cac-b5d0-a9b9146f1d11,680,assistant/message,364,319
f90c794a-f384-4cac-b5d0-a9b9146f1d11,682,tool/result,3,
f90c794a-f384-4cac-b5d0-a9b9146f1d11,685,assistant/message,588,178
f90c794a-f384-4cac-b5d0-a9b9146f1d11,692,user/message,99,
f90c794a-f384-4cac-b5d0-a9b9146f1d11,693,assistant/message,1281,934
f90c794a-f384-4cac-b5d0-a9b9146f1d11,695,tool/result,18,
f90c794a-f384-4cac-b5d0-a9b9146f1d11,698,assistant/message,156,21
f90c794a-f384-4cac-b5d0-a9b9146f1d11,700,tool/result,18,
f90c794a-f384-4cac-b5d0-a9b9146f1d11,710,user/message,2679,
f90c794a-f384-4cac-b5d0-a9b9146f1d11,713,user/message,1,
f90c794a-f384-4cac-b5d0-a9b9146f1d11,715,assistant/message,49,23
f90c794a-f384-4cac-b5d0-a9b9146f1d11,717,tool/result,1304,
f90c794a-f384-4cac-b5d0-a9b9146f1d11,720,assistant/message,91,45
f90c794a-f384-4cac-b5d0-a9b9146f1d11,722,tool/result,3,
f90c794a-f384-4cac-b5d0-a9b9146f1d11,725,assistant/message,219,8
4ba0c0e7-bf7c-4744-94bd-add5b5a20878,8,user/message,365,
4ba0c0e7-bf7c-4744-94bd-add5b5a20878,9,user/message,354,
4ba0c0e7-bf7c-4744-94bd-add5b5a20878,10,user/message,90,
4ba0c0e7-bf7c-4744-94bd-add5b5a20878,15,assistant/message,83,43
4ba0c0e7-bf7c-4744-94bd-add5b5a20878,18,tool/result,690,
4ba0c0e7-bf7c-4744-94bd-add5b5a20878,19,tool/result,952,
4ba0c0e7-bf7c-4744-94bd-add5b5a20878,22,assistant/message,4900,4178
4ba0c0e7-bf7c-4744-94bd-add5b5a20878,24,tool/result,22,
4ba0c0e7-bf7c-4744-94bd-add5b5a20878,27,assistant/message,1345,12
4ba0c0e7-bf7c-4744-94bd-add5b5a20878,29,tool/result,37,
4ba0c0e7-bf7c-4744-94bd-add5b5a20878,32,assistant/message,72,37
4ba0c0e7-bf7c-4744-94bd-add5b5a20878,34,tool/result,62,
4ba0c0e7-bf7c-4744-94bd-add5b5a20878,37,assistant/message,123,40
4ba0c0e7-bf7c-4744-94bd-add5b5a20878,39,tool/result,172,
4ba0c0e7-bf7c-4744-94bd-add5b5a20878,42,assistant/message,66,28
4ba0c0e7-bf7c-4744-94bd-add5b5a20878,44,tool/result,51,
4ba0c0e7-bf7c-4744-94bd-add5b5a20878,47,assistant/message,83,18
4ba0c0e7-bf7c-4744-94bd-add5b5a20878,49,tool/result,62,
4ba0c0e7-bf7c-4744-94bd-add5b5a20878,52,assistant/message,190,57
4ba0c0e7-bf7c-4744-94bd-add5b5a20878,54,tool/result,494,
4ba0c0e7-bf7c-4744-94bd-add5b5a20878,56,tool/result,46,
4ba0c0e7-bf7c-4744-94bd-add5b5a20878,59,assistant/message,134,64
4ba0c0e7-bf7c-4744-94bd-add5b5a20878,61,tool/result,70,
4ba0c0e7-bf7c-4744-94bd-add5b5a20878,64,assistant/message,143,89
4ba0c0e7-bf7c-4744-94bd-add5b5a20878,66,tool/result,76,
4ba0c0e7-bf7c-4744-94bd-add5b5a20878,69,assistant/message,118,52
4ba0c0e7-bf7c-4744-94bd-add5b5a20878,71,tool/result,37,
4ba0c0e7-bf7c-4744-94bd-add5b5a20878,73,tool/result,75,
4ba0c0e7-bf7c-4744-94bd-add5b5a20878,76,assistant/message,380,91
4ba0c0e7-bf7c-4744-94bd-add5b5a20878,78,tool/result,4,
4ba0c0e7-bf7c-4744-94bd-add5b5a20878,81,assistant/message,655,50
4ba0c0e7-bf7c-4744-94bd-add5b5a20878,88,user/message,273,
4ba0c0e7-bf7c-4744-94bd-add5b5a20878,89,assistant/message,1906,1876
4ba0c0e7-bf7c-4744-94bd-add5b5a20878,91,tool/result,189,
4ba0c0e7-bf7c-4744-94bd-add5b5a20878,94,assistant/message,899,37
4ba0c0e7-bf7c-4744-94bd-add5b5a20878,96,tool/result,37,
4ba0c0e7-bf7c-4744-94bd-add5b5a20878,100,user/message,2264,
4ba0c0e7-bf7c-4744-94bd-add5b5a20878,103,user/message,354,
4ba0c0e7-bf7c-4744-94bd-add5b5a20878,105,assistant/message,103,13
4ba0c0e7-bf7c-4744-94bd-add5b5a20878,107,tool/result,43,
4ba0c0e7-bf7c-4744-94bd-add5b5a20878,110,user/message,90,
4ba0c0e7-bf7c-4744-94bd-add5b5a20878,111,assistant/message,107,16
4ba0c0e7-bf7c-4744-94bd-add5b5a20878,113,tool/result,44,
4ba0c0e7-bf7c-4744-94bd-add5b5a20878,116,assistant/message,90,46
4ba0c0e7-bf7c-4744-94bd-add5b5a20878,118,tool/result,85,
4ba0c0e7-bf7c-4744-94bd-add5b5a20878,121,assistant/message,502,8
4ba0c0e7-bf7c-4744-94bd-add5b5a20878,128,user/message,209,
4ba0c0e7-bf7c-4744-94bd-add5b5a20878,129,assistant/message,936,896
4ba0c0e7-bf7c-4744-94bd-add5b5a20878,132,tool/result,690,
4ba0c0e7-bf7c-4744-94bd-add5b5a20878,133,tool/result,1008,
4ba0c0e7-bf7c-4744-94bd-add5b5a20878,136,assistant/message,1453,1325
4ba0c0e7-bf7c-4744-94bd-add5b5a20878,138,tool/result,19,
4ba0c0e7-bf7c-4744-94bd-add5b5a20878,141,assistant/message,211,21
4ba0c0e7-bf7c-4744-94bd-add5b5a20878,143,tool/result,19,
4ba0c0e7-bf7c-4744-94bd-add5b5a20878,146,assistant/message,75,58
4ba0c0e7-bf7c-4744-94bd-add5b5a20878,148,tool/result,622,
4ba0c0e7-bf7c-4744-94bd-add5b5a20878,151,assistant/message,660,49
4ba0c0e7-bf7c-4744-94bd-add5b5a20878,153,tool/result,19,
4ba0c0e7-bf7c-4744-94bd-add5b5a20878,157,user/message,2831,
4ba0c0e7-bf7c-4744-94bd-add5b5a20878,160,user/message,354,
4ba0c0e7-bf7c-4744-94bd-add5b5a20878,162,assistant/message,229,28
4ba0c0e7-bf7c-4744-94bd-add5b5a20878,164,tool/result,19,
4ba0c0e7-bf7c-4744-94bd-add5b5a20878,167,user/message,90,
4ba0c0e7-bf7c-4744-94bd-add5b5a20878,168,assistant/message,31,14
4ba0c0e7-bf7c-4744-94bd-add5b5a20878,170,tool/result,1258,
4ba0c0e7-bf7c-4744-94bd-add5b5a20878,173,assistant/message,566,144
4ba0c0e7-bf7c-4744-94bd-add5b5a20878,180,user/message,335,
4ba0c0e7-bf7c-4744-94bd-add5b5a20878,181,assistant/message,2001,1618
4ba0c0e7-bf7c-4744-94bd-add5b5a20878,183,tool/result,19,
4ba0c0e7-bf7c-4744-94bd-add5b5a20878,186,assistant/message,150,133
4ba0c0e7-bf7c-4744-94bd-add5b5a20878,188,tool/result,1614,
4ba0c0e7-bf7c-4744-94bd-add5b5a20878,192,user/message,2399,
4ba0c0e7-bf7c-4744-94bd-add5b5a20878,195,user/message,354,
4ba0c0e7-bf7c-4744-94bd-add5b5a20878,197,assistant/message,418,76
0af63a3c-1a5e-4d85-a100-0425b82a9a98,8,user/message,263,
0af63a3c-1a5e-4d85-a100-0425b82a9a98,9,user/message,354,
0af63a3c-1a5e-4d85-a100-0425b82a9a98,10,user/message,92,
0af63a3c-1a5e-4d85-a100-0425b82a9a98,15,assistant/message,321,220
0af63a3c-1a5e-4d85-a100-0425b82a9a98,17,tool/result,50,
0af63a3c-1a5e-4d85-a100-0425b82a9a98,19,tool/result,11,
0af63a3c-1a5e-4d85-a100-0425b82a9a98,22,assistant/message,89,14
0af63a3c-1a5e-4d85-a100-0425b82a9a98,24,tool/result,114,
0af63a3c-1a5e-4d85-a100-0425b82a9a98,27,assistant/message,65,16
0af63a3c-1a5e-4d85-a100-0425b82a9a98,29,tool/result,1833,
0af63a3c-1a5e-4d85-a100-0425b82a9a98,32,assistant/message,151,62
0af63a3c-1a5e-4d85-a100-0425b82a9a98,34,tool/result,8,
0af63a3c-1a5e-4d85-a100-0425b82a9a98,37,assistant/message,112,44
0af63a3c-1a5e-4d85-a100-0425b82a9a98,39,tool/result,226,
0af63a3c-1a5e-4d85-a100-0425b82a9a98,42,assistant/message,112,29
0af63a3c-1a5e-4d85-a100-0425b82a9a98,44,tool/result,53,
0af63a3c-1a5e-4d85-a100-0425b82a9a98,47,assistant/message,250,36
0af63a3c-1a5e-4d85-a100-0425b82a9a98,49,tool/result,431,
0af63a3c-1a5e-4d85-a100-0425b82a9a98,52,assistant/message,361,55
0af63a3c-1a5e-4d85-a100-0425b82a9a98,54,tool/result,113,
0af63a3c-1a5e-4d85-a100-0425b82a9a98,57,assistant/message,293,101
0af63a3c-1a5e-4d85-a100-0425b82a9a98,59,tool/result,165,
0af63a3c-1a5e-4d85-a100-0425b82a9a98,62,assistant/message,2812,751
0af63a3c-1a5e-4d85-a100-0425b82a9a98,64,tool/result,41,
0af63a3c-1a5e-4d85-a100-0425b82a9a98,67,assistant/message,167,121
0af63a3c-1a5e-4d85-a100-0425b82a9a98,69,tool/result,9216,
0af63a3c-1a5e-4d85-a100-0425b82a9a98,72,tool/result,2308,
0af63a3c-1a5e-4d85-a100-0425b82a9a98,75,assistant/message,603,400
0af63a3c-1a5e-4d85-a100-0425b82a9a98,77,tool/result,29,
0af63a3c-1a5e-4d85-a100-0425b82a9a98,81,user/message,1417,
0af63a3c-1a5e-4d85-a100-0425b82a9a98,84,user/message,354,
0af63a3c-1a5e-4d85-a100-0425b82a9a98,86,assistant/message,672,411
0af63a3c-1a5e-4d85-a100-0425b82a9a98,88,tool/result,86,
0af63a3c-1a5e-4d85-a100-0425b82a9a98,91,user/message,92,
0af63a3c-1a5e-4d85-a100-0425b82a9a98,92,assistant/message,447,216
0af63a3c-1a5e-4d85-a100-0425b82a9a98,94,tool/result,15,
0af63a3c-1a5e-4d85-a100-0425b82a9a98,97,assistant/message,1507,1311
0af63a3c-1a5e-4d85-a100-0425b82a9a98,99,tool/result,31,
0af63a3c-1a5e-4d85-a100-0425b82a9a98,103,user/message,1707,
0af63a3c-1a5e-4d85-a100-0425b82a9a98,107,assistant/message,796,379
0af63a3c-1a5e-4d85-a100-0425b82a9a98,109,tool/result,39,
0af63a3c-1a5e-4d85-a100-0425b82a9a98,112,assistant/message,633,575
0af63a3c-1a5e-4d85-a100-0425b82a9a98,114,tool/result,89,
0af63a3c-1a5e-4d85-a100-0425b82a9a98,117,assistant/message,121,39
0af63a3c-1a5e-4d85-a100-0425b82a9a98,119,tool/result,3,
0af63a3c-1a5e-4d85-a100-0425b82a9a98,122,assistant/message,496,219
0af63a3c-1a5e-4d85-a100-0425b82a9a98,124,tool/result,59,
0af63a3c-1a5e-4d85-a100-0425b82a9a98,128,user/message,2168,
0af63a3c-1a5e-4d85-a100-0425b82a9a98,132,assistant/message,1120,557
0af63a3c-1a5e-4d85-a100-0425b82a9a98,134,tool/result,27,
0af63a3c-1a5e-4d85-a100-0425b82a9a98,137,assistant/message,31,8
0af63a3c-1a5e-4d85-a100-0425b82a9a98,139,tool/result,2597,
0af63a3c-1a5e-4d85-a100-0425b82a9a98,143,user/message,2280,
0af63a3c-1a5e-4d85-a100-0425b82a9a98,146,user/message,354,
0af63a3c-1a5e-4d85-a100-0425b82a9a98,148,assistant/message,355,49
0af63a3c-1a5e-4d85-a100-0425b82a9a98,150,tool/result,25,
0af63a3c-1a5e-4d85-a100-0425b82a9a98,153,user/message,92,
0af63a3c-1a5e-4d85-a100-0425b82a9a98,154,assistant/message,63,16
0af63a3c-1a5e-4d85-a100-0425b82a9a98,156,tool/result,1502,
0af63a3c-1a5e-4d85-a100-0425b82a9a98,160,user/message,2462,
0af63a3c-1a5e-4d85-a100-0425b82a9a98,164,assistant/message,1063,881
0af63a3c-1a5e-4d85-a100-0425b82a9a98,166,tool/result,53,
0af63a3c-1a5e-4d85-a100-0425b82a9a98,170,user/message,2568,
0af63a3c-1a5e-4d85-a100-0425b82a9a98,174,assistant/message,767,561
0af63a3c-1a5e-4d85-a100-0425b82a9a98,176,tool/result,58,
0af63a3c-1a5e-4d85-a100-0425b82a9a98,180,user/message,2637,
0af63a3c-1a5e-4d85-a100-0425b82a9a98,184,assistant/message,533,331
0af63a3c-1a5e-4d85-a100-0425b82a9a98,186,tool/result,381,
0af63a3c-1a5e-4d85-a100-0425b82a9a98,190,user/message,2631,
0af63a3c-1a5e-4d85-a100-0425b82a9a98,194,user/message,2593,
0af63a3c-1a5e-4d85-a100-0425b82a9a98,200,assistant/message,2530,2183
0af63a3c-1a5e-4d85-a100-0425b82a9a98,202,tool/result,178,
0af63a3c-1a5e-4d85-a100-0425b82a9a98,206,user/message,2786,
0af63a3c-1a5e-4d85-a100-0425b82a9a98,210,user/message,2503,
0af63a3c-1a5e-4d85-a100-0425b82a9a98,213,user/message,354,
0af63a3c-1a5e-4d85-a100-0425b82a9a98,215,assistant/message,273,213
0af63a3c-1a5e-4d85-a100-0425b82a9a98,217,tool/result,1763,
0af63a3c-1a5e-4d85-a100-0425b82a9a98,221,user/message,2527,
0af63a3c-1a5e-4d85-a100-0425b82a9a98,224,user/message,92,
0af63a3c-1a5e-4d85-a100-0425b82a9a98,226,assistant/message,859,755
0af63a3c-1a5e-4d85-a100-0425b82a9a98,228,tool/result,44,
0af63a3c-1a5e-4d85-a100-0425b82a9a98,232,user/message,2970,
0af63a3c-1a5e-4d85-a100-0425b82a9a98,236,assistant/message,1301,16
1d45643b-f336-4e9b-8f69-dab99de4c1bf,9,user/message,271,
1d45643b-f336-4e9b-8f69-dab99de4c1bf,10,user/message,354,
1d45643b-f336-4e9b-8f69-dab99de4c1bf,11,user/message,92,
1d45643b-f336-4e9b-8f69-dab99de4c1bf,16,assistant/message,10858,8376
1d45643b-f336-4e9b-8f69-dab99de4c1bf,18,tool/result,39,
1d45643b-f336-4e9b-8f69-dab99de4c1bf,21,assistant/message,107,9
1d45643b-f336-4e9b-8f69-dab99de4c1bf,23,tool/result,566,
1d45643b-f336-4e9b-8f69-dab99de4c1bf,26,assistant/message,782,50
1d45643b-f336-4e9b-8f69-dab99de4c1bf,33,user/message,517,
1d45643b-f336-4e9b-8f69-dab99de4c1bf,34,assistant/message,4022,3972
1d45643b-f336-4e9b-8f69-dab99de4c1bf,36,tool/result,644,
1d45643b-f336-4e9b-8f69-dab99de4c1bf,39,assistant/message,258,83
1d45643b-f336-4e9b-8f69-dab99de4c1bf,41,tool/result,29,
1d45643b-f336-4e9b-8f69-dab99de4c1bf,44,assistant/message,346,154
1d45643b-f336-4e9b-8f69-dab99de4c1bf,46,tool/result,181,
1d45643b-f336-4e9b-8f69-dab99de4c1bf,49,assistant/message,3828,1683
1d45643b-f336-4e9b-8f69-dab99de4c1bf,51,tool/result,39,
1d45643b-f336-4e9b-8f69-dab99de4c1bf,54,assistant/message,408,144
1d45643b-f336-4e9b-8f69-dab99de4c1bf,56,tool/result,23,
1d45643b-f336-4e9b-8f69-dab99de4c1bf,59,assistant/message,293,131
1d45643b-f336-4e9b-8f69-dab99de4c1bf,61,tool/result,23,
1d45643b-f336-4e9b-8f69-dab99de4c1bf,63,tool/result,23,
1d45643b-f336-4e9b-8f69-dab99de4c1bf,66,assistant/message,194,69
1d45643b-f336-4e9b-8f69-dab99de4c1bf,68,tool/result,23,
1d45643b-f336-4e9b-8f69-dab99de4c1bf,71,assistant/message,225,194
1d45643b-f336-4e9b-8f69-dab99de4c1bf,73,tool/result,76,
1d45643b-f336-4e9b-8f69-dab99de4c1bf,76,assistant/message,331,297
57d9d488-beed-4237-b3cb-af3d078bb34d,8,user/message,517,
57d9d488-beed-4237-b3cb-af3d078bb34d,9,user/message,354,
57d9d488-beed-4237-b3cb-af3d078bb34d,10,user/message,92,
57d9d488-beed-4237-b3cb-af3d078bb34d,15,assistant/message,155,72
57d9d488-beed-4237-b3cb-af3d078bb34d,17,tool/result,90,
57d9d488-beed-4237-b3cb-af3d078bb34d,19,tool/result,3346,
57d9d488-beed-4237-b3cb-af3d078bb34d,22,assistant/message,158,72
57d9d488-beed-4237-b3cb-af3d078bb34d,24,tool/result,751,
57d9d488-beed-4237-b3cb-af3d078bb34d,27,assistant/message,537,239
57d9d488-beed-4237-b3cb-af3d078bb34d,29,tool/result,2722,
57d9d488-beed-4237-b3cb-af3d078bb34d,31,tool/result,102,
57d9d488-beed-4237-b3cb-af3d078bb34d,34,assistant/message,659,250
57d9d488-beed-4237-b3cb-af3d078bb34d,36,tool/result,6451,
57d9d488-beed-4237-b3cb-af3d078bb34d,39,assistant/message,838,413
57d9d488-beed-4237-b3cb-af3d078bb34d,41,tool/result,182,
57d9d488-beed-4237-b3cb-af3d078bb34d,44,assistant/message,224,139
57d9d488-beed-4237-b3cb-af3d078bb34d,46,tool/result,117,
57d9d488-beed-4237-b3cb-af3d078bb34d,49,assistant/message,700,303
57d9d488-beed-4237-b3cb-af3d078bb34d,51,tool/result,1677,
57d9d488-beed-4237-b3cb-af3d078bb34d,54,assistant/message,416,285
57d9d488-beed-4237-b3cb-af3d078bb34d,56,tool/result,359,
57d9d488-beed-4237-b3cb-af3d078bb34d,59,assistant/message,3063,2729
57d9d488-beed-4237-b3cb-af3d078bb34d,61,tool/result,2378,
57d9d488-beed-4237-b3cb-af3d078bb34d,64,assistant/message,538,538
7bae77bb-3c0e-4c05-96ba-4b1209d66c8b,30,user/message,18,
7bae77bb-3c0e-4c05-96ba-4b1209d66c8b,31,user/message,18,
7bae77bb-3c0e-4c05-96ba-4b1209d66c8b,32,user/message,443,
7bae77bb-3c0e-4c05-96ba-4b1209d66c8b,33,user/message,354,
7bae77bb-3c0e-4c05-96ba-4b1209d66c8b,34,user/message,92,
7bae77bb-3c0e-4c05-96ba-4b1209d66c8b,39,assistant/message,1587,1424
7bae77bb-3c0e-4c05-96ba-4b1209d66c8b,41,tool/result,4,
7bae77bb-3c0e-4c05-96ba-4b1209d66c8b,43,tool/result,1565,
7bae77bb-3c0e-4c05-96ba-4b1209d66c8b,45,tool/result,22,
7bae77bb-3c0e-4c05-96ba-4b1209d66c8b,48,assistant/message,623,109
7bae77bb-3c0e-4c05-96ba-4b1209d66c8b,50,tool/result,39,
7bae77bb-3c0e-4c05-96ba-4b1209d66c8b,53,assistant/message,159,49
7bae77bb-3c0e-4c05-96ba-4b1209d66c8b,55,tool/result,176,
7bae77bb-3c0e-4c05-96ba-4b1209d66c8b,58,assistant/message,327,226
7bae77bb-3c0e-4c05-96ba-4b1209d66c8b,60,tool/result,23,
7bae77bb-3c0e-4c05-96ba-4b1209d66c8b,63,assistant/message,149,39
7bae77bb-3c0e-4c05-96ba-4b1209d66c8b,65,tool/result,188,
7bae77bb-3c0e-4c05-96ba-4b1209d66c8b,68,assistant/message,432,216
7bae77bb-3c0e-4c05-96ba-4b1209d66c8b,70,tool/result,32,
7bae77bb-3c0e-4c05-96ba-4b1209d66c8b,73,assistant/message,318,74
7bae77bb-3c0e-4c05-96ba-4b1209d66c8b,75,tool/result,45,
7bae77bb-3c0e-4c05-96ba-4b1209d66c8b,78,assistant/message,419,137
7bae77bb-3c0e-4c05-96ba-4b1209d66c8b,80,tool/result,23,
7bae77bb-3c0e-4c05-96ba-4b1209d66c8b,83,assistant/message,290,180
7bae77bb-3c0e-4c05-96ba-4b1209d66c8b,85,tool/result,654,
7bae77bb-3c0e-4c05-96ba-4b1209d66c8b,88,assistant/message,1066,384
7bae77bb-3c0e-4c05-96ba-4b1209d66c8b,90,tool/result,548,
7bae77bb-3c0e-4c05-96ba-4b1209d66c8b,93,assistant/message,1786,773
7bae77bb-3c0e-4c05-96ba-4b1209d66c8b,95,tool/result,176,
7bae77bb-3c0e-4c05-96ba-4b1209d66c8b,98,assistant/message,1728,1283
7bae77bb-3c0e-4c05-96ba-4b1209d66c8b,100,tool/result,62,
7bae77bb-3c0e-4c05-96ba-4b1209d66c8b,103,assistant/message,3338,1694
7bae77bb-3c0e-4c05-96ba-4b1209d66c8b,105,tool/result,38,
7bae77bb-3c0e-4c05-96ba-4b1209d66c8b,109,user/message,2148,
7bae77bb-3c0e-4c05-96ba-4b1209d66c8b,112,user/message,354,
7bae77bb-3c0e-4c05-96ba-4b1209d66c8b,114,assistant/message,246,166
7bae77bb-3c0e-4c05-96ba-4b1209d66c8b,116,tool/result,6,
7bae77bb-3c0e-4c05-96ba-4b1209d66c8b,119,user/message,92,
7bae77bb-3c0e-4c05-96ba-4b1209d66c8b,120,assistant/message,51,27
7bae77bb-3c0e-4c05-96ba-4b1209d66c8b,122,tool/result,483,
7bae77bb-3c0e-4c05-96ba-4b1209d66c8b,125,assistant/message,276,205
7bae77bb-3c0e-4c05-96ba-4b1209d66c8b,127,tool/result,363,
7bae77bb-3c0e-4c05-96ba-4b1209d66c8b,130,assistant/message,598,97
7bae77bb-3c0e-4c05-96ba-4b1209d66c8b,137,user/message,454,
7bae77bb-3c0e-4c05-96ba-4b1209d66c8b,138,assistant/message,3559,2998
7bae77bb-3c0e-4c05-96ba-4b1209d66c8b,140,tool/result,6,
7bae77bb-3c0e-4c05-96ba-4b1209d66c8b,142,tool/result,558,
7bae77bb-3c0e-4c05-96ba-4b1209d66c8b,144,tool/result,53,
7bae77bb-3c0e-4c05-96ba-4b1209d66c8b,146,tool/result,56,
7bae77bb-3c0e-4c05-96ba-4b1209d66c8b,148,tool/result,2875,
7bae77bb-3c0e-4c05-96ba-4b1209d66c8b,150,tool/result,196,
7bae77bb-3c0e-4c05-96ba-4b1209d66c8b,155,user/message,2635,
7bae77bb-3c0e-4c05-96ba-4b1209d66c8b,158,user/message,354,
7bae77bb-3c0e-4c05-96ba-4b1209d66c8b,160,assistant/message,382,358
7bae77bb-3c0e-4c05-96ba-4b1209d66c8b,162,tool/result,11113,
7bae77bb-3c0e-4c05-96ba-4b1209d66c8b,166,tool/result,2718,
7bae77bb-3c0e-4c05-96ba-4b1209d66c8b,168,user/message,119,
7bae77bb-3c0e-4c05-96ba-4b1209d66c8b,169,user/message,92,
7bae77bb-3c0e-4c05-96ba-4b1209d66c8b,171,assistant/message,2962,2340
7bae77bb-3c0e-4c05-96ba-4b1209d66c8b,173,tool/result,6,
7bae77bb-3c0e-4c05-96ba-4b1209d66c8b,175,tool/result,820,
7bae77bb-3c0e-4c05-96ba-4b1209d66c8b,180,user/message,1735,
7bae77bb-3c0e-4c05-96ba-4b1209d66c8b,184,assistant/message,98,74
7bae77bb-3c0e-4c05-96ba-4b1209d66c8b,186,tool/result,25,
7bae77bb-3c0e-4c05-96ba-4b1209d66c8b,191,user/message,1609,
7bae77bb-3c0e-4c05-96ba-4b1209d66c8b,194,user/message,94,
7bae77bb-3c0e-4c05-96ba-4b1209d66c8b,196,assistant/message,490,395
7bae77bb-3c0e-4c05-96ba-4b1209d66c8b,198,tool/result,6,
7bae77bb-3c0e-4c05-96ba-4b1209d66c8b,203,user/message,2382,
7bae77bb-3c0e-4c05-96ba-4b1209d66c8b,207,assistant/message,74,50
7bae77bb-3c0e-4c05-96ba-4b1209d66c8b,209,tool/result,92,
7bae77bb-3c0e-4c05-96ba-4b1209d66c8b,213,user/message,94,
7bae77bb-3c0e-4c05-96ba-4b1209d66c8b,214,assistant/message,339,308
7bae77bb-3c0e-4c05-96ba-4b1209d66c8b,216,tool/result,47,
7bae77bb-3c0e-4c05-96ba-4b1209d66c8b,219,assistant/message,436,249
7bae77bb-3c0e-4c05-96ba-4b1209d66c8b,227,user/message,325,
7bae77bb-3c0e-4c05-96ba-4b1209d66c8b,229,assistant/message,5509,4106
7bae77bb-3c0e-4c05-96ba-4b1209d66c8b,231,tool/result,39,
7bae77bb-3c0e-4c05-96ba-4b1209d66c8b,234,assistant/message,253,212
7bae77bb-3c0e-4c05-96ba-4b1209d66c8b,236,tool/result,208,
7bae77bb-3c0e-4c05-96ba-4b1209d66c8b,239,assistant/message,1606,1361
7bae77bb-3c0e-4c05-96ba-4b1209d66c8b,246,user/message,355,
7bae77bb-3c0e-4c05-96ba-4b1209d66c8b,247,assistant/message,386,345
7bae77bb-3c0e-4c05-96ba-4b1209d66c8b,250,tool/result,2036,
7bae77bb-3c0e-4c05-96ba-4b1209d66c8b,251,tool/result,737,
7bae77bb-3c0e-4c05-96ba-4b1209d66c8b,254,assistant/message,2501,2175
7bae77bb-3c0e-4c05-96ba-4b1209d66c8b,256,tool/result,216,
7bae77bb-3c0e-4c05-96ba-4b1209d66c8b,259,assistant/message,185,155
9b46292f-5a33-48d5-bb3e-ebad55f2ac79,8,user/message,361,
9b46292f-5a33-48d5-bb3e-ebad55f2ac79,9,user/message,354,
9b46292f-5a33-48d5-bb3e-ebad55f2ac79,10,user/message,92,
9b46292f-5a33-48d5-bb3e-ebad55f2ac79,15,assistant/message,259,134
9b46292f-5a33-48d5-bb3e-ebad55f2ac79,17,tool/result,50,
9b46292f-5a33-48d5-bb3e-ebad55f2ac79,19,tool/result,2,
9b46292f-5a33-48d5-bb3e-ebad55f2ac79,22,assistant/message,72,16
9b46292f-5a33-48d5-bb3e-ebad55f2ac79,24,tool/result,1870,
9b46292f-5a33-48d5-bb3e-ebad55f2ac79,27,assistant/message,160,59
9b46292f-5a33-48d5-bb3e-ebad55f2ac79,29,tool/result,2092,
9b46292f-5a33-48d5-bb3e-ebad55f2ac79,32,assistant/message,241,59
9b46292f-5a33-48d5-bb3e-ebad55f2ac79,34,tool/result,2397,
9b46292f-5a33-48d5-bb3e-ebad55f2ac79,37,assistant/message,727,304
9b46292f-5a33-48d5-bb3e-ebad55f2ac79,39,tool/result,363,
9b46292f-5a33-48d5-bb3e-ebad55f2ac79,41,tool/result,55,
9b46292f-5a33-48d5-bb3e-ebad55f2ac79,44,assistant/message,520,321
9b46292f-5a33-48d5-bb3e-ebad55f2ac79,46,tool/result,4223,
9b46292f-5a33-48d5-bb3e-ebad55f2ac79,49,assistant/message,2341,477
9b46292f-5a33-48d5-bb3e-ebad55f2ac79,51,tool/result,40,
9b46292f-5a33-48d5-bb3e-ebad55f2ac79,54,tool/result,2439,
9b46292f-5a33-48d5-bb3e-ebad55f2ac79,57,user/message,1410,
9b46292f-5a33-48d5-bb3e-ebad55f2ac79,60,user/message,354,
9b46292f-5a33-48d5-bb3e-ebad55f2ac79,62,assistant/message,60,17
9b46292f-5a33-48d5-bb3e-ebad55f2ac79,64,tool/result,195,
9b46292f-5a33-48d5-bb3e-ebad55f2ac79,67,user/message,92,
9b46292f-5a33-48d5-bb3e-ebad55f2ac79,68,assistant/message,336,219
9b46292f-5a33-48d5-bb3e-ebad55f2ac79,70,tool/result,24,
9b46292f-5a33-48d5-bb3e-ebad55f2ac79,73,assistant/message,138,36
9b46292f-5a33-48d5-bb3e-ebad55f2ac79,75,tool/result,24,
9b46292f-5a33-48d5-bb3e-ebad55f2ac79,77,tool/result,222,
9b46292f-5a33-48d5-bb3e-ebad55f2ac79,80,assistant/message,632,323
9b46292f-5a33-48d5-bb3e-ebad55f2ac79,82,tool/result,24,
9b46292f-5a33-48d5-bb3e-ebad55f2ac79,84,tool/result,24,
9b46292f-5a33-48d5-bb3e-ebad55f2ac79,86,tool/result,326,
9b46292f-5a33-48d5-bb3e-ebad55f2ac79,89,assistant/message,731,255
9b46292f-5a33-48d5-bb3e-ebad55f2ac79,96,user/message,285,
9b46292f-5a33-48d5-bb3e-ebad55f2ac79,97,assistant/message,1254,1106
9b46292f-5a33-48d5-bb3e-ebad55f2ac79,99,tool/result,305,
9b46292f-5a33-48d5-bb3e-ebad55f2ac79,103,user/message,2072,
9b46292f-5a33-48d5-bb3e-ebad55f2ac79,107,assistant/message,352,111
9b46292f-5a33-48d5-bb3e-ebad55f2ac79,109,tool/result,305,
9b46292f-5a33-48d5-bb3e-ebad55f2ac79,112,assistant/message,723,216
9b46292f-5a33-48d5-bb3e-ebad55f2ac79,114,tool/result,1686,
9b46292f-5a33-48d5-bb3e-ebad55f2ac79,117,assistant/message,574,183
9b46292f-5a33-48d5-bb3e-ebad55f2ac79,119,tool/result,369,
9b46292f-5a33-48d5-bb3e-ebad55f2ac79,122,assistant/message,659,295
9b46292f-5a33-48d5-bb3e-ebad55f2ac79,124,tool/result,89,
9b46292f-5a33-48d5-bb3e-ebad55f2ac79,127,assistant/message,425,36
9b46292f-5a33-48d5-bb3e-ebad55f2ac79,129,tool/result,8987,
9b46292f-5a33-48d5-bb3e-ebad55f2ac79,132,tool/result,2260,
9b46292f-5a33-48d5-bb3e-ebad55f2ac79,135,user/message,2738,
9b46292f-5a33-48d5-bb3e-ebad55f2ac79,138,user/message,354,
9b46292f-5a33-48d5-bb3e-ebad55f2ac79,140,assistant/message,5734,5256
9b46292f-5a33-48d5-bb3e-ebad55f2ac79,142,tool/result,232,
9b46292f-5a33-48d5-bb3e-ebad55f2ac79,144,tool/result,60,
9b46292f-5a33-48d5-bb3e-ebad55f2ac79,148,user/message,2479,
9b46292f-5a33-48d5-bb3e-ebad55f2ac79,151,user/message,354,
9b46292f-5a33-48d5-bb3e-ebad55f2ac79,152,user/message,92,
9b46292f-5a33-48d5-bb3e-ebad55f2ac79,154,assistant/message,7728,4591
9b46292f-5a33-48d5-bb3e-ebad55f2ac79,156,tool/result,39,
9b46292f-5a33-48d5-bb3e-ebad55f2ac79,160,user/message,2697,
9b46292f-5a33-48d5-bb3e-ebad55f2ac79,163,user/message,354,
9b46292f-5a33-48d5-bb3e-ebad55f2ac79,165,assistant/message,52,14
9b46292f-5a33-48d5-bb3e-ebad55f2ac79,167,tool/result,185,
9b46292f-5a33-48d5-bb3e-ebad55f2ac79,170,user/message,92,
9b46292f-5a33-48d5-bb3e-ebad55f2ac79,171,assistant/message,4955,4395
9b46292f-5a33-48d5-bb3e-ebad55f2ac79,173,tool/result,460,
9b46292f-5a33-48d5-bb3e-ebad55f2ac79,177,user/message,2604,
9b46292f-5a33-48d5-bb3e-ebad55f2ac79,181,assistant/message,1991,1392
9b46292f-5a33-48d5-bb3e-ebad55f2ac79,183,tool/result,63,
9b46292f-5a33-48d5-bb3e-ebad55f2ac79,186,assistant/message,2488,2156
9b46292f-5a33-48d5-bb3e-ebad55f2ac79,188,tool/result,34,
9b46292f-5a33-48d5-bb3e-ebad55f2ac79,191,assistant/message,451,205
9b46292f-5a33-48d5-bb3e-ebad55f2ac79,193,tool/result,69,
9b46292f-5a33-48d5-bb3e-ebad55f2ac79,196,assistant/message,1421,362
9b46292f-5a33-48d5-bb3e-ebad55f2ac79,198,tool/result,44,
9b46292f-5a33-48d5-bb3e-ebad55f2ac79,202,user/message,2084,
9b46292f-5a33-48d5-bb3e-ebad55f2ac79,205,user/message,354,
9b46292f-5a33-48d5-bb3e-ebad55f2ac79,207,assistant/message,1074,68
9b46292f-5a33-48d5-bb3e-ebad55f2ac79,209,tool/result,15,
9b46292f-5a33-48d5-bb3e-ebad55f2ac79,212,user/message,92,
9b46292f-5a33-48d5-bb3e-ebad55f2ac79,213,assistant/message,1332,1270
9b46292f-5a33-48d5-bb3e-ebad55f2ac79,215,tool/result,4110,
9b46292f-5a33-48d5-bb3e-ebad55f2ac79,218,assistant/message,1699,756
9b46292f-5a33-48d5-bb3e-ebad55f2ac79,220,tool/result,82,
9b46292f-5a33-48d5-bb3e-ebad55f2ac79,223,tool/result,1709,
9b46292f-5a33-48d5-bb3e-ebad55f2ac79,226,user/message,2469,
9b46292f-5a33-48d5-bb3e-ebad55f2ac79,229,user/message,354,
9b46292f-5a33-48d5-bb3e-ebad55f2ac79,231,assistant/message,1163,245
9b46292f-5a33-48d5-bb3e-ebad55f2ac79,233,tool/result,76,
9b46292f-5a33-48d5-bb3e-ebad55f2ac79,236,assistant/message,1173,219
9b46292f-5a33-48d5-bb3e-ebad55f2ac79,238,tool/result,15,
9b46292f-5a33-48d5-bb3e-ebad55f2ac79,241,assistant/message,1206,761
9b46292f-5a33-48d5-bb3e-ebad55f2ac79,248,user/message,322,
9b46292f-5a33-48d5-bb3e-ebad55f2ac79,249,assistant/message,2239,2206
9b46292f-5a33-48d5-bb3e-ebad55f2ac79,251,tool/result,2914,
9b46292f-5a33-48d5-bb3e-ebad55f2ac79,255,user/message,2587,
9b46292f-5a33-48d5-bb3e-ebad55f2ac79,258,user/message,354,
9b46292f-5a33-48d5-bb3e-ebad55f2ac79,260,assistant/message,2484,2069
9b46292f-5a33-48d5-bb3e-ebad55f2ac79,262,tool/result,127,
9b46292f-5a33-48d5-bb3e-ebad55f2ac79,265,user/message,92,
9b46292f-5a33-48d5-bb3e-ebad55f2ac79,266,assistant/message,363,286
9b46292f-5a33-48d5-bb3e-ebad55f2ac79,268,tool/result,1262,
9b46292f-5a33-48d5-bb3e-ebad55f2ac79,271,assistant/message,7499,3668
9b46292f-5a33-48d5-bb3e-ebad55f2ac79,273,tool/result,39,
9b46292f-5a33-48d5-bb3e-ebad55f2ac79,277,user/message,2774,
9b46292f-5a33-48d5-bb3e-ebad55f2ac79,280,user/message,354,
9b46292f-5a33-48d5-bb3e-ebad55f2ac79,282,assistant/message,55,13
9b46292f-5a33-48d5-bb3e-ebad55f2ac79,284,tool/result,285,
9b46292f-5a33-48d5-bb3e-ebad55f2ac79,287,user/message,92,
9b46292f-5a33-48d5-bb3e-ebad55f2ac79,288,assistant/message,6065,4590
9b46292f-5a33-48d5-bb3e-ebad55f2ac79,290,tool/result,40,
9b46292f-5a33-48d5-bb3e-ebad55f2ac79,294,user/message,2488,
9b46292f-5a33-48d5-bb3e-ebad55f2ac79,297,user/message,354,
9b46292f-5a33-48d5-bb3e-ebad55f2ac79,299,assistant/message,56,28
9b46292f-5a33-48d5-bb3e-ebad55f2ac79,301,tool/result,731,
9b46292f-5a33-48d5-bb3e-ebad55f2ac79,304,user/message,92,
9b46292f-5a33-48d5-bb3e-ebad55f2ac79,305,assistant/message,2481,1730
9b46292f-5a33-48d5-bb3e-ebad55f2ac79,307,tool/result,40,
9b46292f-5a33-48d5-bb3e-ebad55f2ac79,310,assistant/message,126,105
9b46292f-5a33-48d5-bb3e-ebad55f2ac79,312,tool/result,4933,
9b46292f-5a33-48d5-bb3e-ebad55f2ac79,315,tool/result,1663,
9b46292f-5a33-48d5-bb3e-ebad55f2ac79,318,assistant/message,89,54
9b46292f-5a33-48d5-bb3e-ebad55f2ac79,320,tool/result,1335,
9b46292f-5a33-48d5-bb3e-ebad55f2ac79,324,user/message,2911,
9b46292f-5a33-48d5-bb3e-ebad55f2ac79,327,user/message,354,
9b46292f-5a33-48d5-bb3e-ebad55f2ac79,329,assistant/message,69,35
9b46292f-5a33-48d5-bb3e-ebad55f2ac79,331,tool/result,538,
9b46292f-5a33-48d5-bb3e-ebad55f2ac79,334,assistant/message,229,160
9b46292f-5a33-48d5-bb3e-ebad55f2ac79,336,tool/result,24,
9b46292f-5a33-48d5-bb3e-ebad55f2ac79,339,assistant/message,125,89
9b46292f-5a33-48d5-bb3e-ebad55f2ac79,341,tool/result,194,
9b46292f-5a33-48d5-bb3e-ebad55f2ac79,344,assistant/message,1022,274
9b46292f-5a33-48d5-bb3e-ebad55f2ac79,346,tool/result,40,
9b46292f-5a33-48d5-bb3e-ebad55f2ac79,349,assistant/message,105,69
9b46292f-5a33-48d5-bb3e-ebad55f2ac79,351,tool/result,186,
9b46292f-5a33-48d5-bb3e-ebad55f2ac79,354,assistant/message,2960,1870
9b46292f-5a33-48d5-bb3e-ebad55f2ac79,356,tool/result,40,
9b46292f-5a33-48d5-bb3e-ebad55f2ac79,359,assistant/message,214,41
9b46292f-5a33-48d5-bb3e-ebad55f2ac79,361,tool/result,24,
9b46292f-5a33-48d5-bb3e-ebad55f2ac79,364,assistant/message,154,79
9b46292f-5a33-48d5-bb3e-ebad55f2ac79,366,tool/result,24,
9b46292f-5a33-48d5-bb3e-ebad55f2ac79,369,assistant/message,704,392
9b46292f-5a33-48d5-bb3e-ebad55f2ac79,371,tool/result,24,
9b46292f-5a33-48d5-bb3e-ebad55f2ac79,375,user/message,3098,
9b46292f-5a33-48d5-bb3e-ebad55f2ac79,378,user/message,354,
9b46292f-5a33-48d5-bb3e-ebad55f2ac79,380,assistant/message,195,104
9b46292f-5a33-48d5-bb3e-ebad55f2ac79,382,tool/result,24,
9b46292f-5a33-48d5-bb3e-ebad55f2ac79,385,user/message,92,
9b46292f-5a33-48d5-bb3e-ebad55f2ac79,386,assistant/message,317,268
9b46292f-5a33-48d5-bb3e-ebad55f2ac79,388,tool/result,4,
9b46292f-5a33-48d5-bb3e-ebad55f2ac79,391,assistant/message,205,166
9b46292f-5a33-48d5-bb3e-ebad55f2ac79,393,tool/result,3,
9b46292f-5a33-48d5-bb3e-ebad55f2ac79,396,assistant/message,106,69
9b46292f-5a33-48d5-bb3e-ebad55f2ac79,398,tool/result,50,
9b46292f-5a33-48d5-bb3e-ebad55f2ac79,401,assistant/message,93,30
9b46292f-5a33-48d5-bb3e-ebad55f2ac79,403,tool/result,179,
9b46292f-5a33-48d5-bb3e-ebad55f2ac79,406,assistant/message,123,70
9b46292f-5a33-48d5-bb3e-ebad55f2ac79,408,tool/result,121,
9b46292f-5a33-48d5-bb3e-ebad55f2ac79,411,assistant/message,109,56
9b46292f-5a33-48d5-bb3e-ebad55f2ac79,413,tool/result,24,
9b46292f-5a33-48d5-bb3e-ebad55f2ac79,416,assistant/message,141,92
9b46292f-5a33-48d5-bb3e-ebad55f2ac79,418,tool/result,1317,
9b46292f-5a33-48d5-bb3e-ebad55f2ac79,421,assistant/message,4130,4049
9b46292f-5a33-48d5-bb3e-ebad55f2ac79,423,tool/result,77,
9b46292f-5a33-48d5-bb3e-ebad55f2ac79,427,user/message,3186,
9b46292f-5a33-48d5-bb3e-ebad55f2ac79,430,user/message,354,
9b46292f-5a33-48d5-bb3e-ebad55f2ac79,432,assistant/message,1076,49
9b46292f-5a33-48d5-bb3e-ebad55f2ac79,439,user/message,313,
9b46292f-5a33-48d5-bb3e-ebad55f2ac79,440,user/message,92,
9b46292f-5a33-48d5-bb3e-ebad55f2ac79,441,assistant/message,3926,3232
9b46292f-5a33-48d5-bb3e-ebad55f2ac79,443,tool/result,25,
9b46292f-5a33-48d5-bb3e-ebad55f2ac79,445,tool/result,25,
9b46292f-5a33-48d5-bb3e-ebad55f2ac79,449,user/message,2717,
9b46292f-5a33-48d5-bb3e-ebad55f2ac79,452,user/message,354,
9b46292f-5a33-48d5-bb3e-ebad55f2ac79,454,assistant/message,85,49
9b46292f-5a33-48d5-bb3e-ebad55f2ac79,456,tool/result,4933,
9b46292f-5a33-48d5-bb3e-ebad55f2ac79,459,assistant/message,942,108
9b46292f-5a33-48d5-bb3e-ebad55f2ac79,461,tool/result,23,
9b46292f-5a33-48d5-bb3e-ebad55f2ac79,463,tool/result,23,
9b46292f-5a33-48d5-bb3e-ebad55f2ac79,465,tool/result,23,
9b46292f-5a33-48d5-bb3e-ebad55f2ac79,467,tool/result,23,
9b46292f-5a33-48d5-bb3e-ebad55f2ac79,470,assistant/message,98,40
9b46292f-5a33-48d5-bb3e-ebad55f2ac79,472,tool/result,335,
9b46292f-5a33-48d5-bb3e-ebad55f2ac79,475,assistant/message,134,48
9b46292f-5a33-48d5-bb3e-ebad55f2ac79,477,tool/result,114,
9b46292f-5a33-48d5-bb3e-ebad55f2ac79,479,tool/result,3,
9b46292f-5a33-48d5-bb3e-ebad55f2ac79,482,tool/result,1663,
9b46292f-5a33-48d5-bb3e-ebad55f2ac79,485,assistant/message,722,75
9b46292f-5a33-48d5-bb3e-ebad55f2ac79,492,user/message,173,
9b46292f-5a33-48d5-bb3e-ebad55f2ac79,493,assistant/message,1596,949
9b46292f-5a33-48d5-bb3e-ebad55f2ac79,495,tool/result,295,
9b46292f-5a33-48d5-bb3e-ebad55f2ac79,498,assistant/message,368,30
9b46292f-5a33-48d5-bb3e-ebad55f2ac79,506,user/message,2754,
9b46292f-5a33-48d5-bb3e-ebad55f2ac79,509,user/message,376,
9b46292f-5a33-48d5-bb3e-ebad55f2ac79,511,assistant/message,4514,4407
9b46292f-5a33-48d5-bb3e-ebad55f2ac79,513,tool/result,14,
9b46292f-5a33-48d5-bb3e-ebad55f2ac79,515,tool/result,105,
9b46292f-5a33-48d5-bb3e-ebad55f2ac79,518,user/message,92,
9b46292f-5a33-48d5-bb3e-ebad55f2ac79,519,assistant/message,182,126
9b46292f-5a33-48d5-bb3e-ebad55f2ac79,521,tool/result,5027,
9b46292f-5a33-48d5-bb3e-ebad55f2ac79,524,tool/result,1612,
9b46292f-5a33-48d5-bb3e-ebad55f2ac79,527,user/message,2712,
9b46292f-5a33-48d5-bb3e-ebad55f2ac79,530,user/message,354,
9b46292f-5a33-48d5-bb3e-ebad55f2ac79,532,assistant/message,83,51
9b46292f-5a33-48d5-bb3e-ebad55f2ac79,534,tool/result,3481,
9b46292f-5a33-48d5-bb3e-ebad55f2ac79,537,assistant/message,5023,4856
9b46292f-5a33-48d5-bb3e-ebad55f2ac79,539,tool/result,16,
9b46292f-5a33-48d5-bb3e-ebad55f2ac79,542,tool/result,1849,
9b46292f-5a33-48d5-bb3e-ebad55f2ac79,545,user/message,3090,
9b46292f-5a33-48d5-bb3e-ebad55f2ac79,548,user/message,354,
9b46292f-5a33-48d5-bb3e-ebad55f2ac79,550,assistant/message,2052,73
9b46292f-5a33-48d5-bb3e-ebad55f2ac79,552,tool/result,39,
9b46292f-5a33-48d5-bb3e-ebad55f2ac79,555,user/message,92,
9b46292f-5a33-48d5-bb3e-ebad55f2ac79,556,assistant/message,60,8
9b46292f-5a33-48d5-bb3e-ebad55f2ac79,558,tool/result,6,
9b46292f-5a33-48d5-bb3e-ebad55f2ac79,562,assistant/message,224,174
9b46292f-5a33-48d5-bb3e-ebad55f2ac79,564,tool/result,5027,
9b46292f-5a33-48d5-bb3e-ebad55f2ac79,568,tool/result,1612,
9b46292f-5a33-48d5-bb3e-ebad55f2ac79,570,user/message,48,
9b46292f-5a33-48d5-bb3e-ebad55f2ac79,572,assistant/message,150,108
9b46292f-5a33-48d5-bb3e-ebad55f2ac79,574,tool/result,27,
9b46292f-5a33-48d5-bb3e-ebad55f2ac79,576,tool/result,3540,
9b46292f-5a33-48d5-bb3e-ebad55f2ac79,579,tool/result,1866,
9b46292f-5a33-48d5-bb3e-ebad55f2ac79,582,user/message,3585,
9b46292f-5a33-48d5-bb3e-ebad55f2ac79,586,assistant/message,543,422
9b46292f-5a33-48d5-bb3e-ebad55f2ac79,588,tool/result,23,
9b46292f-5a33-48d5-bb3e-ebad55f2ac79,590,tool/result,1789,
9b46292f-5a33-48d5-bb3e-ebad55f2ac79,593,assistant/message,6154,5473
9b46292f-5a33-48d5-bb3e-ebad55f2ac79,595,tool/result,6,
9b46292f-5a33-48d5-bb3e-ebad55f2ac79,597,tool/result,23,
9b46292f-5a33-48d5-bb3e-ebad55f2ac79,599,tool/result,25,
9b46292f-5a33-48d5-bb3e-ebad55f2ac79,601,tool/result,23,
9b46292f-5a33-48d5-bb3e-ebad55f2ac79,606,user/message,4173,
9b46292f-5a33-48d5-bb3e-ebad55f2ac79,609,user/message,354,
9b46292f-5a33-48d5-bb3e-ebad55f2ac79,611,assistant/message,95,55
9b46292f-5a33-48d5-bb3e-ebad55f2ac79,613,tool/result,871,
9b46292f-5a33-48d5-bb3e-ebad55f2ac79,617,user/message,48,
9b46292f-5a33-48d5-bb3e-ebad55f2ac79,618,user/message,92,
9b46292f-5a33-48d5-bb3e-ebad55f2ac79,619,assistant/message,27,17
9b46292f-5a33-48d5-bb3e-ebad55f2ac79,621,tool/result,200,
9b46292f-5a33-48d5-bb3e-ebad55f2ac79,624,assistant/message,312,242
9b46292f-5a33-48d5-bb3e-ebad55f2ac79,626,tool/result,407,
9b46292f-5a33-48d5-bb3e-ebad55f2ac79,629,assistant/message,353,277
9b46292f-5a33-48d5-bb3e-ebad55f2ac79,631,tool/result,529,
9b46292f-5a33-48d5-bb3e-ebad55f2ac79,634,assistant/message,2564,2514
9b46292f-5a33-48d5-bb3e-ebad55f2ac79,636,tool/result,3123,
9b46292f-5a33-48d5-bb3e-ebad55f2ac79,639,tool/result,1854,
9b46292f-5a33-48d5-bb3e-ebad55f2ac79,642,user/message,3011,
9b46292f-5a33-48d5-bb3e-ebad55f2ac79,645,user/message,354,
9b46292f-5a33-48d5-bb3e-ebad55f2ac79,647,assistant/message,76,44
9b46292f-5a33-48d5-bb3e-ebad55f2ac79,649,tool/result,1395,
9b46292f-5a33-48d5-bb3e-ebad55f2ac79,652,user/message,92,
9b46292f-5a33-48d5-bb3e-ebad55f2ac79,653,assistant/message,601,569
9b46292f-5a33-48d5-bb3e-ebad55f2ac79,655,tool/result,175,
9b46292f-5a33-48d5-bb3e-ebad55f2ac79,658,assistant/message,924,892
9b46292f-5a33-48d5-bb3e-ebad55f2ac79,660,tool/result,1318,
9b46292f-5a33-48d5-bb3e-ebad55f2ac79,663,assistant/message,2388,2339
9b46292f-5a33-48d5-bb3e-ebad55f2ac79,665,tool/result,560,
9b46292f-5a33-48d5-bb3e-ebad55f2ac79,669,user/message,3143,
9b46292f-5a33-48d5-bb3e-ebad55f2ac79,672,user/message,354,
9b46292f-5a33-48d5-bb3e-ebad55f2ac79,674,assistant/message,3089,17
9b46292f-5a33-48d5-bb3e-ebad55f2ac79,676,tool/result,23,
9b46292f-5a33-48d5-bb3e-ebad55f2ac79,678,tool/result,25,
9b46292f-5a33-48d5-bb3e-ebad55f2ac79,680,tool/result,25,
9b46292f-5a33-48d5-bb3e-ebad55f2ac79,682,tool/result,23,
9b46292f-5a33-48d5-bb3e-ebad55f2ac79,684,tool/result,23,
9b46292f-5a33-48d5-bb3e-ebad55f2ac79,686,tool/result,23,
9b46292f-5a33-48d5-bb3e-ebad55f2ac79,688,tool/result,23,
9b46292f-5a33-48d5-bb3e-ebad55f2ac79,690,tool/result,25,
9b46292f-5a33-48d5-bb3e-ebad55f2ac79,692,tool/result,23,
9b46292f-5a33-48d5-bb3e-ebad55f2ac79,694,tool/result,23,
9b46292f-5a33-48d5-bb3e-ebad55f2ac79,696,tool/result,23,
9b46292f-5a33-48d5-bb3e-ebad55f2ac79,698,tool/result,25,
9b46292f-5a33-48d5-bb3e-ebad55f2ac79,700,tool/result,23,
9b46292f-5a33-48d5-bb3e-ebad55f2ac79,702,tool/result,23,
9b46292f-5a33-48d5-bb3e-ebad55f2ac79,704,tool/result,23,
9b46292f-5a33-48d5-bb3e-ebad55f2ac79,706,tool/result,23,
9b46292f-5a33-48d5-bb3e-ebad55f2ac79,708,tool/result,23,
9b46292f-5a33-48d5-bb3e-ebad55f2ac79,711,assistant/message,301,212
9b46292f-5a33-48d5-bb3e-ebad55f2ac79,713,tool/result,682,
9b46292f-5a33-48d5-bb3e-ebad55f2ac79,717,user/message,3281,
9b46292f-5a33-48d5-bb3e-ebad55f2ac79,721,assistant/message,1179,1096
9b46292f-5a33-48d5-bb3e-ebad55f2ac79,723,tool/result,93,
9b46292f-5a33-48d5-bb3e-ebad55f2ac79,726,user/message,92,
9b46292f-5a33-48d5-bb3e-ebad55f2ac79,727,assistant/message,798,747
9b46292f-5a33-48d5-bb3e-ebad55f2ac79,729,tool/result,35,
9b46292f-5a33-48d5-bb3e-ebad55f2ac79,732,assistant/message,650,42
9b46292f-5a33-48d5-bb3e-ebad55f2ac79,734,tool/result,23,
9b46292f-5a33-48d5-bb3e-ebad55f2ac79,736,tool/result,23,
9b46292f-5a33-48d5-bb3e-ebad55f2ac79,738,tool/result,23,
9b46292f-5a33-48d5-bb3e-ebad55f2ac79,740,tool/result,23,
9b46292f-5a33-48d5-bb3e-ebad55f2ac79,743,assistant/message,75,26
9b46292f-5a33-48d5-bb3e-ebad55f2ac79,745,tool/result,5,
9b46292f-5a33-48d5-bb3e-ebad55f2ac79,748,assistant/message,141,97
9b46292f-5a33-48d5-bb3e-ebad55f2ac79,750,tool/result,428,
9b46292f-5a33-48d5-bb3e-ebad55f2ac79,754,user/message,3585,
9b46292f-5a33-48d5-bb3e-ebad55f2ac79,757,user/message,354,
9b46292f-5a33-48d5-bb3e-ebad55f2ac79,759,assistant/message,263,207
9b46292f-5a33-48d5-bb3e-ebad55f2ac79,761,tool/result,2128,
9b46292f-5a33-48d5-bb3e-ebad55f2ac79,764,assistant/message,183,135
9b46292f-5a33-48d5-bb3e-ebad55f2ac79,766,tool/result,6,
afc6e887-21fc-4d0b-be61-1dc97c5e4f32,9,user/message,474,
afc6e887-21fc-4d0b-be61-1dc97c5e4f32,10,user/message,354,
afc6e887-21fc-4d0b-be61-1dc97c5e4f32,11,user/message,92,
afc6e887-21fc-4d0b-be61-1dc97c5e4f32,16,assistant/message,228,106
afc6e887-21fc-4d0b-be61-1dc97c5e4f32,18,tool/result,110,
afc6e887-21fc-4d0b-be61-1dc97c5e4f32,21,tool/result,17,
afc6e887-21fc-4d0b-be61-1dc97c5e4f32,24,assistant/message,71,23
afc6e887-21fc-4d0b-be61-1dc97c5e4f32,26,tool/result,6,
afc6e887-21fc-4d0b-be61-1dc97c5e4f32,29,assistant/message,97,41
afc6e887-21fc-4d0b-be61-1dc97c5e4f32,31,tool/result,1218,
afc6e887-21fc-4d0b-be61-1dc97c5e4f32,34,assistant/message,231,96
afc6e887-21fc-4d0b-be61-1dc97c5e4f32,36,tool/result,443,
afc6e887-21fc-4d0b-be61-1dc97c5e4f32,39,assistant/message,395,22
afc6e887-21fc-4d0b-be61-1dc97c5e4f32,41,tool/result,563,
afc6e887-21fc-4d0b-be61-1dc97c5e4f32,44,assistant/message,8019,4614
afc6e887-21fc-4d0b-be61-1dc97c5e4f32,47,tool/result,17,
afc6e887-21fc-4d0b-be61-1dc97c5e4f32,49,tool/result,33,
afc6e887-21fc-4d0b-be61-1dc97c5e4f32,52,assistant/message,63,17
afc6e887-21fc-4d0b-be61-1dc97c5e4f32,54,tool/result,347,
afc6e887-21fc-4d0b-be61-1dc97c5e4f32,57,assistant/message,74,33
afc6e887-21fc-4d0b-be61-1dc97c5e4f32,59,tool/result,2722,
afc6e887-21fc-4d0b-be61-1dc97c5e4f32,62,assistant/message,3369,61
afc6e887-21fc-4d0b-be61-1dc97c5e4f32,64,tool/result,39,
afc6e887-21fc-4d0b-be61-1dc97c5e4f32,67,assistant/message,153,103
afc6e887-21fc-4d0b-be61-1dc97c5e4f32,69,tool/result,144,
afc6e887-21fc-4d0b-be61-1dc97c5e4f32,72,assistant/message,671,282
afc6e887-21fc-4d0b-be61-1dc97c5e4f32,74,tool/result,304,
afc6e887-21fc-4d0b-be61-1dc97c5e4f32,77,assistant/message,475,253
afc6e887-21fc-4d0b-be61-1dc97c5e4f32,79,tool/result,300,
afc6e887-21fc-4d0b-be61-1dc97c5e4f32,82,assistant/message,554,282
afc6e887-21fc-4d0b-be61-1dc97c5e4f32,84,tool/result,80,
afc6e887-21fc-4d0b-be61-1dc97c5e4f32,87,assistant/message,92,26
afc6e887-21fc-4d0b-be61-1dc97c5e4f32,89,tool/result,106,
afc6e887-21fc-4d0b-be61-1dc97c5e4f32,92,assistant/message,408,139
afc6e887-21fc-4d0b-be61-1dc97c5e4f32,94,tool/result,22,
afc6e887-21fc-4d0b-be61-1dc97c5e4f32,97,assistant/message,901,613
afc6e887-21fc-4d0b-be61-1dc97c5e4f32,99,tool/result,128,
afc6e887-21fc-4d0b-be61-1dc97c5e4f32,102,assistant/message,1574,1071
afc6e887-21fc-4d0b-be61-1dc97c5e4f32,104,tool/result,57,
afc6e887-21fc-4d0b-be61-1dc97c5e4f32,107,assistant/message,653,146
afc6e887-21fc-4d0b-be61-1dc97c5e4f32,109,tool/result,328,
afc6e887-21fc-4d0b-be61-1dc97c5e4f32,112,assistant/message,438,438
c6771188-d34a-4cc3-af42-76f611a031d5,8,user/message,263,
c6771188-d34a-4cc3-af42-76f611a031d5,9,user/message,354,
c6771188-d34a-4cc3-af42-76f611a031d5,10,user/message,92,
c6771188-d34a-4cc3-af42-76f611a031d5,15,assistant/message,506,431
c6771188-d34a-4cc3-af42-76f611a031d5,17,tool/result,106,
c6771188-d34a-4cc3-af42-76f611a031d5,20,assistant/message,557,77
c6771188-d34a-4cc3-af42-76f611a031d5,22,tool/result,396,
c6771188-d34a-4cc3-af42-76f611a031d5,25,assistant/message,859,600
c6771188-d34a-4cc3-af42-76f611a031d5,27,tool/result,14,
c6771188-d34a-4cc3-af42-76f611a031d5,30,assistant/message,1959,1509
c6771188-d34a-4cc3-af42-76f611a031d5,32,tool/result,77,
c6771188-d34a-4cc3-af42-76f611a031d5,35,assistant/message,1746,1497
c6771188-d34a-4cc3-af42-76f611a031d5,37,tool/result,161,
c6771188-d34a-4cc3-af42-76f611a031d5,40,assistant/message,1110,782
c6771188-d34a-4cc3-af42-76f611a031d5,42,tool/result,176,
c6771188-d34a-4cc3-af42-76f611a031d5,45,assistant/message,2230,1913
c6771188-d34a-4cc3-af42-76f611a031d5,47,tool/result,74,
c6771188-d34a-4cc3-af42-76f611a031d5,50,assistant/message,2890,1925
c6771188-d34a-4cc3-af42-76f611a031d5,52,tool/result,39,
c6771188-d34a-4cc3-af42-76f611a031d5,55,assistant/message,93,8
c6771188-d34a-4cc3-af42-76f611a031d5,57,tool/result,116,
c6771188-d34a-4cc3-af42-76f611a031d5,60,assistant/message,1055,591
cc991b84-204b-486f-b945-55a98e9110d0,8,user/message,484,
cc991b84-204b-486f-b945-55a98e9110d0,9,user/message,354,
cc991b84-204b-486f-b945-55a98e9110d0,10,user/message,92,
cc991b84-204b-486f-b945-55a98e9110d0,15,assistant/message,208,101
cc991b84-204b-486f-b945-55a98e9110d0,17,tool/result,15,
cc991b84-204b-486f-b945-55a98e9110d0,19,tool/result,16,
cc991b84-204b-486f-b945-55a98e9110d0,22,assistant/message,178,33
cc991b84-204b-486f-b945-55a98e9110d0,24,tool/result,245,
cc991b84-204b-486f-b945-55a98e9110d0,26,tool/result,256,
cc991b84-204b-486f-b945-55a98e9110d0,29,assistant/message,203,70
cc991b84-204b-486f-b945-55a98e9110d0,31,tool/result,644,
cc991b84-204b-486f-b945-55a98e9110d0,33,tool/result,52,
cc991b84-204b-486f-b945-55a98e9110d0,36,assistant/message,156,63
cc991b84-204b-486f-b945-55a98e9110d0,38,tool/result,792,
cc991b84-204b-486f-b945-55a98e9110d0,40,tool/result,967,
cc991b84-204b-486f-b945-55a98e9110d0,43,assistant/message,434,260
cc991b84-204b-486f-b945-55a98e9110d0,45,tool/result,338,
cc991b84-204b-486f-b945-55a98e9110d0,47,tool/result,26,
cc991b84-204b-486f-b945-55a98e9110d0,50,assistant/message,200,88
cc991b84-204b-486f-b945-55a98e9110d0,52,tool/result,26,
cc991b84-204b-486f-b945-55a98e9110d0,55,assistant/message,201,40
cc991b84-204b-486f-b945-55a98e9110d0,57,tool/result,118,
cc991b84-204b-486f-b945-55a98e9110d0,59,tool/result,58,
cc991b84-204b-486f-b945-55a98e9110d0,62,assistant/message,140,66
cc991b84-204b-486f-b945-55a98e9110d0,64,tool/result,1133,
cc991b84-204b-486f-b945-55a98e9110d0,67,assistant/message,278,121
cc991b84-204b-486f-b945-55a98e9110d0,69,tool/result,512,
cc991b84-204b-486f-b945-55a98e9110d0,71,tool/result,78,
cc991b84-204b-486f-b945-55a98e9110d0,74,assistant/message,229,173
cc991b84-204b-486f-b945-55a98e9110d0,76,tool/result,372,
cc991b84-204b-486f-b945-55a98e9110d0,79,assistant/message,229,59
cc991b84-204b-486f-b945-55a98e9110d0,81,tool/result,60,
cc991b84-204b-486f-b945-55a98e9110d0,83,tool/result,135,
cc991b84-204b-486f-b945-55a98e9110d0,86,assistant/message,136,47
cc991b84-204b-486f-b945-55a98e9110d0,88,tool/result,815,
cc991b84-204b-486f-b945-55a98e9110d0,91,assistant/message,354,213
cc991b84-204b-486f-b945-55a98e9110d0,93,tool/result,559,
cc991b84-204b-486f-b945-55a98e9110d0,95,tool/result,102,
cc991b84-204b-486f-b945-55a98e9110d0,98,assistant/message,107,50
cc991b84-204b-486f-b945-55a98e9110d0,100,tool/result,893,
cc991b84-204b-486f-b945-55a98e9110d0,103,assistant/message,559,350
cc991b84-204b-486f-b945-55a98e9110d0,105,tool/result,1996,
cc991b84-204b-486f-b945-55a98e9110d0,107,tool/result,522,
cc991b84-204b-486f-b945-55a98e9110d0,110,tool/result,1093,
cc991b84-204b-486f-b945-55a98e9110d0,113,user/message,2588,
cc991b84-204b-486f-b945-55a98e9110d0,116,user/message,354,
cc991b84-204b-486f-b945-55a98e9110d0,118,assistant/message,553,328
cc991b84-204b-486f-b945-55a98e9110d0,120,tool/result,413,
cc991b84-204b-486f-b945-55a98e9110d0,122,tool/result,253,
cc991b84-204b-486f-b945-55a98e9110d0,125,user/message,92,
cc991b84-204b-486f-b945-55a98e9110d0,126,assistant/message,135,71
cc991b84-204b-486f-b945-55a98e9110d0,128,tool/result,658,
cc991b84-204b-486f-b945-55a98e9110d0,131,assistant/message,246,183
cc991b84-204b-486f-b945-55a98e9110d0,133,tool/result,764,
cc991b84-204b-486f-b945-55a98e9110d0,136,assistant/message,519,429
cc991b84-204b-486f-b945-55a98e9110d0,138,tool/result,138,
cc991b84-204b-486f-b945-55a98e9110d0,141,assistant/message,148,48
cc991b84-204b-486f-b945-55a98e9110d0,143,tool/result,23,
cc991b84-204b-486f-b945-55a98e9110d0,146,assistant/message,97,34
cc991b84-204b-486f-b945-55a98e9110d0,148,tool/result,658,
cc991b84-204b-486f-b945-55a98e9110d0,151,assistant/message,121,29
cc991b84-204b-486f-b945-55a98e9110d0,153,tool/result,402,
cc991b84-204b-486f-b945-55a98e9110d0,156,assistant/message,156,61
cc991b84-204b-486f-b945-55a98e9110d0,158,tool/result,174,
cc991b84-204b-486f-b945-55a98e9110d0,161,assistant/message,103,22
cc991b84-204b-486f-b945-55a98e9110d0,163,tool/result,756,
cc991b84-204b-486f-b945-55a98e9110d0,166,assistant/message,294,230
cc991b84-204b-486f-b945-55a98e9110d0,168,tool/result,863,
cc991b84-204b-486f-b945-55a98e9110d0,172,user/message,2993,
cc991b84-204b-486f-b945-55a98e9110d0,175,user/message,354,
cc991b84-204b-486f-b945-55a98e9110d0,177,assistant/message,264,191
cc991b84-204b-486f-b945-55a98e9110d0,179,tool/result,1244,
cc991b84-204b-486f-b945-55a98e9110d0,182,user/message,92,
cc991b84-204b-486f-b945-55a98e9110d0,183,assistant/message,176,93
cc991b84-204b-486f-b945-55a98e9110d0,185,tool/result,720,
cc991b84-204b-486f-b945-55a98e9110d0,188,assistant/message,191,133
cc991b84-204b-486f-b945-55a98e9110d0,190,tool/result,644,
cc991b84-204b-486f-b945-55a98e9110d0,193,assistant/message,188,133
cc991b84-204b-486f-b945-55a98e9110d0,195,tool/result,558,
cc991b84-204b-486f-b945-55a98e9110d0,198,assistant/message,161,55
cc991b84-204b-486f-b945-55a98e9110d0,200,tool/result,1352,
cc991b84-204b-486f-b945-55a98e9110d0,203,assistant/message,137,61
cc991b84-204b-486f-b945-55a98e9110d0,205,tool/result,1129,
cc991b84-204b-486f-b945-55a98e9110d0,209,user/message,4072,
cc991b84-204b-486f-b945-55a98e9110d0,212,user/message,354,
cc991b84-204b-486f-b945-55a98e9110d0,214,assistant/message,2375,2299
cc991b84-204b-486f-b945-55a98e9110d0,216,tool/result,656,
cc991b84-204b-486f-b945-55a98e9110d0,219,user/message,92,
cc991b84-204b-486f-b945-55a98e9110d0,220,assistant/message,162,80
cc991b84-204b-486f-b945-55a98e9110d0,222,tool/result,452,
cc991b84-204b-486f-b945-55a98e9110d0,225,assistant/message,106,31
cc991b84-204b-486f-b945-55a98e9110d0,227,tool/result,446,
cc991b84-204b-486f-b945-55a98e9110d0,230,assistant/message,4081,2496
cc991b84-204b-486f-b945-55a98e9110d0,232,tool/result,38,
cc991b84-204b-486f-b945-55a98e9110d0,236,user/message,4621,
cc991b84-204b-486f-b945-55a98e9110d0,239,user/message,354,
cc991b84-204b-486f-b945-55a98e9110d0,241,assistant/message,39,8
cc991b84-204b-486f-b945-55a98e9110d0,243,tool/result,18,
cc991b84-204b-486f-b945-55a98e9110d0,246,user/message,92,
cc991b84-204b-486f-b945-55a98e9110d0,247,assistant/message,611,33
cf893a7d-1b1d-4f4b-b833-d33d87a55298,8,user/message,384,
cf893a7d-1b1d-4f4b-b833-d33d87a55298,9,user/message,354,
cf893a7d-1b1d-4f4b-b833-d33d87a55298,10,user/message,92,
cf893a7d-1b1d-4f4b-b833-d33d87a55298,15,assistant/message,96,28
cf893a7d-1b1d-4f4b-b833-d33d87a55298,17,tool/result,204,
cf893a7d-1b1d-4f4b-b833-d33d87a55298,20,assistant/message,193,82
cf893a7d-1b1d-4f4b-b833-d33d87a55298,22,tool/result,798,
cf893a7d-1b1d-4f4b-b833-d33d87a55298,24,tool/result,66,
cf893a7d-1b1d-4f4b-b833-d33d87a55298,27,assistant/message,296,75
cf893a7d-1b1d-4f4b-b833-d33d87a55298,29,tool/result,1523,
cf893a7d-1b1d-4f4b-b833-d33d87a55298,31,tool/result,1535,
cf893a7d-1b1d-4f4b-b833-d33d87a55298,34,assistant/message,307,185
cf893a7d-1b1d-4f4b-b833-d33d87a55298,36,tool/result,580,
cf893a7d-1b1d-4f4b-b833-d33d87a55298,38,tool/result,530,
cf893a7d-1b1d-4f4b-b833-d33d87a55298,41,assistant/message,375,279
cf893a7d-1b1d-4f4b-b833-d33d87a55298,43,tool/result,1062,
cf893a7d-1b1d-4f4b-b833-d33d87a55298,45,tool/result,1235,
cf893a7d-1b1d-4f4b-b833-d33d87a55298,48,assistant/message,273,137
cf893a7d-1b1d-4f4b-b833-d33d87a55298,50,tool/result,1713,
cf893a7d-1b1d-4f4b-b833-d33d87a55298,52,tool/result,1720,
cf893a7d-1b1d-4f4b-b833-d33d87a55298,55,assistant/message,972,823
cf893a7d-1b1d-4f4b-b833-d33d87a55298,57,tool/result,391,
cf893a7d-1b1d-4f4b-b833-d33d87a55298,59,tool/result,1228,
cf893a7d-1b1d-4f4b-b833-d33d87a55298,63,user/message,2076,
cf893a7d-1b1d-4f4b-b833-d33d87a55298,66,user/message,354,
cf893a7d-1b1d-4f4b-b833-d33d87a55298,68,assistant/message,1090,897
cf893a7d-1b1d-4f4b-b833-d33d87a55298,70,tool/result,1847,
cf893a7d-1b1d-4f4b-b833-d33d87a55298,72,tool/result,1518,
cf893a7d-1b1d-4f4b-b833-d33d87a55298,75,user/message,92,
cf893a7d-1b1d-4f4b-b833-d33d87a55298,76,assistant/message,732,691
cf893a7d-1b1d-4f4b-b833-d33d87a55298,78,tool/result,1103,
cf893a7d-1b1d-4f4b-b833-d33d87a55298,81,assistant/message,239,184
cf893a7d-1b1d-4f4b-b833-d33d87a55298,83,tool/result,398,
cf893a7d-1b1d-4f4b-b833-d33d87a55298,88,assistant/message,3145,2215
e7e6ba6b-14d0-45df-a870-da2a7bca55c6,8,user/message,630,
e7e6ba6b-14d0-45df-a870-da2a7bca55c6,9,user/message,354,
e7e6ba6b-14d0-45df-a870-da2a7bca55c6,10,user/message,92,
e7e6ba6b-14d0-45df-a870-da2a7bca55c6,15,assistant/message,39,16
e7e6ba6b-14d0-45df-a870-da2a7bca55c6,17,tool/result,3983,
e7e6ba6b-14d0-45df-a870-da2a7bca55c6,20,assistant/message,4560,4487
e7e6ba6b-14d0-45df-a870-da2a7bca55c6,23,tool/result,17,
e7e6ba6b-14d0-45df-a870-da2a7bca55c6,26,assistant/message,562,14
e7e6ba6b-14d0-45df-a870-da2a7bca55c6,28,tool/result,25,
e7e6ba6b-14d0-45df-a870-da2a7bca55c6,31,assistant/message,800,17
e7e6ba6b-14d0-45df-a870-da2a7bca55c6,33,tool/result,25,
e7e6ba6b-14d0-45df-a870-da2a7bca55c6,36,assistant/message,399,21
e7e6ba6b-14d0-45df-a870-da2a7bca55c6,38,tool/result,25,
e7e6ba6b-14d0-45df-a870-da2a7bca55c6,41,assistant/message,150,20
e7e6ba6b-14d0-45df-a870-da2a7bca55c6,43,tool/result,25,
e7e6ba6b-14d0-45df-a870-da2a7bca55c6,46,assistant/message,108,29
e7e6ba6b-14d0-45df-a870-da2a7bca55c6,48,tool/result,25,
e7e6ba6b-14d0-45df-a870-da2a7bca55c6,51,assistant/message,167,93
e7e6ba6b-14d0-45df-a870-da2a7bca55c6,53,tool/result,25,
e7e6ba6b-14d0-45df-a870-da2a7bca55c6,56,assistant/message,116,38
e7e6ba6b-14d0-45df-a870-da2a7bca55c6,58,tool/result,25,
e7e6ba6b-14d0-45df-a870-da2a7bca55c6,61,assistant/message,511,10
e7e6ba6b-14d0-45df-a870-da2a7bca55c6,63,tool/result,38,
e7e6ba6b-14d0-45df-a870-da2a7bca55c6,66,assistant/message,78,46
e7e6ba6b-14d0-45df-a870-da2a7bca55c6,68,tool/result,220,
e7e6ba6b-14d0-45df-a870-da2a7bca55c6,71,assistant/message,148,76
e7e6ba6b-14d0-45df-a870-da2a7bca55c6,73,tool/result,448,
e7e6ba6b-14d0-45df-a870-da2a7bca55c6,76,assistant/message,439,385
e7e6ba6b-14d0-45df-a870-da2a7bca55c6,78,tool/result,448,
e7e6ba6b-14d0-45df-a870-da2a7bca55c6,81,assistant/message,1385,592
e7e6ba6b-14d0-45df-a870-da2a7bca55c6,84,tool/result,17,
e7e6ba6b-14d0-45df-a870-da2a7bca55c6,87,assistant/message,604,390
e7e6ba6b-14d0-45df-a870-da2a7bca55c6,94,user/message,298,
e7e6ba6b-14d0-45df-a870-da2a7bca55c6,95,assistant/message,97,20
e7e6ba6b-14d0-45df-a870-da2a7bca55c6,97,tool/result,1650,
e7e6ba6b-14d0-45df-a870-da2a7bca55c6,99,tool/result,220,
e7e6ba6b-14d0-45df-a870-da2a7bca55c6,102,assistant/message,3564,1964
e7e6ba6b-14d0-45df-a870-da2a7bca55c6,104,tool/result,40,
e7e6ba6b-14d0-45df-a870-da2a7bca55c6,107,assistant/message,124,86
e7e6ba6b-14d0-45df-a870-da2a7bca55c6,109,tool/result,701,
e7e6ba6b-14d0-45df-a870-da2a7bca55c6,112,assistant/message,987,228
e7e6ba6b-14d0-45df-a870-da2a7bca55c6,119,user/message,326,
e7e6ba6b-14d0-45df-a870-da2a7bca55c6,120,assistant/message,1634,1634
9b46292f-5a33-48d5-bb3e-ebad55f2ac79,771,user/message,3242,
9b46292f-5a33-48d5-bb3e-ebad55f2ac79,775,assistant/message,98,62
9b46292f-5a33-48d5-bb3e-ebad55f2ac79,777,tool/result,66,
9b46292f-5a33-48d5-bb3e-ebad55f2ac79,781,user/message,44,
9b46292f-5a33-48d5-bb3e-ebad55f2ac79,782,assistant/message,119,59
9b46292f-5a33-48d5-bb3e-ebad55f2ac79,784,tool/result,562,
9b46292f-5a33-48d5-bb3e-ebad55f2ac79,787,assistant/message,1606,851
9b46292f-5a33-48d5-bb3e-ebad55f2ac79,794,user/message,426,
9b46292f-5a33-48d5-bb3e-ebad55f2ac79,795,assistant/message,1494,1436
9b46292f-5a33-48d5-bb3e-ebad55f2ac79,797,tool/result,2997,
9b46292f-5a33-48d5-bb3e-ebad55f2ac79,800,tool/result,1841,
9b46292f-5a33-48d5-bb3e-ebad55f2ac79,803,user/message,2832,
9b46292f-5a33-48d5-bb3e-ebad55f2ac79,806,user/message,354,
9b46292f-5a33-48d5-bb3e-ebad55f2ac79,808,assistant/message,94,43
9b46292f-5a33-48d5-bb3e-ebad55f2ac79,810,tool/result,1279,
9b46292f-5a33-48d5-bb3e-ebad55f2ac79,813,user/message,92,
9b46292f-5a33-48d5-bb3e-ebad55f2ac79,814,assistant/message,4196,1780
9b46292f-5a33-48d5-bb3e-ebad55f2ac79,816,tool/result,40,
9b46292f-5a33-48d5-bb3e-ebad55f2ac79,820,user/message,3128,
9b46292f-5a33-48d5-bb3e-ebad55f2ac79,823,user/message,354,
9b46292f-5a33-48d5-bb3e-ebad55f2ac79,825,assistant/message,291,69
9b46292f-5a33-48d5-bb3e-ebad55f2ac79,827,tool/result,24,
9b46292f-5a33-48d5-bb3e-ebad55f2ac79,830,assistant/message,677,642
9b46292f-5a33-48d5-bb3e-ebad55f2ac79,832,tool/result,211,
9b46292f-5a33-48d5-bb3e-ebad55f2ac79,835,assistant/message,1471,1004
9b46292f-5a33-48d5-bb3e-ebad55f2ac79,837,tool/result,171,
9b46292f-5a33-48d5-bb3e-ebad55f2ac79,840,assistant/message,1688,796
9b46292f-5a33-48d5-bb3e-ebad55f2ac79,842,tool/result,203,
9b46292f-5a33-48d5-bb3e-ebad55f2ac79,845,assistant/message,894,683
9b46292f-5a33-48d5-bb3e-ebad55f2ac79,847,tool/result,58,
9b46292f-5a33-48d5-bb3e-ebad55f2ac79,850,assistant/message,820,18
9b46292f-5a33-48d5-bb3e-ebad55f2ac79,858,user/message,3736,
9b46292f-5a33-48d5-bb3e-ebad55f2ac79,861,user/message,203,
9b46292f-5a33-48d5-bb3e-ebad55f2ac79,862,user/message,354,
9b46292f-5a33-48d5-bb3e-ebad55f2ac79,864,assistant/message,1682,1660
9b46292f-5a33-48d5-bb3e-ebad55f2ac79,866,tool/result,3074,
9b46292f-5a33-48d5-bb3e-ebad55f2ac79,869,user/message,92,
9b46292f-5a33-48d5-bb3e-ebad55f2ac79,870,assistant/message,7842,5029
9b46292f-5a33-48d5-bb3e-ebad55f2ac79,872,tool/result,40,
9b46292f-5a33-48d5-bb3e-ebad55f2ac79,875,tool/result,1705,
9b46292f-5a33-48d5-bb3e-ebad55f2ac79,878,user/message,3623,
9b46292f-5a33-48d5-bb3e-ebad55f2ac79,881,user/message,354,
9b46292f-5a33-48d5-bb3e-ebad55f2ac79,883,assistant/message,58,9
9b46292f-5a33-48d5-bb3e-ebad55f2ac79,885,tool/result,341,
9b46292f-5a33-48d5-bb3e-ebad55f2ac79,888,user/message,92,
9b46292f-5a33-48d5-bb3e-ebad55f2ac79,889,assistant/message,1463,1180
9b46292f-5a33-48d5-bb3e-ebad55f2ac79,891,tool/result,95,
9b46292f-5a33-48d5-bb3e-ebad55f2ac79,894,assistant/message,485,327
9b46292f-5a33-48d5-bb3e-ebad55f2ac79,896,tool/result,329,
9b46292f-5a33-48d5-bb3e-ebad55f2ac79,899,assistant/message,658,162
9b46292f-5a33-48d5-bb3e-ebad55f2ac79,901,tool/result,506,
9b46292f-5a33-48d5-bb3e-ebad55f2ac79,905,user/message,3549,
9b46292f-5a33-48d5-bb3e-ebad55f2ac79,909,user/message,3415,
9b46292f-5a33-48d5-bb3e-ebad55f2ac79,913,assistant/message,2190,1735
9b46292f-5a33-48d5-bb3e-ebad55f2ac79,915,tool/result,355,
9b46292f-5a33-48d5-bb3e-ebad55f2ac79,919,user/message,3294,
9b46292f-5a33-48d5-bb3e-ebad55f2ac79,923,assistant/message,1222,1200
9b46292f-5a33-48d5-bb3e-ebad55f2ac79,925,tool/result,3577,
9b46292f-5a33-48d5-bb3e-ebad55f2ac79,928,assistant/message,2578,2412
9b46292f-5a33-48d5-bb3e-ebad55f2ac79,930,tool/result,24,
9b46292f-5a33-48d5-bb3e-ebad55f2ac79,933,tool/result,1729,
9b46292f-5a33-48d5-bb3e-ebad55f2ac79,936,user/message,2742,
9b46292f-5a33-48d5-bb3e-ebad55f2ac79,939,user/message,354,
9b46292f-5a33-48d5-bb3e-ebad55f2ac79,941,assistant/message,91,58
9b46292f-5a33-48d5-bb3e-ebad55f2ac79,943,tool/result,840,
9b46292f-5a33-48d5-bb3e-ebad55f2ac79,946,user/message,92,
9b46292f-5a33-48d5-bb3e-ebad55f2ac79,947,assistant/message,73,26
9b46292f-5a33-48d5-bb3e-ebad55f2ac79,949,tool/result,24,
9b46292f-5a33-48d5-bb3e-ebad55f2ac79,952,assistant/message,368,178
9b46292f-5a33-48d5-bb3e-ebad55f2ac79,954,tool/result,24,
9b46292f-5a33-48d5-bb3e-ebad55f2ac79,957,assistant/message,119,61
9b46292f-5a33-48d5-bb3e-ebad55f2ac79,959,tool/result,341,
9b46292f-5a33-48d5-bb3e-ebad55f2ac79,962,assistant/message,1174,346
9b46292f-5a33-48d5-bb3e-ebad55f2ac79,964,tool/result,143,
9b46292f-5a33-48d5-bb3e-ebad55f2ac79,967,assistant/message,680,91
9b46292f-5a33-48d5-bb3e-ebad55f2ac79,969,tool/result,188,
9b46292f-5a33-48d5-bb3e-ebad55f2ac79,974,assistant/message,1116,753
9b46292f-5a33-48d5-bb3e-ebad55f2ac79,976,tool/result,64,
9b46292f-5a33-48d5-bb3e-ebad55f2ac79,980,user/message,3234,
9b46292f-5a33-48d5-bb3e-ebad55f2ac79,984,assistant/message,2007,883
9b46292f-5a33-48d5-bb3e-ebad55f2ac79,991,user/message,323,
9b46292f-5a33-48d5-bb3e-ebad55f2ac79,992,assistant/message,44,23
9b46292f-5a33-48d5-bb3e-ebad55f2ac79,994,tool/result,2571,
9b46292f-5a33-48d5-bb3e-ebad55f2ac79,998,user/message,3473,
9b46292f-5a33-48d5-bb3e-ebad55f2ac79,1001,user/message,354,
9b46292f-5a33-48d5-bb3e-ebad55f2ac79,1003,assistant/message,1975,1908
9b46292f-5a33-48d5-bb3e-ebad55f2ac79,1006,tool/result,3615,
9b46292f-5a33-48d5-bb3e-ebad55f2ac79,1007,tool/result,5621,
9b46292f-5a33-48d5-bb3e-ebad55f2ac79,1010,tool/result,1717,
9b46292f-5a33-48d5-bb3e-ebad55f2ac79,1012,tool/result,1620,
9b46292f-5a33-48d5-bb3e-ebad55f2ac79,1015,user/message,3254,
9b46292f-5a33-48d5-bb3e-ebad55f2ac79,1018,user/message,92,
9b46292f-5a33-48d5-bb3e-ebad55f2ac79,1020,assistant/message,127,47
9b46292f-5a33-48d5-bb3e-ebad55f2ac79,1023,tool/result,2089,
9b46292f-5a33-48d5-bb3e-ebad55f2ac79,1024,tool/result,2148,
9b46292f-5a33-48d5-bb3e-ebad55f2ac79,1027,assistant/message,1941,1814
9b46292f-5a33-48d5-bb3e-ebad55f2ac79,1029,tool/result,44,
9b46292f-5a33-48d5-bb3e-ebad55f2ac79,1033,user/message,3289,
9b46292f-5a33-48d5-bb3e-ebad55f2ac79,1036,user/message,354,
9b46292f-5a33-48d5-bb3e-ebad55f2ac79,1038,assistant/message,361,298
9b46292f-5a33-48d5-bb3e-ebad55f2ac79,1040,tool/result,2571,
9b46292f-5a33-48d5-bb3e-ebad55f2ac79,1043,assistant/message,2620,2535
9b46292f-5a33-48d5-bb3e-ebad55f2ac79,1046,tool/result,1238,
9b46292f-5a33-48d5-bb3e-ebad55f2ac79,1047,tool/result,411,
9b46292f-5a33-48d5-bb3e-ebad55f2ac79,1051,user/message,3773,
9b46292f-5a33-48d5-bb3e-ebad55f2ac79,1054,user/message,354,
9b46292f-5a33-48d5-bb3e-ebad55f2ac79,1056,assistant/message,89,56
9b46292f-5a33-48d5-bb3e-ebad55f2ac79,1058,tool/result,2089,
9b46292f-5a33-48d5-bb3e-ebad55f2ac79,1061,user/message,92,
9b46292f-5a33-48d5-bb3e-ebad55f2ac79,1062,assistant/message,1927,176
9b46292f-5a33-48d5-bb3e-ebad55f2ac79,1064,tool/result,23,
9b46292f-5a33-48d5-bb3e-ebad55f2ac79,1066,tool/result,23,
9b46292f-5a33-48d5-bb3e-ebad55f2ac79,1068,tool/result,23,
9b46292f-5a33-48d5-bb3e-ebad55f2ac79,1070,tool/result,23,
9b46292f-5a33-48d5-bb3e-ebad55f2ac79,1074,user/message,3687,
9b46292f-5a33-48d5-bb3e-ebad55f2ac79,1078,assistant/message,705,212
9b46292f-5a33-48d5-bb3e-ebad55f2ac79,1080,tool/result,25,
9b46292f-5a33-48d5-bb3e-ebad55f2ac79,1083,assistant/message,62,35
9b46292f-5a33-48d5-bb3e-ebad55f2ac79,1085,tool/result,502,
9b46292f-5a33-48d5-bb3e-ebad55f2ac79,1088,assistant/message,103,71
9b46292f-5a33-48d5-bb3e-ebad55f2ac79,1090,tool/result,613,
9b46292f-5a33-48d5-bb3e-ebad55f2ac79,1093,assistant/message,387,59
9b46292f-5a33-48d5-bb3e-ebad55f2ac79,1095,tool/result,23,
9b46292f-5a33-48d5-bb3e-ebad55f2ac79,1099,user/message,3835,
9b46292f-5a33-48d5-bb3e-ebad55f2ac79,1102,user/message,354,
9b46292f-5a33-48d5-bb3e-ebad55f2ac79,1104,assistant/message,216,19
9b46292f-5a33-48d5-bb3e-ebad55f2ac79,1106,tool/result,32,
9b46292f-5a33-48d5-bb3e-ebad55f2ac79,1109,assistant/message,219,133
9b46292f-5a33-48d5-bb3e-ebad55f2ac79,1111,tool/result,6,
